full_name,court_id,court_level,appointing_president,president_party,nomination_date,confirmation_date,commission_date,recess_appointment_date,senior_date,termination_date,termination_reason,date_precision,sitting,fjc_jid,fedsoc_reported,acs_reported,photo_url,photo_source,photo_license,source,notes
James Franklin Battin,mtd,district,Richard M. Nixon,Republican,1969-02-20,1969-02-25,1969-02-27,,1990-02-13,1996-09-27,Death,day,false,118,,,,,,fjc_bulk,
George Edward MacKinnon,cadc,circuit,Richard M. Nixon,Republican,1969-04-23,1969-05-05,1969-05-06,,1983-05-20,1995-05-01,Death,day,false,1455,,,,,,fjc_bulk,
Roger Robb,cadc,circuit,Richard M. Nixon,Republican,1969-04-23,1969-05-05,1969-05-06,,1982-05-31,1985-12-19,Death,day,false,2022,,,,,,fjc_bulk,
John Berne Hannum,paed,district,Richard M. Nixon,Republican,1969-03-24,1969-05-05,1969-05-06,,1984-05-29,2007-04-23,Death,day,false,971,,,,,,fjc_bulk,
George Harrold Carswell,ca5,circuit,Richard M. Nixon,Republican,1969-05-12,1969-06-19,1969-06-20,,,1970-04-20,Resignation,day,false,387,,,,,,fjc_bulk,
David Welford Williams,cacd,district,Richard M. Nixon,Republican,1969-05-08,1969-06-19,1969-06-20,,1981-01-17,2000-05-06,Death,day,false,2594,,,,,,fjc_bulk,
Warren Earl Burger,scotus,scotus,Richard M. Nixon,Republican,1969-05-23,1969-06-09,1969-06-23,,1986-09-26,1995-06-25,Death,day,false,319,,,https://upload.wikimedia.org/wikipedia/commons/4/47/Warren_e_burger_photo.jpeg,https://commons.wikimedia.org/wiki/File:Warren_e_burger_photo.jpeg,Public domain,fjc_bulk,
Gerald Sanford Levin,cand,district,Richard M. Nixon,Republican,1969-06-13,1969-07-11,1969-07-14,,,1971-06-05,Death,day,false,1388,,,,,,fjc_bulk,
Hiram Emory Widener Jr.,vawd,district,Richard M. Nixon,Republican,1969-06-19,1969-07-11,1969-07-14,,,1972-10-28,Appointment to Another Judicial Position,day,false,2574,,,,,,fjc_bulk,
Frank Hampton McFadden,alnd,district,Richard M. Nixon,Republican,1969-07-22,1969-08-08,1969-08-09,,,1982-01-01,Resignation,day,false,1548,,,,,,fjc_bulk,
Eugene Allen Wright,ca9,circuit,Richard M. Nixon,Republican,1969-06-23,1969-09-12,1969-09-15,,1983-09-15,2002-09-03,Death,day,false,2659,,,,,,fjc_bulk,
John Francis Kilkenny,ca9,circuit,Richard M. Nixon,Republican,1969-05-12,1969-09-12,1969-09-16,,1971-11-01,1995-02-17,Death,day,false,1277,,,,,,fjc_bulk,
Ozell Miller Trask,ca9,circuit,Richard M. Nixon,Republican,1969-06-26,1969-09-12,1969-09-16,,1979-10-31,1984-05-05,Death,day,false,2404,,,,,,fjc_bulk,
Arlin Marvin Adams,ca3,circuit,Richard M. Nixon,Republican,1969-09-22,1969-10-01,1969-10-02,,,1987-01-02,Retirement,day,false,8,,,,,,fjc_bulk,
Charles Clark,ca5,circuit,Richard M. Nixon,Republican,1969-10-07,1969-10-15,1969-10-17,,,1992-01-15,Retirement,day,false,437,,,,,,fjc_bulk,
Henry Luesing Brooks,ca6,circuit,Richard M. Nixon,Republican,1969-08-13,1969-12-10,1969-12-11,,,1971-12-30,Death,day,false,276,,,,,,fjc_bulk,
David Lycurgus Middlebrooks Jr.,flnd,district,Richard M. Nixon,Republican,1969-10-06,1969-12-10,1969-12-11,,,1974-08-01,Resignation,day,false,1636,,,,,,fjc_bulk,
Alfred Theodore Goodwin,ord,district,Richard M. Nixon,Republican,1969-09-22,1969-12-10,1969-12-11,,,1971-12-17,Appointment to Another Judicial Position,day,false,883,,,,,,fjc_bulk,
Robert Dixon Herman,pamd,district,Richard M. Nixon,Republican,1969-10-02,1969-12-10,1969-12-11,,1981-09-25,1990-04-05,Death,day,false,1031,,,,,,fjc_bulk,
John Joseph Gibbons,ca3,circuit,Richard M. Nixon,Republican,1969-12-05,1969-12-17,1969-12-18,,,1990-01-15,Retirement,day,false,844,,,,,,fjc_bulk,
Joe McDonald Ingraham,ca5,circuit,Richard M. Nixon,Republican,1969-12-02,1969-12-17,1969-12-18,,1973-07-31,1990-05-27,Death,day,false,1146,,,,,,fjc_bulk,
Philip Charles Wilkins,caed,district,Richard M. Nixon,Republican,1969-10-23,1969-12-17,1969-12-18,,1983-01-27,1998-07-08,Death,day,false,2583,,,,,,fjc_bulk,
George Herbert Barlow,njd,district,Richard M. Nixon,Republican,1969-07-22,1969-12-17,1969-12-18,,,1979-03-04,Death,day,false,99,,,,,,fjc_bulk,
Leonard I. Garth,njd,district,Richard M. Nixon,Republican,1969-07-22,1969-12-17,1969-12-18,,,1973-08-29,Appointment to Another Judicial Position,day,false,823,,,,,,fjc_bulk,
Barrington Daniels Parker Sr.,dcd,district,Richard M. Nixon,Republican,1969-09-15,1969-12-18,1969-12-19,,1985-12-19,1993-06-02,Death,day,false,1833,,,,,,fjc_bulk,
Malcolm Richard Wilkey,cadc,circuit,Richard M. Nixon,Republican,1970-02-16,1970-02-24,1970-02-25,,1984-12-06,1985-11-08,Retirement,day,false,2581,,,,,,fjc_bulk,
Wilbur Frank Pell Jr.,ca7,circuit,Richard M. Nixon,Republican,1970-01-23,1970-04-23,1970-04-24,,1984-07-31,2000-09-25,Death,day,false,1861,,,,,,fjc_bulk,
Howard Boyd Turrentine,casd,district,Richard M. Nixon,Republican,1970-02-19,1970-04-23,1970-04-24,,1984-01-22,2010-08-20,Death,day,false,2425,,,,,,fjc_bulk,
Warren Keith Urbom,ned,district,Richard M. Nixon,Republican,1970-03-11,1970-04-23,1970-04-24,,1990-12-31,2017-07-28,Death,day,false,2436,,,,,,fjc_bulk,
Joseph Francis Weis Jr.,pawd,district,Richard M. Nixon,Republican,1970-03-11,1970-04-23,1970-04-24,,,1973-03-27,Appointment to Another Judicial Position,day,false,2540,,,,,,fjc_bulk,
Andrew Wendell Bogue,sdd,district,Richard M. Nixon,Republican,1970-03-19,1970-04-23,1970-04-24,,1985-07-01,2009-06-10,Death,day,false,203,,,,,,fjc_bulk,
James Lowell Oakes,vtd,district,Richard M. Nixon,Republican,1970-03-31,1970-04-23,1970-04-24,,,1971-06-05,Appointment to Another Judicial Position,day,false,1806,,,,,,fjc_bulk,
Harry Andrew Blackmun,scotus,scotus,Richard M. Nixon,Republican,1970-04-15,1970-05-12,1970-05-14,,1994-08-03,1999-03-04,Death,day,false,187,,,https://upload.wikimedia.org/wikipedia/commons/thumb/6/63/Justice_Blackmun_Official.jpg/330px-Justice_Blackmun_Official.jpg,https://commons.wikimedia.org/wiki/File:Justice_Blackmun_Official.jpg,Public domain,fjc_bulk,
William Ernest Miller,ca6,circuit,Richard M. Nixon,Republican,1970-03-03,1970-06-26,1970-07-08,,,1976-04-12,Death,day,false,1654,,,,,,fjc_bulk,
Garnett Thomas Eisele,are,district,Richard M. Nixon,Republican,1970-01-23,1970-08-05,1970-08-06,,1991-08-01,2017-11-26,Death,day,false,697,,,,,,fjc_bulk,
Max Rosenn,ca3,circuit,Richard M. Nixon,Republican,1970-09-03,1970-10-06,1970-10-07,,1981-01-21,2006-02-07,Death,day,false,2052,,,,,,fjc_bulk,
Cornelia Groefsema Kennedy,mied,district,Richard M. Nixon,Republican,1970-09-03,1970-10-06,1970-10-07,,,1979-10-04,Appointment to Another Judicial Position,day,false,1257,,,,,,fjc_bulk,
Sam Clyde Pointer Jr.,alnd,district,Richard M. Nixon,Republican,1970-09-22,1970-10-08,1970-10-14,,1999-11-19,2000-04-03,Retirement,day,false,1900,,,,,,fjc_bulk,
Robert Hugh McWilliams Jr.,ca10,circuit,Richard M. Nixon,Republican,1970-09-22,1970-10-08,1970-10-14,,1984-08-31,2013-04-10,Death,day,false,1604,,,,,,fjc_bulk,
John Paul Stevens,ca7,circuit,Richard M. Nixon,Republican,1970-09-22,1970-10-08,1970-10-14,,,1975-12-19,Appointment to Another Judicial Position,day,false,2290,,,https://upload.wikimedia.org/wikipedia/commons/thumb/3/3b/John_Paul_Stevens%2C_SCOTUS_photo_portrait.jpg/330px-John_Paul_Stevens%2C_SCOTUS_photo_portrait.jpg,"https://commons.wikimedia.org/wiki/File:John_Paul_Stevens,_SCOTUS_photo_portrait.jpg",Public domain,fjc_bulk,
Walter King Stapleton,ded,district,Richard M. Nixon,Republican,1970-09-22,1970-10-08,1970-10-14,,,1985-05-08,Appointment to Another Judicial Position,day,false,2275,,,,,,fjc_bulk,
Frank James McGarr,ilnd,district,Richard M. Nixon,Republican,1970-09-22,1970-10-08,1970-10-14,,1986-06-30,1988-01-15,Retirement,day,false,1549,,,,,,fjc_bulk,
Edwin Leard Mechem,nmd,district,Richard M. Nixon,Republican,1970-09-03,1970-10-08,1970-10-14,,1982-07-03,2002-11-27,Death,day,false,1608,,,,,,fjc_bulk,
Edward Roy Becker,paed,district,Richard M. Nixon,Republican,1970-09-24,1970-10-08,1970-10-14,,,1982-01-22,Appointment to Another Judicial Position,day,false,136,,,,,,fjc_bulk,
Malcolm Muir,pamd,district,Richard M. Nixon,Republican,1970-09-28,1970-10-08,1970-10-14,,1984-08-31,2011-07-22,Death,day,false,1710,,,,,,fjc_bulk,
William W. Knox,pawd,district,Richard M. Nixon,Republican,1970-09-28,1970-10-08,1970-10-14,,,1981-08-30,Death,day,false,1302,,,,,,fjc_bulk,
Leland Clure Morton,tnmd,district,Richard M. Nixon,Republican,1970-09-21,1970-10-08,1970-10-14,,1984-07-31,1998-04-11,Death,day,false,1701,,,,,,fjc_bulk,
Robert Howard Schnacke,cand,district,Richard M. Nixon,Republican,1970-09-10,1970-10-13,1970-10-15,,1983-12-31,1994-06-05,Death,day,false,2115,,,,,,fjc_bulk,
Nauman Steele Scott,lawd,district,Richard M. Nixon,Republican,1970-09-14,1970-10-13,1970-10-15,,1984-12-04,2001-09-19,Death,day,false,2131,,,,,,fjc_bulk,
James Rogers Miller Jr.,mdd,district,Richard M. Nixon,Republican,1970-09-28,1970-10-13,1970-10-15,,,1986-12-01,Resignation,day,false,1645,,,,,,fjc_bulk,
Daniel Henry Huyett III,paed,district,Richard M. Nixon,Republican,1970-09-25,1970-10-08,1970-10-15,,1988-05-01,1998-05-01,Death,day,false,1140,,,,,,fjc_bulk,
Donald West VanArtsdalen,paed,district,Richard M. Nixon,Republican,1970-09-10,1970-10-08,1970-10-15,,1985-10-21,2019-05-21,Death,day,false,2438,,,,,,fjc_bulk,
John William Ditter Jr.,paed,district,Richard M. Nixon,Republican,1970-09-28,1970-10-08,1970-10-15,,1986-10-19,2019-04-07,Death,day,false,624,,,,,,fjc_bulk,
Carl Olaf Bue Jr.,txsd,district,Richard M. Nixon,Republican,1970-08-11,1970-10-13,1970-10-15,,1987-09-02,2020-12-24,Death,day,false,312,,,,,,fjc_bulk,
Paul Hitch Roney,ca5,circuit,Richard M. Nixon,Republican,1970-10-07,1970-10-13,1970-10-16,,,1981-10-01,Reassignment,day,false,2045,,,,,,fjc_bulk,
Samuel Conti,cand,district,Richard M. Nixon,Republican,1970-10-07,1970-10-13,1970-10-16,,1987-11-01,2018-08-29,Death,day,false,498,,,,,,fjc_bulk,
Gordon Thompson Jr.,casd,district,Richard M. Nixon,Republican,1970-10-07,1970-10-13,1970-10-16,,1994-12-28,2015-07-05,Death,day,false,2375,,,,,,fjc_bulk,
John Clifford Wallace,casd,district,Richard M. Nixon,Republican,1970-10-07,1970-10-13,1970-10-16,,,1972-07-14,Appointment to Another Judicial Position,day,false,2484,,,https://upload.wikimedia.org/wikipedia/commons/thumb/f/f7/J._Clifford_Wallace_%28cropped%29.jpg/330px-J._Clifford_Wallace_%28cropped%29.jpg?utm_source=commons.wikimedia.org&utm_campaign=imageinfo&utm_content=thumbnail,https://commons.wikimedia.org/wiki/File:J._Clifford_Wallace_(cropped).jpg,Public domain,fjc_bulk,
Gerald Bard Tjoflat,flmd,district,Richard M. Nixon,Republican,1970-10-07,1970-10-13,1970-10-16,,,1975-12-12,Appointment to Another Judicial Position,day,false,2393,,,https://upload.wikimedia.org/wikipedia/commons/thumb/f/f0/Gerald_Tjoflat_%28cropped%29.jpg/330px-Gerald_Tjoflat_%28cropped%29.jpg?utm_source=commons.wikimedia.org&utm_campaign=imageinfo&utm_content=thumbnail,https://commons.wikimedia.org/wiki/File:Gerald_Tjoflat_(cropped).jpg,Public domain,fjc_bulk,
Peter Thorp Fay,flsd,district,Richard M. Nixon,Republican,1970-10-07,1970-10-13,1970-10-16,,,1976-10-08,Appointment to Another Judicial Position,day,false,739,,,,,,fjc_bulk,
Charles Allen Moye Jr.,gand,district,Richard M. Nixon,Republican,1970-10-07,1970-10-13,1970-10-16,,1988-01-01,2010-07-26,Death,day,false,1707,,,,,,fjc_bulk,
William Clark O'Kelley,gand,district,Richard M. Nixon,Republican,1970-10-07,1970-10-13,1970-10-16,,1996-10-01,2017-07-05,Death,day,false,1799,,,,,,fjc_bulk,
Clifton Rhodes Bratcher,kywd,district,Richard M. Nixon,Republican,1970-10-07,1970-10-13,1970-10-16,,,1977-07-25,Death,day,false,242,,,,,,fjc_bulk,
Clarkson Sherman Fisher,njd,district,Richard M. Nixon,Republican,1970-10-07,1970-10-13,1970-10-16,,1987-10-01,1997-07-27,Death,day,false,758,,,,,,fjc_bulk,
John Joseph Kitchen,njd,district,Richard M. Nixon,Republican,1970-10-07,1970-10-13,1970-10-16,,,1973-09-21,Death,day,false,1289,,,,,,fjc_bulk,
Robert B. Krupansky,ohnd,district,Richard M. Nixon,Republican,1970-10-07,1970-10-13,1970-10-16,,,1982-03-19,Appointment to Another Judicial Position,day,false,1321,,,,,,fjc_bulk,
James Lawrence King,flsd,district,Richard M. Nixon,Republican,1970-10-07,1970-10-13,1970-10-19,,1992-12-20,2026-05-02,Death,day,false,1281,,,,,,fjc_bulk,
Nicholas Joseph Walinski Jr.,ohnd,district,Richard M. Nixon,Republican,1970-10-07,1970-10-13,1970-10-21,,1985-12-01,1992-12-24,Death,day,false,2478,,,,,,fjc_bulk,
William C. Frey,azd,district,Richard M. Nixon,Republican,1970-10-07,1970-11-25,1970-12-01,,,1979-02-16,Death,day,false,799,,,,,,fjc_bulk,
John Feikens,mied,district,Richard M. Nixon,Republican,1970-10-07,1970-11-25,1970-12-01,,1986-03-01,2011-05-15,Death,day,false,741,,,,,,fjc_bulk,
Philip Pratt,mied,district,Richard M. Nixon,Republican,1970-10-07,1970-11-25,1970-12-01,,,1989-02-07,Death,day,false,1931,,,,,,fjc_bulk,
José Victor Toledo,prd,district,Richard M. Nixon,Republican,1970-11-16,1970-11-25,1970-12-01,,,1980-02-03,Death,day,false,2396,,,,,,fjc_bulk,
William Merritt Steger,txed,district,Richard M. Nixon,Republican,1970-10-07,1970-11-25,1970-12-01,,1987-12-31,2006-06-04,Death,day,false,2281,,,,,,fjc_bulk,
Robert Madden Hill,txnd,district,Richard M. Nixon,Republican,1970-10-07,1970-11-25,1970-12-01,,,1984-07-20,Appointment to Another Judicial Position,day,false,1047,,,,,,fjc_bulk,
Owen DeVol Cox,txsd,district,Richard M. Nixon,Republican,1970-10-07,1970-11-25,1970-12-01,,1981-03-20,1990-07-21,Death,day,false,524,,,,,,fjc_bulk,
John Howland Wood Jr.,txwd,district,Richard M. Nixon,Republican,1970-10-07,1970-11-25,1970-12-01,,,1979-05-29,Death,day,false,2639,,,,,,fjc_bulk,
Donald Roe Ross,ca8,circuit,Richard M. Nixon,Republican,1970-11-30,1970-12-11,1970-12-12,,1987-06-13,2013-12-18,Death,day,false,2057,,,,,,fjc_bulk,
Franklin Taylor Dupree Jr.,nced,district,Richard M. Nixon,Republican,1970-11-30,1970-12-11,1970-12-12,,1983-12-31,1995-12-17,Death,day,false,667,,,,,,fjc_bulk,
Hubert Irving Teitelbaum,pawd,district,Richard M. Nixon,Republican,1970-11-24,1970-12-11,1970-12-12,,1985-07-02,1995-01-05,Death,day,false,2352,,,,,,fjc_bulk,
Harry Walker Wellford,tnwd,district,Richard M. Nixon,Republican,1970-11-24,1970-12-11,1970-12-12,,,1982-09-10,Appointment to Another Judicial Position,day,false,2543,,,,,,fjc_bulk,
W. Wallace Kent,ca6,circuit,Richard M. Nixon,Republican,1970-12-08,1970-12-16,1970-12-18,,,1973-05-28,Death,day,false,1262,,,,,,fjc_bulk,
Fred M. Winner,cod,district,Richard M. Nixon,Republican,1970-12-08,1970-12-16,1970-12-18,,1982-04-08,1984-08-01,Retirement,day,false,2618,,,,,,fjc_bulk,
Albert Joseph Engel,miwd,district,Richard M. Nixon,Republican,1970-12-15,1970-12-17,1970-12-18,,,1974-01-04,Appointment to Another Judicial Position,day,false,708,,,,,,fjc_bulk,
Barron Patterson McCune,pawd,district,Richard M. Nixon,Republican,1970-12-08,1970-12-16,1970-12-18,,1985-04-01,2008-09-10,Death,day,false,1538,,,,,,fjc_bulk,
Dennis Raymond Knapp,wvsd,district,Richard M. Nixon,Republican,1970-12-08,1970-12-16,1970-12-18,,1983-02-25,1998-12-25,Death,day,false,1292,,,,,,fjc_bulk,
Robert Joseph Kelleher,cacd,district,Richard M. Nixon,Republican,1970-12-15,1970-12-17,1970-12-21,,1983-03-05,2012-06-20,Death,day,false,1246,,,,,,fjc_bulk,
William Hedgcock Webster,moed,district,Richard M. Nixon,Republican,1970-12-08,1970-12-17,1970-12-21,,,1973-08-10,Appointment to Another Judicial Position,day,false,2531,,,,,,fjc_bulk,
James Henry Gorbey,paed,district,Richard M. Nixon,Republican,1970-11-30,1970-12-19,1970-12-21,,,1977-10-24,Death,day,false,886,,,,,,fjc_bulk,
Harris Kenneth Wangelin,moed,district,Richard M. Nixon,Republican,1970-12-08,1970-12-17,1970-12-22,,1983-05-10,1987-06-10,Death,day,false,2494,,,,,,fjc_bulk,
Harris Kenneth Wangelin,mowd,district,Richard M. Nixon,Republican,1970-12-08,1970-12-17,1970-12-22,,1983-05-10,1987-06-10,Death,day,false,2494,,,,,,fjc_bulk,
Frederick Bernard Lacey,njd,district,Richard M. Nixon,Republican,1970-10-07,1970-10-13,1971-01-26,,,1986-02-03,Retirement,day,false,1325,,,,,,fjc_bulk,
Robert Vernon Denney,ned,district,Richard M. Nixon,Republican,1971-01-28,1971-03-04,1971-03-05,,1981-04-16,1981-06-26,Death,day,false,604,,,,,,fjc_bulk,
Robert Edward Varner,almd,district,Richard M. Nixon,Republican,1971-02-10,1971-04-21,1971-04-23,,1986-06-12,2006-05-17,Death,day,false,2454,,,,,,fjc_bulk,
James Emmett Barrett,ca10,circuit,Richard M. Nixon,Republican,1971-03-25,1971-04-21,1971-04-23,,1987-04-08,2011-11-07,Death,day,false,106,,,,,,fjc_bulk,
Donald Stuart Russell,ca4,circuit,Richard M. Nixon,Republican,1971-04-07,1971-04-21,1971-04-23,,,1998-02-22,Death,day,false,2074,,,,,,fjc_bulk,
Robert Arthur Sprecher,ca7,circuit,Richard M. Nixon,Republican,1971-03-29,1971-04-21,1971-04-23,,,1982-05-15,Death,day,false,2257,,,,,,fjc_bulk,
Herbert Young Cho Choy,ca9,circuit,Richard M. Nixon,Republican,1971-04-07,1971-04-21,1971-04-23,,1984-10-03,2004-03-10,Death,day,false,426,,,,,,fjc_bulk,
Richard Cameron Freeman,gand,district,Richard M. Nixon,Republican,1971-03-03,1971-04-21,1971-04-23,,1991-12-31,1999-08-22,Death,day,false,798,,,,,,fjc_bulk,
Thomas Roberts McMillen,ilnd,district,Richard M. Nixon,Republican,1971-03-29,1971-04-21,1971-04-23,,1984-12-31,1985-09-08,Retirement,day,false,1586,,,,,,fjc_bulk,
Raymond Joseph Broderick,paed,district,Richard M. Nixon,Republican,1971-03-23,1971-04-21,1971-04-23,,1984-07-01,2000-08-06,Death,day,false,269,,,,,,fjc_bulk,
Walter Thomas McGovern,wawd,district,Richard M. Nixon,Republican,1971-03-29,1971-04-21,1971-04-23,,1987-09-30,2021-07-08,Death,day,false,1554,,,,,,fjc_bulk,
William Edward Doyle,ca10,circuit,Richard M. Nixon,Republican,1971-03-25,1971-04-21,1971-04-26,,1984-12-28,1986-05-02,Death,day,false,645,,,,,,fjc_bulk,
Charles Robert Richey,dcd,district,Richard M. Nixon,Republican,1971-04-14,1971-04-29,1971-05-05,,1997-01-23,1997-03-19,Death,day,false,2004,,,,,,fjc_bulk,
Walter Roe Mansfield,ca2,circuit,Richard M. Nixon,Republican,1971-04-26,1971-05-20,1971-05-20,,1981-07-02,1987-01-08,Death,day,false,1473,,,,,,fjc_bulk,
William Matthew Byrne Jr.,cacd,district,Richard M. Nixon,Republican,1971-04-21,1971-05-20,1971-05-20,,1998-02-28,2006-01-12,Death,day,false,341,,,,,,fjc_bulk,
Leland Chris Nielsen,casd,district,Richard M. Nixon,Republican,1971-04-21,1971-05-20,1971-05-20,,1985-06-14,1999-09-23,Death,day,false,1764,,,,,,fjc_bulk,
Mark Americus Costantino,nyed,district,Richard M. Nixon,Republican,1971-04-26,1971-05-20,1971-05-20,,1987-12-01,1990-06-17,Death,day,false,513,,,,,,fjc_bulk,
Lawrence Warren Pierce,nysd,district,Richard M. Nixon,Republican,1971-04-26,1971-05-20,1971-05-20,,,1981-11-30,Appointment to Another Judicial Position,day,false,1887,,,,,,fjc_bulk,
Murray Irwin Gurfein,nysd,district,Richard M. Nixon,Republican,1971-04-14,1971-05-20,1971-05-20,,,1974-09-11,Appointment to Another Judicial Position,day,false,930,,,,,,fjc_bulk,
Carl Bernard Rubin,ohsd,district,Richard M. Nixon,Republican,1971-04-29,1971-05-20,1971-05-20,,,1995-08-02,Death,day,false,2069,,,,,,fjc_bulk,
James Lowell Oakes,ca2,circuit,Richard M. Nixon,Republican,1971-05-03,1971-05-20,1971-05-27,,1992-06-30,2007-10-13,Death,day,false,1806,,,,,,fjc_bulk,
William Hughes Mulligan,ca2,circuit,Richard M. Nixon,Republican,1971-04-26,1971-05-20,1971-05-27,,,1981-03-31,Resignation,day,false,1713,,,,,,fjc_bulk,
Robert Foster Chapman,scd,district,Richard M. Nixon,Republican,1971-05-18,1971-05-26,1971-05-27,,,1981-10-02,Appointment to Another Judicial Position,day,false,411,,,,,,fjc_bulk,
Solomon Blatt Jr.,scd,district,Richard M. Nixon,Republican,1971-05-18,1971-05-26,1971-05-28,,1990-05-07,2016-04-20,Death,day,false,193,,,,,,fjc_bulk,
Roy Laverne Stephenson,ca8,circuit,Richard M. Nixon,Republican,1971-06-01,1971-06-18,1971-06-22,,1982-04-01,1982-11-05,Death,day,false,2287,,,,,,fjc_bulk,
Jack Murphy Gordon,laed,district,Richard M. Nixon,Republican,1971-04-14,1971-06-18,1971-06-22,,,1982-03-04,Death,day,false,888,,,,,,fjc_bulk,
Roger Blake West,laed,district,Richard M. Nixon,Republican,1971-04-14,1971-06-18,1971-06-22,,,1978-01-24,Death,day,false,2553,,,,,,fjc_bulk,
Robert Edward DeMascio,mied,district,Richard M. Nixon,Republican,1971-06-14,1971-07-22,1971-07-22,,1988-01-16,1999-03-23,Death,day,false,600,,,,,,fjc_bulk,
Edward Raymond Neaher,nyed,district,Richard M. Nixon,Republican,1971-06-14,1971-07-22,1971-07-22,,1982-05-28,1994-04-19,Death,day,false,1735,,,,,,fjc_bulk,
Aldon Junior Anderson,utd,district,Richard M. Nixon,Republican,1971-06-17,1971-07-22,1971-07-22,,1984-12-20,1996-03-24,Death,day,false,42,,,,,,fjc_bulk,
William Homer Timbers,ca2,circuit,Richard M. Nixon,Republican,1971-05-13,1971-07-29,1971-07-29,,1981-07-10,1994-11-26,Death,day,false,2389,,,,,,fjc_bulk,
Lawrence Tupper Lydick,cacd,district,Richard M. Nixon,Republican,1971-07-08,1971-07-29,1971-07-29,,1984-03-01,1995-12-17,Death,day,false,1444,,,,,,fjc_bulk,
Malcolm Millar Lucas,cacd,district,Richard M. Nixon,Republican,1971-07-08,1971-07-29,1971-07-29,,,1984-04-06,Resignation,day,false,1433,,,,,,fjc_bulk,
Spencer Mortimer Williams,cand,district,Richard M. Nixon,Republican,1971-07-12,1971-07-29,1971-07-29,,1987-02-24,2008-01-03,Death,day,false,2602,,,,,,fjc_bulk,
Charles Stanley Blair,mdd,district,Richard M. Nixon,Republican,1971-07-14,1971-07-29,1971-07-29,,,1980-04-20,Death,day,false,188,,,,,,fjc_bulk,
Herbert Frazier Murray,mdd,district,Richard M. Nixon,Republican,1971-07-19,1971-07-29,1971-07-29,,1988-12-31,1999-07-12,Death,day,false,1729,,,,,,fjc_bulk,
Joseph H. Young,mdd,district,Richard M. Nixon,Republican,1971-07-19,1971-07-29,1971-07-29,,1987-08-01,2015-03-14,Death,day,false,2677,,,,,,fjc_bulk,
Paul Benson,ndd,district,Richard M. Nixon,Republican,1971-07-12,1971-07-29,1971-07-29,,1985-12-31,2004-04-22,Death,day,false,160,,,,,,fjc_bulk,
Charles L. Brieant Jr.,nysd,district,Richard M. Nixon,Republican,1971-06-24,1971-07-29,1971-07-29,,2007-05-31,2008-07-20,Death,day,false,256,,,,,,fjc_bulk,
Albert Vickers Bryan Jr.,vaed,district,Richard M. Nixon,Republican,1971-07-19,1971-07-29,1971-07-29,,1991-12-01,2019-08-27,Death,day,false,296,,,,,,fjc_bulk,
William Brevard Hand,alsd,district,Richard M. Nixon,Republican,1971-07-26,1971-09-21,1971-09-22,,1989-01-19,2008-09-06,Death,day,false,966,,,,,,fjc_bulk,
James Rosen,ca3,circuit,Richard M. Nixon,Republican,1971-07-19,1971-09-21,1971-09-22,,,1972-11-18,Death,day,false,2048,,,,,,fjc_bulk,
John A. Field Jr.,ca4,circuit,Richard M. Nixon,Republican,1971-09-08,1971-09-21,1971-09-22,,1976-04-01,1995-12-16,Death,day,false,749,,,,,,fjc_bulk,
Sherman Glenn Finesilver,cod,district,Richard M. Nixon,Republican,1971-09-08,1971-09-21,1971-09-22,,1994-05-31,1994-12-31,Retirement,day,false,753,,,,,,fjc_bulk,
James Hunter III,ca3,circuit,Richard M. Nixon,Republican,1971-07-19,1971-09-21,1971-09-23,,1986-06-30,1989-02-10,Death,day,false,1130,,,,,,fjc_bulk,
William Corwin Stuart,iasd,district,Richard M. Nixon,Republican,1971-10-13,1971-10-28,1971-11-01,,1986-04-30,2010-08-12,Death,day,false,2309,,,,,,fjc_bulk,
Earl Eugene O'Connor,ksd,district,Richard M. Nixon,Republican,1971-10-19,1971-10-28,1971-11-01,,1992-03-01,1998-11-29,Death,day,false,1794,,,,,,fjc_bulk,
William Joseph Bauer,ilnd,district,Richard M. Nixon,Republican,1971-09-14,1971-11-08,1971-11-10,,,1975-01-03,Appointment to Another Judicial Position,day,false,122,,,,,,fjc_bulk,
Alfred Theodore Goodwin,ca9,circuit,Richard M. Nixon,Republican,1971-11-03,1971-11-23,1971-11-30,,1991-01-31,2022-12-27,Death,day,false,883,,,,,,fjc_bulk,
Charles Mengel Allen,kywd,district,Richard M. Nixon,Republican,1971-11-17,1971-11-23,1971-11-30,,1985-10-01,2000-01-04,Death,day,false,27,,,,,,fjc_bulk,
Levin Hicks Campbell,mad,district,Richard M. Nixon,Republican,1971-11-12,1971-11-23,1971-11-30,,,1972-08-31,Appointment to Another Judicial Position,day,false,363,,,https://upload.wikimedia.org/wikipedia/commons/e/e0/1963_Levin_Hicks_Campbell_Massachusetts_House_of_Representatives.png?utm_source=commons.wikimedia.org&utm_campaign=imageinfo&utm_content=thumbnail_unscaled,https://commons.wikimedia.org/wiki/File:1963_Levin_Hicks_Campbell_Massachusetts_House_of_Representatives.png,Public domain,fjc_bulk,
Clarence Charles Newcomer,paed,district,Richard M. Nixon,Republican,1971-11-17,1971-11-23,1971-11-30,,1988-01-19,2005-08-22,Death,day,false,1754,,,,,,fjc_bulk,
Ralph Francis Scalera,pawd,district,Richard M. Nixon,Republican,1971-11-12,1971-11-23,1971-11-30,,,1976-05-01,Resignation,day,false,2107,,,,,,fjc_bulk,
James Stuart Holden,vtd,district,Richard M. Nixon,Republican,1971-11-11,1971-11-23,1971-11-30,,1984-01-29,1996-11-18,Death,day,false,1070,,,,,,fjc_bulk,
Thomas Aquinas Flannery,dcd,district,Richard M. Nixon,Republican,1971-11-18,1971-12-01,1971-12-06,,1985-05-10,2007-09-20,Death,day,false,766,,,,,,fjc_bulk,
Leroy John Contie Jr.,ohnd,district,Richard M. Nixon,Republican,1971-11-19,1971-12-01,1971-12-06,,,1982-03-23,Appointment to Another Judicial Position,day,false,499,,,,,,fjc_bulk,
Kenneth Keller Hall,wvsd,district,Richard M. Nixon,Republican,1971-11-22,1971-12-01,1971-12-06,,,1976-09-26,Appointment to Another Judicial Position,day,false,946,,,,,,fjc_bulk,
Charles Byron Renfrew,cand,district,Richard M. Nixon,Republican,1971-11-29,1971-12-02,1971-12-09,,,1980-02-27,Resignation,day,false,1993,,,,,,fjc_bulk,
Anthony A. Alaimo,gasd,district,Richard M. Nixon,Republican,1971-11-29,1971-12-02,1971-12-09,,1991-07-01,2009-12-30,Death,day,false,18,,,,,,fjc_bulk,
J. Blaine Anderson,idd,district,Richard M. Nixon,Republican,1971-12-01,1971-12-04,1971-12-09,,,1976-07-23,Appointment to Another Judicial Position,day,false,46,,,,,,fjc_bulk,
Richard A. Dier,ned,district,Richard M. Nixon,Republican,1971-12-02,1971-12-06,1971-12-09,,,1972-12-07,Death,day,false,618,,,,,,fjc_bulk,
Clifford Scott Green,paed,district,Richard M. Nixon,Republican,1971-12-01,1971-12-04,1971-12-09,,1988-04-02,2007-05-31,Death,day,false,907,,,,,,fjc_bulk,
Lewis Franklin Powell Jr.,scotus,scotus,Richard M. Nixon,Republican,1971-10-22,1971-12-06,1971-12-09,,1987-06-26,1998-08-25,Death,day,false,1927,,,https://upload.wikimedia.org/wikipedia/commons/thumb/9/99/US_Supreme_Court_Justice_Lewis_Powell_-_1976_official_portrait.jpg/330px-US_Supreme_Court_Justice_Lewis_Powell_-_1976_official_portrait.jpg,https://commons.wikimedia.org/wiki/File:US_Supreme_Court_Justice_Lewis_Powell_-_1976_official_portrait.jpg,Public domain,fjc_bulk,
Morell Edward Sharp,wawd,district,Richard M. Nixon,Republican,1971-11-24,1971-12-02,1971-12-09,,,1980-10-19,Death,day,false,2162,,,,,,fjc_bulk,
Jon Ormond Newman,ctd,district,Richard M. Nixon,Republican,1971-12-02,1971-12-11,1971-12-15,,,1979-06-25,Appointment to Another Judicial Position,day,false,1755,,,https://upload.wikimedia.org/wikipedia/commons/b/bc/Jon_O._Newman.jpg?utm_source=commons.wikimedia.org&utm_campaign=imageinfo&utm_content=thumbnail_unscaled,https://commons.wikimedia.org/wiki/File:Jon_O._Newman.jpg,Public domain,fjc_bulk,
William Terrell Hodges,flmd,district,Richard M. Nixon,Republican,1971-12-08,1971-12-11,1971-12-15,,1999-05-02,2022-01-04,Death,day,false,1061,,,,,,fjc_bulk,
Bruce Marion Van Sickle,ndd,district,Richard M. Nixon,Republican,1971-12-10,1971-12-11,1971-12-15,,1985-02-28,2007-04-21,Death,day,false,2448,,,,,,fjc_bulk,
Arnold Bauman,nysd,district,Richard M. Nixon,Republican,1971-12-02,1971-12-11,1971-12-15,,,1974-08-15,Resignation,day,false,123,,,,,,fjc_bulk,
Lee Parsons Gagliardi,nysd,district,Richard M. Nixon,Republican,1971-12-02,1971-12-11,1971-12-15,,1985-07-17,1998-10-30,Death,day,false,811,,,,,,fjc_bulk,
William Hubbs Rehnquist,scotus,scotus,Richard M. Nixon,Republican,1971-10-22,1971-12-10,1971-12-15,,,1986-09-26,Appointment to Another Judicial Position,day,false,1988,,,https://upload.wikimedia.org/wikipedia/commons/3/31/William_Rehnquist.jpg,https://commons.wikimedia.org/wiki/File:William_Rehnquist.jpg,Public domain,fjc_bulk,
Philip Willis Tone,ilnd,district,Richard M. Nixon,Republican,1971-11-29,1971-12-02,1972-01-26,,,1974-05-17,Appointment to Another Judicial Position,day,false,2398,,,,,,fjc_bulk,
Richard Wellington McLaren,ilnd,district,Richard M. Nixon,Republican,1971-12-02,1971-12-02,1972-01-26,,,1976-02-25,Death,day,false,1574,,,,,,fjc_bulk,
Wilbur Dawson Owens Jr.,gamd,district,Richard M. Nixon,Republican,1972-01-21,1972-02-17,1972-03-01,,1995-02-01,2010-04-28,Death,day,false,1821,,,,,,fjc_bulk,
H[oward] David Hermansdorfer,kyed,district,Richard M. Nixon,Republican,1972-02-16,1972-03-02,1972-03-07,,,1981-01-31,Resignation,day,false,1032,,,,,,fjc_bulk,
Louis Charles Bechtle,paed,district,Richard M. Nixon,Republican,1972-02-14,1972-03-02,1972-03-07,,1993-04-30,2001-06-30,Retirement,day,false,134,,,,,,fjc_bulk,
Elmer Gordon West,lamd,district,None (reassignment),None (reassignment),,,1972-04-16,,1979-11-27,1992-11-02,Death,day,false,2551,,,,,,fjc_bulk,
Norman Charles Roettger Jr.,flsd,district,Richard M. Nixon,Republican,1972-04-13,1972-05-31,1972-06-02,,1997-06-17,2003-07-26,Death,day,false,2038,,,,,,fjc_bulk,
James Milton Burns,ord,district,Richard M. Nixon,Republican,1972-03-22,1972-05-25,1972-06-02,,1989-11-24,2001-12-21,Death,day,false,324,,,,,,fjc_bulk,
Otto Richard Skopil Jr.,ord,district,Richard M. Nixon,Republican,1972-03-22,1972-03-25,1972-06-02,,,1979-10-20,Appointment to Another Judicial Position,day,false,2204,,,,,,fjc_bulk,
Charles Wycliffe Joiner,mied,district,Richard M. Nixon,Republican,1972-04-25,1972-06-08,1972-06-09,,1984-08-15,2017-03-10,Death,day,false,1190,,,,,,fjc_bulk,
Albert Wheeler Coffrin,vtd,district,Richard M. Nixon,Republican,1972-05-03,1972-06-08,1972-06-09,,1989-01-31,1993-01-13,Death,day,false,468,,,,,,fjc_bulk,
John Clifford Wallace,ca9,circuit,Richard M. Nixon,Republican,1972-05-22,1972-06-28,1972-06-28,,1996-04-08,,,day,true,2484,false,false,https://upload.wikimedia.org/wikipedia/commons/thumb/f/f7/J._Clifford_Wallace_%28cropped%29.jpg/330px-J._Clifford_Wallace_%28cropped%29.jpg?utm_source=commons.wikimedia.org&utm_campaign=imageinfo&utm_content=thumbnail,https://commons.wikimedia.org/wiki/File:J._Clifford_Wallace_(cropped).jpg,Public domain,fjc_bulk,
Samuel Pailthorpe King,hid,district,Richard M. Nixon,Republican,1972-05-22,1972-06-28,1972-06-28,,1984-11-30,2010-12-07,Death,day,false,1282,,,,,,fjc_bulk,
Hiram Hamilton Ward,ncmd,district,Richard M. Nixon,Republican,1972-05-18,1972-06-28,1972-06-28,,1988-08-20,2002-04-04,Death,day,false,2498,,,,,,fjc_bulk,
Levin Hicks Campbell,ca1,circuit,Richard M. Nixon,Republican,1972-06-15,1972-06-28,1972-06-30,,1992-01-03,,,day,true,363,false,false,https://upload.wikimedia.org/wikipedia/commons/e/e0/1963_Levin_Hicks_Campbell_Massachusetts_House_of_Representatives.png?utm_source=commons.wikimedia.org&utm_campaign=imageinfo&utm_content=thumbnail_unscaled,https://commons.wikimedia.org/wiki/File:1963_Levin_Hicks_Campbell_Massachusetts_House_of_Representatives.png,Public domain,fjc_bulk,
William Benner Enright,casd,district,Richard M. Nixon,Republican,1972-06-13,1972-06-28,1972-06-30,,1990-07-12,2020-03-07,Death,day,false,710,,,,,,fjc_bulk,
Charles E. Stewart Jr.,nysd,district,Richard M. Nixon,Republican,1972-06-15,1972-06-28,1972-06-30,,1985-01-02,1994-10-28,Death,day,false,2293,,,,,,fjc_bulk,
Thomas Poole Griesa,nysd,district,Richard M. Nixon,Republican,1972-06-15,1972-06-28,1972-06-30,,2000-03-13,2017-12-24,Death,day,false,917,,,,,,fjc_bulk,
[Percy] Whitman Knapp,nysd,district,Richard M. Nixon,Republican,1972-06-15,1972-06-28,1972-06-30,,1987-11-23,2004-06-14,Death,day,false,1294,,,,,,fjc_bulk,
Eldon Brooks Mahon,txnd,district,Richard M. Nixon,Republican,1972-06-23,1972-06-28,1972-07-03,,1989-10-01,2005-12-03,Death,day,false,1464,,,,,,fjc_bulk,
Robert Lee Carter,nysd,district,Richard M. Nixon,Republican,1972-06-15,1972-07-21,1972-07-25,,1986-12-31,2012-01-03,Death,day,false,392,,,,,,fjc_bulk,
Marshall Allen Neill,waed,district,Richard M. Nixon,Republican,1972-06-13,1972-08-02,1972-08-09,,,1979-10-06,Death,day,false,1739,,,,,,fjc_bulk,
Pierce Lively,ca6,circuit,Richard M. Nixon,Republican,1972-09-12,1972-10-03,1972-10-05,,1989-01-01,2016-03-12,Death,day,false,1407,,,,,,fjc_bulk,
Hiram Emory Widener Jr.,ca4,circuit,Richard M. Nixon,Republican,1972-09-25,1972-10-12,1972-10-17,,2007-07-17,2007-09-19,Death,day,false,2574,,,,,,fjc_bulk,
Frank Harlan Freedman,mad,district,Richard M. Nixon,Republican,1972-08-14,1972-10-12,1972-10-17,,1992-01-01,2003-08-21,Death,day,false,795,,,,,,fjc_bulk,
Joseph Louis Tauro,mad,district,Richard M. Nixon,Republican,1972-09-12,1972-10-12,1972-10-17,,2013-09-26,2018-11-30,Death,day,false,2342,,,,,,fjc_bulk,
Kevin Thomas Duffy,nysd,district,Richard M. Nixon,Republican,1972-09-25,1972-10-12,1972-10-17,,1998-01-10,2016-09-30,Retirement,day,false,657,,,,,,fjc_bulk,
Robert Joseph Ward,nysd,district,Richard M. Nixon,Republican,1972-09-25,1972-10-12,1972-10-17,,1991-02-01,2003-08-05,Death,day,false,2500,,,,,,fjc_bulk,
Hernan Gregorio Pesquera,prd,district,Richard M. Nixon,Republican,1972-09-05,1972-10-12,1972-10-17,,,1982-09-08,Death,day,false,1872,,,,,,fjc_bulk,
James Clinton Turk,vawd,district,Richard M. Nixon,Republican,1972-09-25,1972-10-12,1972-10-17,,2002-11-01,2014-07-06,Death,day,false,2422,,,,,,fjc_bulk,
Joseph Francis Weis Jr.,ca3,circuit,Richard M. Nixon,Republican,1973-02-13,1973-03-14,1973-03-15,,1988-04-01,2014-03-19,Death,day,false,2540,,,,,,fjc_bulk,
James Hughes Hancock,alnd,district,Richard M. Nixon,Republican,1973-03-20,1973-04-10,1973-04-17,,1996-05-01,2020-07-24,Death,day,false,963,,,,,,fjc_bulk,
Vincent Pasquale Biunno,njd,district,Richard M. Nixon,Republican,1973-02-21,1973-04-10,1973-04-17,,1982-03-23,1991-07-30,Death,day,false,179,,,,,,fjc_bulk,
Daniel John Snyder Jr.,pawd,district,Richard M. Nixon,Republican,1973-03-06,1973-04-10,1973-04-17,,,1980-05-11,Death,day,false,2236,,,,,,fjc_bulk,
Junius Foy Guin Jr.,alnd,district,Richard M. Nixon,Republican,1973-03-20,1973-04-10,1973-04-18,,1989-02-03,2016-11-08,Death,day,false,927,,,,,,fjc_bulk,
Albert Gerard Schatz,ned,district,Richard M. Nixon,Republican,1973-04-12,1973-05-10,1973-05-11,,,1985-04-30,Death,day,false,2111,,,,,,fjc_bulk,
Herbert Allan Fogel,paed,district,Richard M. Nixon,Republican,1973-02-13,1973-05-14,1973-05-15,,,1978-05-01,Resignation,day,false,769,,,,,,fjc_bulk,
Thomas Gibbs Gee,ca5,circuit,Richard M. Nixon,Republican,1973-06-11,1973-07-13,1973-07-18,,,1991-02-01,Retirement,day,false,832,,,,,,fjc_bulk,
William Hedgcock Webster,ca8,circuit,Richard M. Nixon,Republican,1973-06-13,1973-07-13,1973-07-18,,,1978-02-22,Resignation,day,false,2531,,,,,,fjc_bulk,
Prentice Henry Marshall,ilnd,district,Richard M. Nixon,Republican,1973-06-27,1973-07-13,1973-07-18,,1988-10-19,1996-04-15,Retirement,day,false,1488,,,,,,fjc_bulk,
Harlington Wood Jr.,ilsd,district,Richard M. Nixon,Republican,1973-05-11,1973-07-13,1973-07-18,,,1976-05-28,Appointment to Another Judicial Position,day,false,2637,,,,,,fjc_bulk,
John Francis Nangle,moed,district,Richard M. Nixon,Republican,1973-06-13,1973-07-13,1973-07-18,,1990-05-10,2008-08-24,Death,day,false,1734,,,,,,fjc_bulk,
Leonard I. Garth,ca3,circuit,Richard M. Nixon,Republican,1973-07-19,1973-08-03,1973-08-06,,1986-06-30,2016-09-22,Death,day,false,823,,,,,,fjc_bulk,
John Alton Reed Jr.,flmd,district,Richard M. Nixon,Republican,1973-07-06,1973-08-03,1973-08-06,,,1984-12-31,Resignation,day,false,1981,,,,,,fjc_bulk,
Joseph Tyree Sneed III,ca9,circuit,Richard M. Nixon,Republican,1973-07-25,1973-08-03,1973-08-24,,1987-07-21,2008-02-09,Death,day,false,2234,,,,,,fjc_bulk,
Allen Sharp,innd,district,Richard M. Nixon,Republican,1973-09-13,1973-10-04,1973-10-11,,2007-11-01,2009-07-10,Death,day,false,2160,,,,,,fjc_bulk,
Albert Joseph Engel,ca6,circuit,Richard M. Nixon,Republican,1973-12-05,1973-12-13,1973-12-19,,1989-10-01,2013-04-05,Death,day,false,708,,,,,,fjc_bulk,
Walter Jay Skinner,mad,district,Richard M. Nixon,Republican,1973-10-10,1973-12-14,1973-12-19,,1992-09-14,2005-05-08,Death,day,false,2203,,,,,,fjc_bulk,
James Harvey,mied,district,Richard M. Nixon,Republican,1973-12-05,1973-12-13,1973-12-19,,1984-03-31,2019-07-20,Death,day,false,993,,,,,,fjc_bulk,
Richard Owen,nysd,district,Richard M. Nixon,Republican,1973-11-15,1973-12-13,1973-12-19,,1989-09-30,2015-11-20,Death,day,false,1820,,,,,,fjc_bulk,
William Curtis Conner,nysd,district,Richard M. Nixon,Republican,1973-11-09,1973-12-13,1973-12-19,,1987-03-31,2009-07-09,Death,day,false,496,,,,,,fjc_bulk,
Herbert Jay Stern,njd,district,Richard M. Nixon,Republican,1973-12-07,1973-12-19,1973-12-28,,,1987-01-04,Resignation,day,false,2289,,,,,,fjc_bulk,
Robert Firth,cacd,district,Richard M. Nixon,Republican,1974-02-06,1974-03-01,1974-03-08,,1979-10-31,1984-01-04,Death,day,false,756,,,,,,fjc_bulk,
Richard Paul Matsch,cod,district,Richard M. Nixon,Republican,1974-01-31,1974-03-01,1974-03-08,,2003-07-01,2019-05-26,Death,day,false,1504,,,,,,fjc_bulk,
Thomas E. Stagg Jr.,lawd,district,Richard M. Nixon,Republican,1974-02-18,1974-03-07,1974-03-08,,1992-02-29,2015-06-23,Death,day,false,2265,,,,,,fjc_bulk,
Thomas Collier Platt Jr.,nyed,district,Richard M. Nixon,Republican,1974-01-31,1974-03-01,1974-03-08,,2001-02-01,2017-03-04,Death,day,false,1896,,,,,,fjc_bulk,
Joseph Leo McGlynn Jr.,paed,district,Richard M. Nixon,Republican,1974-01-31,1974-03-01,1974-03-08,,1990-02-14,1999-02-23,Death,day,false,1552,,,,,,fjc_bulk,
Joseph Wilson Morris,oked,district,Richard M. Nixon,Republican,1974-03-19,1974-04-05,1974-04-12,,,1978-07-31,Resignation,day,false,1694,,,,,,fjc_bulk,
Murray Merle Schwartz,ded,district,Richard M. Nixon,Republican,1974-03-21,1974-04-05,1974-04-17,,1989-07-24,2013-01-11,Death,day,false,2124,,,,,,fjc_bulk,
Wendell Alverson Miles,miwd,district,Richard M. Nixon,Republican,1974-03-29,1974-04-10,1974-04-17,,1986-05-06,2013-07-30,Death,day,false,1640,,,,,,fjc_bulk,
Philip Willis Tone,ca7,circuit,Richard M. Nixon,Republican,1974-04-22,1974-05-06,1974-05-14,,,1980-04-30,Resignation,day,false,2398,,,,,,fjc_bulk,
David Dortch Warriner,vaed,district,Richard M. Nixon,Republican,1974-05-06,1974-05-16,1974-05-21,,,1986-03-17,Death,day,false,2508,,,,,,fjc_bulk,
Robert Morton Duncan,ohsd,district,Richard M. Nixon,Republican,1974-05-01,1974-06-13,1974-06-20,,,1985-04-15,Resignation,day,false,663,,,,,,fjc_bulk,
Robert William Porter,txnd,district,Richard M. Nixon,Republican,1974-04-22,1974-06-13,1974-06-20,,1990-01-17,1991-11-06,Death,day,false,1920,,,,,,fjc_bulk,
Donald S. Voorhees,wawd,district,Richard M. Nixon,Republican,1974-05-28,1974-06-13,1974-06-20,,1986-11-30,1989-07-07,Death,day,false,2467,,,,,,fjc_bulk,
Henry Curtis Meanor,njd,district,Richard M. Nixon,Republican,1974-05-08,1974-06-13,1974-06-25,,,1983-02-07,Resignation,day,false,1606,,,,,,fjc_bulk,
William Horsley Orrick Jr.,cand,district,Richard M. Nixon,Republican,1974-05-31,1974-06-21,1974-07-08,,1985-10-31,2003-08-14,Death,day,false,1816,,,,,,fjc_bulk,
Henry Frederick Werker,nysd,district,Richard M. Nixon,Republican,1974-05-31,1974-06-21,1974-07-09,,,1984-05-10,Death,day,false,2548,,,,,,fjc_bulk,
James Clinkscales Hill,gand,district,Richard M. Nixon,Republican,1974-07-09,1974-08-08,1974-08-09,,,1976-05-26,Appointment to Another Judicial Position,day,false,1045,,,,,,fjc_bulk,
Murray Irwin Gurfein,ca2,circuit,Richard M. Nixon,Republican,1974-07-11,1974-08-22,1974-08-27,,,1979-12-16,Death,day,false,930,,,,,,fjc_bulk,
Robert Willis Warren,wied,district,Richard M. Nixon,Republican,1974-08-08,1974-08-22,1974-08-27,,1991-08-01,1998-08-20,Death,day,false,2507,,,,,,fjc_bulk,
James Martin Fitzgerald,akd,district,Gerald Ford,Republican,1974-12-02,1974-12-18,1974-12-20,,1989-01-01,2011-04-03,Death,day,false,762,,,,,,fjc_bulk,
William Joseph Bauer,ca7,circuit,Gerald Ford,Republican,1974-12-11,1974-12-19,1974-12-20,,1994-10-31,2025-12-15,Death,day,false,122,,,,,,fjc_bulk,
Joel Martin Flaum,ilnd,district,Gerald Ford,Republican,1974-11-18,1974-12-18,1974-12-20,,,1983-06-01,Appointment to Another Judicial Position,day,false,767,,,,,,fjc_bulk,
James Paul Churchill,mied,district,Gerald Ford,Republican,1974-12-02,1974-12-18,1974-12-20,,1989-12-31,2020-06-29,Death,day,false,430,,,,,,fjc_bulk,
Donald Douglas Alsop,mnd,district,Richard M. Nixon,Republican,1974-08-08,1974-12-18,1974-12-20,,1992-08-28,,,day,true,34,false,false,https://upload.wikimedia.org/wikipedia/commons/thumb/a/a9/Donald_D_Alsop.png/330px-Donald_D_Alsop.png?utm_source=commons.wikimedia.org&utm_campaign=imageinfo&utm_content=thumbnail,https://commons.wikimedia.org/wiki/File:Donald_D_Alsop.png,Public domain,fjc_bulk,
John Francis Gerry,njd,district,Gerald Ford,Republican,1974-11-18,1974-12-18,1974-12-20,,1994-10-01,1995-03-10,Death,day,false,835,,,,,,fjc_bulk,
Harold Dale Cook,oked,district,Gerald Ford,Republican,1974-12-02,1974-12-18,1974-12-20,,1992-01-01,2008-09-22,Death,day,false,502,,,,,,fjc_bulk,
Harold Dale Cook,oknd,district,Gerald Ford,Republican,1974-12-02,1974-12-18,1974-12-20,,1992-01-01,2008-09-22,Death,day,false,502,,,,,,fjc_bulk,
Harold Dale Cook,okwd,district,Gerald Ford,Republican,1974-12-02,1974-12-18,1974-12-20,,1992-01-01,2008-09-22,Death,day,false,502,,,,,,fjc_bulk,
Edward Norman Cahn,paed,district,Gerald Ford,Republican,1974-11-18,1974-12-18,1974-12-20,,,1998-12-31,Retirement,day,false,350,,,,,,fjc_bulk,
Juan R. Torruella,prd,district,Gerald Ford,Republican,1974-11-18,1974-12-18,1974-12-20,,,1984-10-30,Appointment to Another Judicial Position,day,false,2400,,,,,,fjc_bulk,
William Steele Sessions,txwd,district,Gerald Ford,Republican,1974-12-11,1974-12-19,1974-12-20,,,1987-11-01,Resignation,day,false,2146,,,,,,fjc_bulk,
Joseph Calvitt Clarke Jr.,vaed,district,Gerald Ford,Republican,1974-12-11,1974-12-19,1974-12-20,,1991-07-31,2004-05-06,Death,day,false,447,,,,,,fjc_bulk,
Ellsworth Alfred Van Graafeiland,ca2,circuit,Gerald Ford,Republican,1974-12-11,1974-12-20,1974-12-21,,1985-05-11,2004-11-20,Death,day,false,2443,,,,,,fjc_bulk,
Alfred Younges Kirkland Sr.,ilnd,district,Gerald Ford,Republican,1974-12-11,1974-12-19,1974-12-21,,1979-04-30,2004-03-19,Death,day,false,1284,,,,,,fjc_bulk,
John Thomas Elfvin,nywd,district,Gerald Ford,Republican,1974-12-09,1974-12-20,1974-12-21,,1987-07-01,2009-01-06,Death,day,false,698,,,,,,fjc_bulk,
Henry Bramwell,nyed,district,Gerald Ford,Republican,1974-12-11,1974-12-20,1974-12-26,,1987-10-01,2010-05-28,Death,day,false,240,,,,,,fjc_bulk,
Jesse Smith Henley,ca8,circuit,Gerald Ford,Republican,1975-01-28,1975-03-13,1975-03-14,,1982-05-31,1997-10-18,Death,day,false,1026,,,,,,fjc_bulk,
Stanley Seymour Brotman,njd,district,Gerald Ford,Republican,1975-01-27,1975-03-13,1975-03-14,,1990-04-23,2014-02-21,Death,day,false,279,,,,,,fjc_bulk,
Anthony McLeod Kennedy,ca9,circuit,Gerald Ford,Republican,1975-03-03,1975-03-20,1975-03-24,,,1988-02-18,Appointment to Another Judicial Position,day,false,1256,,,https://upload.wikimedia.org/wikipedia/commons/thumb/2/20/Anthony_Kennedy_official_SCOTUS_portrait.jpg/330px-Anthony_Kennedy_official_SCOTUS_portrait.jpg,https://commons.wikimedia.org/wiki/File:Anthony_Kennedy_official_SCOTUS_portrait.jpg,Public domain,fjc_bulk,
Thomas Joseph Meskill,ca2,circuit,Gerald Ford,Republican,1975-01-16,1975-04-22,1975-04-23,,1993-06-30,2007-10-29,Death,day,false,1628,,,,,,fjc_bulk,
Dick Yin Wong,hid,district,Gerald Ford,Republican,1975-03-17,1975-04-24,1975-04-25,,,1978-12-26,Death,day,false,2635,,,,,,fjc_bulk,
Robert J. O'Conor Jr.,txsd,district,Gerald Ford,Republican,1975-03-17,1975-04-24,1975-04-25,,,1984-09-30,Resignation,day,false,1797,,,,,,fjc_bulk,
William Henry Stafford Jr.,flnd,district,Gerald Ford,Republican,1975-04-18,1975-05-12,1975-05-14,,1996-05-31,2025-07-14,Death,day,false,2264,,,,,,fjc_bulk,
Richard Dean Rogers,ksd,district,Gerald Ford,Republican,1975-07-15,1975-07-31,1975-08-05,,1989-01-01,2016-11-25,Death,day,false,2042,,,,,,fjc_bulk,
Terry Lee Shell,are,district,Gerald Ford,Republican,1975-07-25,1975-09-15,1975-09-16,,,1978-06-25,Death,day,false,2171,,,,,,fjc_bulk,
Terry Lee Shell,arw,district,Gerald Ford,Republican,1975-07-25,1975-09-15,1975-09-16,,,1978-06-25,Death,day,false,2171,,,,,,fjc_bulk,
Clarence Addison Brimmer Jr.,wyd,district,Gerald Ford,Republican,1975-07-23,1975-09-15,1975-09-16,,2006-09-27,2014-10-23,Death,day,false,260,,,,,,fjc_bulk,
Ralph Gordon Thompson,okwd,district,Gerald Ford,Republican,1975-09-24,1975-10-09,1975-10-14,,1999-12-16,2007-08-06,Retirement,day,false,2378,,,,,,fjc_bulk,
Eugene Edward Siler Jr.,kyed,district,Gerald Ford,Republican,1975-09-19,1975-11-11,1975-11-13,,,1991-09-20,Appointment to Another Judicial Position,day,false,2190,,,,,,fjc_bulk,
Eugene Edward Siler Jr.,kywd,district,Gerald Ford,Republican,1975-09-19,1975-11-11,1975-11-13,,,1991-09-20,Appointment to Another Judicial Position,day,false,2190,,,,,,fjc_bulk,
Gerald Bard Tjoflat,ca5,circuit,Gerald Ford,Republican,1975-11-03,1975-11-20,1975-11-21,,,1981-10-01,Reassignment,day,false,2393,,,https://upload.wikimedia.org/wikipedia/commons/thumb/f/f0/Gerald_Tjoflat_%28cropped%29.jpg/330px-Gerald_Tjoflat_%28cropped%29.jpg?utm_source=commons.wikimedia.org&utm_campaign=imageinfo&utm_content=thumbnail,https://commons.wikimedia.org/wiki/File:Gerald_Tjoflat_(cropped).jpg,Public domain,fjc_bulk,
John Francis Grady,ilnd,district,Gerald Ford,Republican,1975-10-20,1975-11-20,1975-11-21,,1994-05-23,2019-12-02,Death,day,false,897,,,,,,fjc_bulk,
Charles Harold Haden II,wvnd,district,Gerald Ford,Republican,1975-10-01,1975-11-20,1975-11-21,,,1983-01-14,Reassignment,day,false,933,,,,,,fjc_bulk,
Charles Harold Haden II,wvsd,district,Gerald Ford,Republican,1975-10-01,1975-11-20,1975-11-21,,,2004-03-20,Death,day,false,933,,,,,,fjc_bulk,
Patrick Errol Higginbotham,txnd,district,Gerald Ford,Republican,1975-12-02,1975-12-12,1975-12-12,,,1982-08-03,Appointment to Another Judicial Position,day,false,1040,,,https://upload.wikimedia.org/wikipedia/commons/6/6b/Higginbotham_Patrick_E.jpg?utm_source=commons.wikimedia.org&utm_campaign=imageinfo&utm_content=thumbnail_unscaled,https://commons.wikimedia.org/wiki/File:Higginbotham_Patrick_E.jpg,Public domain,fjc_bulk,
John Paul Stevens,scotus,scotus,Gerald Ford,Republican,1975-11-28,1975-12-17,1975-12-17,,2010-06-30,2019-07-16,Death,day,false,2290,,,https://upload.wikimedia.org/wikipedia/commons/thumb/3/3b/John_Paul_Stevens%2C_SCOTUS_photo_portrait.jpg/330px-John_Paul_Stevens%2C_SCOTUS_photo_portrait.jpg,"https://commons.wikimedia.org/wiki/File:John_Paul_Stevens,_SCOTUS_photo_portrait.jpg",Public domain,fjc_bulk,
George Neves Leighton,ilnd,district,Gerald Ford,Republican,1975-12-19,1976-02-02,1976-02-04,,1986-02-27,1987-12-01,Retirement,day,false,1373,,,,,,fjc_bulk,
Charles Sherman Haight Jr.,nysd,district,Gerald Ford,Republican,1976-03-02,1976-03-26,1976-03-29,,1995-09-23,,,day,true,938,false,false,,,,fjc_bulk,
John Michael Manos,ohnd,district,Gerald Ford,Republican,1976-03-17,1976-03-26,1976-03-29,,1991-04-01,2006-07-06,Death,day,false,1472,,,,,,fjc_bulk,
Gerard Louis Goettel,nysd,district,Gerald Ford,Republican,1976-03-02,1976-03-26,1976-03-30,,1993-08-05,2011-12-19,Death,day,false,873,,,,,,fjc_bulk,
Harlington Wood Jr.,ca7,circuit,Gerald Ford,Republican,1976-04-14,1976-05-06,1976-05-07,,1992-01-15,2008-12-29,Death,day,false,2637,,,,,,fjc_bulk,
Robert Mitsuhiro Takasugi,cacd,district,Gerald Ford,Republican,1976-04-14,1976-05-06,1976-05-07,,1996-09-30,2009-08-04,Death,day,false,2333,,,,,,fjc_bulk,
Phil McClellan McNagny Jr.,innd,district,Gerald Ford,Republican,1975-06-24,1976-05-06,1976-05-07,,,1981-03-28,Death,day,false,1588,,,,,,fjc_bulk,
Charles Schwartz Jr.,laed,district,Gerald Ford,Republican,1976-03-23,1976-05-06,1976-05-07,,1991-02-28,2012-11-03,Death,day,false,2121,,,,,,fjc_bulk,
Morey Leonard Sear,laed,district,Gerald Ford,Republican,1976-03-30,1976-05-06,1976-05-07,,2000-10-31,2004-09-06,Death,day,false,2136,,,,,,fjc_bulk,
George Cheney Pratt,nyed,district,Gerald Ford,Republican,1976-04-13,1976-05-06,1976-05-07,,,1982-06-29,Appointment to Another Judicial Position,day,false,1929,,,,,,fjc_bulk,
Ross N. Sterling,txsd,district,Gerald Ford,Republican,1976-04-13,1976-05-06,1976-05-07,,,1988-01-14,Death,day,false,2288,,,,,,fjc_bulk,
Laughlin Edward Waters Sr.,cacd,district,Gerald Ford,Republican,1976-04-26,1976-05-11,1976-05-12,,1986-07-06,2002-06-03,Death,day,false,2514,,,,,,fjc_bulk,
Ralph B. Guy Jr.,mied,district,Gerald Ford,Republican,1976-04-26,1976-05-11,1976-05-12,,,1985-10-17,Appointment to Another Judicial Position,day,false,931,,,,,,fjc_bulk,
James Clinkscales Hill,ca5,circuit,Gerald Ford,Republican,1976-05-04,1976-05-19,1976-05-21,,,1981-10-01,Reassignment,day,false,1045,,,,,,fjc_bulk,
Maurice Blanchard Cohill Jr.,pawd,district,Gerald Ford,Republican,1976-05-04,1976-05-18,1976-05-21,,1994-11-28,2022-01-01,Death,day,false,470,,,,,,fjc_bulk,
Mary Anne Richey,azd,district,Gerald Ford,Republican,1976-06-02,1976-06-16,1976-06-16,,,1983-11-25,Death,day,false,2005,,,,,,fjc_bulk,
John Powers Crowley,ilnd,district,Gerald Ford,Republican,1976-05-18,1976-06-16,1976-06-16,,,1981-06-30,Resignation,day,false,539,,,,,,fjc_bulk,
J. Blaine Anderson,ca9,circuit,Gerald Ford,Republican,1976-06-18,1976-07-02,1976-07-02,,,1988-04-16,Death,day,false,46,,,,,,fjc_bulk,
James Waldo Ackerman,ilsd,district,Gerald Ford,Republican,1976-06-18,1976-07-02,1976-07-02,,,1979-03-31,Reassignment,day,false,5,,,,,,fjc_bulk,
Cecil F. Poole,cand,district,Gerald Ford,Republican,1976-06-18,1976-07-23,1976-07-23,,,1980-03-31,Appointment to Another Judicial Position,day,false,1909,,,,,,fjc_bulk,
William Austin Ingram,cand,district,Gerald Ford,Republican,1976-06-02,1976-07-23,1976-07-23,,1990-11-15,2002-05-26,Death,day,false,1147,,,,,,fjc_bulk,
William W Schwarzer,cand,district,Gerald Ford,Republican,1976-06-02,1976-07-23,1976-07-23,,1991-04-30,2017-01-28,Death,day,false,2125,,,,,,fjc_bulk,
Marion Jones Callister,idd,district,Gerald Ford,Republican,1976-07-19,1976-08-26,1976-09-01,,1989-06-06,1997-06-24,Death,day,false,357,,,,,,fjc_bulk,
Kenneth Keller Hall,ca4,circuit,Gerald Ford,Republican,1976-08-26,1976-09-01,1976-09-03,,1998-02-24,1999-07-08,Death,day,false,946,,,,,,fjc_bulk,
John Thomas Copenhaver Jr.,wvsd,district,Gerald Ford,Republican,1976-08-26,1976-09-01,1976-09-03,,2018-11-01,2026-05-12,Death,day,false,508,,,,,,fjc_bulk,
Glen Morgan Williams,vawd,district,Gerald Ford,Republican,1976-09-08,1976-09-17,1976-09-17,,1988-11-21,2012-11-04,Death,day,false,2595,,,,,,fjc_bulk,
Peter Thorp Fay,ca5,circuit,Gerald Ford,Republican,1976-06-11,1976-09-17,1976-09-21,,,1981-10-01,Reassignment,day,false,739,,,,,,fjc_bulk,
Sidney Myer Aronovitz,flsd,district,Gerald Ford,Republican,1976-08-04,1976-09-17,1976-09-21,,1988-10-31,1997-01-08,Death,day,false,64,,,,,,fjc_bulk,
W. Eugene Davis,lawd,district,Gerald Ford,Republican,1976-08-05,1976-09-17,1976-09-21,,,1983-12-09,Appointment to Another Judicial Position,day,false,581,,,,,,fjc_bulk,
Howard G. Munson,nynd,district,Gerald Ford,Republican,1976-08-26,1976-09-23,1976-10-04,,1990-11-05,2008-10-05,Death,day,false,1717,,,,,,fjc_bulk,
Vincent Lyons Broderick,nysd,district,Gerald Ford,Republican,1976-08-26,1976-09-23,1976-10-04,,1988-12-01,1995-03-03,Death,day,false,270,,,,,,fjc_bulk,
Howell Webster Melton Sr.,flmd,district,Jimmy Carter,Democratic,1977-03-29,1977-04-25,1977-04-26,,1991-02-01,2015-12-18,Death,day,false,1617,,,,,,fjc_bulk,
William Marcellin Hoeveler,flsd,district,Jimmy Carter,Democratic,1977-04-05,1977-04-25,1977-04-26,,1991-01-31,2017-11-18,Death,day,false,1063,,,,,,fjc_bulk,
Finis E. Cowan,txsd,district,Jimmy Carter,Democratic,1977-05-19,1977-06-13,1977-06-14,,,1979-06-30,Resignation,day,false,519,,,,,,fjc_bulk,
Francis Joseph Boyle,rid,district,Jimmy Carter,Democratic,1977-05-02,1977-06-30,1977-07-01,,1992-12-01,2006-09-11,Death,day,false,229,,,,,,fjc_bulk,
Russell Gentry Clark,mowd,district,Jimmy Carter,Democratic,1977-06-13,1977-07-01,1977-07-05,,1991-08-01,2000-07-31,Retirement,day,false,442,,,,,,fjc_bulk,
Edward Louis Filippine,moed,district,Jimmy Carter,Democratic,1977-06-22,1977-07-21,1977-07-22,,1995-06-11,,,day,true,752,false,false,,,,fjc_bulk,
Harold Loyd Murphy,gand,district,Jimmy Carter,Democratic,1977-07-07,1977-07-28,1977-07-29,,2017-03-31,2022-12-28,Death,day,false,1723,,,,,,fjc_bulk,
T. F. Gilroy Daly,ctd,district,Jimmy Carter,Democratic,1977-06-29,1977-08-05,1977-08-05,,,1996-07-11,Death,day,false,555,,,,,,fjc_bulk,
Earl Ernest Veron,lawd,district,Jimmy Carter,Democratic,1977-07-19,1977-08-04,1977-08-05,,1990-02-13,1990-08-28,Death,day,false,2459,,,,,,fjc_bulk,
Procter Ralph Hug Jr.,ca9,circuit,Jimmy Carter,Democratic,1977-08-29,1977-09-15,1977-09-15,,2002-01-01,2017-11-30,Retirement,day,false,1112,,,,,,fjc_bulk,
Alvin Benjamin Rubin,ca5,circuit,Jimmy Carter,Democratic,1977-08-16,1977-09-16,1977-09-19,,1989-07-01,1991-06-11,Death,day,false,2068,,,,,,fjc_bulk,
Harry Hunter MacLaughlin,mnd,district,Jimmy Carter,Democratic,1977-08-04,1977-09-16,1977-09-19,,1992-10-01,2005-05-03,Death,day,false,1456,,,,,,fjc_bulk,
Hugh Henry Bownes,ca1,circuit,Jimmy Carter,Democratic,1977-09-19,1977-10-07,1977-10-11,,1990-01-01,2003-11-05,Death,day,false,224,,,,,,fjc_bulk,
Aloyisus Leon Higginbotham Jr.,ca3,circuit,Jimmy Carter,Democratic,1977-09-19,1977-10-07,1977-10-11,,1991-01-31,1993-03-05,Retirement,day,false,1039,,,,,,fjc_bulk,
Louis Falk Oberdorfer,dcd,district,Jimmy Carter,Democratic,1977-09-16,1977-10-07,1977-10-11,,1992-07-31,2013-02-21,Death,day,false,1808,,,,,,fjc_bulk,
Nicholas John Bua,ilnd,district,Jimmy Carter,Democratic,1977-07-19,1977-10-07,1977-10-11,,,1991-11-04,Retirement,day,false,306,,,,,,fjc_bulk,
Stanley Julian Roszkowski,ilnd,district,Jimmy Carter,Democratic,1977-07-19,1977-10-07,1977-10-11,,1991-01-09,1998-01-31,Retirement,day,false,2062,,,,,,fjc_bulk,
Edward Huggins Johnstone,kywd,district,Jimmy Carter,Democratic,1977-08-25,1977-10-07,1977-10-11,,1993-10-22,2013-06-26,Death,day,false,1189,,,,,,fjc_bulk,
Thomas Tang,ca9,circuit,Jimmy Carter,Democratic,1977-08-29,1977-10-07,1977-10-12,,1993-10-12,1995-07-18,Death,day,false,2337,,,,,,fjc_bulk,
Thomas Austin Ballantine Jr.,kywd,district,Jimmy Carter,Democratic,1977-09-27,1977-10-12,1977-10-12,,1991-11-29,1992-02-18,Death,day,false,87,,,,,,fjc_bulk,
Charles Proctor Sifton,nyed,district,Jimmy Carter,Democratic,1977-08-16,1977-10-12,1977-10-12,,2000-03-18,2009-11-09,Death,day,false,2188,,,,,,fjc_bulk,
Damon Jerome Keith,ca6,circuit,Jimmy Carter,Democratic,1977-09-28,1977-10-20,1977-10-21,,1995-05-01,2019-04-28,Death,day,false,1244,,,,,,fjc_bulk,
Eugene Hoffman Nickerson,nyed,district,Jimmy Carter,Democratic,1977-08-16,1977-10-20,1977-10-21,,1994-01-01,2002-01-01,Death,day,false,1760,,,,,,fjc_bulk,
Gilbert Stroud Merritt Jr.,ca6,circuit,Jimmy Carter,Democratic,1977-08-25,1977-10-29,1977-10-31,,2001-01-17,2022-01-17,Death,day,false,1626,,,,,,fjc_bulk,
Pierre Nelson Leval,nysd,district,Jimmy Carter,Democratic,1977-10-17,1977-10-29,1977-10-31,,,1993-11-08,Appointment to Another Judicial Position,day,false,1384,,,,,,fjc_bulk,
Elsijane Trimble Roy,are,district,Jimmy Carter,Democratic,1977-10-21,1977-11-01,1977-11-02,,1989-01-01,2007-01-23,Death,day,false,2067,,,,,,fjc_bulk,
Elsijane Trimble Roy,arw,district,Jimmy Carter,Democratic,1977-10-21,1977-11-01,1977-11-02,,1989-01-01,1990-12-01,Reassignment,day,false,2067,,,,,,fjc_bulk,
Monroe G. McKay,ca10,circuit,Jimmy Carter,Democratic,1977-11-02,1977-11-29,1977-12-01,,1993-12-31,2020-03-28,Death,day,false,1561,,,,,,fjc_bulk,
Robert Smith Vance,ca5,circuit,Jimmy Carter,Democratic,1977-11-04,1977-12-15,1977-12-15,,,1981-10-01,Reassignment,day,false,2452,,,,,,fjc_bulk,
James Kenneth Logan,ca10,circuit,Jimmy Carter,Democratic,1977-11-04,1977-12-15,1977-12-16,,1994-08-31,1998-07-15,Retirement,day,false,1412,,,,,,fjc_bulk,
John L. Kane Jr.,cod,district,Jimmy Carter,Democratic,1977-11-02,1977-12-15,1977-12-16,,1988-04-08,,,day,true,1224,false,false,https://upload.wikimedia.org/wikipedia/commons/thumb/1/13/John_L._Kane_%28cropped%29.jpg/330px-John_L._Kane_%28cropped%29.jpg?utm_source=commons.wikimedia.org&utm_campaign=imageinfo&utm_content=thumbnail,https://commons.wikimedia.org/wiki/File:John_L._Kane_(cropped).jpg,Public domain,fjc_bulk,
George Carter Carr,flmd,district,Jimmy Carter,Democratic,1977-11-21,1977-12-15,1977-12-16,,,1990-01-26,Death,day,false,382,,,,,,fjc_bulk,
A. David Mazzone,mad,district,Jimmy Carter,Democratic,1978-01-26,1978-02-07,1978-02-10,,1993-06-03,2004-10-25,Death,day,false,1512,,,,,,fjc_bulk,
Paul Allen Simmons,pawd,district,Jimmy Carter,Democratic,1978-01-26,1978-04-06,1978-04-07,,1990-06-01,2014-10-09,Death,day,false,2192,,,,,,fjc_bulk,
Robert Workman Sweet,nysd,district,Jimmy Carter,Democratic,1978-02-17,1978-04-25,1978-04-28,,1991-03-01,2019-03-24,Death,day,false,2324,,,,,,fjc_bulk,
Donald Emil Ziegler,pawd,district,Jimmy Carter,Democratic,1978-03-22,1978-05-01,1978-05-02,,2001-10-01,2003-05-31,Retirement,day,false,2685,,,,,,fjc_bulk,
Gustave Diamond,pawd,district,Jimmy Carter,Democratic,1978-03-22,1978-05-01,1978-05-02,,1994-01-31,2021-10-30,Death,day,false,610,,,,,,fjc_bulk,
Ellen Bree Burns,ctd,district,Jimmy Carter,Democratic,1978-02-15,1978-05-17,1978-05-18,,1992-09-01,2019-06-03,Death,day,false,323,,,,,,fjc_bulk,
Harold H. Greene,dcd,district,Jimmy Carter,Democratic,1978-03-22,1978-05-17,1978-05-19,,1995-08-06,2000-01-29,Death,day,false,913,,,,,,fjc_bulk,
Robert Frederick Collins,laed,district,Jimmy Carter,Democratic,1978-01-26,1978-05-17,1978-05-19,,,1993-08-06,Resignation,day,false,481,,,,,,fjc_bulk,
Leonard Burke Sand,nysd,district,Jimmy Carter,Democratic,1978-04-07,1978-05-17,1978-05-19,,1993-07-01,2016-12-03,Death,day,false,2095,,,,,,fjc_bulk,
Jack Edward Tanner,waed,district,Jimmy Carter,Democratic,1978-01-20,1978-05-17,1978-05-19,,,1978-11-08,Reassignment,day,false,2338,,,,,,fjc_bulk,
Jack Edward Tanner,wawd,district,Jimmy Carter,Democratic,1978-01-20,1978-05-17,1978-05-19,,1991-01-28,2006-01-10,Death,day,false,2338,,,,,,fjc_bulk,
Adrian Guy Duplantier,laed,district,Jimmy Carter,Democratic,1978-04-24,1978-05-26,1978-05-31,,1994-03-06,2007-08-15,Death,day,false,666,,,,,,fjc_bulk,
Shane Devine,nhd,district,Jimmy Carter,Democratic,1978-05-17,1978-06-23,1978-06-27,,1992-09-08,1999-02-22,Death,day,false,607,,,,,,fjc_bulk,
Mary Johnson Lowe,nysd,district,Jimmy Carter,Democratic,1978-05-10,1978-06-23,1978-06-27,,1991-07-27,1999-02-27,Death,day,false,1427,,,,,,fjc_bulk,
Santiago E. Campos,nmd,district,Jimmy Carter,Democratic,1978-06-02,1978-07-10,1978-07-12,,1992-12-26,2001-01-20,Death,day,false,369,,,,,,fjc_bulk,
Louis Heilprin Pollak,paed,district,Jimmy Carter,Democratic,1978-06-07,1978-07-10,1978-07-12,,1991-01-01,2012-05-08,Death,day,false,1904,,,,,,fjc_bulk,
Jose Alejandro Gonzalez Jr.,flsd,district,Jimmy Carter,Democratic,1978-07-06,1978-07-26,1978-07-28,,1996-11-30,,,day,true,880,false,false,,,,fjc_bulk,
James Dickson Phillips Jr.,ca4,circuit,Jimmy Carter,Democratic,1978-07-20,1978-08-11,1978-08-11,,1994-07-31,2017-08-27,Death,day,false,1879,,,,,,fjc_bulk,
Harry E. Claiborne,nvd,district,Jimmy Carter,Democratic,1978-07-25,1978-08-11,1978-08-11,,,1986-10-09,Impeachment & Conviction,day,false,433,,,,,,fjc_bulk,
Norma Levy Shapiro,paed,district,Jimmy Carter,Democratic,1978-08-01,1978-08-11,1978-08-11,,1998-12-31,2016-07-22,Death,day,false,2159,,,,,,fjc_bulk,
Thomas Anderton Wiseman Jr.,tnmd,district,Jimmy Carter,Democratic,1978-08-01,1978-08-11,1978-08-11,,1995-11-03,2020-03-18,Death,day,false,2624,,,,,,fjc_bulk,
Richard Sheppard Arnold,are,district,Jimmy Carter,Democratic,1978-08-14,1978-09-20,1978-09-22,,,1980-03-07,Appointment to Another Judicial Position,day,false,61,,,,,,fjc_bulk,
Richard Sheppard Arnold,arw,district,Jimmy Carter,Democratic,1978-08-14,1978-09-20,1978-09-22,,,1980-03-07,Appointment to Another Judicial Position,day,false,61,,,,,,fjc_bulk,
Bruce Sterling Jenkins,utd,district,Jimmy Carter,Democratic,1978-08-28,1978-09-20,1978-09-22,,1994-09-30,2023-11-07,Death,day,false,1169,,,,,,fjc_bulk,
Theodore McMillian,ca8,circuit,Jimmy Carter,Democratic,1978-08-03,1978-09-22,1978-09-23,,2003-07-01,2006-01-18,Death,day,false,1587,,,,,,fjc_bulk,
Mariana R. Pfaelzer,cacd,district,Jimmy Carter,Democratic,1978-08-08,1978-09-22,1978-09-23,,1997-12-31,2015-05-14,Death,day,false,1876,,,,,,fjc_bulk,
Julian Abele Cook Jr.,mied,district,Jimmy Carter,Democratic,1978-07-25,1978-09-22,1978-09-23,,1996-12-30,2017-05-16,Death,day,false,503,,,,,,fjc_bulk,
Patricia Jean Ehrhardt Pernick Boyle,mied,district,Jimmy Carter,Democratic,1978-07-25,1978-09-22,1978-09-23,,,1983-04-20,Resignation,day,false,231,,,,,,fjc_bulk,
Donald Eugene O'Brien,iand,district,Jimmy Carter,Democratic,1978-09-27,1978-10-04,1978-10-05,,1992-12-30,2015-08-18,Death,day,false,1791,,,,,,fjc_bulk,
Donald Eugene O'Brien,iasd,district,Jimmy Carter,Democratic,1978-09-27,1978-10-04,1978-10-05,,,1990-12-01,Reassignment,day,false,1791,,,,,,fjc_bulk,
Berry Avant Edenfield,gasd,district,Jimmy Carter,Democratic,1978-09-27,1978-10-10,1978-10-11,,2006-08-02,2015-05-09,Death,day,false,684,,,,,,fjc_bulk,
Phyllis A. Kravitch,ca5,circuit,Jimmy Carter,Democratic,1979-01-19,1979-03-21,1979-03-23,,,1981-10-01,Reassignment,day,false,1317,,,,,,fjc_bulk,
John Garrett Penn,dcd,district,Jimmy Carter,Democratic,1979-01-19,1979-03-21,1979-03-23,,1998-03-31,2007-09-09,Death,day,false,1865,,,,,,fjc_bulk,
David Sutherland Nelson,mad,district,Jimmy Carter,Democratic,1979-01-25,1979-03-21,1979-03-23,,1991-09-27,1998-10-21,Death,day,false,1741,,,,,,fjc_bulk,
John Joseph McNaught,mad,district,Jimmy Carter,Democratic,1979-01-25,1979-03-21,1979-03-23,,,1991-02-01,Retirement,day,false,1594,,,,,,fjc_bulk,
Robert Ernest Keeton,mad,district,Jimmy Carter,Democratic,1979-01-25,1979-03-21,1979-03-23,,2003-02-28,2006-09-08,Retirement,day,false,1242,,,,,,fjc_bulk,
Rya Weickert Zobel,mad,district,Jimmy Carter,Democratic,1979-01-25,1979-03-21,1979-03-23,,2014-04-01,2026-07-04,Death,day,false,2690,,,,,,fjc_bulk,
Abraham David Sofaer,nysd,district,Jimmy Carter,Democratic,1979-01-19,1979-03-21,1979-03-23,,,1985-06-09,Resignation,day,false,2238,,,,,,fjc_bulk,
Harold Albert Baker,ilcd,district,None (reassignment),None (reassignment),,,1979-03-31,,1994-10-04,2022-01-02,Retirement,day,false,79,,,,,,fjc_bulk,
Henry Seiler Wise,ilcd,district,None (reassignment),None (reassignment),,,1979-03-31,,,1982-03-16,Death,day,false,2623,,,,,,fjc_bulk,
James Waldo Ackerman,ilcd,district,None (reassignment),None (reassignment),,,1979-03-31,,,1984-11-23,Death,day,false,5,,,,,,fjc_bulk,
Robert Dale Morgan,ilcd,district,None (reassignment),None (reassignment),,,1979-03-31,,1982-05-28,2002-05-29,Death,day,false,1688,,,,,,fjc_bulk,
James L. Foreman,ilsd,district,None (reassignment),None (reassignment),,,1979-03-31,,1992-06-01,2012-06-03,Death,day,false,779,,,,,,fjc_bulk,
William George Juergens,ilsd,district,None (reassignment),None (reassignment),,,1979-03-31,,,1988-12-07,Death,day,false,1215,,,,,,fjc_bulk,
Martin Francis Loughlin,nhd,district,Jimmy Carter,Democratic,1979-02-09,1979-04-24,1979-04-26,,1989-05-15,1995-12-04,Retirement,day,false,1422,,,,,,fjc_bulk,
Robert Manley Parker,txed,district,Jimmy Carter,Democratic,1979-02-06,1979-04-24,1979-04-26,,,1994-06-17,Appointment to Another Judicial Position,day,false,1840,,,,,,fjc_bulk,
David Owen Belew Jr.,txnd,district,Jimmy Carter,Democratic,1979-02-09,1979-04-24,1979-04-26,,1990-05-07,2001-11-21,Death,day,false,144,,,,,,fjc_bulk,
Harold Barefoot Sanders Jr.,txnd,district,Jimmy Carter,Democratic,1979-02-06,1979-04-24,1979-04-26,,1996-01-01,2008-09-21,Death,day,false,2096,,,,,,fjc_bulk,
Mary Lou Robinson,txnd,district,Jimmy Carter,Democratic,1979-02-23,1979-04-24,1979-04-26,,2016-02-11,2019-01-26,Death,day,false,2029,,,,,,fjc_bulk,
Paul Gerhart Hatfield,mtd,district,Jimmy Carter,Democratic,1979-03-15,1979-05-09,1979-05-10,,1996-02-09,2000-07-03,Death,day,false,1000,,,,,,fjc_bulk,
William Ray Overton,are,district,Jimmy Carter,Democratic,1979-03-07,1979-05-10,1979-05-11,,,1987-07-14,Death,day,false,1819,,,,,,fjc_bulk,
Joyce Hens Green,dcd,district,Jimmy Carter,Democratic,1979-03-06,1979-05-10,1979-05-11,,1995-07-01,2024-10-10,Death,day,false,909,,,,,,fjc_bulk,
Harold Duane Vietor,iasd,district,Jimmy Carter,Democratic,1979-03-15,1979-05-10,1979-05-11,,1996-12-29,2016-07-23,Death,day,false,2460,,,,,,fjc_bulk,
Donald James Porter,sdd,district,Jimmy Carter,Democratic,1979-03-15,1979-05-10,1979-05-11,,1992-03-16,2003-02-17,Death,day,false,1919,,,,,,fjc_bulk,
Gabrielle Anne Kirk McDonald,txsd,district,Jimmy Carter,Democratic,1979-02-27,1979-05-10,1979-05-11,,,1988-08-14,Resignation,day,false,1544,,,,,,fjc_bulk,
George Edward Cire,txsd,district,Jimmy Carter,Democratic,1979-02-13,1979-05-10,1979-05-11,,,1985-05-05,Death,day,false,432,,,,,,fjc_bulk,
George P. Kazen,txsd,district,Jimmy Carter,Democratic,1979-03-07,1979-05-10,1979-05-11,,2009-05-31,2018-03-09,Retirement,day,false,1234,,,,,,fjc_bulk,
James DeAnda,txsd,district,Jimmy Carter,Democratic,1979-02-13,1979-05-10,1979-05-11,,,1992-10-01,Retirement,day,false,592,,,,,,fjc_bulk,
Norman William Black,txsd,district,Jimmy Carter,Democratic,1979-02-23,1979-05-10,1979-05-11,,1996-12-06,1997-07-23,Death,day,false,183,,,,,,fjc_bulk,
Valdemar Aguirre Cordova,azd,district,Jimmy Carter,Democratic,1979-04-30,1979-06-19,1979-06-21,,,1988-06-18,Death,day,false,511,,,,,,fjc_bulk,
Amalya Lyle Kearse,ca2,circuit,Jimmy Carter,Democratic,1979-05-03,1979-06-19,1979-06-21,,2002-06-11,,,day,true,1236,false,false,,,,fjc_bulk,
Jon Ormond Newman,ca2,circuit,Jimmy Carter,Democratic,1979-04-30,1979-06-19,1979-06-21,,1997-07-01,,,day,true,1755,false,false,https://upload.wikimedia.org/wikipedia/commons/b/bc/Jon_O._Newman.jpg?utm_source=commons.wikimedia.org&utm_campaign=imageinfo&utm_content=thumbnail_unscaled,https://commons.wikimedia.org/wiki/File:Jon_O._Newman.jpg,Public domain,fjc_bulk,
Dolores Korman Sloviter,ca3,circuit,Jimmy Carter,Democratic,1979-04-04,1979-06-19,1979-06-21,,2013-06-21,2022-10-12,Death,day,false,2208,,,,,,fjc_bulk,
Frank Minis Johnson Jr.,ca5,circuit,Jimmy Carter,Democratic,1979-04-02,1979-06-19,1979-06-21,,,1981-10-01,Reassignment,day,false,1180,,,,,,fjc_bulk,
Francis Dominic Murnaghan Jr.,ca4,circuit,Jimmy Carter,Democratic,1979-05-08,1979-07-12,1979-07-13,,,2000-08-31,Death,day,false,1718,,,,,,fjc_bulk,
Albert John Henderson,ca5,circuit,Jimmy Carter,Democratic,1979-04-18,1979-07-12,1979-07-13,,,1981-10-01,Reassignment,day,false,1021,,,,,,fjc_bulk,
Carolyn Dineen King,ca5,circuit,Jimmy Carter,Democratic,1979-04-30,1979-07-12,1979-07-13,,2013-12-31,,,day,true,1963,false,false,https://upload.wikimedia.org/wikipedia/commons/2/26/Judge_Carolyn_Dineen_King.jpg?utm_source=commons.wikimedia.org&utm_campaign=imageinfo&utm_content=thumbnail_unscaled,https://commons.wikimedia.org/wiki/File:Judge_Carolyn_Dineen_King.jpg,Public domain,fjc_bulk,
Henry Anthony Politz,ca5,circuit,Jimmy Carter,Democratic,1979-05-03,1979-07-12,1979-07-13,,1999-08-10,2002-05-25,Death,day,false,1902,,,,,,fjc_bulk,
Joseph Woodrow Hatchett,ca5,circuit,Jimmy Carter,Democratic,1979-05-17,1979-07-12,1979-07-13,,,1981-10-01,Reassignment,day,false,999,,,,,,fjc_bulk,
R[obert] Lanier Anderson III,ca5,circuit,Jimmy Carter,Democratic,1979-04-18,1979-07-12,1979-07-13,,,1981-10-01,Reassignment,day,false,48,,,https://upload.wikimedia.org/wikipedia/commons/thumb/9/97/R_Lanier_Anderson_III.jpg/330px-R_Lanier_Anderson_III.jpg?utm_source=commons.wikimedia.org&utm_campaign=imageinfo&utm_content=thumbnail,https://commons.wikimedia.org/wiki/File:R_Lanier_Anderson_III.jpg,Public domain,fjc_bulk,
Reynaldo Guerra Garza,ca5,circuit,Jimmy Carter,Democratic,1979-04-30,1979-07-12,1979-07-13,,1982-07-07,2004-09-14,Death,day,false,827,,,,,,fjc_bulk,
Thomas Morrow Reavley,ca5,circuit,Jimmy Carter,Democratic,1979-05-17,1979-07-12,1979-07-13,,1990-08-01,2020-12-01,Death,day,false,1975,,,,,,fjc_bulk,
Lawrence K. Karlton,caed,district,Jimmy Carter,Democratic,1979-06-05,1979-07-23,1979-07-24,,2000-05-28,2015-07-11,Death,day,false,1227,,,,,,fjc_bulk,
Warren William Eginton,ctd,district,Jimmy Carter,Democratic,1979-06-05,1979-07-23,1979-07-24,,1992-08-01,2019-10-07,Death,day,false,695,,,,,,fjc_bulk,
Susan Harrell Black,flmd,district,Jimmy Carter,Democratic,1979-05-22,1979-07-23,1979-07-24,,,1992-09-03,Appointment to Another Judicial Position,day,false,184,,,https://upload.wikimedia.org/wikipedia/commons/thumb/0/08/Susan_H_Black.jpg/330px-Susan_H_Black.jpg?utm_source=commons.wikimedia.org&utm_campaign=imageinfo&utm_content=thumbnail,https://commons.wikimedia.org/wiki/File:Susan_H_Black.jpg,Public domain,fjc_bulk,
William John Castagna,flmd,district,Jimmy Carter,Democratic,1979-06-05,1979-07-23,1979-07-24,,1992-06-29,2020-12-18,Death,day,false,397,,,,,,fjc_bulk,
George Ernest Tidwell,gand,district,Jimmy Carter,Democratic,1979-06-05,1979-07-23,1979-07-24,,1999-10-08,2011-08-04,Death,day,false,2386,,,,,,fjc_bulk,
Marvin Herman Shoob,gand,district,Jimmy Carter,Democratic,1979-06-05,1979-07-23,1979-07-24,,1991-09-30,2017-06-12,Death,day,false,2183,,,,,,fjc_bulk,
Orinda Dale Evans,gand,district,Jimmy Carter,Democratic,1979-06-05,1979-07-23,1979-07-24,,2008-12-31,,,day,true,723,false,false,,,,fjc_bulk,
Robert L. Vining Jr.,gand,district,Jimmy Carter,Democratic,1979-06-14,1979-07-23,1979-07-24,,1996-03-31,2022-09-01,Death,day,false,2461,,,,,,fjc_bulk,
James Byron Moran,ilnd,district,Jimmy Carter,Democratic,1979-05-22,1979-07-23,1979-07-24,,1995-06-30,2009-04-21,Death,day,false,1683,,,,,,fjc_bulk,
Marvin E. Aspen,ilnd,district,Jimmy Carter,Democratic,1979-04-30,1979-07-23,1979-07-24,,2002-07-01,,,day,true,67,false,false,https://upload.wikimedia.org/wikipedia/commons/thumb/7/7f/Marvin_E_Aspen.png/330px-Marvin_E_Aspen.png?utm_source=commons.wikimedia.org&utm_campaign=imageinfo&utm_content=thumbnail,https://commons.wikimedia.org/wiki/File:Marvin_E_Aspen.png,Public domain,fjc_bulk,
Richard Paul Conaboy,pamd,district,Jimmy Carter,Democratic,1979-05-29,1979-07-23,1979-07-24,,1992-09-01,2018-11-09,Death,day,false,486,,,,,,fjc_bulk,
Sylvia H. Rambo,pamd,district,Jimmy Carter,Democratic,1979-05-29,1979-07-23,1979-07-24,,2001-04-18,2024-08-30,Retirement,day,false,1958,,,,,,fjc_bulk,
Patricia McGowan Wald,cadc,circuit,Jimmy Carter,Democratic,1979-04-30,1979-07-24,1979-07-26,,,1999-11-16,Retirement,day,false,2475,,,,,,fjc_bulk,
James Marshall Sprouse,ca4,circuit,Jimmy Carter,Democratic,1979-07-05,1979-09-11,1979-09-13,,1992-10-31,1995-07-31,Retirement,day,false,2259,,,,,,fjc_bulk,
Robert Jackson Staker,wvsd,district,Jimmy Carter,Democratic,1979-06-14,1979-09-11,1979-09-13,,1994-12-31,2005-09-30,Retirement,day,false,2268,,,,,,fjc_bulk,
Matthew James Perry Jr.,scd,district,Jimmy Carter,Democratic,1979-07-05,1979-09-19,1979-09-20,,1995-10-01,2011-07-29,Death,day,false,1871,,,,,,fjc_bulk,
Richard Mansfield Bilby,azd,district,Jimmy Carter,Democratic,1979-06-05,1979-09-25,1979-09-26,,1996-05-29,1998-08-11,Death,day,false,171,,,,,,fjc_bulk,
Bailey Brown,ca6,circuit,Jimmy Carter,Democratic,1979-03-15,1979-09-25,1979-09-26,,1982-06-16,1997-12-31,Retirement,day,false,282,,,,,,fjc_bulk,
Boyce Ficklen Martin Jr.,ca6,circuit,Jimmy Carter,Democratic,1979-06-05,1979-09-25,1979-09-26,,,2013-08-16,Retirement,day,false,1491,,,,,,fjc_bulk,
Cornelia Groefsema Kennedy,ca6,circuit,Jimmy Carter,Democratic,1979-04-09,1979-09-25,1979-09-26,,1999-03-01,2014-05-12,Death,day,false,1257,,,,,,fjc_bulk,
Richard Dickson Cudahy,ca7,circuit,Jimmy Carter,Democratic,1979-05-22,1979-09-25,1979-09-26,,1994-08-15,2015-09-22,Death,day,false,540,,,,,,fjc_bulk,
Betty Binns Fletcher,ca9,circuit,Jimmy Carter,Democratic,1979-07-12,1979-09-26,1979-09-26,,1998-11-01,2012-10-22,Death,day,false,768,,,,,,fjc_bulk,
Mary Murphy Schroeder,ca9,circuit,Jimmy Carter,Democratic,1979-05-03,1979-09-25,1979-09-26,,2011-12-31,,,day,true,2119,false,false,https://upload.wikimedia.org/wikipedia/commons/thumb/2/28/Judge_Mary_M._Schroeder_01-cropped.jpg/330px-Judge_Mary_M._Schroeder_01-cropped.jpg?utm_source=commons.wikimedia.org&utm_campaign=imageinfo&utm_content=thumbnail,https://commons.wikimedia.org/wiki/File:Judge_Mary_M._Schroeder_01-cropped.jpg,CC BY-SA 3.0 — credit: Joe Mabel,fjc_bulk,
Otto Richard Skopil Jr.,ca9,circuit,Jimmy Carter,Democratic,1979-06-14,1979-09-25,1979-09-26,,1986-06-30,2012-10-18,Death,day,false,2204,,,,,,fjc_bulk,
Abner Joseph Mikva,cadc,circuit,Jimmy Carter,Democratic,1979-05-29,1979-09-25,1979-09-26,,,1994-09-19,Retirement,day,false,1638,,,,,,fjc_bulk,
James R. Carrigan,cod,district,Jimmy Carter,Democratic,1979-06-01,1979-09-25,1979-09-26,,1994-10-10,1995-08-19,Retirement,day,false,385,,,,,,fjc_bulk,
Zita Leeson Weinshienk,cod,district,Jimmy Carter,Democratic,1979-06-01,1979-09-25,1979-09-26,,1998-04-03,2011-03-31,Retirement,day,false,2538,,,,,,fjc_bulk,
George Arceneaux Jr.,laed,district,Jimmy Carter,Democratic,1979-06-12,1979-09-25,1979-09-26,,,1993-04-06,Death,day,false,56,,,,,,fjc_bulk,
Patrick Eugene Carr,laed,district,Jimmy Carter,Democratic,1979-06-14,1979-09-25,1979-09-26,,1991-10-01,1998-06-01,Death,day,false,384,,,,,,fjc_bulk,
Veronica DiCarlo Wicker,laed,district,Jimmy Carter,Democratic,1979-06-05,1979-09-25,1979-09-26,,,1994-12-10,Death,day,false,2573,,,,,,fjc_bulk,
John Victor Parker,lamd,district,Jimmy Carter,Democratic,1979-05-24,1979-09-25,1979-09-26,,1998-10-31,2014-07-14,Death,day,false,1839,,,,,,fjc_bulk,
John Malach Shaw,lawd,district,Jimmy Carter,Democratic,1979-06-05,1979-09-25,1979-09-26,,1996-11-15,1999-12-24,Death,day,false,2165,,,,,,fjc_bulk,
Avern Levin Cohn,mied,district,Jimmy Carter,Democratic,1979-05-17,1979-09-25,1979-09-26,,1999-10-09,2022-02-04,Death,day,false,471,,,,,,fjc_bulk,
Stewart Albert Newblatt,mied,district,Jimmy Carter,Democratic,1979-05-17,1979-09-25,1979-09-26,,1993-12-23,2022-12-27,Death,day,false,1753,,,,,,fjc_bulk,
Benjamin F. Gibson,miwd,district,Jimmy Carter,Democratic,1979-07-12,1979-09-25,1979-09-26,,1996-07-13,1999-01-31,Retirement,day,false,846,,,,,,fjc_bulk,
Douglas Woodruff Hillman,miwd,district,Jimmy Carter,Democratic,1979-07-12,1979-09-25,1979-09-26,,1991-02-15,2002-10-01,Retirement,day,false,1049,,,,,,fjc_bulk,
William Leonard Hungate,moed,district,Jimmy Carter,Democratic,1979-05-17,1979-09-25,1979-09-26,,1991-10-01,1992-06-30,Retirement,day,false,1124,,,,,,fjc_bulk,
Howard Frederic Sachs,mowd,district,Jimmy Carter,Democratic,1979-05-17,1979-09-25,1979-09-26,,1992-10-31,,,day,true,2087,false,false,https://upload.wikimedia.org/wikipedia/commons/4/4e/Howard_F._Sachs.jpeg?utm_source=commons.wikimedia.org&utm_campaign=imageinfo&utm_content=thumbnail_unscaled,https://commons.wikimedia.org/wiki/File:Howard_F._Sachs.jpeg,Public domain,fjc_bulk,
Scott Olin Wright,mowd,district,Jimmy Carter,Democratic,1979-05-24,1979-09-25,1979-09-26,,1991-10-05,2016-07-11,Death,day,false,2663,,,,,,fjc_bulk,
Edward Cornelius Reed Jr.,nvd,district,Jimmy Carter,Democratic,1979-04-12,1979-09-25,1979-09-26,,1992-07-15,2013-06-01,Death,day,false,1978,,,,,,fjc_bulk,
C[harles] Weston Houck,scd,district,Jimmy Carter,Democratic,1979-06-05,1979-09-25,1979-09-26,,2003-10-01,2017-07-19,Death,day,false,1097,,,,,,fjc_bulk,
Falcon Black Hawkins Jr.,scd,district,Jimmy Carter,Democratic,1979-06-05,1979-09-25,1979-09-26,,1993-10-01,2005-07-20,Death,day,false,1003,,,,,,fjc_bulk,
Joseph Jerome Farris,ca9,circuit,Jimmy Carter,Democratic,1979-07-12,1979-09-26,1979-09-27,,1995-03-04,2020-07-23,Death,day,false,737,,,,,,fjc_bulk,
Albert Tate Jr.,ca5,circuit,Jimmy Carter,Democratic,1979-07-31,1979-10-04,1979-10-05,,,1986-03-27,Death,day,false,2340,,,,,,fjc_bulk,
Samuel D. Johnson Jr.,ca5,circuit,Jimmy Carter,Democratic,1979-08-10,1979-10-04,1979-10-05,,1991-05-10,2002-07-27,Death,day,false,1184,,,,,,fjc_bulk,
Nathaniel Raphael Jones,ca6,circuit,Jimmy Carter,Democratic,1979-08-28,1979-10-04,1979-10-05,,1995-05-13,2002-03-30,Retirement,day,false,1200,,,,,,fjc_bulk,
Lynn Carlton Higby,flnd,district,Jimmy Carter,Democratic,1979-06-14,1979-10-04,1979-10-05,,,1983-01-03,Resignation,day,false,1038,,,,,,fjc_bulk,
Edward Bertrand Davis,flsd,district,Jimmy Carter,Democratic,1979-08-10,1979-10-04,1979-10-05,,,2000-06-30,Retirement,day,false,575,,,,,,fjc_bulk,
Eugene P. Spellman,flsd,district,Jimmy Carter,Democratic,1979-07-21,1979-10-04,1979-10-05,,,1991-05-04,Death,day,false,2252,,,,,,fjc_bulk,
James Carriger Paine,flsd,district,Jimmy Carter,Democratic,1979-07-12,1979-10-04,1979-10-05,,1992-05-20,2010-03-07,Death,day,false,1827,,,,,,fjc_bulk,
James W. Kehoe,flsd,district,Jimmy Carter,Democratic,1979-07-18,1979-10-04,1979-10-05,,1992-10-16,1998-12-13,Death,day,false,1243,,,,,,fjc_bulk,
William Louis Beatty,ilsd,district,Jimmy Carter,Democratic,1979-07-31,1979-10-04,1979-10-05,,1992-11-09,2001-07-22,Death,day,false,131,,,,,,fjc_bulk,
Gene Edward Brooks,insd,district,Jimmy Carter,Democratic,1979-07-27,1979-10-04,1979-10-05,,,1996-12-31,Retirement,day,false,274,,,,,,fjc_bulk,
Joseph Clemens Howard,mdd,district,Jimmy Carter,Democratic,1979-05-22,1979-10-04,1979-10-05,,1991-11-15,2000-09-16,Death,day,false,1103,,,,,,fjc_bulk,
Shirley Brannock Jones,mdd,district,Jimmy Carter,Democratic,1979-05-22,1979-10-04,1979-10-05,,,1982-12-31,Resignation,day,false,1204,,,,,,fjc_bulk,
George John Mitchell,med,district,Jimmy Carter,Democratic,1979-07-31,1979-10-04,1979-10-05,,,1980-05-16,Resignation,day,false,1660,,,,,,fjc_bulk,
Jerry Buchmeyer,txnd,district,Jimmy Carter,Democratic,1979-08-03,1979-10-04,1979-10-05,,2003-09-05,2009-09-21,Death,day,false,307,,,,,,fjc_bulk,
Hugh Gibson,txsd,district,Jimmy Carter,Democratic,1979-07-31,1979-10-04,1979-10-05,,1989-11-01,1998-06-18,Death,day,false,849,,,,,,fjc_bulk,
Stephanie Kulp Seymour,ca10,circuit,Jimmy Carter,Democratic,1979-08-28,1979-10-31,1979-11-02,,2005-10-16,,,day,true,2153,false,false,,,,fjc_bulk,
Thomas Alonzo Clark,ca5,circuit,Jimmy Carter,Democratic,1979-08-28,1979-10-31,1979-11-02,,,1981-10-01,Reassignment,day,false,443,,,,,,fjc_bulk,
Arthur Lawrence Alarcón,ca9,circuit,Jimmy Carter,Democratic,1979-08-28,1979-10-31,1979-11-02,,1992-11-21,2015-01-28,Death,day,false,19,,,,,,fjc_bulk,
Harry Pregerson,ca9,circuit,Jimmy Carter,Democratic,1979-08-28,1979-10-31,1979-11-02,,2015-12-11,2017-11-25,Death,day,false,1934,,,,,,fjc_bulk,
Alcee Lamar Hastings,flsd,district,Jimmy Carter,Democratic,1979-08-28,1979-10-31,1979-11-02,,,1989-10-20,Impeachment & Conviction,day,false,996,,,,,,fjc_bulk,
Robert Howell Hall,gand,district,Jimmy Carter,Democratic,1979-09-28,1979-10-31,1979-11-02,,1990-12-31,1995-10-14,Death,day,false,949,,,,,,fjc_bulk,
Dale Emerson Saffels,ksd,district,Jimmy Carter,Democratic,1979-09-28,1979-10-31,1979-11-02,,1990-11-16,2002-11-14,Death,day,false,2088,,,,,,fjc_bulk,
Scott Elgin Reed,kyed,district,Jimmy Carter,Democratic,1979-08-28,1979-10-31,1979-11-02,,1988-08-01,1994-02-17,Death,day,false,1983,,,,,,fjc_bulk,
Anna Katherine Johnston Diggs Taylor,mied,district,Jimmy Carter,Democratic,1979-05-17,1979-10-31,1979-11-02,,1998-12-31,2017-11-04,Death,day,false,2345,,,,,,fjc_bulk,
Anne Elise Thompson,njd,district,Jimmy Carter,Democratic,1979-09-28,1979-10-31,1979-11-02,,2001-06-01,,,day,true,2372,false,false,,,,fjc_bulk,
Dickinson Richards Debevoise,njd,district,Jimmy Carter,Democratic,1979-09-28,1979-10-31,1979-11-02,,1994-05-01,2015-08-14,Death,day,false,595,,,,,,fjc_bulk,
H. Lee Sarokin,njd,district,Jimmy Carter,Democratic,1979-09-28,1979-10-31,1979-11-02,,,1994-10-28,Appointment to Another Judicial Position,day,false,2101,,,,,,fjc_bulk,
Harold Arnold Ackerman,njd,district,Jimmy Carter,Democratic,1979-09-28,1979-10-31,1979-11-02,,1994-02-15,2009-12-02,Death,day,false,4,,,,,,fjc_bulk,
Juan Guerrero Burciaga,nmd,district,Jimmy Carter,Democratic,1979-07-19,1979-10-31,1979-11-02,,1994-11-09,1995-03-05,Death,day,false,318,,,,,,fjc_bulk,
Neal Peters McCurn,nynd,district,Jimmy Carter,Democratic,1979-09-28,1979-10-31,1979-11-02,,1993-04-06,2014-09-07,Death,day,false,1539,,,,,,fjc_bulk,
Frank Howell Seay,oked,district,Jimmy Carter,Democratic,1979-09-28,1979-10-31,1979-11-02,,2003-09-25,,,day,true,2137,false,false,https://upload.wikimedia.org/wikipedia/commons/9/99/Frank_Howell_Seay_Senior_District_Judge.jpg?utm_source=commons.wikimedia.org&utm_campaign=imageinfo&utm_content=thumbnail_unscaled,https://commons.wikimedia.org/wiki/File:Frank_Howell_Seay_Senior_District_Judge.jpg,Public domain,fjc_bulk,
James O. Ellison,oknd,district,Jimmy Carter,Democratic,1979-09-28,1979-10-31,1979-11-02,,1994-11-07,2014-11-22,Death,day,false,704,,,,,,fjc_bulk,
Thomas Rutherford Brett,oknd,district,Jimmy Carter,Democratic,1979-09-28,1979-10-31,1979-11-02,,1996-10-03,2003-02-01,Retirement,day,false,250,,,,,,fjc_bulk,
Lee Roy West,okwd,district,Jimmy Carter,Democratic,1979-09-28,1979-10-31,1979-11-02,,1994-11-26,2020-04-24,Death,day,false,2552,,,,,,fjc_bulk,
Alan Neil Bloch,pawd,district,Jimmy Carter,Democratic,1979-08-03,1979-10-31,1979-11-02,,1997-04-12,2024-10-06,Death,day,false,195,,,,,,fjc_bulk,
Terence Thomas Evans,wied,district,Jimmy Carter,Democratic,1979-07-21,1979-10-31,1979-11-02,,,1995-09-01,Appointment to Another Judicial Position,day,false,724,,,,,,fjc_bulk,
Barbara Brandriff Crabb,wiwd,district,Jimmy Carter,Democratic,1979-07-21,1979-10-31,1979-11-02,,2010-03-24,,,day,true,530,false,false,,,,fjc_bulk,
Cecil F. Poole,ca9,circuit,Jimmy Carter,Democratic,1979-10-11,1979-11-26,1979-11-27,,1996-01-15,1997-11-12,Death,day,false,1909,,,,,,fjc_bulk,
Warren John Ferguson,ca9,circuit,Jimmy Carter,Democratic,1979-09-28,1979-11-26,1979-11-27,,1986-07-31,2008-06-25,Death,day,false,745,,,,,,fjc_bulk,
Milton Lewis Schwartz,caed,district,Jimmy Carter,Democratic,1979-09-28,1979-11-26,1979-11-27,,1990-01-20,2005-10-03,Death,day,false,2123,,,,,,fjc_bulk,
Dudley Hollingsworth Bowen Jr.,gasd,district,Jimmy Carter,Democratic,1979-07-19,1979-11-26,1979-11-27,,2006-06-25,,,day,true,221,false,false,https://upload.wikimedia.org/wikipedia/commons/thumb/f/fe/Dudley_H_Bowen_Jr.png/330px-Dudley_H_Bowen_Jr.png?utm_source=commons.wikimedia.org&utm_campaign=imageinfo&utm_content=thumbnail,https://commons.wikimedia.org/wiki/File:Dudley_H_Bowen_Jr.png,Public domain,fjc_bulk,
William Odis Bertelsman,kyed,district,Jimmy Carter,Democratic,1979-10-11,1979-11-26,1979-11-27,,2001-02-01,,,day,true,162,false,false,https://upload.wikimedia.org/wikipedia/commons/thumb/5/59/William_O_Bertelsman.png/330px-William_O_Bertelsman.png?utm_source=commons.wikimedia.org&utm_campaign=imageinfo&utm_content=thumbnail,https://commons.wikimedia.org/wiki/File:William_O_Bertelsman.png,Public domain,fjc_bulk,
Peter Hill Beer,laed,district,Jimmy Carter,Democratic,1979-10-11,1979-11-26,1979-11-27,,1994-04-12,2018-02-09,Death,day,false,142,,,,,,fjc_bulk,
James Tyrone Giles,paed,district,Jimmy Carter,Democratic,1979-10-11,1979-11-26,1979-11-27,,2008-02-11,2008-10-03,Retirement,day,false,857,,,,,,fjc_bulk,
Harry Lee Hudspeth,txwd,district,Jimmy Carter,Democratic,1979-10-11,1979-11-26,1979-11-27,,2001-06-30,2016-01-31,Retirement,day,false,1109,,,,,,fjc_bulk,
Lucius Desha Bunton III,txwd,district,Jimmy Carter,Democratic,1979-10-11,1979-11-26,1979-11-27,,1992-12-01,2001-01-17,Death,day,false,317,,,,,,fjc_bulk,
Horace Taliaferro Ward,gand,district,Jimmy Carter,Democratic,1979-11-01,1979-12-05,1979-12-06,,1993-12-31,2016-04-23,Death,day,false,2499,,,,,,fjc_bulk,
Juan Manuel Pérez-Giménez,prd,district,Jimmy Carter,Democratic,1979-10-23,1979-12-05,1979-12-06,,2006-03-28,2020-12-10,Death,day,false,1868,,,,,,fjc_bulk,
David Keith Winder,utd,district,Jimmy Carter,Democratic,1979-11-01,1979-12-04,1979-12-06,,1997-06-08,2009-05-19,Death,day,false,2614,,,,,,fjc_bulk,
José Alberto Cabranes,ctd,district,Jimmy Carter,Democratic,1979-11-06,1979-12-05,1979-12-10,,,1994-08-12,Appointment to Another Judicial Position,day,false,344,,,https://upload.wikimedia.org/wikipedia/commons/e/eb/JoseACabranes.jpg?utm_source=commons.wikimedia.org&utm_campaign=imageinfo&utm_content=thumbnail_unscaled,https://commons.wikimedia.org/wiki/File:JoseACabranes.jpg,Public domain,fjc_bulk,
Robert James McNichols,waed,district,Jimmy Carter,Democratic,1979-11-06,1979-12-05,1979-12-10,,1991-04-20,1993-01-20,Death,day,false,1596,,,,,,fjc_bulk,
Dorothy Wright Nelson,ca9,circuit,Jimmy Carter,Democratic,1979-09-28,1979-12-19,1979-12-20,,1995-01-01,,,day,true,1742,false,false,https://upload.wikimedia.org/wikipedia/commons/thumb/e/eb/Dorothy_Wright_Nelson_%28cropped%29.jpg/330px-Dorothy_Wright_Nelson_%28cropped%29.jpg?utm_source=commons.wikimedia.org&utm_campaign=imageinfo&utm_content=thumbnail,https://commons.wikimedia.org/wiki/File:Dorothy_Wright_Nelson_(cropped).jpg,Public domain,fjc_bulk,
Terry J. Hatter Jr.,cacd,district,Jimmy Carter,Democratic,1979-09-28,1979-12-19,1979-12-20,,2005-04-22,,,day,true,1001,false,false,https://upload.wikimedia.org/wikipedia/commons/9/98/Terry_Hatter_District_Judge.jpg?utm_source=commons.wikimedia.org&utm_campaign=imageinfo&utm_content=thumbnail_unscaled,https://commons.wikimedia.org/wiki/File:Terry_Hatter_District_Judge.jpg,Public domain,fjc_bulk,
Edward Dean Price,caed,district,Jimmy Carter,Democratic,1979-11-01,1979-12-19,1979-12-20,,1989-12-31,1997-11-03,Death,day,false,1939,,,,,,fjc_bulk,
Richard Alan Enslen,miwd,district,Jimmy Carter,Democratic,1979-11-30,1979-12-20,1979-12-21,,2005-09-01,2015-02-17,Death,day,false,711,,,,,,fjc_bulk,
Lyonel Thomas Senter Jr.,msnd,district,Jimmy Carter,Democratic,1979-10-11,1979-12-20,1979-12-21,,1998-07-30,2011-05-18,Death,day,false,2143,,,,,,fjc_bulk,
William Matthew Kidd,wvsd,district,Jimmy Carter,Democratic,1979-11-30,1979-12-20,1979-12-21,,,1983-01-14,Reassignment,day,false,1274,,,,,,fjc_bulk,
Henry Woods,are,district,Jimmy Carter,Democratic,1979-12-14,1980-02-20,1980-02-20,,1995-03-01,2002-03-14,Death,day,false,2648,,,,,,fjc_bulk,
Richard Sheppard Arnold,ca8,circuit,Jimmy Carter,Democratic,1979-12-19,1980-02-20,1980-02-20,,2001-04-01,2004-09-23,Death,day,false,61,,,,,,fjc_bulk,
Harry Thomas Edwards,cadc,circuit,Jimmy Carter,Democratic,1979-12-06,1980-02-20,1980-02-20,,2005-11-03,,,day,true,692,false,false,https://upload.wikimedia.org/wikipedia/commons/thumb/3/31/Photo_of_Judge_Harry_T._Edwards.jpg/330px-Photo_of_Judge_Harry_T._Edwards.jpg?utm_source=commons.wikimedia.org&utm_campaign=imageinfo&utm_content=thumbnail,https://commons.wikimedia.org/wiki/File:Photo_of_Judge_Harry_T._Edwards.jpg,Public domain,fjc_bulk,
Diana E. Murphy,mnd,district,Jimmy Carter,Democratic,1979-11-30,1980-02-20,1980-02-20,,,1994-10-13,Appointment to Another Judicial Position,day,false,1720,,,,,,fjc_bulk,
Robert George Renner,mnd,district,Jimmy Carter,Democratic,1979-11-30,1980-02-20,1980-02-20,,1992-02-22,2005-03-01,Death,day,false,1994,,,,,,fjc_bulk,
Helen Jackson Frye,ord,district,Jimmy Carter,Democratic,1979-12-03,1980-02-20,1980-02-20,,1995-12-10,2011-04-21,Death,day,false,803,,,,,,fjc_bulk,
James Anthony Redden,ord,district,Jimmy Carter,Democratic,1979-12-03,1980-02-20,1980-02-20,,1995-03-13,2020-03-31,Death,day,false,1977,,,,,,fjc_bulk,
Owen Murphy Panner,ord,district,Jimmy Carter,Democratic,1979-12-03,1980-02-20,1980-02-20,,1992-07-28,2018-12-19,Death,day,false,1829,,,,,,fjc_bulk,
Gilberto Gierbolini-Ortiz,prd,district,Jimmy Carter,Democratic,1979-11-30,1980-02-20,1980-02-20,,1993-12-27,2004-03-23,Retirement,day,false,852,,,,,,fjc_bulk,
Barbara Jacobs Rothstein,wawd,district,Jimmy Carter,Democratic,1979-12-03,1980-02-20,1980-02-20,,2011-09-01,,,day,true,2065,false,false,https://upload.wikimedia.org/wikipedia/commons/c/c4/Barbara_Jacobs_Rothstein.jpg?utm_source=commons.wikimedia.org&utm_campaign=imageinfo&utm_content=thumbnail_unscaled,https://commons.wikimedia.org/wiki/File:Barbara_Jacobs_Rothstein.jpg,Public domain,fjc_bulk,
Truman McGill Hobbs,almd,district,Jimmy Carter,Democratic,1980-01-23,1980-04-03,1980-04-03,,1991-02-11,2015-11-04,Death,day,false,1059,,,,,,fjc_bulk,
Norma Holloway Johnson,dcd,district,Jimmy Carter,Democratic,1980-02-28,1980-05-09,1980-05-12,,2001-06-18,2003-12-31,Retirement,day,false,1183,,,,,,fjc_bulk,
John Trice Nixon,tnmd,district,Jimmy Carter,Democratic,1980-02-27,1980-05-09,1980-05-12,,1998-08-15,2019-12-19,Death,day,false,1770,,,,,,fjc_bulk,
Odell Horton,tnwd,district,Jimmy Carter,Democratic,1980-02-27,1980-05-09,1980-05-12,,1995-05-16,2006-02-22,Death,day,false,1096,,,,,,fjc_bulk,
Charles Leach Hardy,azd,district,Jimmy Carter,Democratic,1980-04-02,1980-05-21,1980-05-23,,1990-06-02,2010-12-24,Death,day,false,975,,,,,,fjc_bulk,
Samuel James Ervin III,ca4,circuit,Jimmy Carter,Democratic,1980-04-02,1980-05-21,1980-05-23,,,1999-09-18,Death,day,false,715,,,,,,fjc_bulk,
William Cameron Canby Jr.,ca9,circuit,Jimmy Carter,Democratic,1980-04-02,1980-05-21,1980-05-23,,1996-05-23,,,day,true,370,false,false,https://upload.wikimedia.org/wikipedia/commons/thumb/6/66/William_C._Canby_Jr.jpg/330px-William_C._Canby_Jr.jpg?utm_source=commons.wikimedia.org&utm_campaign=imageinfo&utm_content=thumbnail,https://commons.wikimedia.org/wiki/File:William_C._Canby_Jr.jpg,Public domain,fjc_bulk,
Raul Anthony Ramirez,caed,district,Jimmy Carter,Democratic,1979-12-14,1980-05-21,1980-05-23,,,1989-12-31,Resignation,day,false,1959,,,,,,fjc_bulk,
Milton Irving Shadur,ilnd,district,Jimmy Carter,Democratic,1980-04-02,1980-05-21,1980-05-23,,1992-06-25,2018-01-15,Death,day,false,2155,,,,,,fjc_bulk,
Patrick F. Kelly,ksd,district,Jimmy Carter,Democratic,1980-04-14,1980-05-21,1980-05-23,,1995-06-06,1996-03-15,Retirement,day,false,1250,,,,,,fjc_bulk,
Frank Joseph Polozola,lamd,district,Jimmy Carter,Democratic,1980-04-02,1980-05-21,1980-05-23,,2007-01-15,2013-02-24,Death,day,false,1907,,,,,,fjc_bulk,
Clyde S. Cahill Jr.,moed,district,Jimmy Carter,Democratic,1980-04-02,1980-05-21,1980-05-23,,1992-04-09,2004-08-18,Death,day,false,349,,,,,,fjc_bulk,
William Earl Britt,nced,district,Jimmy Carter,Democratic,1980-04-14,1980-05-21,1980-05-23,,1997-12-07,,,day,true,265,false,false,https://upload.wikimedia.org/wikipedia/commons/thumb/9/95/W_Earl_Britt.png/330px-W_Earl_Britt.png?utm_source=commons.wikimedia.org&utm_campaign=imageinfo&utm_content=thumbnail,https://commons.wikimedia.org/wiki/File:W_Earl_Britt.png,Public domain,fjc_bulk,
George Washington White,ohnd,district,Jimmy Carter,Democratic,1980-03-28,1980-05-21,1980-05-23,,1999-02-26,2011-11-12,Death,day,false,2568,,,,,,fjc_bulk,
John David Holschuh,ohsd,district,Jimmy Carter,Democratic,1980-03-28,1980-05-21,1980-05-23,,1996-10-12,2011-01-26,Death,day,false,1084,,,,,,fjc_bulk,
S. Arthur Spiegel,ohsd,district,Jimmy Carter,Democratic,1980-04-14,1980-05-21,1980-05-23,,1995-06-05,2014-12-31,Death,day,false,2254,,,,,,fjc_bulk,
Walter Herbert Rice,ohsd,district,Jimmy Carter,Democratic,1980-04-14,1980-05-21,1980-05-23,,2004-11-30,,,day,true,2001,false,false,https://upload.wikimedia.org/wikipedia/commons/8/89/Walter_Rice_Senior_District_Judge.jpg?utm_source=commons.wikimedia.org&utm_campaign=imageinfo&utm_content=thumbnail_unscaled,https://commons.wikimedia.org/wiki/File:Walter_Rice_Senior_District_Judge.jpg,Public domain,fjc_bulk,
George Ross Anderson Jr.,scd,district,Jimmy Carter,Democratic,1980-04-18,1980-05-21,1980-05-23,,2009-01-29,2016-03-01,Retirement,day,false,43,,,,,,fjc_bulk,
Ann Aldrich,ohnd,district,Jimmy Carter,Democratic,1980-03-28,1980-05-21,1980-05-24,,1995-05-12,2010-05-02,Death,day,false,22,,,,,,fjc_bulk,
Elbert Bertram Haltom Jr.,alnd,district,Jimmy Carter,Democratic,1980-01-10,1980-05-29,1980-05-30,,1991-12-31,2003-10-12,Death,day,false,954,,,,,,fjc_bulk,
Robert Bruce Propst,alnd,district,Jimmy Carter,Democratic,1980-01-10,1980-05-29,1980-05-30,,1996-07-15,2019-05-14,Death,day,false,1944,,,,,,fjc_bulk,
Jerre Stockton Williams,ca5,circuit,Jimmy Carter,Democratic,1980-04-14,1980-06-18,1980-06-18,,1990-07-02,1993-08-29,Death,day,false,2596,,,,,,fjc_bulk,
Robert Boochever,ca9,circuit,Jimmy Carter,Democratic,1980-05-22,1980-06-18,1980-06-18,,1986-06-10,2011-10-09,Death,day,false,211,,,,,,fjc_bulk,
William Albert Norris,ca9,circuit,Jimmy Carter,Democratic,1980-02-27,1980-06-18,1980-06-18,,1994-07-07,1997-10-24,Retirement,day,false,1782,,,,,,fjc_bulk,
Ruth Bader Ginsburg,cadc,circuit,Jimmy Carter,Democratic,1980-04-14,1980-06-18,1980-06-18,,,1993-08-10,Appointment to Another Judicial Position,day,false,865,,,https://upload.wikimedia.org/wikipedia/commons/thumb/9/98/Ruth_Bader_Ginsburg_official_SCOTUS_portrait_%28cropped%29.jpg/330px-Ruth_Bader_Ginsburg_official_SCOTUS_portrait_%28cropped%29.jpg,https://commons.wikimedia.org/wiki/File:Ruth_Bader_Ginsburg_official_SCOTUS_portrait_(cropped).jpg,Public domain,fjc_bulk,
Robert Peter Aguilar,cand,district,Jimmy Carter,Democratic,1980-04-03,1980-06-18,1980-06-18,,1996-04-15,1996-06-24,Retirement,day,false,15,,,,,,fjc_bulk,
Green Wix Unthank,kyed,district,Jimmy Carter,Democratic,1979-12-19,1980-06-18,1980-06-18,,1988-06-14,2013-06-25,Death,day,false,2434,,,,,,fjc_bulk,
Horace Weldon Gilmore,mied,district,Jimmy Carter,Democratic,1980-05-22,1980-06-18,1980-06-18,,1991-05-01,2010-01-25,Death,day,false,862,,,,,,fjc_bulk,
Filemon Bartolome Vela,txsd,district,Jimmy Carter,Democratic,1980-01-22,1980-06-18,1980-06-18,,2000-05-01,2004-04-13,Death,day,false,2458,,,,,,fjc_bulk,
Clyde Frederick Shannon Jr.,txwd,district,Jimmy Carter,Democratic,1979-12-19,1980-06-18,1980-06-18,,,1984-01-01,Resignation,day,false,2157,,,,,,fjc_bulk,
Justin Lowe Quackenbush,waed,district,Jimmy Carter,Democratic,1980-05-09,1980-06-18,1980-06-18,,1995-06-27,2024-10-27,Death,day,false,1949,,,,,,fjc_bulk,
U. W. Clemon,alnd,district,Jimmy Carter,Democratic,1980-01-10,1980-06-26,1980-06-30,,,2009-01-31,Retirement,day,false,455,,,,,,fjc_bulk,
Alfredo Chavez Marquez,azd,district,Jimmy Carter,Democratic,1980-06-02,1980-06-26,1980-06-30,,1991-07-25,2014-08-27,Death,day,false,1482,,,,,,fjc_bulk,
Earl Hamblin Carroll,azd,district,Jimmy Carter,Democratic,1980-06-02,1980-06-26,1980-06-30,,1994-10-10,2017-02-03,Death,day,false,386,,,,,,fjc_bulk,
Atsushi Wallace Tashima,cacd,district,Jimmy Carter,Democratic,1980-05-09,1980-06-26,1980-06-30,,,1996-01-08,Appointment to Another Judicial Position,day,false,2339,,,https://upload.wikimedia.org/wikipedia/commons/thumb/a/ad/A._Wallace_Tashima_Circuit_Judge.jpg/330px-A._Wallace_Tashima_Circuit_Judge.jpg?utm_source=commons.wikimedia.org&utm_campaign=imageinfo&utm_content=thumbnail,https://commons.wikimedia.org/wiki/File:A._Wallace_Tashima_Circuit_Judge.jpg,Public domain,fjc_bulk,
Marilyn Hall Patel,cand,district,Jimmy Carter,Democratic,1980-05-09,1980-06-26,1980-06-30,,2009-10-30,2012-09-30,Retirement,day,false,1846,,,,,,fjc_bulk,
Thelton Eugene Henderson,cand,district,Jimmy Carter,Democratic,1980-05-09,1980-06-26,1980-06-30,,1998-11-28,,,day,true,1024,false,false,https://upload.wikimedia.org/wikipedia/commons/c/c2/Thelton_Henderson_Senior_District_Judge.jpg?utm_source=commons.wikimedia.org&utm_campaign=imageinfo&utm_content=thumbnail_unscaled,https://commons.wikimedia.org/wiki/File:Thelton_Henderson_Senior_District_Judge.jpg,Public domain,fjc_bulk,
Judith Nelsen Keep,casd,district,Jimmy Carter,Democratic,1980-05-09,1980-06-26,1980-06-30,,,2004-09-14,Death,day,false,1241,,,,,,fjc_bulk,
Carmen Consuelo Cerezo,prd,district,Jimmy Carter,Democratic,1980-05-14,1980-06-26,1980-06-30,,,2021-02-28,Retirement,day,false,408,,,,,,fjc_bulk,
Earl Ben Gilliam,casd,district,Jimmy Carter,Democratic,1979-12-07,1980-08-19,1980-08-20,,1993-04-02,2001-01-28,Death,day,false,860,,,,,,fjc_bulk,
Stephen Roy Reinhardt,ca9,circuit,Jimmy Carter,Democratic,1979-11-30,1980-09-11,1980-09-11,,,2018-03-29,Death,day,false,1990,,,,,,fjc_bulk,
Myron Herbert Thompson,almd,district,Jimmy Carter,Democratic,1980-09-17,1980-09-26,1980-09-29,,2013-08-22,,,day,true,2377,false,false,https://upload.wikimedia.org/wikipedia/commons/b/b0/Myron_H._Thompson_official.jpg?utm_source=commons.wikimedia.org&utm_campaign=imageinfo&utm_content=thumbnail_unscaled,https://commons.wikimedia.org/wiki/File:Myron_H._Thompson_official.jpg,Public domain,fjc_bulk,
George Howard Jr.,are,district,Jimmy Carter,Democratic,1980-06-02,1980-09-29,1980-09-30,,,2007-04-21,Death,day,false,1102,,,,,,fjc_bulk,
George Howard Jr.,arw,district,Jimmy Carter,Democratic,1980-06-02,1980-09-29,1980-09-30,,,1990-12-01,Reassignment,day,false,1102,,,,,,fjc_bulk,
Consuelo Bland Marshall,cacd,district,Jimmy Carter,Democratic,1980-06-20,1980-09-29,1980-09-30,,2005-10-24,,,day,true,1485,false,false,https://upload.wikimedia.org/wikipedia/commons/f/f0/Consuelo_B._Marshall_District_Judge.jpg?utm_source=commons.wikimedia.org&utm_campaign=imageinfo&utm_content=thumbnail_unscaled,https://commons.wikimedia.org/wiki/File:Consuelo_B._Marshall_District_Judge.jpg,Public domain,fjc_bulk,
David Vreeland Kenyon,cacd,district,Jimmy Carter,Democratic,1980-06-20,1980-09-29,1980-09-30,,1995-10-27,1997-07-31,Retirement,day,false,1263,,,,,,fjc_bulk,
Charles Petros Kocoras,ilnd,district,Jimmy Carter,Democratic,1980-06-02,1980-09-29,1980-09-30,,2006-06-30,,,day,true,1303,false,false,https://upload.wikimedia.org/wikipedia/commons/thumb/9/9c/Charles_P._Kocoras%2C_U.S._District_Court_Judge.jpg/330px-Charles_P._Kocoras%2C_U.S._District_Court_Judge.jpg?utm_source=commons.wikimedia.org&utm_campaign=imageinfo&utm_content=thumbnail,"https://commons.wikimedia.org/wiki/File:Charles_P._Kocoras,_U.S._District_Court_Judge.jpg",Public domain,fjc_bulk,
Susan Christine O'Meara Getzendanner,ilnd,district,Jimmy Carter,Democratic,1980-06-04,1980-09-29,1980-09-30,,,1987-09-30,Resignation,day,false,840,,,,,,fjc_bulk,
Norman Park Ramsey,mdd,district,Jimmy Carter,Democratic,1980-07-25,1980-09-29,1980-09-30,,1991-11-01,1992-09-30,Retirement,day,false,1960,,,,,,fjc_bulk,
Richard Cannon Erwin,ncmd,district,Jimmy Carter,Democratic,1980-06-11,1980-09-29,1980-09-30,,1992-09-22,2006-11-07,Death,day,false,716,,,,,,fjc_bulk,
Hipolito Frank Garcia,txwd,district,Jimmy Carter,Democratic,1979-12-19,1980-09-29,1980-09-30,,,2002-01-16,Death,day,false,817,,,,,,fjc_bulk,
Richard Leroy Williams,vaed,district,Jimmy Carter,Democratic,1979-04-09,1980-09-29,1980-09-30,,1992-05-01,2011-02-19,Death,day,false,2600,,,,,,fjc_bulk,
James Harry Michael Jr.,vawd,district,Jimmy Carter,Democratic,1980-04-09,1980-09-29,1980-09-30,,1995-10-31,2005-08-29,Death,day,false,1631,,,,,,fjc_bulk,
Bernard Newman,cit,specialized,None (reassignment),None (reassignment),,,1980-11-01,,1983-12-31,1999-04-22,Death,day,false,3209,,,,,,fjc_bulk,
Edward Domenic Re,cit,specialized,None (reassignment),None (reassignment),,,1980-11-01,,,1991-04-30,Retirement,day,false,3212,,,,,,fjc_bulk,
Frederick Landis,cit,specialized,None (reassignment),None (reassignment),,,1980-11-01,,1983-12-31,1990-03-01,Death,day,false,3206,,,,,,fjc_bulk,
Herbert Naaman Maletz,cit,specialized,None (reassignment),None (reassignment),,,1980-11-01,,1982-12-31,2002-01-06,Death,day,false,3207,,,,,,fjc_bulk,
James Lopez Watson,cit,specialized,None (reassignment),None (reassignment),,,1980-11-01,,1991-02-28,2001-09-01,Death,day,false,3220,,,,,,fjc_bulk,
Morgan Dennis Ford,cit,specialized,None (reassignment),None (reassignment),,,1980-11-01,,1985-12-31,1992-01-02,Death,day,false,3203,,,,,,fjc_bulk,
Nils Andreas Boe,cit,specialized,None (reassignment),None (reassignment),,,1980-11-01,,1984-04-30,1992-07-30,Death,day,false,3199,,,,,,fjc_bulk,
Paul Peter Rao,cit,specialized,None (reassignment),None (reassignment),,,1980-11-01,,,1988-11-30,Death,day,false,3211,,,,,,fjc_bulk,
Samuel Murray Rosenstein,cit,specialized,None (reassignment),None (reassignment),,,1980-11-01,,,1995-12-11,Death,day,false,3216,,,,,,fjc_bulk,
Scovel Richardson,cit,specialized,None (reassignment),None (reassignment),,,1980-11-01,,,1982-03-30,Death,day,false,3214,,,,,,fjc_bulk,
Stephen Gerald Breyer,ca1,circuit,Jimmy Carter,Democratic,1980-11-13,1980-12-09,1980-12-10,,,1994-08-03,Appointment to Another Judicial Position,day,false,255,,,https://upload.wikimedia.org/wikipedia/commons/thumb/9/9c/Stephen_Breyer%2C_SCOTUS_photo_portrait.jpg/330px-Stephen_Breyer%2C_SCOTUS_photo_portrait.jpg,"https://commons.wikimedia.org/wiki/File:Stephen_Breyer,_SCOTUS_photo_portrait.jpg",Public domain,fjc_bulk,
William Walter Wilkins,scd,district,Ronald Reagan,Republican,1981-07-09,1981-07-20,1981-07-22,,,1986-07-10,Appointment to Another Judicial Position,day,false,2586,,,,,,fjc_bulk,
William Charles Lee,innd,district,Ronald Reagan,Republican,1981-07-01,1981-07-27,1981-07-28,,2003-02-03,2024-01-20,Death,day,false,1370,,,,,,fjc_bulk,
Joseph Edward Stevens Jr.,moed,district,Ronald Reagan,Republican,1981-07-09,1981-09-16,1981-09-18,,1995-07-01,1998-12-18,Death,day,false,2291,,,,,,fjc_bulk,
Joseph Edward Stevens Jr.,mowd,district,Ronald Reagan,Republican,1981-07-09,1981-09-16,1981-09-18,,1995-07-01,1998-12-18,Death,day,false,2291,,,,,,fjc_bulk,
Robert Foster Chapman,ca4,circuit,Ronald Reagan,Republican,1981-07-16,1981-09-16,1981-09-19,,1991-05-31,2018-04-18,Death,day,false,411,,,,,,fjc_bulk,
D. Brook Bartlett,mowd,district,Ronald Reagan,Republican,1981-07-09,1981-09-16,1981-09-19,,,2000-01-21,Death,day,false,112,,,,,,fjc_bulk,
John R. Gibson,mowd,district,Ronald Reagan,Republican,1981-07-09,1981-09-16,1981-09-19,,,1982-03-30,Appointment to Another Judicial Position,day,false,850,,,,,,fjc_bulk,
Sandra Day O'Connor,scotus,scotus,Ronald Reagan,Republican,1981-08-19,1981-09-21,1981-09-22,,2006-01-31,2023-12-01,Death,day,false,1796,,,https://upload.wikimedia.org/wikipedia/commons/thumb/8/8c/Sandra_Day_O%27Connor_crop.jpg/330px-Sandra_Day_O%27Connor_crop.jpg,https://commons.wikimedia.org/wiki/File:Sandra_Day_O%27Connor_crop.jpg,Public domain,fjc_bulk,
Henry Rupert Wilhoit Jr.,kyed,district,Ronald Reagan,Republican,1981-08-11,1981-09-25,1981-09-28,,2000-12-31,2022-09-12,Death,day,false,2578,,,,,,fjc_bulk,
Conrad Keefe Cyr,med,district,Ronald Reagan,Republican,1981-08-11,1981-09-25,1981-09-28,,,1989-11-20,Appointment to Another Judicial Position,day,false,552,,,,,,fjc_bulk,
Joseph Michael McLaughlin,nyed,district,Ronald Reagan,Republican,1981-07-29,1981-09-25,1981-09-28,,,1990-10-18,Appointment to Another Judicial Position,day,false,1577,,,,,,fjc_bulk,
Roger Jeffrey Miner,nynd,district,Ronald Reagan,Republican,1981-07-28,1981-09-25,1981-09-28,,,1985-08-02,Appointment to Another Judicial Position,day,false,1657,,,,,,fjc_bulk,
John Emilio Sprizzo,nysd,district,Ronald Reagan,Republican,1981-07-29,1981-09-25,1981-09-28,,2000-01-01,2008-12-16,Death,day,false,2258,,,,,,fjc_bulk,
John C. Coughenour,wawd,district,Ronald Reagan,Republican,1981-08-11,1981-09-25,1981-09-28,,2006-07-27,,,day,true,516,false,false,,,,fjc_bulk,
Albert John Henderson,ca11,circuit,None (reassignment),None (reassignment),,,1981-10-01,,1986-01-31,1999-05-11,Death,day,false,1021,,,,,,fjc_bulk,
David William Dyer,ca11,circuit,None (reassignment),None (reassignment),,,1981-10-01,,,1998-06-07,Death,day,false,675,,,,,,fjc_bulk,
Elbert Parr Tuttle,ca11,circuit,None (reassignment),None (reassignment),,,1981-10-01,,,1996-06-23,Death,day,false,2427,,,,,,fjc_bulk,
Frank Minis Johnson Jr.,ca11,circuit,None (reassignment),None (reassignment),,,1981-10-01,,1991-10-30,1999-07-23,Death,day,false,1180,,,,,,fjc_bulk,
Gerald Bard Tjoflat,ca11,circuit,None (reassignment),None (reassignment),,,1981-10-01,,2019-11-19,,,day,true,2393,false,false,https://upload.wikimedia.org/wikipedia/commons/thumb/f/f0/Gerald_Tjoflat_%28cropped%29.jpg/330px-Gerald_Tjoflat_%28cropped%29.jpg?utm_source=commons.wikimedia.org&utm_campaign=imageinfo&utm_content=thumbnail,https://commons.wikimedia.org/wiki/File:Gerald_Tjoflat_(cropped).jpg,Public domain,fjc_bulk,
James Clinkscales Hill,ca11,circuit,None (reassignment),None (reassignment),,,1981-10-01,,1989-10-15,2017-03-31,Death,day,false,1045,,,,,,fjc_bulk,
John Cooper Godbold,ca11,circuit,None (reassignment),None (reassignment),,,1981-10-01,,1987-10-23,2009-12-22,Death,day,false,871,,,,,,fjc_bulk,
John Milton Bryan Simpson,ca11,circuit,None (reassignment),None (reassignment),,,1981-10-01,,,1987-08-22,Death,day,false,2197,,,,,,fjc_bulk,
Joseph Woodrow Hatchett,ca11,circuit,None (reassignment),None (reassignment),,,1981-10-01,,,1999-05-14,Retirement,day,false,999,,,,,,fjc_bulk,
Lewis Render Morgan,ca11,circuit,None (reassignment),None (reassignment),,,1981-10-01,,,2001-11-15,Death,day,false,1687,,,,,,fjc_bulk,
Paul Hitch Roney,ca11,circuit,None (reassignment),None (reassignment),,,1981-10-01,,1989-10-01,2006-09-16,Death,day,false,2045,,,,,,fjc_bulk,
Peter Thorp Fay,ca11,circuit,None (reassignment),None (reassignment),,,1981-10-01,,1994-01-19,2021-01-31,Death,day,false,739,,,,,,fjc_bulk,
Phyllis A. Kravitch,ca11,circuit,None (reassignment),None (reassignment),,,1981-10-01,,1996-12-31,2017-06-15,Death,day,false,1317,,,,,,fjc_bulk,
R[obert] Lanier Anderson III,ca11,circuit,None (reassignment),None (reassignment),,,1981-10-01,,2009-01-31,,,day,true,48,false,false,https://upload.wikimedia.org/wikipedia/commons/thumb/9/97/R_Lanier_Anderson_III.jpg/330px-R_Lanier_Anderson_III.jpg?utm_source=commons.wikimedia.org&utm_campaign=imageinfo&utm_content=thumbnail,https://commons.wikimedia.org/wiki/File:R_Lanier_Anderson_III.jpg,Public domain,fjc_bulk,
Richard Taylor Rives,ca11,circuit,None (reassignment),None (reassignment),,,1981-10-01,,,1982-10-27,Death,day,false,2019,,,,,,fjc_bulk,
Robert Smith Vance,ca11,circuit,None (reassignment),None (reassignment),,,1981-10-01,,,1989-12-16,Death,day,false,2452,,,,,,fjc_bulk,
Thomas Alonzo Clark,ca11,circuit,None (reassignment),None (reassignment),,,1981-10-01,,1991-08-31,2005-09-04,Death,day,false,443,,,,,,fjc_bulk,
Warren Leroy Jones,ca11,circuit,None (reassignment),None (reassignment),,,1981-10-01,,,1993-11-11,Death,day,false,1206,,,,,,fjc_bulk,
H[ugh] Franklin Waters,arw,district,Ronald Reagan,Republican,1981-08-28,1981-10-21,1981-10-26,,1997-08-01,2002-04-16,Death,day,false,2513,,,,,,fjc_bulk,
William Lockhart Garwood,ca5,circuit,Ronald Reagan,Republican,1981-09-17,1981-10-21,1981-10-26,,1997-01-23,2011-07-14,Death,day,false,825,,,,,,fjc_bulk,
Hayden Wilson Head Jr.,txsd,district,Ronald Reagan,Republican,1981-09-17,1981-10-21,1981-10-26,,2009-11-13,,,day,true,1012,false,false,,,,fjc_bulk,
James Robertson Nowlin,txwd,district,Ronald Reagan,Republican,1981-09-17,1981-10-21,1981-10-26,,2003-05-31,,,day,true,1787,false,false,https://upload.wikimedia.org/wikipedia/commons/thumb/1/1c/James_Nowlin_%28cropped%29.jpg/330px-James_Nowlin_%28cropped%29.jpg?utm_source=commons.wikimedia.org&utm_campaign=imageinfo&utm_content=thumbnail,https://commons.wikimedia.org/wiki/File:James_Nowlin_(cropped).jpg,Public domain,fjc_bulk,
Richard J. Cardamone,ca2,circuit,Ronald Reagan,Republican,1981-10-01,1981-10-29,1981-10-29,,1993-11-13,2015-10-16,Death,day,false,373,,,,,,fjc_bulk,
Paul Arthur Magnuson,mnd,district,Ronald Reagan,Republican,1981-09-28,1981-10-29,1981-10-29,,2002-02-09,,,day,true,1461,false,false,,,,fjc_bulk,
Robert Daniel Potter,ncwd,district,Ronald Reagan,Republican,1981-10-01,1981-10-29,1981-10-29,,1994-05-01,2009-07-02,Death,day,false,1925,,,,,,fjc_bulk,
Emmett Ripley Cox,alsd,district,Ronald Reagan,Republican,1981-10-14,1981-11-18,1981-11-18,,,1988-04-25,Appointment to Another Judicial Position,day,false,522,,,,,,fjc_bulk,
Lawrence Warren Pierce,ca2,circuit,Ronald Reagan,Republican,1981-09-08,1981-11-18,1981-11-18,,1990-01-01,1995-03-31,Retirement,day,false,1887,,,,,,fjc_bulk,
Cynthia Holcomb Hall,cacd,district,Ronald Reagan,Republican,1981-10-14,1981-11-18,1981-11-18,,,1984-10-04,Appointment to Another Judicial Position,day,false,944,,,,,,fjc_bulk,
C[larence] Arlen Beam,ned,district,Ronald Reagan,Republican,1981-10-14,1981-11-18,1981-11-18,,,1987-11-09,Appointment to Another Judicial Position,day,false,126,,,,,,fjc_bulk,
John Bailey Jones,sdd,district,Ronald Reagan,Republican,1981-10-20,1981-11-18,1981-11-18,,1995-01-01,2023-01-30,Death,day,false,1197,,,,,,fjc_bulk,
Jesse Ernest Eschbach,ca7,circuit,Ronald Reagan,Republican,1981-10-20,1981-11-24,1981-12-01,,1985-11-04,2005-10-25,Death,day,false,717,,,,,,fjc_bulk,
Richard Allen Posner,ca7,circuit,Ronald Reagan,Republican,1981-10-27,1981-11-24,1981-12-01,,,2017-09-02,Retirement,day,false,1922,,,,,,fjc_bulk,
John Henry Moore II,flmd,district,Ronald Reagan,Republican,1981-11-04,1981-11-24,1981-12-01,,1995-12-31,2013-07-19,Death,day,false,1676,,,,,,fjc_bulk,
Clyde H. Hamilton,scd,district,Ronald Reagan,Republican,1981-11-13,1981-11-24,1981-12-01,,,1991-07-31,Appointment to Another Judicial Position,day,false,956,,,,,,fjc_bulk,
James Chris Cacheris,vaed,district,Ronald Reagan,Republican,1981-10-20,1981-11-24,1981-12-01,,1998-03-30,2018-01-26,Retirement,day,false,345,,,,,,fjc_bulk,
Edward Roy Becker,ca3,circuit,Ronald Reagan,Republican,1981-11-16,1981-12-03,1981-12-03,,2003-05-04,2006-05-19,Death,day,false,136,,,,,,fjc_bulk,
Robert George Doumar,vaed,district,Ronald Reagan,Republican,1981-11-05,1981-12-03,1981-12-03,,1996-04-30,2023-11-04,Death,day,false,641,,,,,,fjc_bulk,
Jackson L. Kiser,vawd,district,Ronald Reagan,Republican,1981-11-04,1981-12-03,1981-12-03,,1997-04-30,2020-10-20,Death,day,false,1288,,,,,,fjc_bulk,
Ralph K. Winter Jr.,ca2,circuit,Ronald Reagan,Republican,1981-11-18,1981-12-09,1981-12-10,,2000-09-30,2020-12-08,Death,day,false,2621,,,,,,fjc_bulk,
J. Owen Forrester,gand,district,Ronald Reagan,Republican,1981-11-24,1981-12-09,1981-12-10,,2004-04-27,2014-07-01,Death,day,false,782,,,,,,fjc_bulk,
Sam A. Crow,ksd,district,Ronald Reagan,Republican,1981-11-24,1981-12-09,1981-12-10,,1996-11-15,2022-12-02,Death,day,false,538,,,,,,fjc_bulk,
Israel Leo Glasser,nyed,district,Ronald Reagan,Republican,1981-11-23,1981-12-09,1981-12-10,,1993-07-01,,,day,true,866,false,false,https://upload.wikimedia.org/wikipedia/commons/thumb/2/2a/Leo_Glasser_%28cropped%29.jpg/330px-Leo_Glasser_%28cropped%29.jpg?utm_source=commons.wikimedia.org&utm_campaign=imageinfo&utm_content=thumbnail,https://commons.wikimedia.org/wiki/File:Leo_Glasser_(cropped).jpg,Public domain,fjc_bulk,
Alvin I. Krenzler,ohnd,district,Ronald Reagan,Republican,1981-11-17,1981-12-09,1981-12-10,,1992-01-01,1992-07-06,Retirement,day,false,1320,,,,,,fjc_bulk,
John C. Shabaz,wiwd,district,Ronald Reagan,Republican,1981-11-04,1981-12-09,1981-12-10,,2009-01-20,2012-08-31,Death,day,false,2154,,,,,,fjc_bulk,
Harold Lyman Ryan,idd,district,Ronald Reagan,Republican,1981-12-07,1981-12-16,1981-12-17,,1992-12-30,1995-04-10,Death,day,false,2080,,,,,,fjc_bulk,
David Lynn Russell,oked,district,Ronald Reagan,Republican,1981-12-04,1981-12-16,1981-12-17,,,1990-12-01,Reassignment,day,false,2073,,,,,,fjc_bulk,
David Lynn Russell,oknd,district,Ronald Reagan,Republican,1981-12-04,1981-12-16,1981-12-17,,,1990-12-01,Reassignment,day,false,2073,,,,,,fjc_bulk,
David Lynn Russell,okwd,district,Ronald Reagan,Republican,1981-12-04,1981-12-16,1981-12-17,,2013-07-07,,,day,true,2073,false,false,,,,fjc_bulk,
Robert Heron Bork,cadc,circuit,Ronald Reagan,Republican,1981-12-07,1982-02-08,1982-02-09,,,1988-02-05,Resignation,day,false,216,,,,,,fjc_bulk,
James Tyne Moody,innd,district,Ronald Reagan,Republican,1981-12-04,1982-02-08,1982-02-09,,2003-06-17,,,day,true,1671,false,false,,,,fjc_bulk,
Michael Stephen Kanne,innd,district,Ronald Reagan,Republican,1981-12-04,1982-02-08,1982-02-09,,,1987-05-21,Appointment to Another Judicial Position,day,false,1225,,,,,,fjc_bulk,
Leroy John Contie Jr.,ca6,circuit,Ronald Reagan,Republican,1982-01-26,1982-03-04,1982-03-09,,1986-06-30,2001-05-11,Death,day,false,499,,,,,,fjc_bulk,
John R. Gibson,ca8,circuit,Ronald Reagan,Republican,1982-02-02,1982-03-04,1982-03-09,,1994-01-01,2014-04-19,Death,day,false,850,,,,,,fjc_bulk,
Eugene F. Lynch,cand,district,Ronald Reagan,Republican,1982-01-25,1982-03-04,1982-03-09,,1997-03-14,1997-07-12,Retirement,day,false,1446,,,,,,fjc_bulk,
Elizabeth Anne Kovachevich,flmd,district,Ronald Reagan,Republican,1982-01-26,1982-03-04,1982-03-09,,2018-12-14,,,day,true,1313,false,false,,,,fjc_bulk,
Robert B. Krupansky,ca6,circuit,Ronald Reagan,Republican,1982-01-28,1982-03-04,1982-03-10,,1991-07-01,2004-11-08,Death,day,false,1321,,,,,,fjc_bulk,
John Louis Coffey,ca7,circuit,Ronald Reagan,Republican,1982-02-19,1982-03-18,1982-03-19,,2004-07-02,2012-11-10,Death,day,false,465,,,,,,fjc_bulk,
William W. Caldwell,pamd,district,Ronald Reagan,Republican,1982-02-19,1982-03-18,1982-03-19,,1994-05-31,2019-05-19,Death,day,false,355,,,,,,fjc_bulk,
Carol Los Mansmann,pawd,district,Ronald Reagan,Republican,1982-02-23,1982-03-18,1982-03-19,,,1985-04-22,Appointment to Another Judicial Position,day,false,1474,,,,,,fjc_bulk,
Glenn Everell Mencer,pawd,district,Ronald Reagan,Republican,1982-02-19,1982-03-18,1982-03-19,,1994-04-18,2007-04-17,Death,day,false,1618,,,,,,fjc_bulk,
Robert Everett Coyle,caed,district,Ronald Reagan,Republican,1982-03-11,1982-03-31,1982-04-01,,1996-05-13,2012-05-07,Death,day,false,529,,,,,,fjc_bulk,
John Albert Nordberg,ilnd,district,Ronald Reagan,Republican,1982-03-11,1982-04-20,1982-04-21,,1994-06-18,2021-03-12,Death,day,false,1778,,,,,,fjc_bulk,
William Thomas Hart,ilnd,district,Ronald Reagan,Republican,1982-03-11,1982-04-20,1982-04-21,,1996-06-01,2023-01-17,Death,day,false,989,,,,,,fjc_bulk,
Walter Evan Black Jr.,mdd,district,Ronald Reagan,Republican,1982-03-11,1982-04-20,1982-04-21,,1994-10-21,2014-09-29,Death,day,false,185,,,,,,fjc_bulk,
Michael Anthony Telesca,nywd,district,Ronald Reagan,Republican,1982-03-11,1982-04-20,1982-04-21,,1996-05-03,2020-03-05,Death,day,false,2353,,,,,,fjc_bulk,
George Cheney Pratt,ca2,circuit,Ronald Reagan,Republican,1982-04-26,1982-06-18,1982-06-21,,1993-05-22,1995-01-31,Retirement,day,false,1929,,,,,,fjc_bulk,
Maurice Mitchell Paul,flnd,district,Ronald Reagan,Republican,1982-04-26,1982-06-18,1982-06-21,,1997-07-31,2016-12-29,Death,day,false,1853,,,,,,fjc_bulk,
Harold Michael Fong,hid,district,Ronald Reagan,Republican,1982-02-11,1982-06-18,1982-06-21,,,1995-04-20,Death,day,false,775,,,,,,fjc_bulk,
A. J. McNamara,laed,district,Ronald Reagan,Republican,1982-05-05,1982-06-18,1982-06-21,,2001-06-09,2014-12-02,Death,day,false,1590,,,,,,fjc_bulk,
John William Potter,ohnd,district,Ronald Reagan,Republican,1982-05-05,1982-06-18,1982-06-21,,1992-08-01,2013-10-03,Death,day,false,1924,,,,,,fjc_bulk,
John Carbone Porfilio,cod,district,Ronald Reagan,Republican,1982-05-18,1982-06-24,1982-06-25,,,1985-05-14,Appointment to Another Judicial Position,day,false,1915,,,,,,fjc_bulk,
Thomas Penfield Jackson,dcd,district,Ronald Reagan,Republican,1982-05-24,1982-06-24,1982-06-25,,2002-01-31,2004-08-31,Retirement,day,false,1161,,,,,,fjc_bulk,
Henry Alvan Mentz Jr.,laed,district,Ronald Reagan,Republican,1982-06-02,1982-06-24,1982-06-25,,1992-07-01,2001-12-31,Retirement,day,false,1619,,,,,,fjc_bulk,
Jaime Pieras Jr.,prd,district,Ronald Reagan,Republican,1982-06-02,1982-07-13,1982-07-15,,1993-08-01,2011-06-11,Death,day,false,1886,,,,,,fjc_bulk,
Richard Arthur Gadbois Jr.,cacd,district,Ronald Reagan,Republican,1982-06-28,1982-07-27,1982-07-28,,1996-01-24,1996-10-02,Death,day,false,809,,,,,,fjc_bulk,
J. Lawrence Irving,casd,district,Ronald Reagan,Republican,1982-07-15,1982-07-28,1982-07-28,,,1990-12-31,Resignation,day,false,1151,,,,,,fjc_bulk,
E. Grady Jolly,ca5,circuit,Ronald Reagan,Republican,1982-07-01,1982-07-27,1982-07-30,,2017-10-03,2026-03-16,Death,day,false,1191,,,,,,fjc_bulk,
Patrick Errol Higginbotham,ca5,circuit,Ronald Reagan,Republican,1982-07-01,1982-07-27,1982-07-30,,2006-08-28,,,day,true,1040,false,false,https://upload.wikimedia.org/wikipedia/commons/6/6b/Higginbotham_Patrick_E.jpg?utm_source=commons.wikimedia.org&utm_campaign=imageinfo&utm_content=thumbnail_unscaled,https://commons.wikimedia.org/wiki/File:Higginbotham_Patrick_E.jpg,Public domain,fjc_bulk,
Michael Martin Mihm,ilcd,district,Ronald Reagan,Republican,1982-07-27,1982-08-05,1982-08-06,,2009-10-01,,,day,true,1637,false,false,,,,fjc_bulk,
Antonin Scalia,cadc,circuit,Ronald Reagan,Republican,1982-07-15,1982-08-05,1982-08-17,,,1986-09-26,Appointment to Another Judicial Position,day,false,2108,,,https://upload.wikimedia.org/wikipedia/commons/thumb/0/00/Antonin_Scalia_Official_SCOTUS_Portrait_crop.jpg/330px-Antonin_Scalia_Official_SCOTUS_Portrait_crop.jpg,https://commons.wikimedia.org/wiki/File:Antonin_Scalia_Official_SCOTUS_Portrait_crop.jpg,Public domain,fjc_bulk,
William Marsh Acker Jr.,alnd,district,Ronald Reagan,Republican,1982-07-22,1982-08-18,1982-08-18,,1996-05-31,2018-06-21,Death,day,false,3,,,,,,fjc_bulk,
Bruce Marshall Selya,rid,district,Ronald Reagan,Republican,1982-07-27,1982-08-18,1982-08-18,,,1986-11-24,Appointment to Another Judicial Position,day,false,2140,,,,,,fjc_bulk,
Harry Walker Wellford,ca6,circuit,Ronald Reagan,Republican,1982-07-27,1982-08-20,1982-08-20,,1991-01-15,2021-04-17,Death,day,false,2543,,,,,,fjc_bulk,
Thomas Francis Hogan,dcd,district,Ronald Reagan,Republican,1982-08-10,1982-08-20,1982-08-20,,2008-05-01,,,day,true,1068,false,false,https://upload.wikimedia.org/wikipedia/commons/thumb/d/de/Thomas_F._Hogan%2C_U.S._District_Court_Judge.png/330px-Thomas_F._Hogan%2C_U.S._District_Court_Judge.png?utm_source=commons.wikimedia.org&utm_campaign=imageinfo&utm_content=thumbnail,"https://commons.wikimedia.org/wiki/File:Thomas_F._Hogan,_U.S._District_Court_Judge.png",Public domain,fjc_bulk,
Ross Thompson Roberts,mowd,district,Ronald Reagan,Republican,1982-08-06,1982-08-20,1982-08-20,,,1987-04-24,Death,day,false,2025,,,,,,fjc_bulk,
David Dudley Dowd Jr.,ohnd,district,Ronald Reagan,Republican,1982-08-24,1982-09-22,1982-09-23,,1996-06-30,2016-08-04,Death,day,false,642,,,,,,fjc_bulk,
Edward Rafeedie,cacd,district,Ronald Reagan,Republican,1982-08-24,1982-09-22,1982-09-24,,1996-01-06,2008-03-25,Death,day,false,1953,,,,,,fjc_bulk,
James Carroll Fox,nced,district,Ronald Reagan,Republican,1982-09-14,1982-09-29,1982-09-30,,2001-01-31,2019-03-23,Death,day,false,787,,,,,,fjc_bulk,
Raymond L. Acosta,prd,district,Ronald Reagan,Republican,1982-09-09,1982-09-29,1982-09-30,,1994-06-01,2014-12-23,Death,day,false,6,,,,,,fjc_bulk,
George Gardner Fagg,ca8,circuit,Ronald Reagan,Republican,1982-09-22,1982-10-01,1982-10-01,,1999-05-01,2015-07-14,Death,day,false,729,,,,,,fjc_bulk,
Arnold Wilson Cowen,cafc,circuit,None (reassignment),None (reassignment),,,1982-10-01,,,2007-10-28,Death,day,false,2700,,,,,,fjc_bulk,
Byron George Skelton,cafc,circuit,None (reassignment),None (reassignment),,,1982-10-01,,,2004-02-06,Death,day,false,2702,,,,,,fjc_bulk,
Daniel Mortimer Friedman,cafc,circuit,None (reassignment),None (reassignment),,,1982-10-01,,1989-11-01,2011-07-06,Death,day,false,2704,,,,,,fjc_bulk,
Don Nelson Laramore,cafc,circuit,None (reassignment),None (reassignment),,,1982-10-01,,,1989-08-09,Death,day,false,1343,,,,,,fjc_bulk,
Edward Samuel Smith,cafc,circuit,None (reassignment),None (reassignment),,,1982-10-01,,1989-06-01,2001-03-22,Death,day,false,2214,,,,,,fjc_bulk,
Giles Sutherland Rich,cafc,circuit,None (reassignment),None (reassignment),,,1982-10-01,,,1999-06-09,Death,day,false,2002,,,,,,fjc_bulk,
Helen Wilson Nies,cafc,circuit,None (reassignment),None (reassignment),,,1982-10-01,,1995-11-01,1996-08-07,Death,day,false,1767,,,,,,fjc_bulk,
Howard Thomas Markey,cafc,circuit,None (reassignment),None (reassignment),,,1982-10-01,,,1991-04-30,Retirement,day,false,1479,,,,,,fjc_bulk,
Jack Richard Miller,cafc,circuit,None (reassignment),None (reassignment),,,1982-10-01,,1985-06-06,1994-08-29,Death,day,false,1644,,,,,,fjc_bulk,
James Lindsay Almond Jr.,cafc,circuit,None (reassignment),None (reassignment),,,1982-10-01,,,1986-04-14,Death,day,false,2705,,,,,,fjc_bulk,
Marion Tinsley Bennett,cafc,circuit,None (reassignment),None (reassignment),,,1982-10-01,,1986-03-01,2000-09-06,Death,day,false,155,,,,,,fjc_bulk,
Oscar Hirsh Davis,cafc,circuit,None (reassignment),None (reassignment),,,1982-10-01,,,1988-06-19,Death,day,false,2701,,,,,,fjc_bulk,
Philip Nichols Jr.,cafc,circuit,None (reassignment),None (reassignment),,,1982-10-01,,1983-10-01,1990-01-26,Death,day,false,1759,,,,,,fjc_bulk,
Phillip Benjamin Baldwin,cafc,circuit,None (reassignment),None (reassignment),,,1982-10-01,,1986-11-24,1991-04-08,Retirement,day,false,86,,,,,,fjc_bulk,
Shiro Kashiwa,cafc,circuit,None (reassignment),None (reassignment),,,1982-10-01,,,1986-01-07,Retirement,day,false,2703,,,,,,fjc_bulk,
Paul Edward Plunkett,ilnd,district,Ronald Reagan,Republican,1982-11-23,1982-12-10,1982-12-10,,1998-07-10,2018-03-19,Death,day,false,1898,,,,,,fjc_bulk,
Frank William Bullock Jr.,ncmd,district,Ronald Reagan,Republican,1982-11-23,1982-12-10,1982-12-10,,2005-12-31,2006-08-01,Retirement,day,false,314,,,,,,fjc_bulk,
John Winslow Bissell,njd,district,Ronald Reagan,Republican,1982-11-23,1982-12-10,1982-12-10,,,2005-09-01,Retirement,day,false,178,,,,,,fjc_bulk,
Frank X. Altimari,nyed,district,Ronald Reagan,Republican,1982-11-23,1982-12-10,1982-12-10,,,1985-12-23,Appointment to Another Judicial Position,day,false,35,,,,,,fjc_bulk,
"Miller, Christine Odell Cook",uscfc,specialized,Ronald Reagan,Republican,1982-11-23,1982-12-10,1982-12-10,,2013-02-04,2013-12-31,left court (year per FJC listing),termination:year,false,,,,,,,fjc_html,Termination year from FJC listing service range; exact date not published there.
Samuel H. Bell,ohnd,district,Ronald Reagan,Republican,1982-11-23,1982-12-21,1982-12-22,,1996-10-30,2010-12-23,Death,day,false,149,,,,,,fjc_bulk,
William Matthew Kidd,wvnd,district,None (reassignment),None (reassignment),,,1983-01-14,,1990-01-15,1998-12-20,Death,day,false,1274,,,,,,fjc_bulk,
Pamela Ann Rymer,cacd,district,Ronald Reagan,Republican,1983-01-31,1983-02-23,1983-02-24,,,1989-05-24,Appointment to Another Judicial Position,day,false,2083,,,,,,fjc_bulk,
A[llen] Joe Fish,txnd,district,Ronald Reagan,Republican,1983-01-31,1983-02-23,1983-02-24,,2007-11-12,,,day,true,757,false,false,https://upload.wikimedia.org/wikipedia/commons/thumb/d/db/A._Joe_Fish%2C_U.S._District_Court_Judge.jpg/330px-A._Joe_Fish%2C_U.S._District_Court_Judge.jpg?utm_source=commons.wikimedia.org&utm_campaign=imageinfo&utm_content=thumbnail,"https://commons.wikimedia.org/wiki/File:A._Joe_Fish,_U.S._District_Court_Judge.jpg",Public domain,fjc_bulk,
Gregory Wright Carman,cit,specialized,Ronald Reagan,Republican,1983-01-31,1983-03-02,1983-03-02,,2014-09-15,2020-04-05,Death,day,false,3200,,,,,,fjc_bulk,
Shirley Wohl Kram,nysd,district,Ronald Reagan,Republican,1983-01-31,1983-03-02,1983-03-02,,1993-05-23,2009-08-21,Death,day,false,1316,,,,,,fjc_bulk,
William Henry Barbour Jr.,mssd,district,Ronald Reagan,Republican,1983-03-15,1983-04-21,1983-04-25,,2006-02-04,2021-01-08,Death,day,false,92,,,,,,fjc_bulk,
Joel Martin Flaum,ca7,circuit,Ronald Reagan,Republican,1983-04-14,1983-05-04,1983-05-05,,2020-11-30,2024-12-04,Death,day,false,767,,,,,,fjc_bulk,
Ricardo H. Hinojosa,txsd,district,Ronald Reagan,Republican,1983-04-12,1983-05-04,1983-05-05,,2025-05-21,,,day,true,1054,false,false,https://upload.wikimedia.org/wikipedia/commons/b/b4/Ricardo_Hinojosa_District_Judge.jpg?utm_source=commons.wikimedia.org&utm_campaign=imageinfo&utm_content=thumbnail_unscaled,https://commons.wikimedia.org/wiki/File:Ricardo_Hinojosa_District_Judge.jpg,Public domain,fjc_bulk,
Bobby Ray Baldock,nmd,district,Ronald Reagan,Republican,1983-05-02,1983-06-06,1983-06-07,,,1986-01-24,Appointment to Another Judicial Position,day,false,82,,,https://upload.wikimedia.org/wikipedia/commons/3/3d/Bobby_R_Baldock.jpg?utm_source=commons.wikimedia.org&utm_campaign=imageinfo&utm_content=thumbnail_unscaled,https://commons.wikimedia.org/wiki/File:Bobby_R_Baldock.jpg,Public domain,fjc_bulk,
Herbert Theodore Milburn,tned,district,Ronald Reagan,Republican,1983-04-14,1983-06-06,1983-06-07,,,1984-10-09,Appointment to Another Judicial Position,day,false,1639,,,,,,fjc_bulk,
Julia Smith Gibbons,tnwd,district,Ronald Reagan,Republican,1983-04-12,1983-06-06,1983-06-07,,,2002-08-02,Appointment to Another Judicial Position,day,false,845,,,https://upload.wikimedia.org/wikipedia/commons/3/33/Julia_Gibbons_Circuit_Judge.jpg?utm_source=commons.wikimedia.org&utm_campaign=imageinfo&utm_content=thumbnail_unscaled,https://commons.wikimedia.org/wiki/File:Julia_Gibbons_Circuit_Judge.jpg,Public domain,fjc_bulk,
Leonard D. Wexler,nyed,district,Ronald Reagan,Republican,1983-05-11,1983-06-22,1983-06-22,,1994-06-30,2018-03-31,Death,day,false,2557,,,,,,fjc_bulk,
Gene Carter,med,district,Ronald Reagan,Republican,1983-05-26,1983-06-22,1983-06-23,,2003-01-02,2021-11-17,Death,day,false,389,,,,,,fjc_bulk,
Pasco Middleton Bowman II,ca8,circuit,Ronald Reagan,Republican,1983-05-24,1983-07-18,1983-07-19,,2003-08-01,,,day,true,223,false,false,https://upload.wikimedia.org/wikipedia/commons/thumb/0/0e/Pasco_M_Bowman.jpg/330px-Pasco_M_Bowman.jpg?utm_source=commons.wikimedia.org&utm_campaign=imageinfo&utm_content=thumbnail,https://commons.wikimedia.org/wiki/File:Pasco_M_Bowman.jpg,Public domain,fjc_bulk,
Peter Collins Dorsey,ctd,district,Ronald Reagan,Republican,1983-06-07,1983-07-18,1983-07-19,,1998-01-02,2012-01-21,Death,day,false,638,,,,,,fjc_bulk,
Stephen Nathaniel Limbaugh,moed,district,Ronald Reagan,Republican,1983-06-07,1983-07-18,1983-07-19,,1996-05-01,2008-07-31,Retirement,day,false,1398,,,,,,fjc_bulk,
Stephen Nathaniel Limbaugh,mowd,district,Ronald Reagan,Republican,1983-06-07,1983-07-18,1983-07-19,,1996-05-01,2008-07-31,Retirement,day,false,1398,,,,,,fjc_bulk,
Héctor Manuel Laffitte,prd,district,Ronald Reagan,Republican,1983-05-26,1983-07-26,1983-07-27,,2005-11-15,2007-02-16,Retirement,day,false,1327,,,,,,fjc_bulk,
Thomas Newman O'Neill Jr.,paed,district,Ronald Reagan,Republican,1983-06-21,1983-08-04,1983-08-05,,1996-07-06,2018-01-16,Death,day,false,1802,,,,,,fjc_bulk,
James McGirr Kelly,paed,district,Ronald Reagan,Republican,1983-06-21,1983-08-04,1983-08-06,,1996-03-31,2005-03-05,Death,day,false,1249,,,,,,fjc_bulk,
Marvin Katz,paed,district,Ronald Reagan,Republican,1983-06-21,1983-08-04,1983-08-06,,1997-08-26,2010-10-12,Death,day,false,1229,,,,,,fjc_bulk,
Kenneth Winston Starr,cadc,circuit,Ronald Reagan,Republican,1983-09-13,1983-09-20,1983-09-20,,,1989-05-26,Resignation,day,false,2276,,,,,,fjc_bulk,
John P. Vukasin Jr.,cand,district,Ronald Reagan,Republican,1983-09-13,1983-09-20,1983-09-20,,,1993-09-20,Death,day,false,2470,,,,,,fjc_bulk,
John Fontaine Keenan,nysd,district,Ronald Reagan,Republican,1983-09-13,1983-09-20,1983-09-20,,1996-12-31,2024-10-27,Death,day,false,1240,,,,,,fjc_bulk,
Clyde Roger Vinson,flnd,district,Ronald Reagan,Republican,1983-09-09,1983-10-04,1983-10-05,,2005-03-31,2023-04-01,Death,day,false,2462,,,,,,fjc_bulk,
Martin Leach-Cross Feldman,laed,district,Ronald Reagan,Republican,1983-09-09,1983-10-04,1983-10-05,,,2022-01-26,Death,day,false,743,,,,,,fjc_bulk,
Maryanne Trump Barry,njd,district,Ronald Reagan,Republican,1983-09-14,1983-10-06,1983-10-07,,,1999-10-25,Appointment to Another Judicial Position,day,false,109,,,,,,fjc_bulk,
Thomas John Curran,wied,district,Ronald Reagan,Republican,1983-09-20,1983-11-04,1983-11-07,,1997-01-01,2012-07-17,Death,day,false,544,,,,,,fjc_bulk,
Stanley S. Harris,dcd,district,Ronald Reagan,Republican,1983-11-01,1983-11-11,1983-11-14,,1996-02-01,2001-06-02,Retirement,day,false,986,,,,,,fjc_bulk,
Thomas Gray Hull,tned,district,Ronald Reagan,Republican,1983-10-24,1983-11-09,1983-11-14,,2002-10-01,2008-07-29,Death,day,false,1120,,,,,,fjc_bulk,
Elizabeth Virginia Hallanan,wvsd,district,Ronald Reagan,Republican,1983-11-08,1983-11-11,1983-11-14,,1996-12-01,2004-06-08,Death,day,false,952,,,,,,fjc_bulk,
W. Eugene Davis,ca5,circuit,Ronald Reagan,Republican,1983-11-01,1983-11-15,1983-11-16,,2016-12-31,,,day,true,581,false,false,,,,fjc_bulk,
Jane A. Restani,cit,specialized,Ronald Reagan,Republican,1983-11-03,1983-11-15,1983-11-16,,2015-03-01,,,day,true,3213,false,false,,,,fjc_bulk,
George Kendall Sharp,flmd,district,Ronald Reagan,Republican,1983-11-01,1983-11-15,1983-11-16,,2000-01-01,2022-03-24,Death,day,false,2161,,,,,,fjc_bulk,
Lenore Carrero Nesbitt,flsd,district,Ronald Reagan,Republican,1983-10-31,1983-11-15,1983-11-16,,1998-07-19,2001-10-06,Death,day,false,1748,,,,,,fjc_bulk,
George E. Woods,mied,district,Ronald Reagan,Republican,1983-11-01,1983-11-15,1983-11-16,,1993-11-16,2004-08-13,Retirement,day,false,2647,,,,,,fjc_bulk,
John Raymond Hargrove Sr.,mdd,district,Ronald Reagan,Republican,1984-01-30,1984-02-09,1984-02-10,,1994-02-21,1997-04-01,Death,day,false,976,,,,,,fjc_bulk,
Pauline Newman,cafc,circuit,Ronald Reagan,Republican,1984-01-30,1984-02-27,1984-02-28,,,,,day,true,1756,false,false,https://upload.wikimedia.org/wikipedia/commons/thumb/0/08/Circuit_judge_newman.png/330px-Circuit_judge_newman.png?utm_source=commons.wikimedia.org&utm_campaign=imageinfo&utm_content=thumbnail,https://commons.wikimedia.org/wiki/File:Circuit_judge_newman.png,Public domain,fjc_bulk,
Edward J. Garcia,caed,district,Ronald Reagan,Republican,1984-02-16,1984-03-13,1984-03-14,,1996-11-24,2023-04-29,Death,day,false,816,,,,,,fjc_bulk,
Sarah Evans Barker,insd,district,Ronald Reagan,Republican,1984-02-14,1984-03-13,1984-03-14,,2014-06-30,,,day,true,94,false,false,https://upload.wikimedia.org/wikipedia/commons/thumb/4/46/Sarah_Evans_Baker.png/330px-Sarah_Evans_Baker.png?utm_source=commons.wikimedia.org&utm_campaign=imageinfo&utm_content=thumbnail,https://commons.wikimedia.org/wiki/File:Sarah_Evans_Baker.png,Public domain,fjc_bulk,
Harry Lindley Hupp,cacd,district,Ronald Reagan,Republican,1984-02-14,1984-03-20,1984-03-21,,1997-04-01,2004-01-27,Death,day,false,1132,,,,,,fjc_bulk,
Robert R. Beezer,ca9,circuit,Ronald Reagan,Republican,1984-03-02,1984-03-27,1984-03-28,,1996-07-31,2012-03-30,Death,day,false,143,,,,,,fjc_bulk,
Neal Brooks Biggers Jr.,msnd,district,Ronald Reagan,Republican,1984-03-01,1984-03-27,1984-03-28,,2000-10-01,2023-10-15,Death,day,false,168,,,,,,fjc_bulk,
Edward Charles Prado,txwd,district,Ronald Reagan,Republican,1984-03-06,1984-03-30,1984-03-30,,,2003-05-14,Appointment to Another Judicial Position,day,false,1928,,,,,,fjc_bulk,
William Docker Browning,azd,district,Ronald Reagan,Republican,1984-04-04,1984-04-24,1984-05-03,,1998-05-14,2008-02-26,Death,day,false,291,,,,,,fjc_bulk,
Alicemarie Huber Stotler,cacd,district,Ronald Reagan,Republican,1984-04-04,1984-05-01,1984-05-03,,2009-01-05,2014-06-09,Death,day,false,2304,,,,,,fjc_bulk,
Joseph J. Longobardi,ded,district,Ronald Reagan,Republican,1984-04-04,1984-04-24,1984-05-03,,1997-06-15,,,day,true,1415,false,false,,,,fjc_bulk,
Terrence William Boyle,nced,district,Ronald Reagan,Republican,1984-04-04,1984-04-24,1984-05-03,,,,,day,true,232,false,false,https://upload.wikimedia.org/wikipedia/commons/0/09/Terrence_Boyle.jpg?utm_source=commons.wikimedia.org&utm_campaign=imageinfo&utm_content=thumbnail_unscaled,https://commons.wikimedia.org/wiki/File:Terrence_Boyle.jpg,Public domain,fjc_bulk,
Lloyd D. George,nvd,district,Ronald Reagan,Republican,1984-04-18,1984-04-30,1984-05-03,,1997-12-01,2020-10-07,Death,day,false,834,,,,,,fjc_bulk,
Edward Leavy,ord,district,Ronald Reagan,Republican,1984-03-26,1984-04-24,1984-05-03,,,1987-04-08,Appointment to Another Judicial Position,day,false,1362,,,,,,fjc_bulk,
Paul Gerhardt Rosenblatt,azd,district,Ronald Reagan,Republican,1984-05-15,1984-06-08,1984-06-11,,2003-10-30,2019-10-06,Death,day,false,2051,,,,,,fjc_bulk,
Jean Galloway Bissell,cafc,circuit,Ronald Reagan,Republican,1984-05-24,1984-06-08,1984-06-11,,,1990-02-04,Death,day,false,177,,,,,,fjc_bulk,
Dominick L. DiCarlo,cit,specialized,Ronald Reagan,Republican,1984-05-25,1984-06-08,1984-06-11,,1996-10-31,1999-04-27,Death,day,false,3201,,,,,,fjc_bulk,
John Malcolm Duhe Jr.,lawd,district,Ronald Reagan,Republican,1984-05-15,1984-06-08,1984-06-11,,,1988-11-09,Appointment to Another Judicial Position,day,false,660,,,,,,fjc_bulk,
Tom Stewart Lee,mssd,district,Ronald Reagan,Republican,1984-05-15,1984-06-11,1984-06-11,,2006-04-08,,,day,true,1369,false,false,,,,fjc_bulk,
Robert Madden Hill,ca5,circuit,Ronald Reagan,Republican,1984-06-04,1984-06-15,1984-06-15,,,1987-10-19,Death,day,false,1047,,,,,,fjc_bulk,
James M. Ideman,cacd,district,Ronald Reagan,Republican,1984-05-24,1984-06-15,1984-06-15,,1998-04-02,1998-09-11,Retirement,day,false,1141,,,,,,fjc_bulk,
William J. Rea,cacd,district,Ronald Reagan,Republican,1984-05-24,1984-06-15,1984-06-15,,1998-03-31,2005-08-03,Death,day,false,1972,,,,,,fjc_bulk,
Rudi M. Brewster,casd,district,Ronald Reagan,Republican,1984-05-24,1984-06-15,1984-06-15,,1998-07-01,2012-09-07,Death,day,false,254,,,,,,fjc_bulk,
Peter Keeton Leisure,nysd,district,Ronald Reagan,Republican,1984-05-25,1984-06-15,1984-06-15,,1997-03-21,2013-09-17,Death,day,false,1375,,,,,,fjc_bulk,
Franklin S. Billings Jr.,vtd,district,Ronald Reagan,Republican,1984-05-25,1984-06-15,1984-06-15,,1994-09-09,2014-03-09,Death,day,false,173,,,,,,fjc_bulk,
H[ezekiah] Russel Holland,akd,district,Ronald Reagan,Republican,1984-03-06,1984-03-26,1984-07-16,,2001-09-18,,,day,true,1073,false,false,https://upload.wikimedia.org/wikipedia/commons/thumb/f/f2/H._Russel_Holland.jpg/330px-H._Russel_Holland.jpg?utm_source=commons.wikimedia.org&utm_campaign=imageinfo&utm_content=thumbnail,https://commons.wikimedia.org/wiki/File:H._Russel_Holland.jpg,Public domain,fjc_bulk,
James Harvie Wilkinson III,ca4,circuit,Ronald Reagan,Republican,1984-01-30,1984-08-09,1984-08-13,,,,,day,true,2587,false,false,https://upload.wikimedia.org/wikipedia/commons/1/16/Wilbeck.jpg?utm_source=commons.wikimedia.org&utm_campaign=imageinfo&utm_content=thumbnail_unscaled,https://commons.wikimedia.org/wiki/File:Wilbeck.jpg,Public domain,fjc_bulk,
Ilana Kara Diamond Rovner,ilnd,district,Ronald Reagan,Republican,1984-06-19,1984-09-12,1984-09-12,,,1992-08-17,Appointment to Another Judicial Position,day,false,2066,,,https://upload.wikimedia.org/wikipedia/commons/d/df/Ilana_Diamond_Rovner%2C_U.S._Court_of_Appeals_Judge.jpg,"https://commons.wikimedia.org/wiki/File:Ilana_Diamond_Rovner,_U.S._Court_of_Appeals_Judge.jpg","Public domain — credit: U.S. District Court for the Northern District of Illinois, 17 U.S.C. §105",fjc_bulk,
Charles A. Legge,cand,district,Ronald Reagan,Republican,1984-06-19,1984-09-17,1984-09-18,,,2001-06-30,Retirement,day,false,1371,,,,,,fjc_bulk,
Marcel Livaudais Jr.,laed,district,Ronald Reagan,Republican,1984-06-19,1984-09-17,1984-09-18,,1996-12-31,2008-12-31,Retirement,day,false,1406,,,,,,fjc_bulk,
Anthony Joseph Scirica,paed,district,Ronald Reagan,Republican,1984-06-19,1984-09-17,1984-09-18,,,1987-09-11,Appointment to Another Judicial Position,day,false,2128,,,https://upload.wikimedia.org/wikipedia/commons/1/1c/Anthony_J._Scirica_Circuit_Judge.jpg?utm_source=commons.wikimedia.org&utm_campaign=imageinfo&utm_content=thumbnail_unscaled,https://commons.wikimedia.org/wiki/File:Anthony_J._Scirica_Circuit_Judge.jpg,Public domain,fjc_bulk,
Juan R. Torruella,ca1,circuit,Ronald Reagan,Republican,1984-08-01,1984-10-04,1984-10-04,,,2020-10-26,Death,day,false,2400,,,,,,fjc_bulk,
Emory Marlin Sneeden,ca4,circuit,Ronald Reagan,Republican,1984-08-01,1984-10-04,1984-10-04,,,1986-03-01,Resignation,day,false,2235,,,,,,fjc_bulk,
Herbert Theodore Milburn,ca6,circuit,Ronald Reagan,Republican,1984-09-06,1984-10-03,1984-10-04,,1996-07-01,2016-04-01,Death,day,false,1639,,,,,,fjc_bulk,
Cynthia Holcomb Hall,ca9,circuit,Ronald Reagan,Republican,1984-08-01,1984-10-03,1984-10-04,,1997-08-31,2011-02-26,Death,day,false,944,,,,,,fjc_bulk,
William Duffy Keller,cacd,district,Ronald Reagan,Republican,1984-09-11,1984-10-03,1984-10-04,,1999-10-29,2025-11-02,Death,day,false,1248,,,,,,fjc_bulk,
Charles Ronald Norgle Sr.,ilnd,district,Ronald Reagan,Republican,1984-09-10,1984-10-03,1984-10-04,,2022-10-04,,,day,true,1780,false,false,,,,fjc_bulk,
Richard Fred Suhrheinrich,mied,district,Ronald Reagan,Republican,1984-09-06,1984-10-03,1984-10-04,,,1990-07-13,Appointment to Another Judicial Position,day,false,2311,,,,,,fjc_bulk,
Howard D. McKibben,nvd,district,Ronald Reagan,Republican,1984-09-28,1984-10-04,1984-10-04,,2005-04-01,,,day,true,1569,false,false,https://upload.wikimedia.org/wikipedia/commons/a/a3/JudgeMcKibben.png?utm_source=commons.wikimedia.org&utm_campaign=imageinfo&utm_content=thumbnail_unscaled,https://commons.wikimedia.org/wiki/File:JudgeMcKibben.png,Public domain,fjc_bulk,
Thomas Aquinas Higgins,tnmd,district,Ronald Reagan,Republican,1984-09-06,1984-10-03,1984-10-04,,1999-02-28,2018-09-11,Death,day,false,1041,,,,,,fjc_bulk,
Walter Scott Smith Jr.,txwd,district,Ronald Reagan,Republican,1984-09-11,1984-10-03,1984-10-04,,,2016-09-14,Retirement,day,false,2230,,,,,,fjc_bulk,
Charles Edward Wiggins,ca9,circuit,Ronald Reagan,Republican,1984-08-01,1984-10-03,1984-10-11,,1996-12-31,2000-03-02,Death,day,false,2576,,,,,,fjc_bulk,
F. A. Little Jr.,lawd,district,Ronald Reagan,Republican,1984-09-11,1984-10-11,1984-10-12,,2002-05-30,2006-05-15,Retirement,day,false,1405,,,,,,fjc_bulk,
James Howard Jarvis II,tned,district,Ronald Reagan,Republican,1984-09-06,1984-10-11,1984-10-12,,2002-02-28,2007-06-06,Death,day,false,1167,,,,,,fjc_bulk,
Carol Los Mansmann,ca3,circuit,Ronald Reagan,Republican,1985-03-07,1985-04-03,1985-04-04,,,2002-03-09,Death,day,false,1474,,,,,,fjc_bulk,
Walter King Stapleton,ca3,circuit,Ronald Reagan,Republican,1985-03-27,1985-04-03,1985-04-04,,1999-06-02,2024-11-23,Death,day,false,2275,,,,,,fjc_bulk,
Edith Hollan Jones,ca5,circuit,Ronald Reagan,Republican,1985-02-27,1985-04-03,1985-04-04,,,,,day,true,1194,false,false,https://upload.wikimedia.org/wikipedia/commons/3/39/Edith_Jones_in_Iraq_%28cropped%29.jpg,https://commons.wikimedia.org/wiki/File:Edith_Jones_in_Iraq_(cropped).jpg,Public domain,fjc_bulk,
Frank Hoover Easterbrook,ca7,circuit,Ronald Reagan,Republican,1985-02-25,1985-04-03,1985-04-04,,,,,day,true,678,false,false,https://upload.wikimedia.org/wikipedia/commons/thumb/c/cd/JudgeEasterbrook.JPG/330px-JudgeEasterbrook.JPG?utm_source=commons.wikimedia.org&utm_campaign=imageinfo&utm_content=thumbnail,https://commons.wikimedia.org/wiki/File:JudgeEasterbrook.JPG,Public domain,fjc_bulk,
Melvin T. Brunetti,ca9,circuit,Ronald Reagan,Republican,1985-02-26,1985-04-03,1985-04-04,,1999-11-11,2009-10-30,Death,day,false,294,,,,,,fjc_bulk,
Thomas Joseph Aquilino Jr.,cit,specialized,Ronald Reagan,Republican,1985-02-25,1985-04-03,1985-04-04,,2004-12-10,,,day,true,3197,false,false,https://upload.wikimedia.org/wikipedia/commons/thumb/9/9d/Thomas_J_Aquilino_Jr.png/330px-Thomas_J_Aquilino_Jr.png?utm_source=commons.wikimedia.org&utm_campaign=imageinfo&utm_content=thumbnail,https://commons.wikimedia.org/wiki/File:Thomas_J_Aquilino_Jr.png,Public domain,fjc_bulk,
Ann Claire Williams,ilnd,district,Ronald Reagan,Republican,1985-03-13,1985-04-03,1985-04-04,,,1999-11-17,Appointment to Another Judicial Position,day,false,2591,,,,,,fjc_bulk,
James F. Holderman,ilnd,district,Ronald Reagan,Republican,1985-02-25,1985-04-03,1985-04-04,,2013-12-31,2015-06-01,Retirement,day,false,1072,,,,,,fjc_bulk,
Ronald Edward Meredith,kywd,district,Ronald Reagan,Republican,1985-02-27,1985-04-03,1985-04-04,,,1994-12-01,Death,day,false,1622,,,,,,fjc_bulk,
Mark Lawrence Wolf,mad,district,Ronald Reagan,Republican,1985-03-08,1985-04-03,1985-04-04,,2013-01-01,2025-11-07,Retirement,day,false,2629,,,,,,fjc_bulk,
William G. Young,mad,district,Ronald Reagan,Republican,1985-03-08,1985-04-03,1985-04-04,,2021-07-01,,,day,true,2678,false,false,https://upload.wikimedia.org/wikipedia/commons/5/5a/Judge_William_Young_%28cropped%29.jpg?utm_source=commons.wikimedia.org&utm_campaign=imageinfo&utm_content=thumbnail_unscaled,https://commons.wikimedia.org/wiki/File:Judge_William_Young_(cropped).jpg,Public domain,fjc_bulk,
George La Plata,mied,district,Ronald Reagan,Republican,1985-02-27,1985-04-03,1985-04-04,,,1996-08-03,Retirement,day,false,1339,,,,,,fjc_bulk,
Charles C. Lovell,mtd,district,Ronald Reagan,Republican,1985-03-27,1985-04-03,1985-04-04,,2000-06-14,2023-06-14,Death,day,false,1425,,,,,,fjc_bulk,
Alice Moore Batchelder,ohnd,district,Ronald Reagan,Republican,1985-02-28,1985-04-03,1985-04-04,,,1992-01-04,Appointment to Another Judicial Position,day,false,116,,,https://upload.wikimedia.org/wikipedia/commons/1/13/Alice_Batchelder_Circuit_Judge.jpg?utm_source=commons.wikimedia.org&utm_campaign=imageinfo&utm_content=thumbnail_unscaled,https://commons.wikimedia.org/wiki/File:Alice_Batchelder_Circuit_Judge.jpg,Public domain,fjc_bulk,
Herman Jacob Weber,ohsd,district,Ronald Reagan,Republican,1985-02-28,1985-04-03,1985-04-04,,2002-01-01,,,day,true,2528,false,false,https://upload.wikimedia.org/wikipedia/commons/4/46/Herman_J._Weber.jpg?utm_source=commons.wikimedia.org&utm_campaign=imageinfo&utm_content=thumbnail_unscaled,https://commons.wikimedia.org/wiki/File:Herman_J._Weber.jpg,Public domain,fjc_bulk,
Howell Cobb,txed,district,Ronald Reagan,Republican,1985-02-26,1985-04-03,1985-04-04,,2001-03-01,2005-09-16,Death,day,false,462,,,,,,fjc_bulk,
John Thomas Greene Jr.,utd,district,Ronald Reagan,Republican,1985-03-07,1985-04-03,1985-04-04,,1997-11-28,2011-02-11,Death,day,false,914,,,,,,fjc_bulk,
Carolyn R. Dimmick,wawd,district,Ronald Reagan,Republican,1985-03-07,1985-04-03,1985-04-04,,1997-11-01,2025-12-24,Death,day,false,622,,,,,,fjc_bulk,
Robert Allan Edgar,tned,district,Ronald Reagan,Republican,1985-02-26,1985-04-15,1985-04-16,,2005-10-07,,,day,true,686,false,false,https://upload.wikimedia.org/wikipedia/commons/7/75/R._Allan_Edgar.jpg?utm_source=commons.wikimedia.org&utm_campaign=imageinfo&utm_content=thumbnail_unscaled,https://commons.wikimedia.org/wiki/File:R._Allan_Edgar.jpg,Public domain,fjc_bulk,
John Carbone Porfilio,ca10,circuit,Ronald Reagan,Republican,1985-04-05,1985-05-03,1985-05-10,,1999-10-15,,,day,true,1915,false,false,,,,fjc_bulk,
Kenneth Francis Ripple,ca7,circuit,Ronald Reagan,Republican,1985-04-01,1985-05-03,1985-05-10,,2008-09-01,,,day,true,2015,false,false,,,,fjc_bulk,
George F. Gunn Jr.,moed,district,Ronald Reagan,Republican,1985-04-17,1985-05-03,1985-05-10,,1996-12-01,1998-05-20,Death,day,false,929,,,,,,fjc_bulk,
Joseph H. Rodriguez,njd,district,Ronald Reagan,Republican,1985-02-28,1985-05-03,1985-05-10,,1998-05-22,,,day,true,2037,false,false,https://upload.wikimedia.org/wikipedia/commons/thumb/2/2c/Joseph_H._Rodriguez.jpg/330px-Joseph_H._Rodriguez.jpg?utm_source=commons.wikimedia.org&utm_campaign=imageinfo&utm_content=thumbnail,https://commons.wikimedia.org/wiki/File:Joseph_H._Rodriguez.jpg,Public domain,fjc_bulk,
Sam Blakeley Hall Jr.,txed,district,Ronald Reagan,Republican,1985-04-17,1985-05-03,1985-05-10,,,1994-04-10,Death,day,false,950,,,,,,fjc_bulk,
Robert Cameron Broomfield,azd,district,Ronald Reagan,Republican,1985-05-15,1985-07-10,1985-07-11,,1999-08-12,2014-07-10,Death,day,false,277,,,,,,fjc_bulk,
Donald Ellsworth Walter,lawd,district,Ronald Reagan,Republican,1985-05-15,1985-07-10,1985-07-11,,2001-11-30,,,day,true,2493,false,false,,,,fjc_bulk,
Wayne Edward Alley,okwd,district,Ronald Reagan,Republican,1985-05-29,1985-07-10,1985-07-11,,1999-05-16,,,day,true,30,false,false,https://upload.wikimedia.org/wikipedia/commons/thumb/3/3c/Wayne_E_Alley.jpg/330px-Wayne_E_Alley.jpg?utm_source=commons.wikimedia.org&utm_campaign=imageinfo&utm_content=thumbnail,https://commons.wikimedia.org/wiki/File:Wayne_E_Alley.jpg,Public domain,fjc_bulk,
James Dale Todd,tnwd,district,Ronald Reagan,Republican,1985-06-05,1985-07-10,1985-07-11,,2008-05-20,,,day,true,2394,false,false,https://upload.wikimedia.org/wikipedia/commons/a/a0/James_Dale_Todd.jpg?utm_source=commons.wikimedia.org&utm_campaign=imageinfo&utm_content=thumbnail_unscaled,https://commons.wikimedia.org/wiki/File:James_Dale_Todd.jpg,Public domain,fjc_bulk,
"Smith, Loren Allan",uscfc,specialized,Ronald Reagan,Republican,1985-05-15,1985-07-10,1985-07-11,,2000-07-10,,,day,true,,,,,,,fjc_html,
Claude M. Hilton,vaed,district,Ronald Reagan,Republican,1985-05-15,1985-07-10,1985-07-11,,2005-12-31,,,day,true,1051,false,false,,,,fjc_bulk,
J. Frederick Motz,mdd,district,Ronald Reagan,Republican,1985-04-23,1985-07-11,1985-07-12,,2010-12-17,2023-10-23,Death,day,false,1706,,,,,,fjc_bulk,
Joseph James Farnan Jr.,ded,district,Ronald Reagan,Republican,1985-06-21,1985-07-16,1985-07-18,,,2010-07-31,Retirement,day,false,735,,,,,,fjc_bulk,
Stanley Marcus,flsd,district,Ronald Reagan,Republican,1985-06-20,1985-07-16,1985-07-18,,,1997-11-24,Appointment to Another Judicial Position,day,false,1477,,,,,,fjc_bulk,
Thomas Emerson Scott Jr.,flsd,district,Ronald Reagan,Republican,1985-06-20,1985-07-16,1985-07-18,,,1990-10-31,Resignation,day,false,2132,,,,,,fjc_bulk,
James Michael Rosenbaum,mnd,district,Ronald Reagan,Republican,1985-06-14,1985-07-16,1985-07-18,,2009-10-26,2010-08-25,Retirement,day,false,2049,,,,,,fjc_bulk,
Louis Lee Stanton,nysd,district,Ronald Reagan,Republican,1985-06-12,1985-07-16,1985-07-18,,1996-10-01,,,day,true,2274,false,false,,,,fjc_bulk,
Roger Gordon Strand,azd,district,Ronald Reagan,Republican,1985-06-25,1985-07-19,1985-07-22,,2000-04-28,2017-09-07,Death,day,false,2305,,,,,,fjc_bulk,
Roger Jeffrey Miner,ca2,circuit,Ronald Reagan,Republican,1985-06-25,1985-07-19,1985-07-22,,1997-01-01,2012-02-18,Death,day,false,1657,,,,,,fjc_bulk,
Roger Leland Wollman,ca8,circuit,Ronald Reagan,Republican,1985-06-25,1985-07-19,1985-07-22,,2018-12-14,,,day,true,2633,false,false,https://upload.wikimedia.org/wikipedia/commons/thumb/5/56/Roger_Leland_Wollman.jpg/330px-Roger_Leland_Wollman.jpg?utm_source=commons.wikimedia.org&utm_campaign=imageinfo&utm_content=thumbnail,https://commons.wikimedia.org/wiki/File:Roger_Leland_Wollman.jpg,Public domain,fjc_bulk,
Richard Henry Mills,ilcd,district,Ronald Reagan,Republican,1985-06-25,1985-07-19,1985-07-22,,1997-10-07,2023-07-16,Death,day,false,1655,,,,,,fjc_bulk,
John Mercer Walker Jr.,nysd,district,Ronald Reagan,Republican,1985-06-25,1985-07-19,1985-07-22,,,1989-12-19,Appointment to Another Judicial Position,day,false,2479,,,https://upload.wikimedia.org/wikipedia/commons/3/3f/John_M._Walker%2C_Jr..JPG?utm_source=commons.wikimedia.org&utm_campaign=imageinfo&utm_content=thumbnail_unscaled,"https://commons.wikimedia.org/wiki/File:John_M._Walker,_Jr..JPG",Public domain,fjc_bulk,
Stephen Hale Anderson,ca10,circuit,Ronald Reagan,Republican,1985-07-23,1985-10-16,1985-10-16,,2000-01-01,,,day,true,50,false,false,https://upload.wikimedia.org/wikipedia/commons/8/8f/Stephen-H-Anderson.jpg,https://commons.wikimedia.org/wiki/File:Stephen-H-Anderson.jpg,Free Art License — credit: orderinthecourt.org,fjc_bulk,
David Sam,utd,district,Ronald Reagan,Republican,1985-09-09,1985-10-16,1985-10-16,,1999-11-01,,,day,true,2090,false,false,,,,fjc_bulk,
David Aldrich Nelson,ca6,circuit,Ronald Reagan,Republican,1985-09-09,1985-10-16,1985-10-17,,1999-10-01,2010-10-01,Death,day,false,1740,,,,,,fjc_bulk,
James Leo Ryan,ca6,circuit,Ronald Reagan,Republican,1985-09-09,1985-10-16,1985-10-17,,2000-01-01,,,day,true,2081,false,false,https://upload.wikimedia.org/wikipedia/commons/1/1b/James_L._Ryan.JPG?utm_source=commons.wikimedia.org&utm_campaign=imageinfo&utm_content=thumbnail_unscaled,https://commons.wikimedia.org/wiki/File:James_L._Ryan.JPG,Public domain,fjc_bulk,
Ralph B. Guy Jr.,ca6,circuit,Ronald Reagan,Republican,1985-07-23,1985-10-16,1985-10-17,,1994-09-01,2026-04-20,Death,day,false,931,,,,,,fjc_bulk,
Ferdinand Francis Fernandez,cacd,district,Ronald Reagan,Republican,1985-07-19,1985-10-16,1985-10-17,,,1989-05-24,Appointment to Another Judicial Position,day,false,747,,,,,,fjc_bulk,
Stephen Victor Wilson,cacd,district,Ronald Reagan,Republican,1985-09-09,1985-10-16,1985-10-17,,,,,day,true,2611,false,false,,,,fjc_bulk,
Alan Harris Nevas,ctd,district,Ronald Reagan,Republican,1985-09-09,1985-10-16,1985-10-17,,1997-03-27,2009-02-02,Retirement,day,false,1750,,,,,,fjc_bulk,
Brian Barnett Duff,ilnd,district,Ronald Reagan,Republican,1985-08-01,1985-10-16,1985-10-17,,1996-10-30,2016-02-25,Death,day,false,655,,,,,,fjc_bulk,
Glen H. Davidson,msnd,district,Ronald Reagan,Republican,1985-07-23,1985-10-16,1985-10-17,,2007-06-01,,,day,true,564,false,false,,,,fjc_bulk,
Henry Travillion Wingate,mssd,district,Ronald Reagan,Republican,1985-09-11,1985-10-16,1985-10-17,,,,,day,true,2616,false,false,,,,fjc_bulk,
David Bryan Sentelle,ncwd,district,Ronald Reagan,Republican,1985-07-25,1985-10-16,1985-10-17,,,1987-10-19,Appointment to Another Judicial Position,day,false,2141,,,https://upload.wikimedia.org/wikipedia/commons/d/d2/David_B._Sentelle_Circuit_Judge.jpg?utm_source=commons.wikimedia.org&utm_campaign=imageinfo&utm_content=thumbnail_unscaled,https://commons.wikimedia.org/wiki/File:David_B._Sentelle_Circuit_Judge.jpg,Public domain,fjc_bulk,
Edmund V. Ludwig,paed,district,Ronald Reagan,Republican,1985-06-21,1985-10-16,1985-10-17,,1997-05-20,2016-05-17,Death,day,false,1435,,,,,,fjc_bulk,
Paul Neeley Brown,txed,district,Ronald Reagan,Republican,1985-09-11,1985-10-16,1985-10-17,,2001-04-01,2012-11-26,Death,day,false,287,,,,,,fjc_bulk,
Robert B. Maloney,txnd,district,Ronald Reagan,Republican,1985-07-23,1985-10-16,1985-10-17,,2000-08-31,,,day,true,1468,false,false,,,,fjc_bulk,
Alan Angus McDonald,waed,district,Ronald Reagan,Republican,1985-09-11,1985-10-16,1985-10-17,,1996-12-13,2007-07-26,Death,day,false,1542,,,,,,fjc_bulk,
Laurence Hirsch Silberman,cadc,circuit,Ronald Reagan,Republican,1985-09-11,1985-10-25,1985-10-28,,2000-11-01,2022-10-02,Death,day,false,2189,,,,,,fjc_bulk,
John Skylstead Rhoades Sr.,casd,district,Ronald Reagan,Republican,1985-09-27,1985-10-25,1985-10-28,,1995-11-04,2007-09-03,Death,day,false,1998,,,,,,fjc_bulk,
Lyle Elmer Strom,ned,district,Ronald Reagan,Republican,1985-09-27,1985-10-25,1985-10-28,,1995-11-02,2023-12-01,Death,day,false,2306,,,,,,fjc_bulk,
José Antonio Fusté,prd,district,Ronald Reagan,Republican,1985-09-27,1985-10-25,1985-10-28,,,2016-06-01,Retirement,day,false,808,,,,,,fjc_bulk,
Richard Howard Battey,sdd,district,Ronald Reagan,Republican,1985-09-27,1985-10-25,1985-10-28,,1999-01-01,2017-05-06,Death,day,false,117,,,,,,fjc_bulk,
Jane Richards Roth,ded,district,Ronald Reagan,Republican,1985-10-16,1985-11-01,1985-11-04,,,1991-07-22,Appointment to Another Judicial Position,day,false,2063,,,,,,fjc_bulk,
William J. Zloch,flsd,district,Ronald Reagan,Republican,1985-10-09,1985-11-01,1985-11-04,,2017-01-31,,,day,true,2688,false,false,,,,fjc_bulk,
Robert E. Cowen,njd,district,Ronald Reagan,Republican,1985-10-07,1985-11-01,1985-11-04,,,1987-11-16,Appointment to Another Judicial Position,day,false,520,,,https://upload.wikimedia.org/wikipedia/commons/thumb/6/6f/Judge_Robert_E._Cowen_2020.jpg/330px-Judge_Robert_E._Cowen_2020.jpg?utm_source=commons.wikimedia.org&utm_campaign=imageinfo&utm_content=thumbnail,https://commons.wikimedia.org/wiki/File:Judge_Robert_E._Cowen_2020.jpg,CC BY-SA 4.0 — credit: Evecowen,fjc_bulk,
Edward Robert Korman,nyed,district,Ronald Reagan,Republican,1985-10-02,1985-11-01,1985-11-04,,2007-10-25,,,day,true,1309,false,false,https://upload.wikimedia.org/wikipedia/commons/thumb/b/b1/Judge_Edward_R._Korman.jpg/330px-Judge_Edward_R._Korman.jpg?utm_source=commons.wikimedia.org&utm_campaign=imageinfo&utm_content=thumbnail,https://commons.wikimedia.org/wiki/File:Judge_Edward_R._Korman.jpg,"CC BY 2.0 — credit: Douglas Palmer from Brooklyn, NY, USA",fjc_bulk,
Alex Kozinski,ca9,circuit,Ronald Reagan,Republican,1985-06-05,1985-11-07,1985-11-07,,,2017-12-18,Retirement,day,false,1314,,,,,,fjc_bulk,
Deanell Reece Tacha,ca10,circuit,Ronald Reagan,Republican,1985-10-31,1985-12-16,1985-12-16,,2011-01-27,2011-06-01,Retirement,day,false,2330,,,,,,fjc_bulk,
Morris Sheppard Arnold,arw,district,Ronald Reagan,Republican,1985-10-23,1985-12-16,1985-12-17,,,1992-06-01,Appointment to Another Judicial Position,day,false,60,,,https://upload.wikimedia.org/wikipedia/commons/thumb/a/a9/Arnold%2Cmorris-portrait.gif/330px-Arnold%2Cmorris-portrait.gif?utm_source=commons.wikimedia.org&utm_campaign=imageinfo&utm_content=thumbnail,"https://commons.wikimedia.org/wiki/File:Arnold,morris-portrait.gif",Public domain,fjc_bulk,
Bobby Ray Baldock,ca10,circuit,Ronald Reagan,Republican,1985-10-07,1985-12-16,1985-12-17,,2001-01-26,,,day,true,82,false,false,https://upload.wikimedia.org/wikipedia/commons/3/3d/Bobby_R_Baldock.jpg?utm_source=commons.wikimedia.org&utm_campaign=imageinfo&utm_content=thumbnail_unscaled,https://commons.wikimedia.org/wiki/File:Bobby_R_Baldock.jpg,Public domain,fjc_bulk,
Frank X. Altimari,ca2,circuit,Ronald Reagan,Republican,1985-10-23,1985-12-16,1985-12-17,,1996-01-01,1998-07-19,Death,day,false,35,,,,,,fjc_bulk,
David R. Thompson,ca9,circuit,Ronald Reagan,Republican,1985-10-07,1985-12-16,1985-12-17,,1998-12-31,2011-02-19,Death,day,false,2374,,,,,,fjc_bulk,
John T. Noonan Jr.,ca9,circuit,Ronald Reagan,Republican,1985-10-16,1985-12-16,1985-12-17,,1996-12-27,2017-04-17,Death,day,false,1776,,,,,,fjc_bulk,
Dickran M. Tevrizian Jr.,cacd,district,Ronald Reagan,Republican,1985-11-07,1985-12-16,1985-12-17,,2005-08-05,2007-04-19,Retirement,day,false,2357,,,,,,fjc_bulk,
J[ohn] Spencer Letts,cacd,district,Ronald Reagan,Republican,1985-11-07,1985-12-16,1985-12-17,,2000-12-19,2014-11-10,Death,day,false,1383,,,,,,fjc_bulk,
James Lane Buckley,cadc,circuit,Ronald Reagan,Republican,1985-10-16,1985-12-17,1985-12-17,,1996-08-31,2023-08-18,Death,day,false,309,,,,,,fjc_bulk,
Glenn Leroy Archer Jr.,cafc,circuit,Ronald Reagan,Republican,1985-10-16,1985-12-16,1985-12-17,,1997-12-24,2011-07-27,Death,day,false,58,,,,,,fjc_bulk,
George Hughes Revercomb,dcd,district,Ronald Reagan,Republican,1985-11-07,1985-12-16,1985-12-17,,,1993-08-01,Death,day,false,1996,,,,,,fjc_bulk,
Stanley Sporkin,dcd,district,Ronald Reagan,Republican,1985-04-05,1985-12-16,1985-12-17,,1999-02-12,2000-01-15,Retirement,day,false,2255,,,,,,fjc_bulk,
Duross Fitzpatrick,gamd,district,Ronald Reagan,Republican,1985-11-14,1985-12-16,1985-12-17,,2001-02-01,2008-01-06,Death,day,false,764,,,,,,fjc_bulk,
Harry Daniel Leinenweber,ilnd,district,Ronald Reagan,Republican,1985-11-07,1985-12-16,1985-12-17,,2002-06-03,2024-06-11,Death,day,false,1374,,,,,,fjc_bulk,
Robert Lowell Miller Jr.,innd,district,Ronald Reagan,Republican,1985-10-23,1985-12-16,1985-12-17,,2016-01-11,,,day,true,1649,false,false,,,,fjc_bulk,
Patrick Anthony Conmy,ndd,district,Ronald Reagan,Republican,1985-10-16,1985-12-16,1985-12-17,,2000-01-05,,,day,true,492,false,false,,,,fjc_bulk,
Garrett E. Brown Jr.,njd,district,Ronald Reagan,Republican,1985-10-23,1985-12-16,1985-12-17,,2012-01-02,2012-01-26,Retirement,day,false,283,,,,,,fjc_bulk,
Lynn Nettleton Hughes,txsd,district,Ronald Reagan,Republican,1985-10-16,1985-12-16,1985-12-17,,2023-02-12,,,day,true,1114,false,false,https://upload.wikimedia.org/wikipedia/commons/7/7b/Lynn_Nettleton_Hughes.jpg?utm_source=commons.wikimedia.org&utm_campaign=imageinfo&utm_content=thumbnail_unscaled,https://commons.wikimedia.org/wiki/File:Lynn_Nettleton_Hughes.jpg,Public domain,fjc_bulk,
Alan Bond Johnson,wyd,district,Ronald Reagan,Republican,1985-10-22,1985-12-16,1985-12-17,,,,,day,true,1175,false,false,,,,fjc_bulk,
Walter J. Gex III,mssd,district,Ronald Reagan,Republican,1986-01-29,1986-02-25,1986-02-26,,2004-03-24,2020-11-12,Death,day,false,842,,,,,,fjc_bulk,
Frank J. Magill,ca8,circuit,Ronald Reagan,Republican,1986-01-21,1986-03-03,1986-03-04,,1997-04-01,2013-06-02,Death,day,false,1460,,,,,,fjc_bulk,
David Rasmussen Hansen,iand,district,Ronald Reagan,Republican,1986-02-03,1986-03-03,1986-03-04,,,1991-11-18,Appointment to Another Judicial Position,day,false,973,,,https://upload.wikimedia.org/wikipedia/commons/thumb/b/bf/David_R._Hansen_%28cropped%29.jpg/330px-David_R._Hansen_%28cropped%29.jpg?utm_source=commons.wikimedia.org&utm_campaign=imageinfo&utm_content=thumbnail,https://commons.wikimedia.org/wiki/File:David_R._Hansen_(cropped).jpg,Public domain,fjc_bulk,
Lawrence Paul Zatkoff,mied,district,Ronald Reagan,Republican,1986-01-21,1986-03-03,1986-03-04,,2004-06-16,2015-01-22,Death,day,false,2683,,,,,,fjc_bulk,
Thomas James McAvoy,nynd,district,Ronald Reagan,Republican,1986-01-29,1986-03-03,1986-03-04,,2003-09-17,,,day,true,1517,false,false,,,,fjc_bulk,
Miriam Goldman Cedarbaum,nysd,district,Ronald Reagan,Republican,1986-02-03,1986-03-03,1986-03-04,,1998-03-31,2016-02-05,Death,day,false,406,,,,,,fjc_bulk,
Ronald Rene Lagueux,rid,district,Ronald Reagan,Republican,1986-01-21,1986-03-03,1986-03-04,,2001-11-30,2023-05-03,Death,day,false,1328,,,,,,fjc_bulk,
Con. G. Cholakis,nynd,district,Ronald Reagan,Republican,1986-02-07,1986-03-14,1986-03-17,,1996-06-30,1996-12-01,Death,day,false,425,,,,,,fjc_bulk,
Raymond Joseph Dearie,nyed,district,Ronald Reagan,Republican,1986-02-03,1986-03-14,1986-03-19,,2011-04-03,,,day,true,593,false,false,,,,fjc_bulk,
Sidney Allen Fitzwater,txnd,district,Ronald Reagan,Republican,1986-01-29,1986-03-18,1986-03-19,,2018-09-22,,,day,true,765,false,false,https://upload.wikimedia.org/wikipedia/commons/3/30/Sidney_Fitzwater_%28cropped%29.jpg?utm_source=commons.wikimedia.org&utm_campaign=imageinfo&utm_content=thumbnail_unscaled,https://commons.wikimedia.org/wiki/File:Sidney_Fitzwater_(cropped).jpg,Public domain,fjc_bulk,
Danny Julian Boggs,ca6,circuit,Ronald Reagan,Republican,1986-01-29,1986-03-03,1986-03-25,,2017-02-28,,,day,true,202,false,false,https://upload.wikimedia.org/wikipedia/commons/6/66/Danny_Boggs_Circuit_Judge.jpg?utm_source=commons.wikimedia.org&utm_campaign=imageinfo&utm_content=thumbnail_unscaled,https://commons.wikimedia.org/wiki/File:Danny_Boggs_Circuit_Judge.jpg,Public domain,fjc_bulk,
John Daniel Mahoney,ca2,circuit,Ronald Reagan,Republican,1986-02-07,1986-03-27,1986-04-07,,,1996-10-23,Death,day,false,1466,,,,,,fjc_bulk,
Barbara Kloka Hackett,mied,district,Ronald Reagan,Republican,1986-02-11,1986-03-27,1986-04-07,,1997-04-08,2000-03-01,Retirement,day,false,932,,,,,,fjc_bulk,
"Bruggink, Eric Gerard",uscfc,specialized,Ronald Reagan,Republican,1986-01-21,1986-04-15,1986-04-16,,2001-04-16,,,day,true,,,,,,,fjc_html,
Kenneth L. Ryskamp,flsd,district,Ronald Reagan,Republican,1986-03-12,1986-04-23,1986-04-24,,2000-01-01,2017-11-15,Death,day,false,2084,,,,,,fjc_bulk,
James Larry Edmondson,ca11,circuit,Ronald Reagan,Republican,1986-03-26,1986-04-29,1986-05-07,,2012-07-15,,,day,true,689,false,false,,,,fjc_bulk,
Robert Jensen Bryan,wawd,district,Ronald Reagan,Republican,1986-02-03,1986-04-24,1986-05-07,,2000-11-01,,,day,true,300,false,false,https://upload.wikimedia.org/wikipedia/commons/thumb/2/29/Robert_J_Bryan.png/330px-Robert_J_Bryan.png?utm_source=commons.wikimedia.org&utm_campaign=imageinfo&utm_content=thumbnail,https://commons.wikimedia.org/wiki/File:Robert_J_Bryan.png,Public domain,fjc_bulk,
Andrew Jay Kleinfeld,akd,district,Ronald Reagan,Republican,1986-03-26,1986-05-14,1986-05-15,,,1991-10-07,Appointment to Another Judicial Position,day,false,1290,,,,,,fjc_bulk,
John G. Davies,cacd,district,Ronald Reagan,Republican,1986-04-22,1986-06-06,1986-06-09,,,1998-07-18,Retirement,day,false,567,,,,,,fjc_bulk,
Nicholas Tsoucalas,cit,specialized,Ronald Reagan,Republican,1985-09-11,1986-06-06,1986-06-09,,1996-09-30,2018-03-22,Death,day,false,3218,,,,,,fjc_bulk,
Patricia C. Fawsett,flmd,district,Ronald Reagan,Republican,1986-04-09,1986-06-06,1986-06-09,,2008-08-25,,,day,true,738,false,false,,,,fjc_bulk,
Alfred James Lechner Jr.,njd,district,Ronald Reagan,Republican,1986-04-08,1986-06-06,1986-06-09,,,2001-10-01,Resignation,day,false,1363,,,,,,fjc_bulk,
David Hittner,txsd,district,Ronald Reagan,Republican,1986-04-22,1986-06-06,1986-06-09,,2004-11-11,,,day,true,1056,false,false,https://upload.wikimedia.org/wikipedia/commons/1/11/David_Hittner.jpg?utm_source=commons.wikimedia.org&utm_campaign=imageinfo&utm_content=thumbnail_unscaled,https://commons.wikimedia.org/wiki/File:David_Hittner.jpg,Public domain,fjc_bulk,
William Walter Wilkins,ca4,circuit,Ronald Reagan,Republican,1986-06-03,1986-06-13,1986-06-16,,2007-07-01,2008-10-05,Retirement,day,false,2586,,,,,,fjc_bulk,
Stephen Fain Williams,cadc,circuit,Ronald Reagan,Republican,1986-02-19,1986-06-13,1986-06-16,,2001-09-30,2020-08-07,Death,day,false,2603,,,,,,fjc_bulk,
William Donald Stiehl,ilsd,district,Ronald Reagan,Republican,1986-05-14,1986-06-13,1986-06-16,,1996-11-30,2016-02-08,Death,day,false,2296,,,,,,fjc_bulk,
Douglas Preston Woodlock,mad,district,Ronald Reagan,Republican,1986-04-22,1986-06-13,1986-06-16,,2015-06-01,,,day,true,2643,false,false,https://upload.wikimedia.org/wikipedia/commons/0/00/Douglas_Woodlock.jpg?utm_source=commons.wikimedia.org&utm_campaign=imageinfo&utm_content=thumbnail_unscaled,https://commons.wikimedia.org/wiki/File:Douglas_Woodlock.jpg,Public domain,fjc_bulk,
John Edwards Conway,nmd,district,Ronald Reagan,Republican,1986-05-14,1986-06-13,1986-06-16,,2000-09-01,2014-06-01,Death,day,false,501,,,,,,fjc_bulk,
Edwin Michael Kosik,pamd,district,Ronald Reagan,Republican,1986-05-14,1986-06-13,1986-06-16,,1996-07-15,2019-06-13,Death,day,false,1312,,,,,,fjc_bulk,
Karen LeCraft Henderson,scd,district,Ronald Reagan,Republican,1986-06-03,1986-06-13,1986-06-16,,,1990-07-11,Appointment to Another Judicial Position,day,false,1023,,,,,,fjc_bulk,
Delwen Lowell Jensen,cand,district,Ronald Reagan,Republican,1986-06-02,1986-06-24,1986-06-25,,1997-06-27,2014-10-31,Retirement,day,false,1172,,,,,,fjc_bulk,
Alan Eugene Norris,ca6,circuit,Ronald Reagan,Republican,1986-04-22,1986-06-06,1986-07-01,,2001-07-01,,,day,true,1781,false,false,https://upload.wikimedia.org/wikipedia/commons/7/7a/Alan_E._Norris_-_59th_District_-_Ohio_House_of_Representatives_109th_General_Assembly_-_DPLA_-_5586be78567b1fe89fca76f0a79cfcb8_%28page_10%29_%28cropped%29.jpg?utm_source=commons.wikimedia.org&utm_campaign=imageinfo&utm_content=thumbnail_unscaled,https://commons.wikimedia.org/wiki/File:Alan_E._Norris_-_59th_District_-_Ohio_House_of_Representatives_109th_General_Assembly_-_DPLA_-_5586be78567b1fe89fca76f0a79cfcb8_(page_10)_(cropped).jpg,Public domain,fjc_bulk,
Daniel Anthony Manion,ca7,circuit,Ronald Reagan,Republican,1986-02-21,1986-06-26,1986-07-24,,2007-12-18,2024-08-31,Death,day,false,1470,,,,,,fjc_bulk,
Charles Ralph Simpson III,kywd,district,Ronald Reagan,Republican,1986-06-06,1986-08-01,1986-08-04,,2013-02-01,,,day,true,2196,false,false,,,,fjc_bulk,
Joel Fredrick Dubina,almd,district,Ronald Reagan,Republican,1986-07-30,1986-09-12,1986-09-15,,,1990-10-05,Appointment to Another Judicial Position,day,false,652,,,https://upload.wikimedia.org/wikipedia/commons/6/64/Joel_F._Dubina%2C_U.S._Court_of_Appeals_Judge.jpg?utm_source=commons.wikimedia.org&utm_campaign=imageinfo&utm_content=thumbnail_unscaled,"https://commons.wikimedia.org/wiki/File:Joel_F._Dubina,_U.S._Court_of_Appeals_Judge.jpg",Public domain,fjc_bulk,
Alan Cooke Kay,hid,district,Ronald Reagan,Republican,1986-07-03,1986-09-12,1986-09-15,,2000-01-02,2024-07-30,Death,day,false,1233,,,,,,fjc_bulk,
Richard B. McQuade Jr.,ohnd,district,Ronald Reagan,Republican,1986-07-28,1986-09-12,1986-09-15,,,1989-09-30,Resignation,day,false,1599,,,,,,fjc_bulk,
Antonin Scalia,scotus,scotus,Ronald Reagan,Republican,1986-06-24,1986-09-17,1986-09-25,,,2016-02-13,Death,day,false,2108,,,https://upload.wikimedia.org/wikipedia/commons/thumb/0/00/Antonin_Scalia_Official_SCOTUS_Portrait_crop.jpg/330px-Antonin_Scalia_Official_SCOTUS_Portrait_crop.jpg,https://commons.wikimedia.org/wiki/File:Antonin_Scalia_Official_SCOTUS_Portrait_crop.jpg,Public domain,fjc_bulk,
William Hubbs Rehnquist,scotus,scotus,Ronald Reagan,Republican,1986-06-20,1986-09-17,1986-09-25,,,2005-09-03,Death,day,false,1988,,,https://upload.wikimedia.org/wikipedia/commons/3/31/William_Rehnquist.jpg,https://commons.wikimedia.org/wiki/File:William_Rehnquist.jpg,Public domain,fjc_bulk,
Diarmuid Fionntain O'Scannlain,ca9,circuit,Ronald Reagan,Republican,1986-08-11,1986-09-25,1986-09-26,,2016-12-31,,,day,true,1803,true,false,https://upload.wikimedia.org/wikipedia/commons/5/51/Diarmuid_O%27Scannlain_Circuit_Judge.png?utm_source=commons.wikimedia.org&utm_campaign=imageinfo&utm_content=thumbnail_unscaled,https://commons.wikimedia.org/wiki/File:Diarmuid_O%27Scannlain_Circuit_Judge.png,Public domain,fjc_bulk,
Frederic N. Smalkin,mdd,district,Ronald Reagan,Republican,1986-08-15,1986-09-25,1986-09-26,,2003-01-08,2011-09-01,Retirement,day,false,2209,,,,,,fjc_bulk,
James L. Graham,ohsd,district,Ronald Reagan,Republican,1986-08-15,1986-09-25,1986-09-26,,2004-08-31,,,day,true,899,false,false,https://upload.wikimedia.org/wikipedia/commons/f/fe/James_L._Graham_fuzzy.jpg?utm_source=commons.wikimedia.org&utm_campaign=imageinfo&utm_content=thumbnail_unscaled,https://commons.wikimedia.org/wiki/File:James_L._Graham_fuzzy.jpg,Public domain,fjc_bulk,
Alex T. Howard Jr.,alsd,district,Ronald Reagan,Republican,1986-09-23,1986-10-08,1986-10-14,,1996-10-21,2011-02-10,Death,day,false,1101,,,,,,fjc_bulk,
Bruce Marshall Selya,ca1,circuit,Ronald Reagan,Republican,1986-09-26,1986-10-08,1986-10-14,,2006-12-31,2025-02-22,Death,day,false,2140,,,,,,fjc_bulk,
Douglas Howard Ginsburg,cadc,circuit,Ronald Reagan,Republican,1986-09-23,1986-10-08,1986-10-14,,2011-10-14,,,day,true,864,false,false,https://upload.wikimedia.org/wikipedia/commons/thumb/4/42/Ginsburg-Douglas.jpg/330px-Ginsburg-Douglas.jpg?utm_source=commons.wikimedia.org&utm_campaign=imageinfo&utm_content=thumbnail,https://commons.wikimedia.org/wiki/File:Ginsburg-Douglas.jpg,Public domain,fjc_bulk,
Patrick J. Duggan,mied,district,Ronald Reagan,Republican,1986-09-11,1986-10-08,1986-10-14,,2000-09-29,2020-03-18,Death,day,false,659,,,,,,fjc_bulk,
Joseph Fletcher Anderson Jr.,scd,district,Ronald Reagan,Republican,1986-09-26,1986-10-08,1986-10-14,,2014-11-16,,,day,true,47,false,false,https://upload.wikimedia.org/wikipedia/commons/thumb/b/b5/Joseph_Fletcher_Anderson_Jr.png/330px-Joseph_Fletcher_Anderson_Jr.png?utm_source=commons.wikimedia.org&utm_campaign=imageinfo&utm_content=thumbnail,https://commons.wikimedia.org/wiki/File:Joseph_Fletcher_Anderson_Jr.png,Public domain,fjc_bulk,
"Napier, John Light",uscfc,specialized,Ronald Reagan,Republican,1986-09-11,1986-10-08,1986-10-14,,,1989-12-31,left court (year per FJC listing),termination:year,false,,,,,,,fjc_html,Termination year from FJC listing service range; exact date not published there.
"Wiese, John Paul",uscfc,specialized,Ronald Reagan,Republican,1986-09-11,1986-10-08,1986-10-14,,2001-10-13,,,day,true,,,,,,,fjc_html,
James Randolph Spencer,vaed,district,Ronald Reagan,Republican,1986-09-09,1986-10-08,1986-10-14,,2014-03-25,2017-06-02,Retirement,day,false,2253,,,,,,fjc_bulk,
Morton Ira Greenberg,ca3,circuit,Ronald Reagan,Republican,1987-02-11,1987-03-20,1987-03-23,,2000-06-30,2021-01-28,Death,day,false,912,,,,,,fjc_bulk,
Edward Leavy,ca9,circuit,Ronald Reagan,Republican,1987-02-02,1987-03-20,1987-03-23,,1997-05-19,2023-03-12,Death,day,false,1362,,,,,,fjc_bulk,
Malcolm Francis Marsh,ord,district,Ronald Reagan,Republican,1987-02-02,1987-03-20,1987-03-24,,1998-04-16,2025-03-15,Death,day,false,1483,,,,,,fjc_bulk,
James Block Zagel,ilnd,district,Ronald Reagan,Republican,1987-02-02,1987-04-21,1987-04-22,,2016-10-21,2023-07-15,Death,day,false,2680,,,,,,fjc_bulk,
Ronald S. W. Lew,cacd,district,Ronald Reagan,Republican,1987-02-02,1987-05-07,1987-05-07,,2006-09-19,2023-05-19,Death,day,false,1390,,,,,,fjc_bulk,
Reena Raggi,nyed,district,Ronald Reagan,Republican,1987-01-20,1987-05-07,1987-05-07,,,2002-10-07,Appointment to Another Judicial Position,day,false,1954,,,https://upload.wikimedia.org/wikipedia/commons/a/a1/Judge_Reena_Raggi.jpg?utm_source=commons.wikimedia.org&utm_campaign=imageinfo&utm_content=thumbnail_unscaled,https://commons.wikimedia.org/wiki/File:Judge_Reena_Raggi.jpg,Public domain,fjc_bulk,
Richard Joseph Daronco,nysd,district,Ronald Reagan,Republican,1987-02-02,1987-05-07,1987-05-07,,,1988-05-21,Death,day,false,560,,,,,,fjc_bulk,
"Robinson, Wilkes Coleman",uscfc,specialized,Ronald Reagan,Republican,1987-02-02,1987-05-07,1987-05-07,,1997-07-31,2015-12-31,left court (year per FJC listing),termination:year,false,,,,,,,fjc_html,Termination year from FJC listing service range; exact date not published there.
David Singleton Doty,mnd,district,Ronald Reagan,Republican,1987-02-05,1987-05-07,1987-05-08,,1998-06-30,2026-06-27,Death,day,false,639,,,,,,fjc_bulk,
Michael Stephen Kanne,ca7,circuit,Ronald Reagan,Republican,1987-02-02,1987-05-19,1987-05-20,,,2022-06-16,Death,day,false,1225,,,,,,fjc_bulk,
James Henry Alesia,ilnd,district,Ronald Reagan,Republican,1987-02-02,1987-05-19,1987-05-20,,1998-02-01,2003-07-24,Death,day,false,25,,,,,,fjc_bulk,
"Andewelt, Roger Barry",uscfc,specialized,Ronald Reagan,Republican,1987-03-03,1987-05-19,1987-05-20,,,2001-12-31,left court (year per FJC listing),termination:year,false,,,,,,,fjc_html,Termination year from FJC listing service range; exact date not published there.
Joseph Peter Stadtmueller,wied,district,Ronald Reagan,Republican,1987-03-03,1987-05-19,1987-06-01,,,,,day,true,2262,false,false,,,,fjc_bulk,
Haldane Robert Mayer,cafc,circuit,Ronald Reagan,Republican,1987-02-03,1987-06-11,1987-06-15,,2010-06-30,,,day,true,1510,false,false,https://upload.wikimedia.org/wikipedia/commons/thumb/b/ba/Haldane_Robert_Mayer.jpg/330px-Haldane_Robert_Mayer.jpg?utm_source=commons.wikimedia.org&utm_campaign=imageinfo&utm_content=thumbnail,https://commons.wikimedia.org/wiki/File:Haldane_Robert_Mayer.jpg,CC BY-SA 4.0 — credit: BD2412,fjc_bulk,
Layn R. Phillips,okwd,district,Ronald Reagan,Republican,1987-02-02,1987-06-11,1987-06-15,,,1991-06-22,Resignation,day,false,1880,,,,,,fjc_bulk,
Robert F. Kelly,paed,district,Ronald Reagan,Republican,1987-05-01,1987-06-25,1987-06-26,,2001-07-17,,,day,true,1252,false,false,,,,fjc_bulk,
Robert Holmes Bell,miwd,district,Ronald Reagan,Republican,1987-03-11,1987-07-01,1987-07-02,,2017-01-31,2023-06-08,Death,day,false,148,,,,,,fjc_bulk,
"Turner, James Thomas",uscfc,specialized,Ronald Reagan,Republican,1987-04-23,1987-07-01,1987-07-02,,2002-07-02,,,day,true,,,,,,,fjc_html,
Larry J. McKinney,insd,district,Ronald Reagan,Republican,1987-05-05,1987-07-17,1987-07-20,,2009-07-04,2017-09-21,Death,day,false,1573,,,,,,fjc_bulk,
Philip Martin Pro,nvd,district,Ronald Reagan,Republican,1987-05-05,1987-07-22,1987-07-23,,2011-12-31,2015-01-23,Retirement,day,false,1942,,,,,,fjc_bulk,
Anthony Joseph Scirica,ca3,circuit,Ronald Reagan,Republican,1987-06-26,1987-08-05,1987-08-06,,2013-07-01,,,day,true,2128,false,false,https://upload.wikimedia.org/wikipedia/commons/1/1c/Anthony_J._Scirica_Circuit_Judge.jpg?utm_source=commons.wikimedia.org&utm_campaign=imageinfo&utm_content=thumbnail_unscaled,https://commons.wikimedia.org/wiki/File:Anthony_J._Scirica_Circuit_Judge.jpg,Public domain,fjc_bulk,
William D. Hutchinson,ca3,circuit,Ronald Reagan,Republican,1987-06-26,1987-08-05,1987-08-06,,,1995-10-08,Death,day,false,1137,,,,,,fjc_bulk,
Charles Robert Wolle,iasd,district,Ronald Reagan,Republican,1987-07-01,1987-08-05,1987-08-06,,2001-10-16,2022-12-06,Death,day,false,2631,,,,,,fjc_bulk,
Thomas Selby Ellis III,vaed,district,Ronald Reagan,Republican,1987-07-01,1987-08-05,1987-08-06,,2007-04-01,2025-07-30,Death,day,false,703,,,,,,fjc_bulk,
John Daniel Tinder,insd,district,Ronald Reagan,Republican,1987-06-02,1987-08-07,1987-08-10,,,2007-12-21,Appointment to Another Judicial Position,day,false,2392,,,,,,fjc_bulk,
David Bryan Sentelle,cadc,circuit,Ronald Reagan,Republican,1987-02-02,1987-09-09,1987-09-11,,2013-02-12,,,day,true,2141,false,false,https://upload.wikimedia.org/wikipedia/commons/d/d2/David_B._Sentelle_Circuit_Judge.jpg?utm_source=commons.wikimedia.org&utm_campaign=imageinfo&utm_content=thumbnail_unscaled,https://commons.wikimedia.org/wiki/File:David_B._Sentelle_Circuit_Judge.jpg,Public domain,fjc_bulk,
James Aubrey Parker,nmd,district,Ronald Reagan,Republican,1987-07-10,1987-11-05,1987-11-06,,2003-09-01,2022-09-16,Death,day,false,1837,,,,,,fjc_bulk,
David G. Larimer,nywd,district,Ronald Reagan,Republican,1987-05-05,1987-11-05,1987-11-06,,2009-03-03,,,day,true,1344,false,false,,,,fjc_bulk,
William Lloyd Standish,pawd,district,Ronald Reagan,Republican,1987-07-01,1987-11-05,1987-11-06,,2002-03-01,2015-01-01,Death,day,false,2271,,,,,,fjc_bulk,
Ernest C. Torres,rid,district,Ronald Reagan,Republican,1987-06-22,1987-11-05,1987-11-06,,2006-12-01,2011-06-01,Retirement,day,false,2399,,,,,,fjc_bulk,
William Lee Dwyer,wawd,district,Ronald Reagan,Republican,1987-07-28,1987-11-05,1987-11-06,,1998-12-01,2002-02-12,Death,day,false,672,,,,,,fjc_bulk,
Robert E. Cowen,ca3,circuit,Ronald Reagan,Republican,1987-08-07,1987-11-06,1987-11-09,,1998-09-04,,,day,true,520,false,false,https://upload.wikimedia.org/wikipedia/commons/thumb/6/6f/Judge_Robert_E._Cowen_2020.jpg/330px-Judge_Robert_E._Cowen_2020.jpg?utm_source=commons.wikimedia.org&utm_campaign=imageinfo&utm_content=thumbnail,https://commons.wikimedia.org/wiki/File:Judge_Robert_E._Cowen_2020.jpg,CC BY-SA 4.0 — credit: Evecowen,fjc_bulk,
C[larence] Arlen Beam,ca8,circuit,Ronald Reagan,Republican,1987-07-01,1987-11-06,1987-11-09,,2001-02-01,2025-10-31,Death,day,false,126,,,,,,fjc_bulk,
R. Kenton Musgrave,cit,specialized,Ronald Reagan,Republican,1987-07-01,1987-11-06,1987-11-09,,1997-11-14,2023-03-14,Death,day,false,3208,,,,,,fjc_bulk,
Nicholas H. Politan,njd,district,Ronald Reagan,Republican,1987-08-07,1987-11-06,1987-11-09,,,2002-01-04,Retirement,day,false,1901,,,,,,fjc_bulk,
Michael B. Mukasey,nysd,district,Ronald Reagan,Republican,1987-07-27,1987-11-06,1987-11-09,,2006-08-01,2006-09-09,Retirement,day,false,1711,,,,,,fjc_bulk,
George Curtis Smith,ohsd,district,Ronald Reagan,Republican,1987-07-01,1987-11-06,1987-11-09,,2002-01-01,2020-04-15,Death,day,false,2216,,,,,,fjc_bulk,
Royce C. Lamberth,dcd,district,Ronald Reagan,Republican,1987-03-19,1987-11-13,1987-11-16,,2013-07-15,,,day,true,1333,false,false,https://upload.wikimedia.org/wikipedia/commons/f/ff/Royce_Lamberth_Official_Photo_2009.jpg?utm_source=commons.wikimedia.org&utm_campaign=imageinfo&utm_content=thumbnail_unscaled,https://commons.wikimedia.org/wiki/File:Royce_Lamberth_Official_Photo_2009.jpg,Public domain,fjc_bulk,
Dean Whipple,mowd,district,Ronald Reagan,Republican,1987-09-14,1987-12-08,1987-12-09,,2007-04-30,,,day,true,2563,false,false,https://upload.wikimedia.org/wikipedia/commons/thumb/8/8a/Dean_Whipple.jpg/330px-Dean_Whipple.jpg?utm_source=commons.wikimedia.org&utm_campaign=imageinfo&utm_content=thumbnail,https://commons.wikimedia.org/wiki/File:Dean_Whipple.jpg,Public domain,fjc_bulk,
Alfred M. Wolin,njd,district,Ronald Reagan,Republican,1987-09-14,1987-12-08,1987-12-09,,2000-09-18,2004-06-30,Retirement,day,false,2630,,,,,,fjc_bulk,
Franklin Stuart Van Antwerpen,paed,district,Ronald Reagan,Republican,1987-09-11,1987-12-08,1987-12-09,,,2004-06-01,Appointment to Another Judicial Position,day,false,2437,,,,,,fjc_bulk,
Robert S. Gawthrop III,paed,district,Ronald Reagan,Republican,1987-09-30,1987-12-08,1987-12-09,,,1999-08-01,Death,day,false,830,,,,,,fjc_bulk,
Jerome Turner,tnwd,district,Ronald Reagan,Republican,1987-07-01,1987-12-08,1987-12-09,,,2000-02-12,Death,day,false,2424,,,,,,fjc_bulk,
Samuel Ray Cummings,txnd,district,Ronald Reagan,Republican,1987-07-31,1987-12-08,1987-12-09,,2014-12-31,,,day,true,541,false,false,,,,fjc_bulk,
Jerry Edwin Smith,ca5,circuit,Ronald Reagan,Republican,1987-06-02,1987-12-19,1987-12-21,,,,,day,true,2219,true,false,https://upload.wikimedia.org/wikipedia/commons/thumb/4/42/Judge_Jerry_Edwin_Smith.jpg/330px-Judge_Jerry_Edwin_Smith.jpg?utm_source=commons.wikimedia.org&utm_campaign=imageinfo&utm_content=thumbnail,https://commons.wikimedia.org/wiki/File:Judge_Jerry_Edwin_Smith.jpg,Public domain,fjc_bulk,
Rodney Scott Webb,ndd,district,Ronald Reagan,Republican,1987-05-05,1987-12-19,1987-12-21,,2001-12-31,2009-08-09,Death,day,false,2525,,,,,,fjc_bulk,
Kenneth Conboy,nysd,district,Ronald Reagan,Republican,1987-11-05,1987-12-19,1987-12-21,,,1993-12-31,Resignation,day,false,487,,,,,,fjc_bulk,
Anthony McLeod Kennedy,scotus,scotus,Ronald Reagan,Republican,1987-11-30,1988-02-03,1988-02-11,,2018-07-31,,,day,false,1256,,,https://upload.wikimedia.org/wikipedia/commons/thumb/2/20/Anthony_Kennedy_official_SCOTUS_portrait.jpg/330px-Anthony_Kennedy_official_SCOTUS_portrait.jpg,https://commons.wikimedia.org/wiki/File:Anthony_Kennedy_official_SCOTUS_portrait.jpg,Public domain,fjc_bulk,
Wade Brorby,ca10,circuit,Ronald Reagan,Republican,1987-08-07,1988-02-16,1988-02-17,,2001-05-25,,,day,true,278,false,false,https://upload.wikimedia.org/wikipedia/commons/thumb/8/8d/Wade_Brorby.png/330px-Wade_Brorby.png?utm_source=commons.wikimedia.org&utm_campaign=imageinfo&utm_content=thumbnail,https://commons.wikimedia.org/wiki/File:Wade_Brorby.png,Public domain,fjc_bulk,
Suzanne B. Conlon,ilnd,district,Ronald Reagan,Republican,1987-04-02,1988-02-19,1988-02-22,,2004-04-17,,,day,true,491,false,false,,,,fjc_bulk,
Edward Francis Harrington,mad,district,Ronald Reagan,Republican,1987-09-18,1988-02-19,1988-02-22,,2001-03-01,2025-03-07,Death,day,false,982,,,,,,fjc_bulk,
Paul Victor Niemeyer,mdd,district,Ronald Reagan,Republican,1987-09-11,1988-02-19,1988-02-22,,,1990-08-10,Appointment to Another Judicial Position,day,false,1766,,,https://upload.wikimedia.org/wikipedia/commons/f/fb/Paul_V._Niemeyer%2C_U.S._District_Court_Judge.jpg?utm_source=commons.wikimedia.org&utm_campaign=imageinfo&utm_content=thumbnail_unscaled,"https://commons.wikimedia.org/wiki/File:Paul_V._Niemeyer,_U.S._District_Court_Judge.jpg",Public domain,fjc_bulk,
Richard Joseph Arcara,nywd,district,Ronald Reagan,Republican,1987-08-07,1988-02-19,1988-02-22,,2015-01-03,,,day,true,55,false,false,https://upload.wikimedia.org/wikipedia/commons/thumb/0/0c/Richard_J_Arcara.jpg/330px-Richard_J_Arcara.jpg?utm_source=commons.wikimedia.org&utm_campaign=imageinfo&utm_content=thumbnail,https://commons.wikimedia.org/wiki/File:Richard_J_Arcara.jpg,Public domain,fjc_bulk,
Stephen M. Reasoner,are,district,Ronald Reagan,Republican,1987-12-19,1988-02-25,1988-02-26,,2002-09-19,2004-08-14,Death,day,false,1974,,,,,,fjc_bulk,
Rodolfo Lozano,innd,district,Ronald Reagan,Republican,1987-12-04,1988-02-25,1988-02-26,,2007-07-10,2018-07-11,Death,day,false,1432,,,,,,fjc_bulk,
Malcolm Jones Howard,nced,district,Ronald Reagan,Republican,1987-09-10,1988-02-25,1988-02-26,,2005-12-31,2025-01-12,Death,day,false,1104,,,,,,fjc_bulk,
Paul Redmond Michel,cafc,circuit,Ronald Reagan,Republican,1987-12-19,1988-02-29,1988-03-04,,,2010-05-31,Retirement,day,false,1633,,,,,,fjc_bulk,
Stephen S. Trott,ca9,circuit,Ronald Reagan,Republican,1987-08-07,1988-03-24,1988-03-25,,2004-12-31,,,day,true,2416,false,false,https://upload.wikimedia.org/wikipedia/commons/c/c9/Stephen_S._Trott_Circuit_Judge.jpg?utm_source=commons.wikimedia.org&utm_campaign=imageinfo&utm_content=thumbnail_unscaled,https://commons.wikimedia.org/wiki/File:Stephen_S._Trott_Circuit_Judge.jpg,Public domain,fjc_bulk,
George Michael Marovich,ilnd,district,Ronald Reagan,Republican,1988-02-02,1988-03-31,1988-04-01,,2000-01-02,,,day,true,1480,false,false,,,,fjc_bulk,
Kenneth M. Hoyt,txsd,district,Ronald Reagan,Republican,1987-11-24,1988-03-31,1988-04-01,,2013-03-02,,,day,true,1108,false,false,,,,fjc_bulk,
Emmett Ripley Cox,ca11,circuit,Ronald Reagan,Republican,1987-12-19,1988-04-15,1988-04-18,,2000-12-18,2021-03-03,Death,day,false,522,,,,,,fjc_bulk,
David M. Ebel,ca10,circuit,Ronald Reagan,Republican,1987-12-18,1988-04-19,1988-04-20,,2006-01-16,,,day,true,680,false,false,,,,fjc_bulk,
Jack Tarpley Camp Jr.,gand,district,Ronald Reagan,Republican,1987-12-18,1988-04-19,1988-04-20,,2008-12-31,2010-11-19,Retirement,day,false,360,,,,,,fjc_bulk,
Bernard A. Friedman,mied,district,Ronald Reagan,Republican,1988-02-02,1988-04-19,1988-04-20,,2009-01-01,,,day,true,800,false,false,https://upload.wikimedia.org/wikipedia/commons/thumb/5/57/BernardFriedman.jpg/330px-BernardFriedman.jpg?utm_source=commons.wikimedia.org&utm_campaign=imageinfo&utm_content=thumbnail,https://commons.wikimedia.org/wiki/File:BernardFriedman.jpg,Public domain,fjc_bulk,
Kimba Maureen Wood,nysd,district,Ronald Reagan,Republican,1987-12-18,1988-04-19,1988-04-20,,2009-06-01,,,day,true,2640,false,false,https://upload.wikimedia.org/wikipedia/commons/thumb/f/f8/Kimba_Wood_on_the_Final_Pretrial_Conference_and_the_Civil_Trial.jpg/330px-Kimba_Wood_on_the_Final_Pretrial_Conference_and_the_Civil_Trial.jpg?utm_source=commons.wikimedia.org&utm_campaign=imageinfo&utm_content=thumbnail,https://commons.wikimedia.org/wiki/File:Kimba_Wood_on_the_Final_Pretrial_Conference_and_the_Civil_Trial.jpg,CC BY 3.0 — credit: PublicResourceOrg,fjc_bulk,
Lowell A. Reed Jr.,paed,district,Ronald Reagan,Republican,1987-12-18,1988-04-19,1988-04-20,,1999-06-21,2020-04-11,Death,day,false,1982,,,,,,fjc_bulk,
Emilio M. Garza,txwd,district,Ronald Reagan,Republican,1988-02-02,1988-04-19,1988-04-20,,,1991-06-07,Appointment to Another Judicial Position,day,false,826,,,,,,fjc_bulk,
Thomas Samuel Zilly,wawd,district,Ronald Reagan,Republican,1988-02-16,1988-04-19,1988-04-20,,2004-01-01,,,day,true,2686,false,false,,,,fjc_bulk,
David Alan Ezra,hid,district,Ronald Reagan,Republican,1987-11-18,1988-05-19,1988-05-20,,2012-06-27,,,day,true,727,false,false,https://upload.wikimedia.org/wikipedia/commons/5/5b/David_A._Ezra%2C_U.S._District_Court_Judge.jpg?utm_source=commons.wikimedia.org&utm_campaign=imageinfo&utm_content=thumbnail_unscaled,"https://commons.wikimedia.org/wiki/File:David_A._Ezra,_U.S._District_Court_Judge.jpg",Public domain,fjc_bulk,
John C. Lifland,njd,district,Ronald Reagan,Republican,1988-02-29,1988-05-19,1988-05-20,,2001-06-15,2007-05-31,Retirement,day,false,1397,,,,,,fjc_bulk,
William G. Cambridge,ned,district,Ronald Reagan,Republican,1988-04-13,1988-05-27,1988-06-06,,,2000-07-11,Retirement,day,false,358,,,,,,fjc_bulk,
Richard A. Schell,txed,district,Ronald Reagan,Republican,1988-04-13,1988-05-27,1988-06-06,,2015-03-10,,,day,true,2113,false,false,,,,fjc_bulk,
Fern M. Smith,cand,district,Ronald Reagan,Republican,1988-05-09,1988-07-26,1988-07-27,,2003-05-15,2005-06-30,Retirement,day,false,2215,,,,,,fjc_bulk,
Karl Spillman Forester,kyed,district,Ronald Reagan,Republican,1988-03-30,1988-07-26,1988-07-27,,2005-05-02,2014-03-29,Death,day,false,780,,,,,,fjc_bulk,
Jan Ely DuBois,paed,district,Ronald Reagan,Republican,1988-05-10,1988-07-26,1988-07-27,,2002-04-15,2026-05-10,Death,day,false,653,,,,,,fjc_bulk,
Herbert J. Hutton,paed,district,Ronald Reagan,Republican,1988-05-17,1988-08-11,1988-08-12,,2003-09-06,2007-04-08,Death,day,false,1138,,,,,,fjc_bulk,
Simeon Timothy Lake III,txsd,district,Ronald Reagan,Republican,1988-03-30,1988-08-11,1988-08-12,,2019-07-05,,,day,true,1329,false,false,,,,fjc_bulk,
Robert Porter Patterson Jr.,nysd,district,Ronald Reagan,Republican,1988-06-14,1988-10-05,1988-10-06,,1998-12-31,2015-04-21,Death,day,false,1848,,,,,,fjc_bulk,
Charles Randolph Butler Jr.,alsd,district,Ronald Reagan,Republican,1988-04-28,1988-10-14,1988-10-17,,2005-03-28,,,day,true,334,false,false,https://upload.wikimedia.org/wikipedia/commons/thumb/d/d7/Charles_R_Butler_Jr.jpg/330px-Charles_R_Butler_Jr.jpg?utm_source=commons.wikimedia.org&utm_campaign=imageinfo&utm_content=thumbnail,https://commons.wikimedia.org/wiki/File:Charles_R_Butler_Jr.jpg,Public domain,fjc_bulk,
Richard Lowell Nygaard,ca3,circuit,Ronald Reagan,Republican,1988-05-25,1988-10-14,1988-10-17,,2005-07-09,,,day,true,1790,false,false,,,,fjc_bulk,
John Malcolm Duhe Jr.,ca5,circuit,Ronald Reagan,Republican,1988-06-27,1988-10-14,1988-10-17,,1999-04-07,2025-05-16,Death,day,false,660,,,,,,fjc_bulk,
Lewis Thornton Babcock,cod,district,Ronald Reagan,Republican,1988-06-23,1988-10-14,1988-10-17,,2008-04-04,,,day,true,74,false,false,https://upload.wikimedia.org/wikipedia/commons/thumb/8/82/Lewis_T_Babcock.png/330px-Lewis_T_Babcock.png?utm_source=commons.wikimedia.org&utm_campaign=imageinfo&utm_content=thumbnail,https://commons.wikimedia.org/wiki/File:Lewis_T_Babcock.png,Public domain,fjc_bulk,
Paul V. Gadola,mied,district,Ronald Reagan,Republican,1987-04-23,1988-10-14,1988-10-17,,2001-01-31,2014-12-26,Death,day,false,810,,,,,,fjc_bulk,
Norwood Carlton Tilley Jr.,ncmd,district,Ronald Reagan,Republican,1988-04-26,1988-10-14,1988-10-17,,2008-12-16,,,day,true,2388,false,false,,,,fjc_bulk,
Richard Lesley Voorhees,ncwd,district,Ronald Reagan,Republican,1987-07-31,1988-10-14,1988-10-17,,2017-08-31,,,day,true,2468,false,false,,,,fjc_bulk,
Jay Carl Waldman,paed,district,Ronald Reagan,Republican,1988-08-03,1988-10-14,1988-10-17,,,2003-05-30,Death,day,false,2476,,,,,,fjc_bulk,
D[avid] Brooks Smith,pawd,district,Ronald Reagan,Republican,1988-07-28,1988-10-14,1988-10-17,,,2002-09-23,Appointment to Another Judicial Position,day,false,2213,,,https://upload.wikimedia.org/wikipedia/commons/thumb/5/59/Judge_D._Brooks_Smith.jpg/330px-Judge_D._Brooks_Smith.jpg?utm_source=commons.wikimedia.org&utm_campaign=imageinfo&utm_content=thumbnail,https://commons.wikimedia.org/wiki/File:Judge_D._Brooks_Smith.jpg,Public domain,fjc_bulk,
Robert Leon Jordan,tned,district,Ronald Reagan,Republican,1988-07-25,1988-10-14,1988-10-17,,2001-11-30,2024-02-27,Death,day,false,1210,,,,,,fjc_bulk,
Ferdinand Francis Fernandez,ca9,circuit,George H.W. Bush,Republican,1989-02-28,1989-05-18,1989-05-22,,2002-06-01,,,day,true,747,false,false,,,,fjc_bulk,
Pamela Ann Rymer,ca9,circuit,George H.W. Bush,Republican,1989-02-28,1989-05-18,1989-05-22,,,2011-09-21,Death,day,false,2083,,,,,,fjc_bulk,
Melinda Harmon,txsd,district,George H.W. Bush,Republican,1989-02-28,1989-05-18,1989-05-22,,2018-03-31,,,day,true,980,false,false,,,,fjc_bulk,
Robert C. Bonner,cacd,district,George H.W. Bush,Republican,1989-02-28,1989-05-18,1989-05-24,,,1990-08-12,Resignation,day,false,209,,,,,,fjc_bulk,
Marvin J. Garbis,mdd,district,George H.W. Bush,Republican,1989-08-04,1989-10-24,1989-10-25,,2003-06-14,2018-06-26,Retirement,day,false,815,,,,,,fjc_bulk,
Rebecca Beach Smith,vaed,district,George H.W. Bush,Republican,1989-08-04,1989-10-24,1989-10-25,,2019-08-01,,,day,true,2225,false,false,https://upload.wikimedia.org/wikipedia/commons/thumb/8/8b/JudgeRSmith.jpg/330px-JudgeRSmith.jpg?utm_source=commons.wikimedia.org&utm_campaign=imageinfo&utm_content=thumbnail,https://commons.wikimedia.org/wiki/File:JudgeRSmith.jpg,Public domain,fjc_bulk,
George Wakem Lindberg,ilnd,district,George H.W. Bush,Republican,1989-09-21,1989-11-03,1989-11-06,,2001-06-21,2019-03-19,Death,day,false,1399,,,,,,fjc_bulk,
S. Jay Plager,cafc,circuit,George H.W. Bush,Republican,1989-09-12,1989-11-08,1989-11-11,,2000-11-30,,,day,true,1893,false,false,https://upload.wikimedia.org/wikipedia/commons/thumb/e/e0/S._Jay_Plager_1987.jpg/330px-S._Jay_Plager_1987.jpg?utm_source=commons.wikimedia.org&utm_campaign=imageinfo&utm_content=thumbnail,https://commons.wikimedia.org/wiki/File:S._Jay_Plager_1987.jpg,Public domain,fjc_bulk,
Conrad Keefe Cyr,ca1,circuit,George H.W. Bush,Republican,1989-08-04,1989-10-24,1989-11-20,,1997-01-31,2016-07-28,Death,day,false,552,,,,,,fjc_bulk,
John Mercer Walker Jr.,ca2,circuit,George H.W. Bush,Republican,1989-09-21,1989-11-22,1989-11-27,,2006-09-30,,,day,true,2479,false,false,https://upload.wikimedia.org/wikipedia/commons/3/3f/John_M._Walker%2C_Jr..JPG?utm_source=commons.wikimedia.org&utm_campaign=imageinfo&utm_content=thumbnail_unscaled,"https://commons.wikimedia.org/wiki/File:John_M._Walker,_Jr..JPG",Public domain,fjc_bulk,
Vaughn R. Walker,cand,district,George H.W. Bush,Republican,1989-09-07,1989-11-22,1989-11-27,,,2011-02-28,Retirement,day,false,2483,,,,,,fjc_bulk,
Edward Willis Nottingham Jr.,cod,district,George H.W. Bush,Republican,1989-10-20,1989-11-21,1989-11-27,,,2008-10-29,Resignation,day,false,1786,,,,,,fjc_bulk,
Edward J. Lodge,idd,district,George H.W. Bush,Republican,1989-10-30,1989-11-21,1989-11-27,,2015-07-03,,,day,true,1411,false,false,https://upload.wikimedia.org/wikipedia/commons/thumb/4/4d/Edward_J._Lodge.jpg/330px-Edward_J._Lodge.jpg?utm_source=commons.wikimedia.org&utm_campaign=imageinfo&utm_content=thumbnail,https://commons.wikimedia.org/wiki/File:Edward_J._Lodge.jpg,Public domain,fjc_bulk,
Arthur Donald Spatt,nyed,district,George H.W. Bush,Republican,1989-10-25,1989-11-21,1989-11-27,,2004-12-01,2020-06-12,Death,day,false,2248,,,,,,fjc_bulk,
G[eorge] Thomas VanBebber,ksd,district,George H.W. Bush,Republican,1989-09-13,1989-11-21,1989-12-08,,2000-12-31,2005-05-26,Death,day,false,2439,,,,,,fjc_bulk,
Edwin L. Nelson,alnd,district,George H.W. Bush,Republican,1989-09-13,1990-01-23,1990-01-24,,,2003-05-17,Death,day,false,1743,,,,,,fjc_bulk,
Susan Webber Wright,are,district,George H.W. Bush,Republican,1989-09-21,1990-01-23,1990-01-24,,2013-08-22,,,day,true,2664,false,false,,,,fjc_bulk,
Susan Webber Wright,arw,district,George H.W. Bush,Republican,1989-09-21,1990-01-23,1990-01-24,,,1990-12-01,Reassignment,day,false,2664,,,,,,fjc_bulk,
Clarence Thomas,cadc,circuit,George H.W. Bush,Republican,1989-10-30,1990-03-06,1990-03-06,,,1991-10-23,Appointment to Another Judicial Position,day,false,2362,,,https://upload.wikimedia.org/wikipedia/commons/thumb/5/58/Clarence_Thomas_official_SCOTUS_portrait.jpg/330px-Clarence_Thomas_official_SCOTUS_portrait.jpg?utm_source=commons.wikimedia.org&utm_campaign=imageinfo&utm_content=thumbnail,https://commons.wikimedia.org/wiki/File:Clarence_Thomas_official_SCOTUS_portrait.jpg,Public domain,fjc_bulk,
Jacques Loeb Wiener Jr.,ca5,circuit,George H.W. Bush,Republican,1989-11-17,1990-03-09,1990-03-12,,2010-09-30,,,day,true,2575,false,false,,,,fjc_bulk,
Rhesa Hawkins Barksdale,ca5,circuit,George H.W. Bush,Republican,1989-11-17,1990-03-09,1990-03-12,,2009-08-08,,,day,true,98,false,false,,,,fjc_bulk,
Gerald Ellis Rosen,mied,district,George H.W. Bush,Republican,1989-11-09,1990-03-09,1990-03-12,,2016-10-26,2017-01-31,Retirement,day,false,2047,,,,,,fjc_bulk,
Ronald Lawrence Buckwalter,paed,district,George H.W. Bush,Republican,1989-11-17,1990-03-09,1990-03-12,,2003-12-11,,,day,true,311,false,false,https://upload.wikimedia.org/wikipedia/commons/d/df/Ronald_L_Buchwalter.jpg?utm_source=commons.wikimedia.org&utm_campaign=imageinfo&utm_content=thumbnail_unscaled,https://commons.wikimedia.org/wiki/File:Ronald_L_Buchwalter.jpg,Public domain,fjc_bulk,
Donald John Lee,pawd,district,George H.W. Bush,Republican,1989-11-09,1990-03-09,1990-03-12,,2000-04-06,2011-03-17,Death,day,false,1366,,,,,,fjc_bulk,
Alan David Lourie,cafc,circuit,George H.W. Bush,Republican,1990-01-24,1990-04-05,1990-04-06,,,,,day,true,1423,false,false,https://upload.wikimedia.org/wikipedia/commons/thumb/4/4c/Alan_David_Lourie_%28cropped%29.jpg/330px-Alan_David_Lourie_%28cropped%29.jpg?utm_source=commons.wikimedia.org&utm_campaign=imageinfo&utm_content=thumbnail,https://commons.wikimedia.org/wiki/File:Alan_David_Lourie_(cropped).jpg,Public domain,fjc_bulk,
Daniel B. Sparr,cod,district,George H.W. Bush,Republican,1990-01-24,1990-04-05,1990-04-06,,2001-05-01,2006-11-09,Death,day,false,2247,,,,,,fjc_bulk,
Norman H. Stahl,nhd,district,George H.W. Bush,Republican,1990-01-24,1990-04-05,1990-04-06,,,1992-06-30,Appointment to Another Judicial Position,day,false,2267,,,,,,fjc_bulk,
John S. Martin Jr.,nysd,district,George H.W. Bush,Republican,1990-01-24,1990-04-05,1990-04-06,,2003-05-31,2003-09-30,Retirement,day,false,1496,,,,,,fjc_bulk,
David Hackett Souter,ca1,circuit,George H.W. Bush,Republican,1990-01-24,1990-04-27,1990-04-30,,,1990-10-09,Appointment to Another Judicial Position,day,false,2244,,,https://upload.wikimedia.org/wikipedia/commons/thumb/2/2f/DavidSouter.jpg/330px-DavidSouter.jpg,https://commons.wikimedia.org/wiki/File:DavidSouter.jpg,Public domain,fjc_bulk,
Samuel A. Alito Jr.,ca3,circuit,George H.W. Bush,Republican,1990-02-20,1990-04-27,1990-04-30,,,2006-01-31,Appointment to Another Judicial Position,day,false,26,,,https://upload.wikimedia.org/wikipedia/commons/4/4f/Justice_Alito_official.jpg?utm_source=commons.wikimedia.org&utm_campaign=imageinfo&utm_content=thumbnail_unscaled,https://commons.wikimedia.org/wiki/File:Justice_Alito_official.jpg,Public domain,fjc_bulk,
Raymond Charles Clevenger III,cafc,circuit,George H.W. Bush,Republican,1990-01-24,1990-04-27,1990-04-30,,2006-02-01,,,day,true,456,false,false,https://upload.wikimedia.org/wikipedia/commons/thumb/4/45/Raymond_C._Clevenger_%28cropped%29.jpg/330px-Raymond_C._Clevenger_%28cropped%29.jpg?utm_source=commons.wikimedia.org&utm_campaign=imageinfo&utm_content=thumbnail,https://commons.wikimedia.org/wiki/File:Raymond_C._Clevenger_(cropped).jpg,Public domain,fjc_bulk,
Joseph Martin Hood,kyed,district,George H.W. Bush,Republican,1990-01-24,1990-04-27,1990-04-30,,2007-10-14,,,day,true,1088,false,false,https://upload.wikimedia.org/wikipedia/commons/6/6e/Joseph_M._Hood_portrait_2007.jpg?utm_source=commons.wikimedia.org&utm_campaign=imageinfo&utm_content=thumbnail_unscaled,https://commons.wikimedia.org/wiki/File:Joseph_M._Hood_portrait_2007.jpg,Public domain,fjc_bulk,
David Brock Hornby,med,district,George H.W. Bush,Republican,1990-03-06,1990-04-27,1990-04-30,,2010-05-01,,,day,true,1095,false,false,https://upload.wikimedia.org/wikipedia/commons/thumb/6/69/D._Brock_Hornby.jpg/330px-D._Brock_Hornby.jpg?utm_source=commons.wikimedia.org&utm_campaign=imageinfo&utm_content=thumbnail,https://commons.wikimedia.org/wiki/File:D._Brock_Hornby.jpg,Public domain,fjc_bulk,
Lawrence M. McKenna,nysd,district,George H.W. Bush,Republican,1990-01-24,1990-04-27,1990-04-30,,2002-05-24,2023-02-03,Death,day,false,1567,,,,,,fjc_bulk,
Robert Edward Jones,ord,district,George H.W. Bush,Republican,1990-02-20,1990-04-27,1990-04-30,,2000-05-01,2025-03-29,Death,day,false,1203,,,,,,fjc_bulk,
James Focht McClure Jr.,pamd,district,George H.W. Bush,Republican,1990-01-24,1990-04-27,1990-04-30,,2001-04-07,2010-12-17,Death,day,false,1529,,,,,,fjc_bulk,
James Keith Singleton Jr.,akd,district,George H.W. Bush,Republican,1990-01-24,1990-05-11,1990-05-14,,2005-01-27,,,day,true,2198,false,false,https://upload.wikimedia.org/wikipedia/commons/thumb/f/fd/James_Keith_Singleton.jpg/330px-James_Keith_Singleton.jpg?utm_source=commons.wikimedia.org&utm_campaign=imageinfo&utm_content=thumbnail,https://commons.wikimedia.org/wiki/File:James_Keith_Singleton.jpg,Public domain,fjc_bulk,
Richard W. Vollmer Jr.,alsd,district,George H.W. Bush,Republican,1990-03-30,1990-05-11,1990-05-14,,2000-12-31,2003-03-20,Death,day,false,2465,,,,,,fjc_bulk,
Stanley F. Birch Jr.,ca11,circuit,George H.W. Bush,Republican,1990-03-22,1990-05-11,1990-05-14,,,2010-08-29,Retirement,day,false,176,,,,,,fjc_bulk,
William M. Nickerson,mdd,district,George H.W. Bush,Republican,1990-01-24,1990-05-11,1990-05-14,,2002-06-11,,,day,true,1761,false,false,https://upload.wikimedia.org/wikipedia/commons/thumb/a/ad/William_M._Nickerson%2C_U.S._District_Court_Judge.jpg/330px-William_M._Nickerson%2C_U.S._District_Court_Judge.jpg?utm_source=commons.wikimedia.org&utm_campaign=imageinfo&utm_content=thumbnail,"https://commons.wikimedia.org/wiki/File:William_M._Nickerson,_U.S._District_Court_Judge.jpg",Public domain,fjc_bulk,
Jack D. Shanstrom,mtd,district,George H.W. Bush,Republican,1990-02-23,1990-05-11,1990-05-14,,2001-01-30,2020-01-13,Death,day,false,2158,,,,,,fjc_bulk,
John David Rainey,txsd,district,George H.W. Bush,Republican,1990-01-24,1990-05-11,1990-05-14,,2010-06-11,,,day,true,1956,false,false,,,,fjc_bulk,
Samuel Grayson Wilson,vawd,district,George H.W. Bush,Republican,1990-03-06,1990-05-11,1990-05-14,,,2014-07-31,Retirement,day,false,2609,,,,,,fjc_bulk,
Stephen M. McNamee,azd,district,George H.W. Bush,Republican,1990-02-20,1990-05-11,1990-06-04,,2007-10-01,,,day,true,1592,false,false,https://upload.wikimedia.org/wikipedia/commons/thumb/b/b8/Stephen_M._McNamee_by_Gage_Skidmore.jpg/330px-Stephen_M._McNamee_by_Gage_Skidmore.jpg?utm_source=commons.wikimedia.org&utm_campaign=imageinfo&utm_content=thumbnail,https://commons.wikimedia.org/wiki/File:Stephen_M._McNamee_by_Gage_Skidmore.jpg,CC BY-SA 3.0 — credit: Gage Skidmore,fjc_bulk,
Robert Hardy Cleland,mied,district,George H.W. Bush,Republican,1990-02-20,1990-06-18,1990-06-19,,2013-02-28,,,day,true,453,false,false,https://upload.wikimedia.org/wikipedia/commons/2/21/Robert_H._Cleland.jpg?utm_source=commons.wikimedia.org&utm_campaign=imageinfo&utm_content=thumbnail_unscaled,https://commons.wikimedia.org/wiki/File:Robert_H._Cleland.jpg,Public domain,fjc_bulk,
Karen LeCraft Henderson,cadc,circuit,George H.W. Bush,Republican,1990-05-08,1990-06-28,1990-07-05,,,,,day,true,1023,false,false,,,,fjc_bulk,
Richard Fred Suhrheinrich,ca6,circuit,George H.W. Bush,Republican,1990-04-18,1990-06-28,1990-07-10,,2001-08-15,,,day,true,2311,false,false,,,,fjc_bulk,
David C. Norton,scd,district,George H.W. Bush,Republican,1990-04-18,1990-06-28,1990-07-12,,,,,day,true,1785,false,false,,,,fjc_bulk,
Frederick Pfarr Stamp Jr.,wvnd,district,George H.W. Bush,Republican,1990-05-11,1990-06-28,1990-07-12,,2006-11-01,,,day,true,2270,false,false,,,,fjc_bulk,
Arthur Raymond Randolph,cadc,circuit,George H.W. Bush,Republican,1990-05-08,1990-07-13,1990-07-16,,2008-11-01,,,day,true,1964,false,false,https://upload.wikimedia.org/wikipedia/commons/thumb/c/ce/Arthur_Raymond_Randolph.jpg/330px-Arthur_Raymond_Randolph.jpg?utm_source=commons.wikimedia.org&utm_campaign=imageinfo&utm_content=thumbnail,https://commons.wikimedia.org/wiki/File:Arthur_Raymond_Randolph.jpg,Public domain,fjc_bulk,
Federico A. Moreno,flsd,district,George H.W. Bush,Republican,1990-06-05,1990-07-13,1990-07-16,,2020-07-17,,,day,true,1684,false,false,,,,fjc_bulk,
Paul Victor Niemeyer,ca4,circuit,George H.W. Bush,Republican,1990-05-11,1990-08-03,1990-08-07,,,,,day,true,1766,false,false,https://upload.wikimedia.org/wikipedia/commons/f/fb/Paul_V._Niemeyer%2C_U.S._District_Court_Judge.jpg?utm_source=commons.wikimedia.org&utm_campaign=imageinfo&utm_content=thumbnail_unscaled,"https://commons.wikimedia.org/wiki/File:Paul_V._Niemeyer,_U.S._District_Court_Judge.jpg",Public domain,fjc_bulk,
Michael Boudin,dcd,district,George H.W. Bush,Republican,1990-05-18,1990-08-03,1990-08-07,,,1992-01-31,Resignation,day,false,218,,,,,,fjc_bulk,
Carol Bagley Amon,nyed,district,George H.W. Bush,Republican,1990-05-18,1990-08-03,1990-08-07,,2016-11-30,,,day,true,39,false,false,https://upload.wikimedia.org/wikipedia/commons/thumb/1/1e/Judge_Carol_Bagley_Amon.jpg/330px-Judge_Carol_Bagley_Amon.jpg?utm_source=commons.wikimedia.org&utm_campaign=imageinfo&utm_content=thumbnail,https://commons.wikimedia.org/wiki/File:Judge_Carol_Bagley_Amon.jpg,"CC BY 2.0 — credit: Douglas Palmer from Brooklyn, NY, USA",fjc_bulk,
William M. Skretny,nywd,district,George H.W. Bush,Republican,1990-06-12,1990-08-03,1990-08-07,,2015-03-08,,,day,true,2205,false,false,,,,fjc_bulk,
John H. McBryde,txnd,district,George H.W. Bush,Republican,1990-05-11,1990-08-03,1990-08-07,,2018-10-09,2022-12-25,Death,day,false,1518,,,,,,fjc_bulk,
Fred I. Parker,vtd,district,George H.W. Bush,Republican,1990-06-21,1990-08-03,1990-08-07,,,1994-10-11,Appointment to Another Judicial Position,day,false,1835,,,,,,fjc_bulk,
Randall Ray Rader,cafc,circuit,George H.W. Bush,Republican,1990-06-12,1990-08-03,1990-08-09,,,2014-06-30,Retirement,day,false,1952,,,,,,fjc_bulk,
Graham Calder Mullen,ncwd,district,George H.W. Bush,Republican,1990-02-20,1990-09-10,1990-09-11,,2005-12-01,,,day,true,1712,false,false,,,,fjc_bulk,
Joel Fredrick Dubina,ca11,circuit,George H.W. Bush,Republican,1990-06-07,1990-09-28,1990-10-01,,2013-10-26,,,day,true,652,false,false,https://upload.wikimedia.org/wikipedia/commons/6/64/Joel_F._Dubina%2C_U.S._Court_of_Appeals_Judge.jpg?utm_source=commons.wikimedia.org&utm_campaign=imageinfo&utm_content=thumbnail_unscaled,"https://commons.wikimedia.org/wiki/File:Joel_F._Dubina,_U.S._Court_of_Appeals_Judge.jpg",Public domain,fjc_bulk,
Gary L. Taylor,cacd,district,George H.W. Bush,Republican,1990-08-03,1990-09-28,1990-10-01,,2004-12-08,2005-07-01,Retirement,day,false,2347,,,,,,fjc_bulk,
David F. Levi,caed,district,George H.W. Bush,Republican,1990-08-03,1990-09-28,1990-10-01,,,2007-06-30,Resignation,day,false,1387,,,,,,fjc_bulk,
William B. Shubb,caed,district,George H.W. Bush,Republican,1990-08-03,1990-09-28,1990-10-01,,2004-11-01,,,day,true,2185,false,false,https://upload.wikimedia.org/wikipedia/commons/thumb/9/9b/William_B._Shubb.JPG/330px-William_B._Shubb.JPG?utm_source=commons.wikimedia.org&utm_campaign=imageinfo&utm_content=thumbnail,https://commons.wikimedia.org/wiki/File:William_B._Shubb.JPG,Public domain,fjc_bulk,
James Ware,cand,district,George H.W. Bush,Republican,1990-08-03,1990-09-28,1990-10-01,,,2012-08-31,Retirement,day,false,2503,,,,,,fjc_bulk,
Jean Constance Hamilton,moed,district,George H.W. Bush,Republican,1990-08-03,1990-09-28,1990-10-01,,2013-07-01,,,day,true,959,false,false,https://upload.wikimedia.org/wikipedia/commons/thumb/3/32/Jean_C._Hamilton%2C_U.S._District_Court_Judge.jpg/330px-Jean_C._Hamilton%2C_U.S._District_Court_Judge.jpg?utm_source=commons.wikimedia.org&utm_campaign=imageinfo&utm_content=thumbnail,"https://commons.wikimedia.org/wiki/File:Jean_C._Hamilton,_U.S._District_Court_Judge.jpg",Public domain,fjc_bulk,
Charles Willis Pickering Sr.,mssd,district,George H.W. Bush,Republican,1990-05-11,1990-09-28,1990-10-01,,,2004-01-16,Appointment to Another Judicial Position,day,false,1883,,,,,,fjc_bulk,
Samuel B. Kent,txsd,district,George H.W. Bush,Republican,1990-08-03,1990-09-28,1990-10-01,,,2009-06-30,Resignation,day,false,1261,,,,,,fjc_bulk,
David Hackett Souter,scotus,scotus,George H.W. Bush,Republican,1990-07-25,1990-10-02,1990-10-03,,2009-06-30,2025-05-08,Death,day,false,2244,,,https://upload.wikimedia.org/wikipedia/commons/thumb/2/2f/DavidSouter.jpg/330px-DavidSouter.jpg,https://commons.wikimedia.org/wiki/File:DavidSouter.jpg,Public domain,fjc_bulk,
Joseph Michael McLaughlin,ca2,circuit,George H.W. Bush,Republican,1990-07-10,1990-10-12,1990-10-17,,1998-03-20,2013-08-08,Death,day,false,1577,,,,,,fjc_bulk,
James B. Loken,ca8,circuit,George H.W. Bush,Republican,1990-09-10,1990-10-12,1990-10-17,,,,,day,true,1413,false,false,https://upload.wikimedia.org/wikipedia/commons/b/b7/James_Loken_%28cropped%29.jpg?utm_source=commons.wikimedia.org&utm_campaign=imageinfo&utm_content=thumbnail_unscaled,https://commons.wikimedia.org/wiki/File:James_Loken_(cropped).jpg,Public domain,fjc_bulk,
Thomas G. Nelson,ca9,circuit,George H.W. Bush,Republican,1990-07-18,1990-10-12,1990-10-17,,2003-11-14,2011-05-04,Death,day,false,1746,,,,,,fjc_bulk,
"Sypolt, Diane Gilbert",uscfc,specialized,George H.W. Bush,Republican,1990-07-31,1990-10-12,1990-10-17,,2005-01-31,2005-12-31,left court (year per FJC listing),termination:year,false,,,,,,,fjc_html,Termination year from FJC listing service range; exact date not published there.
Dennis W. Shedd,scd,district,George H.W. Bush,Republican,1990-10-17,1990-10-27,1990-10-30,,,2002-12-10,Appointment to Another Judicial Position,day,false,2167,,,,,,fjc_bulk,
Oliver Winston Wanger,caed,district,George H.W. Bush,Republican,1991-01-08,1991-03-21,1991-03-25,,2006-05-31,2011-10-01,Retirement,day,false,2495,,,,,,fjc_bulk,
Richard W. Goldberg,cit,specialized,George H.W. Bush,Republican,1991-01-08,1991-03-21,1991-03-25,,2001-04-02,2023-07-18,Death,day,false,3204,,,,,,fjc_bulk,
Robin J. Cauthron,okwd,district,George H.W. Bush,Republican,1991-02-07,1991-03-21,1991-03-25,,2015-07-14,,,day,true,402,false,false,https://upload.wikimedia.org/wikipedia/commons/2/2a/Robin_J._Cauthron_District_Judge.jpg?utm_source=commons.wikimedia.org&utm_campaign=imageinfo&utm_content=thumbnail_unscaled,https://commons.wikimedia.org/wiki/File:Robin_J._Cauthron_District_Judge.jpg,Public domain,fjc_bulk,
William Harold Albritton III,almd,district,George H.W. Bush,Republican,1991-03-11,1991-05-09,1991-05-14,,2004-05-17,,,day,true,20,false,false,https://upload.wikimedia.org/wikipedia/commons/thumb/0/02/W._Harold_Albritton_III_official.jpg/330px-W._Harold_Albritton_III_official.jpg?utm_source=commons.wikimedia.org&utm_campaign=imageinfo&utm_content=thumbnail,https://commons.wikimedia.org/wiki/File:W._Harold_Albritton_III_official.jpg,Public domain,fjc_bulk,
Marilyn L. Huff,casd,district,George H.W. Bush,Republican,1991-03-12,1991-05-09,1991-05-14,,2016-09-30,,,day,true,1110,false,false,https://upload.wikimedia.org/wikipedia/commons/9/9d/Marilyn_L._Huff.jpg?utm_source=commons.wikimedia.org&utm_campaign=imageinfo&utm_content=thumbnail_unscaled,https://commons.wikimedia.org/wiki/File:Marilyn_L._Huff.jpg,Public domain,fjc_bulk,
Henry Michael Herlong Jr.,scd,district,George H.W. Bush,Republican,1991-04-09,1991-05-09,1991-05-14,,2009-06-01,,,day,true,1030,false,false,,,,fjc_bulk,
Frederick L. Van Sickle,waed,district,George H.W. Bush,Republican,1991-03-21,1991-05-09,1991-05-14,,2008-05-01,2021-09-02,Death,day,false,2449,,,,,,fjc_bulk,
William Fremming Nielsen,waed,district,George H.W. Bush,Republican,1991-03-21,1991-05-09,1991-05-14,,2003-05-30,,,day,true,1765,false,false,,,,fjc_bulk,
Sharon Lovelace Blackburn,alnd,district,George H.W. Bush,Republican,1991-04-11,1991-05-24,1991-05-30,,2015-05-08,,,day,true,186,false,false,https://upload.wikimedia.org/wikipedia/commons/a/ab/Sharon_Lovelace_Blackburn.jpg?utm_source=commons.wikimedia.org&utm_campaign=imageinfo&utm_content=thumbnail_unscaled,https://commons.wikimedia.org/wiki/File:Sharon_Lovelace_Blackburn.jpg,Public domain,fjc_bulk,
Emilio M. Garza,ca5,circuit,George H.W. Bush,Republican,1991-04-11,1991-05-24,1991-05-30,,2012-08-01,2015-01-05,Retirement,day,false,826,,,,,,fjc_bulk,
Richard T. Haik,lawd,district,George H.W. Bush,Republican,1991-04-11,1991-05-24,1991-05-30,,2015-03-06,2016-01-15,Retirement,day,false,941,,,,,,fjc_bulk,
Louis J. Freeh,nysd,district,George H.W. Bush,Republican,1991-04-09,1991-05-24,1991-05-30,,,1993-08-31,Resignation,day,false,796,,,,,,fjc_bulk,
Saundra Brown Armstrong,cand,district,George H.W. Bush,Republican,1991-04-25,1991-06-14,1991-06-18,,2012-03-23,,,day,true,59,false,false,https://upload.wikimedia.org/wikipedia/commons/thumb/e/e6/Judge_Saundra_Brown_Armstrong_official_portrait_by_Scott_Johnston%2C_oil_on_linen_38x26_inches%2C_collection_of_the_United_States_District_Court_of_Northern_California%2C_Oakland.jpg/330px-thumbnail.jpg?utm_source=commons.wikimedia.org&utm_campaign=imageinfo&utm_content=thumbnail,"https://commons.wikimedia.org/wiki/File:Judge_Saundra_Brown_Armstrong_official_portrait_by_Scott_Johnston,_oil_on_linen_38x26_inches,_collection_of_the_United_States_District_Court_of_Northern_California,_Oakland.jpg",CC BY 3.0 — credit: Scott Wallace Johnston,fjc_bulk,
William Lindsay Osteen Sr.,ncmd,district,George H.W. Bush,Republican,1991-04-25,1991-06-14,1991-06-18,,2006-04-03,2007-09-14,Retirement,day,false,1817,,,,,,fjc_bulk,
Timothy K. Lewis,pawd,district,George H.W. Bush,Republican,1991-04-25,1991-06-14,1991-06-18,,,1992-10-23,Appointment to Another Judicial Position,day,false,1394,,,,,,fjc_bulk,
Jane Richards Roth,ca3,circuit,George H.W. Bush,Republican,1991-05-16,1991-06-27,1991-07-02,,2006-05-31,,,day,true,2063,false,false,,,,fjc_bulk,
Harvey Erwin Schlesinger,flmd,district,George H.W. Bush,Republican,1991-05-23,1991-06-27,1991-07-02,,2006-06-05,,,day,true,2114,false,false,,,,fjc_bulk,
Ralph Wilson Nimmons Jr.,flmd,district,George H.W. Bush,Republican,1991-05-23,1991-06-27,1991-07-02,,,2003-11-24,Death,day,false,1769,,,,,,fjc_bulk,
Sterling Johnson Jr.,nyed,district,George H.W. Bush,Republican,1991-05-17,1991-06-27,1991-07-02,,2003-06-01,2022-10-10,Death,day,false,1185,,,,,,fjc_bulk,
Clyde H. Hamilton,ca4,circuit,George H.W. Bush,Republican,1991-06-12,1991-07-18,1991-07-22,,1999-11-30,2020-09-02,Death,day,false,956,,,,,,fjc_bulk,
Morton Aaron Brody,med,district,George H.W. Bush,Republican,1991-06-14,1991-07-18,1991-07-25,,,2000-03-25,Death,day,false,272,,,,,,fjc_bulk,
J. Michael Luttig,ca4,circuit,George H.W. Bush,Republican,1991-04-23,1991-07-26,1991-08-02,,,2006-05-10,Resignation,day,false,1443,,,,,,fjc_bulk,
Fernando J. Gaitan Jr.,mowd,district,George H.W. Bush,Republican,1991-05-16,1991-07-18,1991-08-02,,2014-01-03,,,day,true,812,false,false,https://upload.wikimedia.org/wikipedia/commons/8/87/Fernando_J._Gaitan%2C_Jr.jpg?utm_source=commons.wikimedia.org&utm_campaign=imageinfo&utm_content=thumbnail_unscaled,"https://commons.wikimedia.org/wiki/File:Fernando_J._Gaitan,_Jr.jpg",Public domain,fjc_bulk,
Eugene Edward Siler Jr.,ca6,circuit,George H.W. Bush,Republican,1991-06-19,1991-09-12,1991-09-16,,2001-12-31,,,day,true,2190,false,false,,,,fjc_bulk,
Andrew Jay Kleinfeld,ca9,circuit,George H.W. Bush,Republican,1991-05-23,1991-09-12,1991-09-16,,2010-06-12,2025-11-07,Death,day,false,1290,,,,,,fjc_bulk,
Donald L. Graham,flsd,district,George H.W. Bush,Republican,1991-06-17,1991-09-12,1991-09-16,,2013-12-15,,,day,true,898,false,false,,,,fjc_bulk,
Shelby Highsmith,flsd,district,George H.W. Bush,Republican,1991-06-27,1991-09-12,1991-09-16,,2002-03-15,2015-12-02,Death,day,false,1042,,,,,,fjc_bulk,
James Travis Trimble Jr.,lawd,district,George H.W. Bush,Republican,1991-06-27,1991-09-12,1991-09-16,,2002-09-13,,,day,true,2412,false,false,,,,fjc_bulk,
Benson Everett Legg,mdd,district,George H.W. Bush,Republican,1991-05-15,1991-09-12,1991-09-16,,2012-06-08,2013-02-06,Retirement,day,false,159,,,,,,fjc_bulk,
William G. Bassler,njd,district,George H.W. Bush,Republican,1991-06-14,1991-09-12,1991-09-16,,2005-03-06,2006-08-31,Retirement,day,false,114,,,,,,fjc_bulk,
Michael Robert Hogan,ord,district,George H.W. Bush,Republican,1991-06-27,1991-09-12,1991-09-16,,2011-09-24,2012-11-01,Retirement,day,false,1067,,,,,,fjc_bulk,
Harvey Bartle III,paed,district,George H.W. Bush,Republican,1991-05-15,1991-09-12,1991-09-16,,2011-10-01,,,day,true,111,false,false,https://upload.wikimedia.org/wikipedia/commons/9/98/Harvey_Bartle.png?utm_source=commons.wikimedia.org&utm_campaign=imageinfo&utm_content=thumbnail_unscaled,https://commons.wikimedia.org/wiki/File:Harvey_Bartle.png,Public domain,fjc_bulk,
Stewart R. Dalzell,paed,district,George H.W. Bush,Republican,1991-07-24,1991-09-12,1991-09-16,,2013-10-31,2016-12-31,Retirement,day,false,556,,,,,,fjc_bulk,
William Hendricks Yohn Jr.,paed,district,George H.W. Bush,Republican,1991-06-14,1991-09-12,1991-09-16,,2003-11-20,2026-01-03,Death,day,false,2671,,,,,,fjc_bulk,
Jorge Antonio Solis,txnd,district,George H.W. Bush,Republican,1991-06-19,1991-09-12,1991-09-16,,,2016-05-01,Retirement,day,false,2239,,,,,,fjc_bulk,
Dee Vance Benson,utd,district,George H.W. Bush,Republican,1991-05-16,1991-09-12,1991-09-16,,2014-01-01,2020-11-30,Death,day,false,157,,,,,,fjc_bulk,
Clarence Thomas,scotus,scotus,George H.W. Bush,Republican,1991-07-08,1991-10-15,1991-10-18,,,,,day,true,2362,false,false,https://upload.wikimedia.org/wikipedia/commons/thumb/5/58/Clarence_Thomas_official_SCOTUS_portrait.jpg/330px-Clarence_Thomas_official_SCOTUS_portrait.jpg?utm_source=commons.wikimedia.org&utm_campaign=imageinfo&utm_content=thumbnail,https://commons.wikimedia.org/wiki/File:Clarence_Thomas_official_SCOTUS_portrait.jpg,Public domain,fjc_bulk,
Barbara A. Caulfield,cand,district,George H.W. Bush,Republican,1991-06-27,1991-10-31,1991-11-05,,,1994-09-16,Resignation,day,false,401,,,,,,fjc_bulk,
Ronald Earl Longstaff,iasd,district,George H.W. Bush,Republican,1991-07-24,1991-10-31,1991-11-05,,2006-11-05,,,day,true,1416,false,false,,,,fjc_bulk,
John Watson Lungstrum,ksd,district,George H.W. Bush,Republican,1991-07-24,1991-10-31,1991-11-05,,2010-11-02,,,day,true,1439,false,false,https://upload.wikimedia.org/wikipedia/commons/thumb/8/88/John_W._Lungstrum%2C_U.S._District_Court_Judge.png/330px-John_W._Lungstrum%2C_U.S._District_Court_Judge.png?utm_source=commons.wikimedia.org&utm_campaign=imageinfo&utm_content=thumbnail,"https://commons.wikimedia.org/wiki/File:John_W._Lungstrum,_U.S._District_Court_Judge.png",Public domain,fjc_bulk,
Rebecca F. Doherty,lawd,district,George H.W. Bush,Republican,1991-06-27,1991-10-31,1991-11-05,,2017-06-05,2020-05-01,Retirement,day,false,628,,,,,,fjc_bulk,
Denis Reagan Hurley,nyed,district,George H.W. Bush,Republican,1991-06-27,1991-10-31,1991-11-05,,2004-12-18,,,day,true,1134,false,false,,,,fjc_bulk,
Terry R. Means,txnd,district,George H.W. Bush,Republican,1991-07-24,1991-10-31,1991-11-05,,2013-07-03,,,day,true,1607,false,false,,,,fjc_bulk,
David Rasmussen Hansen,ca8,circuit,George H.W. Bush,Republican,1991-07-30,1991-11-15,1991-11-18,,2003-04-01,,,day,true,973,false,false,https://upload.wikimedia.org/wikipedia/commons/thumb/b/bf/David_R._Hansen_%28cropped%29.jpg/330px-David_R._Hansen_%28cropped%29.jpg?utm_source=commons.wikimedia.org&utm_campaign=imageinfo&utm_content=thumbnail,https://commons.wikimedia.org/wiki/File:David_R._Hansen_(cropped).jpg,Public domain,fjc_bulk,
Sue Lewis Robinson,ded,district,George H.W. Bush,Republican,1991-10-01,1991-11-15,1991-11-18,,2017-02-03,2017-07-14,Retirement,day,false,2032,,,,,,fjc_bulk,
Lacey A. Collier,flnd,district,George H.W. Bush,Republican,1991-07-24,1991-11-15,1991-11-18,,2003-11-20,,,day,true,479,false,false,,,,fjc_bulk,
Wayne R. Andersen,ilnd,district,George H.W. Bush,Republican,1991-07-24,1991-11-15,1991-11-18,,,2010-07-31,Retirement,day,false,40,,,,,,fjc_bulk,
Paul Ramon Matia,ohnd,district,George H.W. Bush,Republican,1991-06-27,1991-11-15,1991-11-18,,2004-12-31,2005-05-31,Retirement,day,false,1503,,,,,,fjc_bulk,
John McCarthy Roll,azd,district,George H.W. Bush,Republican,1991-09-23,1991-11-22,1991-11-25,,,2011-01-08,Death,day,false,2044,,,,,,fjc_bulk,
Anne C. Conway,flmd,district,George H.W. Bush,Republican,1991-07-24,1991-11-21,1991-11-25,,2015-08-01,,,day,true,500,false,false,,,,fjc_bulk,
Joe Billy McDade,ilcd,district,George H.W. Bush,Republican,1991-09-11,1991-11-21,1991-11-25,,2010-02-28,,,day,true,1540,false,false,https://upload.wikimedia.org/wikipedia/commons/thumb/e/e5/Joe_Billy_McDade.png/330px-Joe_Billy_McDade.png?utm_source=commons.wikimedia.org&utm_campaign=imageinfo&utm_content=thumbnail,https://commons.wikimedia.org/wiki/File:Joe_Billy_McDade.png,Public domain,fjc_bulk,
Monti L. Belot,ksd,district,George H.W. Bush,Republican,1991-07-26,1991-11-21,1991-11-25,,2008-03-04,,,day,true,152,false,false,,,,fjc_bulk,
Edith Brown Clement,laed,district,George H.W. Bush,Republican,1991-10-01,1991-11-21,1991-11-25,,,2001-11-27,Appointment to Another Judicial Position,day,false,454,,,https://upload.wikimedia.org/wikipedia/commons/thumb/a/a0/Edith_Brown_Clement.jpg/330px-Edith_Brown_Clement.jpg?utm_source=commons.wikimedia.org&utm_campaign=imageinfo&utm_content=thumbnail,https://commons.wikimedia.org/wiki/File:Edith_Brown_Clement.jpg,Public domain,fjc_bulk,
David C. Bramlette,mssd,district,George H.W. Bush,Republican,1991-07-26,1991-11-21,1991-11-25,,2006-03-20,,,day,true,239,false,false,https://upload.wikimedia.org/wikipedia/commons/c/cf/David_C_Bramlette.jpg?utm_source=commons.wikimedia.org&utm_campaign=imageinfo&utm_content=thumbnail_unscaled,https://commons.wikimedia.org/wiki/File:David_C_Bramlette.jpg,Public domain,fjc_bulk,
Sam Sparks,txwd,district,George H.W. Bush,Republican,1991-10-01,1991-11-21,1991-11-25,,2017-12-31,2025-09-17,Death,day,false,2245,,,,,,fjc_bulk,
David A. Faber,wvsd,district,George H.W. Bush,Republican,1991-08-01,1991-11-21,1991-11-25,,2008-12-31,,,day,true,728,false,false,,,,fjc_bulk,
Harold R. DeMoss Jr.,ca5,circuit,George H.W. Bush,Republican,1991-06-27,1991-11-27,1991-12-02,,2007-07-01,2015-04-16,Retirement,day,false,601,,,,,,fjc_bulk,
Alice Moore Batchelder,ca6,circuit,George H.W. Bush,Republican,1991-06-12,1991-11-27,1991-12-02,,2019-03-07,,,day,true,116,false,false,https://upload.wikimedia.org/wikipedia/commons/1/13/Alice_Batchelder_Circuit_Judge.jpg?utm_source=commons.wikimedia.org&utm_campaign=imageinfo&utm_content=thumbnail_unscaled,https://commons.wikimedia.org/wiki/File:Alice_Batchelder_Circuit_Judge.jpg,Public domain,fjc_bulk,
Ronald M. Whyte,cand,district,George H.W. Bush,Republican,1991-07-26,1992-02-06,1992-02-10,,2009-03-02,2023-04-10,Death,day,false,2572,,,,,,fjc_bulk,
Steven Douglas Merryday,flmd,district,George H.W. Bush,Republican,1991-09-23,1992-02-06,1992-02-10,,2025-08-31,,,day,true,1627,false,false,,,,fjc_bulk,
Kevin Michael Moore,flsd,district,George H.W. Bush,Republican,1991-10-04,1992-02-06,1992-02-10,,,,,day,true,1678,false,false,,,,fjc_bulk,
Julie E. Carnes,gand,district,George H.W. Bush,Republican,1991-08-01,1992-02-06,1992-02-10,,,2014-07-31,Appointment to Another Judicial Position,day,false,378,,,https://upload.wikimedia.org/wikipedia/commons/thumb/4/49/Julie_Carnes.jpg/330px-Julie_Carnes.jpg?utm_source=commons.wikimedia.org&utm_campaign=imageinfo&utm_content=thumbnail,https://commons.wikimedia.org/wiki/File:Julie_Carnes.jpg,Public domain,fjc_bulk,
Philip Godfrey Reinhard,ilnd,district,George H.W. Bush,Republican,1991-08-01,1992-02-06,1992-02-10,,2007-01-12,,,day,true,1989,false,false,,,,fjc_bulk,
Nancy Garlock Edmunds,mied,district,George H.W. Bush,Republican,1991-09-11,1992-02-06,1992-02-10,,2012-08-01,,,day,true,690,false,false,,,,fjc_bulk,
David William McKeague,miwd,district,George H.W. Bush,Republican,1991-09-11,1992-02-06,1992-02-10,,,2005-06-13,Appointment to Another Judicial Position,day,false,1562,,,https://upload.wikimedia.org/wikipedia/commons/thumb/b/b7/David_McKeague.jpg/330px-David_McKeague.jpg?utm_source=commons.wikimedia.org&utm_campaign=imageinfo&utm_content=thumbnail,https://commons.wikimedia.org/wiki/File:David_McKeague.jpg,Public domain,fjc_bulk,
Frederick James Scullin Jr.,nynd,district,George H.W. Bush,Republican,1991-09-12,1992-02-06,1992-02-10,,2006-03-13,,,day,true,2133,false,false,,,,fjc_bulk,
Sandra Shank Beckwith,ohsd,district,George H.W. Bush,Republican,1991-07-26,1992-02-06,1992-02-10,,2009-01-01,,,day,true,138,false,false,https://upload.wikimedia.org/wikipedia/commons/1/18/Sandra_Beckwith.jpg?utm_source=commons.wikimedia.org&utm_campaign=imageinfo&utm_content=thumbnail_unscaled,https://commons.wikimedia.org/wiki/File:Sandra_Beckwith.jpg,Public domain,fjc_bulk,
Jon Phipps McCalla,tnwd,district,George H.W. Bush,Republican,1991-08-01,1992-02-06,1992-02-10,,2013-08-23,2026-05-15,Death,day,false,1521,,,,,,fjc_bulk,
Karen J. Williams,ca4,circuit,George H.W. Bush,Republican,1992-01-27,1992-02-27,1992-03-02,,2009-07-08,2013-11-02,Death,day,false,2598,,,,,,fjc_bulk,
Garland Ellis Burrell Jr.,caed,district,George H.W. Bush,Republican,1991-08-01,1992-02-27,1992-03-02,,2012-07-04,,,day,true,329,false,false,https://upload.wikimedia.org/wikipedia/commons/thumb/3/3d/Garland_Ellis_Burrell%2C_Jr..JPG/330px-Garland_Ellis_Burrell%2C_Jr..JPG?utm_source=commons.wikimedia.org&utm_campaign=imageinfo&utm_content=thumbnail,"https://commons.wikimedia.org/wiki/File:Garland_Ellis_Burrell,_Jr..JPG",Public domain,fjc_bulk,
Roderick R. McKelvie,ded,district,George H.W. Bush,Republican,1991-11-05,1992-02-27,1992-03-02,,,2002-06-28,Resignation,day,false,1565,,,,,,fjc_bulk,
Mary Little Cooper,njd,district,George H.W. Bush,Republican,1991-07-26,1992-02-27,1992-03-02,,2011-08-31,,,day,true,1831,false,false,,,,fjc_bulk,
William Byrd Traxler Jr.,scd,district,George H.W. Bush,Republican,1991-11-14,1992-02-27,1992-03-02,,,1998-10-21,Appointment to Another Judicial Position,day,false,2406,,,https://upload.wikimedia.org/wikipedia/commons/thumb/1/1f/Judge_William_Traxler.png/330px-Judge_William_Traxler.png?utm_source=commons.wikimedia.org&utm_campaign=imageinfo&utm_content=thumbnail,https://commons.wikimedia.org/wiki/File:Judge_William_Traxler.png,Public domain,fjc_bulk,
Ira DeMent,almd,district,George H.W. Bush,Republican,1991-11-14,1992-03-13,1992-03-18,,2002-04-15,2011-07-16,Death,day,false,590,,,,,,fjc_bulk,
Jimm Larry Hendren,arw,district,George H.W. Bush,Republican,1991-11-05,1992-03-13,1992-03-18,,2012-12-31,,,day,true,1025,false,false,,,,fjc_bulk,
John R. Padova,paed,district,George H.W. Bush,Republican,1991-11-05,1992-03-13,1992-03-18,,2008-02-11,,,day,true,1823,false,false,,,,fjc_bulk,
Robert L. Echols,tnmd,district,George H.W. Bush,Republican,1991-10-22,1992-03-13,1992-03-18,,2007-03-01,2010-07-31,Retirement,day,false,681,,,,,,fjc_bulk,
Paul Joseph Kelly Jr.,ca10,circuit,George H.W. Bush,Republican,1991-11-19,1992-04-08,1992-04-13,,2017-12-31,,,day,true,1251,false,false,https://upload.wikimedia.org/wikipedia/commons/d/da/Kelly_John.jpg?utm_source=commons.wikimedia.org&utm_campaign=imageinfo&utm_content=thumbnail_unscaled,https://commons.wikimedia.org/wiki/File:Kelly_John.jpg,CC BY-SA 4.0 — credit: Slowyourroll23,fjc_bulk,
Donald J. Stohr,moed,district,George H.W. Bush,Republican,1991-11-14,1992-04-08,1992-04-13,,2006-12-31,2015-12-10,Death,day,false,2297,,,,,,fjc_bulk,
Joseph Eron Irenas,njd,district,George H.W. Bush,Republican,1991-11-14,1992-04-08,1992-04-13,,2002-07-01,2015-10-16,Death,day,false,1150,,,,,,fjc_bulk,
J. Curtis Joyner,paed,district,George H.W. Bush,Republican,1991-11-05,1992-04-08,1992-04-13,,2013-05-01,2021-09-15,Retirement,day,false,1212,,,,,,fjc_bulk,
Ewing Werlein Jr.,txsd,district,George H.W. Bush,Republican,1991-11-20,1992-04-08,1992-04-13,,2006-01-01,,,day,true,2549,false,false,,,,fjc_bulk,
Henry Coke Morgan Jr.,vaed,district,George H.W. Bush,Republican,1991-10-22,1992-04-08,1992-04-13,,2004-02-08,2022-05-01,Death,day,false,1685,,,,,,fjc_bulk,
Richard House Kyle,mnd,district,George H.W. Bush,Republican,1992-03-20,1992-05-12,1992-05-13,,2005-05-31,2021-06-22,Death,day,false,1323,,,,,,fjc_bulk,
Lee Hyman Rosenthal,txsd,district,George H.W. Bush,Republican,1992-03-20,1992-05-12,1992-05-13,,2024-12-01,,,day,true,2054,false,false,https://upload.wikimedia.org/wikipedia/commons/thumb/9/9b/Lee.Rosenthal4224.jpg/330px-Lee.Rosenthal4224.jpg?utm_source=commons.wikimedia.org&utm_campaign=imageinfo&utm_content=thumbnail,https://commons.wikimedia.org/wiki/File:Lee.Rosenthal4224.jpg,CC BY-SA 3.0 — credit: SPDuffy527,fjc_bulk,
Robert E. Payne,vaed,district,George H.W. Bush,Republican,1991-11-20,1992-05-12,1992-05-13,,2007-05-07,,,day,true,1855,false,false,,,,fjc_bulk,
[Elton] Joe Kendall,txnd,district,George H.W. Bush,Republican,1992-03-20,1992-05-12,1992-05-15,,,2002-01-22,Resignation,day,false,1254,,,,,,fjc_bulk,
Michael Boudin,ca1,circuit,George H.W. Bush,Republican,1992-03-20,1992-05-21,1992-05-26,,2013-06-01,2021-12-15,Retirement,day,false,218,,,,,,fjc_bulk,
Morris Sheppard Arnold,ca8,circuit,George H.W. Bush,Republican,1991-11-06,1992-05-21,1992-05-26,,2006-10-09,,,day,true,60,false,false,https://upload.wikimedia.org/wikipedia/commons/thumb/a/a9/Arnold%2Cmorris-portrait.gif/330px-Arnold%2Cmorris-portrait.gif?utm_source=commons.wikimedia.org&utm_campaign=imageinfo&utm_content=thumbnail,"https://commons.wikimedia.org/wiki/File:Arnold,morris-portrait.gif",Public domain,fjc_bulk,
Richard George Kopf,ned,district,George H.W. Bush,Republican,1992-04-07,1992-05-21,1992-05-26,,2011-12-01,2025-01-17,Death,day,false,1308,,,,,,fjc_bulk,
Jerome B. Simandle,njd,district,George H.W. Bush,Republican,1992-04-01,1992-05-21,1992-05-26,,2017-05-31,2019-07-19,Death,day,false,2191,,,,,,fjc_bulk,
Norman H. Stahl,ca1,circuit,George H.W. Bush,Republican,1992-04-09,1992-06-26,1992-06-30,,2001-04-16,2023-04-08,Death,day,false,2267,,,,,,fjc_bulk,
Gordon Jay Quist,miwd,district,George H.W. Bush,Republican,1992-03-20,1992-06-26,1992-06-30,,2006-01-01,,,day,true,1951,false,false,,,,fjc_bulk,
Eduardo C. Robreno,paed,district,George H.W. Bush,Republican,1991-11-26,1992-06-26,1992-06-30,,2013-08-31,2023-08-31,Retirement,day,false,2033,,,,,,fjc_bulk,
Susan Harrell Black,ca11,circuit,George H.W. Bush,Republican,1992-03-10,1992-08-11,1992-08-12,,2011-02-25,,,day,true,184,false,false,https://upload.wikimedia.org/wikipedia/commons/thumb/0/08/Susan_H_Black.jpg/330px-Susan_H_Black.jpg?utm_source=commons.wikimedia.org&utm_campaign=imageinfo&utm_content=thumbnail,https://commons.wikimedia.org/wiki/File:Susan_H_Black.jpg,Public domain,fjc_bulk,
Lourdes Gillespie Baird,cacd,district,George H.W. Bush,Republican,1992-04-02,1992-08-11,1992-08-12,,2004-05-12,2005-04-15,Retirement,day,false,77,,,,,,fjc_bulk,
Irma Elsa Gonzalez,casd,district,George H.W. Bush,Republican,1992-04-09,1992-08-11,1992-08-12,,2013-03-29,2013-10-25,Retirement,day,false,879,,,,,,fjc_bulk,
Loretta A. Preska,nysd,district,George H.W. Bush,Republican,1992-03-31,1992-08-11,1992-08-12,,2017-03-01,,,day,true,1936,true,false,https://upload.wikimedia.org/wikipedia/commons/2/2e/Loretta_A._Preska.jpg?utm_source=commons.wikimedia.org&utm_campaign=imageinfo&utm_content=thumbnail_unscaled,https://commons.wikimedia.org/wiki/File:Loretta_A._Preska.jpg,Public domain,fjc_bulk,
Sonia Sotomayor,nysd,district,George H.W. Bush,Republican,1991-11-27,1992-08-11,1992-08-12,,,1998-10-13,Appointment to Another Judicial Position,day,false,2243,,,https://upload.wikimedia.org/wikipedia/commons/thumb/4/49/Sonia_Sotomayor_7_in_robe%2C_2009.jpg/330px-Sonia_Sotomayor_7_in_robe%2C_2009.jpg?utm_source=commons.wikimedia.org&utm_campaign=imageinfo&utm_content=thumbnail,"https://commons.wikimedia.org/wiki/File:Sonia_Sotomayor_7_in_robe,_2009.jpg",CC BY 3.0 — credit: Stacey Ilyse,fjc_bulk,
Timothy D. Leonard,okwd,district,George H.W. Bush,Republican,1991-11-20,1992-08-11,1992-08-12,,2006-08-21,2026-03-02,Death,day,false,1380,,,,,,fjc_bulk,
Rudolph Thomas Randa,wied,district,George H.W. Bush,Republican,1992-04-09,1992-08-11,1992-08-12,,2016-02-05,2016-09-05,Death,day,false,1961,,,,,,fjc_bulk,
Irene Patricia Murphy Keeley,wvnd,district,George H.W. Bush,Republican,1992-04-01,1992-08-11,1992-08-12,,2017-08-12,,,day,true,1238,false,false,https://upload.wikimedia.org/wikipedia/commons/thumb/5/5d/Irene_Keeley_%28cropped%29.jpg/330px-Irene_Keeley_%28cropped%29.jpg?utm_source=commons.wikimedia.org&utm_campaign=imageinfo&utm_content=thumbnail,https://commons.wikimedia.org/wiki/File:Irene_Keeley_(cropped).jpg,Public domain,fjc_bulk,
Ilana Kara Diamond Rovner,ca7,circuit,George H.W. Bush,Republican,1992-07-02,1992-08-12,1992-08-17,,2024-07-10,,,day,true,2066,false,false,https://upload.wikimedia.org/wikipedia/commons/d/df/Ilana_Diamond_Rovner%2C_U.S._Court_of_Appeals_Judge.jpg,"https://commons.wikimedia.org/wiki/File:Ilana_Diamond_Rovner,_U.S._Court_of_Appeals_Judge.jpg","Public domain — credit: U.S. District Court for the Northern District of Illinois, 17 U.S.C. §105",fjc_bulk,
Linda Hodge McLaughlin,cacd,district,George H.W. Bush,Republican,1992-03-20,1992-08-12,1992-08-17,,,1999-03-07,Death,day,false,1578,,,,,,fjc_bulk,
Alvin Anthony Schall,cafc,circuit,George H.W. Bush,Republican,1992-03-03,1992-08-12,1992-08-17,,2009-10-05,,,day,true,2110,false,false,https://upload.wikimedia.org/wikipedia/commons/2/2b/Alvin_Schall_%28cropped%29.jpg?utm_source=commons.wikimedia.org&utm_campaign=imageinfo&utm_content=thumbnail_unscaled,https://commons.wikimedia.org/wiki/File:Alvin_Schall_(cropped).jpg,Public domain,fjc_bulk,
Alfred V. Covello,ctd,district,George H.W. Bush,Republican,1992-04-01,1992-08-12,1992-08-17,,2003-02-04,2025-02-18,Death,day,false,517,,,,,,fjc_bulk,
Michael Joseph Melloy,iand,district,George H.W. Bush,Republican,1992-04-09,1992-08-12,1992-08-17,,,2002-02-26,Appointment to Another Judicial Position,day,false,1616,,,https://upload.wikimedia.org/wikipedia/commons/7/7c/Bye_Loken_Melloy_%28cropped%29.jpg?utm_source=commons.wikimedia.org&utm_campaign=imageinfo&utm_content=thumbnail_unscaled,https://commons.wikimedia.org/wiki/File:Bye_Loken_Melloy_(cropped).jpg,Public domain,fjc_bulk,
John Gilpin Heyburn II,kywd,district,George H.W. Bush,Republican,1992-03-20,1992-08-12,1992-08-17,,2014-04-01,2015-04-29,Death,day,false,1033,,,,,,fjc_bulk,
Carol E. Jackson,moed,district,George H.W. Bush,Republican,1992-04-01,1992-08-12,1992-08-17,,,2017-08-31,Retirement,day,false,1155,,,,,,fjc_bulk,
Joseph A. DiClerico Jr.,nhd,district,George H.W. Bush,Republican,1992-04-09,1992-08-12,1992-08-17,,2007-03-15,2022-04-02,Death,day,false,617,,,,,,fjc_bulk,
Edward Earl Carnes,ca11,circuit,George H.W. Bush,Republican,1992-01-27,1992-09-09,1992-09-10,,2020-06-30,,,day,true,377,false,false,https://upload.wikimedia.org/wikipedia/commons/8/8e/Ed_Carnes.jpg?utm_source=commons.wikimedia.org&utm_campaign=imageinfo&utm_content=thumbnail_unscaled,https://commons.wikimedia.org/wiki/File:Ed_Carnes.jpg,Public domain,fjc_bulk,
John Phil Gilbert,ilsd,district,George H.W. Bush,Republican,1992-07-02,1992-09-23,1992-09-24,,2014-03-15,,,day,true,854,false,false,,,,fjc_bulk,
Nathaniel M. Gorton,mad,district,George H.W. Bush,Republican,1992-04-28,1992-09-23,1992-09-24,,2025-05-31,,,day,true,893,false,false,https://upload.wikimedia.org/wikipedia/commons/f/f5/Nathaniel_Gorton.jpg?utm_source=commons.wikimedia.org&utm_campaign=imageinfo&utm_content=thumbnail_unscaled,https://commons.wikimedia.org/wiki/File:Nathaniel_Gorton.jpg,Public domain,fjc_bulk,
Dennis G. Jacobs,ca2,circuit,George H.W. Bush,Republican,1992-03-20,1992-09-29,1992-10-02,,2019-05-31,,,day,true,1162,false,false,,,,fjc_bulk,
Curtis LeRoy Hansen,nmd,district,George H.W. Bush,Republican,1992-03-20,1992-09-25,1992-10-02,,2003-04-18,2023-10-27,Death,day,false,972,,,,,,fjc_bulk,
Anita Blumstein Brody,paed,district,George H.W. Bush,Republican,1991-11-22,1992-09-29,1992-10-02,,2009-06-08,,,day,true,271,false,false,,,,fjc_bulk,
John W. Sedwick,akd,district,George H.W. Bush,Republican,1992-07-02,1992-10-08,1992-10-09,,2011-03-13,,,day,true,2138,false,false,https://upload.wikimedia.org/wikipedia/commons/thumb/b/b8/John_Sedwick.jpg/330px-John_Sedwick.jpg?utm_source=commons.wikimedia.org&utm_campaign=imageinfo&utm_content=thumbnail,https://commons.wikimedia.org/wiki/File:John_Sedwick.jpg,Public domain,fjc_bulk,
Timothy K. Lewis,ca3,circuit,George H.W. Bush,Republican,1992-09-17,1992-10-08,1992-10-09,,,1999-06-30,Resignation,day,false,1394,,,,,,fjc_bulk,
Ursula Ungaro,flsd,district,George H.W. Bush,Republican,1991-11-26,1992-10-08,1992-10-09,,2021-05-02,2021-05-31,Retirement,day,false,2433,,,,,,fjc_bulk,
Kathryn Hoefer Vratil,ksd,district,George H.W. Bush,Republican,1992-07-28,1992-10-08,1992-10-09,,2014-04-22,,,day,true,2469,false,false,https://upload.wikimedia.org/wikipedia/commons/thumb/6/68/Judge_Kathryn_H._Vratil.jpg/330px-Judge_Kathryn_H._Vratil.jpg?utm_source=commons.wikimedia.org&utm_campaign=imageinfo&utm_content=thumbnail,https://commons.wikimedia.org/wiki/File:Judge_Kathryn_H._Vratil.jpg,Public domain,fjc_bulk,
Paul J. Barbadoro,nhd,district,George H.W. Bush,Republican,1992-09-09,1992-10-08,1992-10-09,,2021-03-01,,,day,true,90,false,false,,,,fjc_bulk,
Steven J. McAuliffe,nhd,district,George H.W. Bush,Republican,1992-09-09,1992-10-08,1992-10-10,,2013-04-01,,,day,true,1516,false,false,,,,fjc_bulk,
Ruth Bader Ginsburg,scotus,scotus,William J. Clinton,Democratic,1993-06-22,1993-08-03,1993-08-05,,,2020-09-18,Death,day,false,865,,,https://upload.wikimedia.org/wikipedia/commons/thumb/9/98/Ruth_Bader_Ginsburg_official_SCOTUS_portrait_%28cropped%29.jpg/330px-Ruth_Bader_Ginsburg_official_SCOTUS_portrait_%28cropped%29.jpg,https://commons.wikimedia.org/wiki/File:Ruth_Bader_Ginsburg_official_SCOTUS_portrait_(cropped).jpg,Public domain,fjc_bulk,
Billy Roy Wilson,are,district,William J. Clinton,Democratic,1993-08-06,1993-09-30,1993-10-01,,2008-10-01,2025-10-27,Death,day,false,2612,,,,,,fjc_bulk,
M. Blane Michael,ca4,circuit,William J. Clinton,Democratic,1993-08-06,1993-09-30,1993-10-01,,,2011-03-25,Death,day,false,1632,,,,,,fjc_bulk,
Jennifer B. Coffman,kyed,district,William J. Clinton,Democratic,1993-08-06,1993-09-30,1993-10-01,,,2013-01-08,Retirement,day,false,467,,,,,,fjc_bulk,
Jennifer B. Coffman,kywd,district,William J. Clinton,Democratic,1993-08-06,1993-09-30,1993-10-01,,,2013-01-08,Retirement,day,false,467,,,,,,fjc_bulk,
Martha Alicia Vázquez,nmd,district,William J. Clinton,Democratic,1993-08-06,1993-09-30,1993-10-01,,2021-12-31,,,day,true,2456,false,false,https://upload.wikimedia.org/wikipedia/commons/thumb/5/5f/Judge_Martha_V%C3%A1zquez.jpg/330px-Judge_Martha_V%C3%A1zquez.jpg?utm_source=commons.wikimedia.org&utm_campaign=imageinfo&utm_content=thumbnail,https://commons.wikimedia.org/wiki/File:Judge_Martha_V%C3%A1zquez.jpg,CC BY-SA 4.0 — credit: NMJURIST,fjc_bulk,
Pierre Nelson Leval,ca2,circuit,William J. Clinton,Democratic,1993-08-06,1993-10-18,1993-10-20,,2002-08-16,,,day,true,1384,false,false,,,,fjc_bulk,
Deborah K. Chasanow,mdd,district,William J. Clinton,Democratic,1993-08-06,1993-10-18,1993-10-20,,2014-10-03,,,day,true,412,false,false,https://upload.wikimedia.org/wikipedia/commons/thumb/1/12/Deborah_K_Chasanow.jpg/330px-Deborah_K_Chasanow.jpg?utm_source=commons.wikimedia.org&utm_campaign=imageinfo&utm_content=thumbnail,https://commons.wikimedia.org/wiki/File:Deborah_K_Chasanow.jpg,Public domain,fjc_bulk,
Peter Jo Messitte,mdd,district,William J. Clinton,Democratic,1993-08-06,1993-10-18,1993-10-20,,2008-09-01,2025-01-11,Death,day,false,1629,,,,,,fjc_bulk,
Leonie M. Brinkema,vaed,district,William J. Clinton,Democratic,1993-08-06,1993-10-18,1993-10-20,,,,,day,true,261,false,false,,,,fjc_bulk,
Harry F. Barnes,arw,district,William J. Clinton,Democratic,1993-10-27,1993-11-20,1993-11-22,,2008-11-01,2019-02-27,Death,day,false,102,,,,,,fjc_bulk,
Martha Craig Daughtrey,ca6,circuit,William J. Clinton,Democratic,1993-08-06,1993-11-20,1993-11-22,,2009-01-01,,,day,true,563,false,false,https://upload.wikimedia.org/wikipedia/commons/c/cd/Martha_Craig_Daughtrey.jpg?utm_source=commons.wikimedia.org&utm_campaign=imageinfo&utm_content=thumbnail_unscaled,https://commons.wikimedia.org/wiki/File:Martha_Craig_Daughtrey.jpg,Public domain,fjc_bulk,
Claudia Ann Wilken,cand,district,William J. Clinton,Democratic,1993-10-07,1993-11-20,1993-11-22,,2014-12-17,,,day,true,2579,false,false,https://upload.wikimedia.org/wikipedia/commons/9/90/Claudia_Ann_Wiken_13.JPG?utm_source=commons.wikimedia.org&utm_campaign=imageinfo&utm_content=thumbnail_unscaled,https://commons.wikimedia.org/wiki/File:Claudia_Ann_Wiken_13.JPG,Public domain,fjc_bulk,
Wilkie D. Ferguson Jr.,flsd,district,William J. Clinton,Democratic,1993-10-25,1993-11-20,1993-11-22,,,2003-06-09,Death,day,false,746,,,,,,fjc_bulk,
Charles Alexander Shaw,moed,district,William J. Clinton,Democratic,1993-10-25,1993-11-20,1993-11-22,,2009-12-31,2020-04-12,Death,day,false,2163,,,,,,fjc_bulk,
Thomas Michael Shanahan,ned,district,William J. Clinton,Democratic,1993-08-06,1993-11-20,1993-11-22,,2004-05-05,2011-12-27,Death,day,false,2156,,,,,,fjc_bulk,
David Warner Hagen,nvd,district,William J. Clinton,Democratic,1993-10-07,1993-11-20,1993-11-22,,2003-11-28,2005-03-31,Retirement,day,false,934,,,,,,fjc_bulk,
Allen G. Schwartz,nysd,district,William J. Clinton,Democratic,1993-10-27,1993-11-20,1993-11-22,,,2003-03-22,Death,day,false,2120,,,,,,fjc_bulk,
Lawrence L. Piersol,sdd,district,William J. Clinton,Democratic,1993-08-06,1993-11-20,1993-11-22,,2009-07-31,,,day,true,1888,false,false,https://upload.wikimedia.org/wikipedia/commons/thumb/f/f8/Lawrence_Piersol.jpg/330px-Lawrence_Piersol.jpg?utm_source=commons.wikimedia.org&utm_campaign=imageinfo&utm_content=thumbnail,https://commons.wikimedia.org/wiki/File:Lawrence_Piersol.jpg,CC BY-SA 3.0 — credit: Koncurrentkat,fjc_bulk,
Raymond Alvin Jackson,vaed,district,William J. Clinton,Democratic,1993-09-24,1993-11-20,1993-11-22,,2021-11-23,,,day,true,1159,false,false,,,,fjc_bulk,
Henry Lee Adams Jr.,flmd,district,William J. Clinton,Democratic,1993-10-29,1993-11-20,1993-11-24,,2010-04-08,,,day,true,12,false,false,https://upload.wikimedia.org/wikipedia/commons/thumb/f/f7/Henry_L._Adams_Jr._judicial_painting.jpg/330px-Henry_L._Adams_Jr._judicial_painting.jpg?utm_source=commons.wikimedia.org&utm_campaign=imageinfo&utm_content=thumbnail,https://commons.wikimedia.org/wiki/File:Henry_L._Adams_Jr._judicial_painting.jpg,Public domain,fjc_bulk,
Susan C. Bucklew,flmd,district,William J. Clinton,Democratic,1993-10-29,1993-11-20,1993-11-24,,2008-08-01,,,day,true,308,false,false,https://upload.wikimedia.org/wikipedia/commons/thumb/d/d4/Susan_C_Bucklew.jpg/330px-Susan_C_Bucklew.jpg?utm_source=commons.wikimedia.org&utm_campaign=imageinfo&utm_content=thumbnail,https://commons.wikimedia.org/wiki/File:Susan_C_Bucklew.jpg,Public domain,fjc_bulk,
Patti B. Saris,mad,district,William J. Clinton,Democratic,1993-10-27,1993-11-20,1993-11-24,,2024-12-02,,,day,true,2100,false,false,https://upload.wikimedia.org/wikipedia/commons/f/fb/Patti_B._Saris_District_Judge.png?utm_source=commons.wikimedia.org&utm_campaign=imageinfo&utm_content=thumbnail_unscaled,https://commons.wikimedia.org/wiki/File:Patti_B._Saris_District_Judge.png,Public domain,fjc_bulk,
Reginald C. Lindsay,mad,district,William J. Clinton,Democratic,1993-10-27,1993-11-20,1993-11-24,,,2009-03-12,Death,day,false,1402,,,,,,fjc_bulk,
Richard Gaylore Stearns,mad,district,William J. Clinton,Democratic,1993-10-27,1993-11-20,1993-11-24,,,,,day,true,2278,false,false,https://upload.wikimedia.org/wikipedia/commons/thumb/3/3c/Richard_Stearns.jpg/330px-Richard_Stearns.jpg?utm_source=commons.wikimedia.org&utm_campaign=imageinfo&utm_content=thumbnail,https://commons.wikimedia.org/wiki/File:Richard_Stearns.jpg,Public domain,fjc_bulk,
David G. Trager,nyed,district,William J. Clinton,Democratic,1993-08-06,1993-11-20,1993-11-24,,2006-03-01,2011-01-05,Death,day,false,2403,,,,,,fjc_bulk,
Joanna Seybert,nyed,district,William J. Clinton,Democratic,1993-09-24,1993-11-20,1993-11-24,,2014-01-13,,,day,true,2151,false,false,,,,fjc_bulk,
Donetta W. Ambrose,pawd,district,William J. Clinton,Democratic,1993-10-25,1993-11-20,1993-11-24,,2010-11-05,,,day,true,37,false,false,https://upload.wikimedia.org/wikipedia/commons/6/6a/JAmbrose.jpg?utm_source=commons.wikimedia.org&utm_campaign=imageinfo&utm_content=thumbnail_unscaled,https://commons.wikimedia.org/wiki/File:JAmbrose.jpg,Public domain,fjc_bulk,
Gary L. Lancaster,pawd,district,William J. Clinton,Democratic,1993-10-25,1993-11-20,1993-11-24,,,2013-04-24,Death,day,false,1335,,,,,,fjc_bulk,
Tucker L. Melancon,lawd,district,William J. Clinton,Democratic,1993-11-18,1994-02-10,1994-02-11,,2009-02-14,,,day,true,1614,false,false,,,,fjc_bulk,
Lesley Brooks Wells,ohnd,district,William J. Clinton,Democratic,1993-11-19,1994-02-10,1994-02-11,,2006-02-14,2015-10-02,Retirement,day,false,2544,,,,,,fjc_bulk,
Marjorie O. Rendell,paed,district,William J. Clinton,Democratic,1993-11-19,1994-02-10,1994-02-11,,,1997-11-21,Appointment to Another Judicial Position,day,false,1992,,,https://upload.wikimedia.org/wikipedia/commons/7/74/Marjorie_Rendell.jpg,https://commons.wikimedia.org/wiki/File:Marjorie_Rendell.jpg,"CC BY 2.0 — credit: Flickr user “Cliff” (28567825@N03), Commons license-reviewed 2009-07-01",fjc_bulk,
Thomas Ignatius Vanaskie,pamd,district,William J. Clinton,Democratic,1993-11-17,1994-02-10,1994-02-11,,,2010-04-28,Appointment to Another Judicial Position,day,false,2451,,,,,,fjc_bulk,
Michael Adrian Ponsor,mad,district,William J. Clinton,Democratic,1993-11-19,1994-02-10,1994-02-14,,2011-08-15,,,day,true,1908,false,false,https://upload.wikimedia.org/wikipedia/commons/5/5e/Michael_A._Ponsor_%28cropped%29.jpg?utm_source=commons.wikimedia.org&utm_campaign=imageinfo&utm_content=thumbnail_unscaled,https://commons.wikimedia.org/wiki/File:Michael_A._Ponsor_(cropped).jpg,Public domain,fjc_bulk,
Nancy Gertner,mad,district,William J. Clinton,Democratic,1993-10-27,1994-02-10,1994-02-14,,2011-05-22,2011-09-01,Retirement,day,false,837,,,,,,fjc_bulk,
Helen Ginger Berrigan,laed,district,William J. Clinton,Democratic,1993-11-18,1994-03-10,1994-03-10,,2016-08-23,2024-11-15,Death,day,false,161,,,,,,fjc_bulk,
Judith Ann Wilson Rogers,cadc,circuit,William J. Clinton,Democratic,1993-11-17,1994-03-10,1994-03-11,,2022-09-01,,,day,true,2041,false,false,https://upload.wikimedia.org/wikipedia/commons/thumb/0/0b/Portrait_of_Judith_Rogers_by_Simmie_Knox.jpg/330px-Portrait_of_Judith_Rogers_by_Simmie_Knox.jpg?utm_source=commons.wikimedia.org&utm_campaign=imageinfo&utm_content=thumbnail,https://commons.wikimedia.org/wiki/File:Portrait_of_Judith_Rogers_by_Simmie_Knox.jpg,Public domain,fjc_bulk,
Daniel T. K. Hurley,flsd,district,William J. Clinton,Democratic,1993-11-10,1994-03-10,1994-03-11,,2009-02-24,,,day,true,1133,false,false,https://upload.wikimedia.org/wikipedia/commons/b/be/Daniel_T._K._Hurley%2C_U.S._District_Court_Judge.jpg?utm_source=commons.wikimedia.org&utm_campaign=imageinfo&utm_content=thumbnail_unscaled,"https://commons.wikimedia.org/wiki/File:Daniel_T._K._Hurley,_U.S._District_Court_Judge.jpg",Public domain,fjc_bulk,
Cameron McGowan Currie,scd,district,William J. Clinton,Democratic,1994-01-27,1994-03-10,1994-03-11,,2013-10-03,,,day,true,545,false,false,https://upload.wikimedia.org/wikipedia/commons/6/69/Cameron_McGowan_Currie_%28cropped%29.jpg?utm_source=commons.wikimedia.org&utm_campaign=imageinfo&utm_content=thumbnail_unscaled,https://commons.wikimedia.org/wiki/File:Cameron_McGowan_Currie_(cropped).jpg,Public domain,fjc_bulk,
John H. Hannah Jr.,txed,district,William J. Clinton,Democratic,1993-11-19,1994-03-10,1994-03-11,,,2003-12-04,Death,day,false,969,,,,,,fjc_bulk,
Janis Graham Jack,txsd,district,William J. Clinton,Democratic,1993-11-19,1994-03-10,1994-03-11,,2011-06-01,,,day,true,1154,false,false,,,,fjc_bulk,
Orlando Luis Garcia,txwd,district,William J. Clinton,Democratic,1993-11-19,1994-03-10,1994-03-11,,,,,day,true,818,false,false,https://upload.wikimedia.org/wikipedia/commons/thumb/5/5f/Orlando_Garcia_%28cropped%29.jpg/330px-Orlando_Garcia_%28cropped%29.jpg?utm_source=commons.wikimedia.org&utm_campaign=imageinfo&utm_content=thumbnail,https://commons.wikimedia.org/wiki/File:Orlando_Garcia_(cropped).jpg,Public domain,fjc_bulk,
Samuel Frederick Biery Jr.,txwd,district,William J. Clinton,Democratic,1993-11-19,1994-03-10,1994-03-11,,,,,day,true,167,false,false,https://upload.wikimedia.org/wikipedia/commons/8/87/Fred_Biery.jpg?utm_source=commons.wikimedia.org&utm_campaign=imageinfo&utm_content=thumbnail_unscaled,https://commons.wikimedia.org/wiki/File:Fred_Biery.jpg,Public domain,fjc_bulk,
William Royal Furgeson Jr.,txwd,district,William J. Clinton,Democratic,1993-11-19,1994-03-10,1994-03-11,,2008-11-30,2013-05-31,Retirement,day,false,807,,,,,,fjc_bulk,
Michael James Davis,mnd,district,William J. Clinton,Democratic,1993-11-19,1994-03-25,1994-03-28,,2015-08-01,,,day,true,579,false,false,https://upload.wikimedia.org/wikipedia/commons/thumb/f/f9/Judge_Michael_j_davis.jpg/330px-Judge_Michael_j_davis.jpg?utm_source=commons.wikimedia.org&utm_campaign=imageinfo&utm_content=thumbnail,https://commons.wikimedia.org/wiki/File:Judge_Michael_j_davis.jpg,Public domain,fjc_bulk,
Ancer Lee Haggerty,ord,district,William J. Clinton,Democratic,1993-11-19,1994-03-25,1994-03-28,,2009-08-26,,,day,true,935,false,false,https://upload.wikimedia.org/wikipedia/commons/e/e8/United_States_District_Judge_Ancer_Lee_Haggerty.png?utm_source=commons.wikimedia.org&utm_campaign=imageinfo&utm_content=thumbnail_unscaled,https://commons.wikimedia.org/wiki/File:United_States_District_Judge_Ancer_Lee_Haggerty.png,Public domain,fjc_bulk,
Franklin D. Burgess,wawd,district,William J. Clinton,Democratic,1993-11-19,1994-03-25,1994-03-28,,2005-03-09,2010-03-26,Death,day,false,320,,,,,,fjc_bulk,
Rosemary Barkett,ca11,circuit,William J. Clinton,Democratic,1993-09-24,1994-04-14,1994-04-15,,,2013-09-30,Retirement,day,false,96,,,,,,fjc_bulk,
Robert Harlan Henry,ca10,circuit,William J. Clinton,Democratic,1994-02-09,1994-05-06,1994-05-09,,,2010-06-30,Resignation,day,false,1028,,,,,,fjc_bulk,
Carl E. Stewart,ca5,circuit,William J. Clinton,Democratic,1994-01-27,1994-05-06,1994-05-09,,,,,day,true,2292,false,false,https://upload.wikimedia.org/wikipedia/commons/thumb/2/29/Carl_E._Stewart%2C_U.S._Court_of_Appeals_Judge.jpg/330px-Carl_E._Stewart%2C_U.S._Court_of_Appeals_Judge.jpg?utm_source=commons.wikimedia.org&utm_campaign=imageinfo&utm_content=thumbnail,"https://commons.wikimedia.org/wiki/File:Carl_E._Stewart,_U.S._Court_of_Appeals_Judge.jpg",Public domain,fjc_bulk,
Fortunato Pedro Benavides,ca5,circuit,William J. Clinton,Democratic,1994-01-27,1994-05-06,1994-05-09,,2012-02-03,2023-05-05,Death,day,false,153,,,,,,fjc_bulk,
Audrey B. Collins,cacd,district,William J. Clinton,Democratic,1994-01-27,1994-05-06,1994-05-09,,,2014-08-01,Retirement,day,false,480,,,,,,fjc_bulk,
W[illie] Louis Sands,gamd,district,William J. Clinton,Democratic,1994-02-09,1994-05-06,1994-05-09,,2014-04-12,,,day,true,2097,false,false,,,,fjc_bulk,
Clarence Cooper,gand,district,William J. Clinton,Democratic,1994-03-09,1994-05-06,1994-05-09,,2009-02-09,,,day,true,505,false,false,,,,fjc_bulk,
Frank M. Hull,gand,district,William J. Clinton,Democratic,1994-02-09,1994-05-06,1994-05-09,,,1997-10-03,Appointment to Another Judicial Position,day,false,1119,,,https://upload.wikimedia.org/wikipedia/commons/thumb/d/dc/Judge-Hull.jpg/330px-Judge-Hull.jpg?utm_source=commons.wikimedia.org&utm_campaign=imageinfo&utm_content=thumbnail,https://commons.wikimedia.org/wiki/File:Judge-Hull.jpg,Public domain,fjc_bulk,
Rubén Castillo,ilnd,district,William J. Clinton,Democratic,1994-01-27,1994-05-06,1994-05-09,,,2019-09-27,Retirement,day,false,398,,,,,,fjc_bulk,
Deborah A. Batts,nysd,district,William J. Clinton,Democratic,1994-01-27,1994-05-06,1994-05-09,,2012-04-13,2020-02-03,Death,day,false,120,,,,,,fjc_bulk,
James G. Carr,ohnd,district,William J. Clinton,Democratic,1994-01-27,1994-05-06,1994-05-09,,2010-06-01,,,day,true,383,false,false,https://upload.wikimedia.org/wikipedia/commons/thumb/f/fa/James_G._Carr.jpg/330px-James_G._Carr.jpg?utm_source=commons.wikimedia.org&utm_campaign=imageinfo&utm_content=thumbnail,https://commons.wikimedia.org/wiki/File:James_G._Carr.jpg,Public domain,fjc_bulk,
Solomon Oliver Jr.,ohnd,district,William J. Clinton,Democratic,1994-03-09,1994-05-06,1994-05-09,,2021-02-15,,,day,true,1812,false,false,https://upload.wikimedia.org/wikipedia/commons/thumb/a/a8/Solomon_Oliver_Jr.jpg/330px-Solomon_Oliver_Jr.jpg?utm_source=commons.wikimedia.org&utm_campaign=imageinfo&utm_content=thumbnail,https://commons.wikimedia.org/wiki/File:Solomon_Oliver_Jr.jpg,Public domain,fjc_bulk,
Mary M. Lisi,rid,district,William J. Clinton,Democratic,1994-01-27,1994-05-06,1994-05-09,,2015-10-01,,,day,true,1404,false,false,https://upload.wikimedia.org/wikipedia/commons/thumb/0/0e/MaryMLisi.jpg/330px-MaryMLisi.jpg?utm_source=commons.wikimedia.org&utm_campaign=imageinfo&utm_content=thumbnail,https://commons.wikimedia.org/wiki/File:MaryMLisi.jpg,Public domain,fjc_bulk,
Theodore Alexander McKee,ca3,circuit,William J. Clinton,Democratic,1994-03-22,1994-06-08,1994-06-09,,2022-10-20,,,day,true,1563,false,false,https://upload.wikimedia.org/wikipedia/commons/thumb/b/b0/Theodore.McKee424.jpg/330px-Theodore.McKee424.jpg?utm_source=commons.wikimedia.org&utm_campaign=imageinfo&utm_content=thumbnail,https://commons.wikimedia.org/wiki/File:Theodore.McKee424.jpg,CC BY-SA 3.0 — credit: SPDuffy527,fjc_bulk,
Billy Michael Burrage,oked,district,William J. Clinton,Democratic,1994-03-09,1994-06-08,1994-06-09,,,2001-03-01,Resignation,day,false,328,,,,,,fjc_bulk,
Billy Michael Burrage,oknd,district,William J. Clinton,Democratic,1994-03-09,1994-06-08,1994-06-09,,,2001-03-01,Resignation,day,false,328,,,,,,fjc_bulk,
Terence C. Kern,oknd,district,William J. Clinton,Democratic,1994-03-09,1994-06-08,1994-06-09,,2010-01-04,,,day,true,1265,false,false,,,,fjc_bulk,
Billy Michael Burrage,okwd,district,William J. Clinton,Democratic,1994-03-09,1994-06-08,1994-06-09,,,2001-03-01,Resignation,day,false,328,,,,,,fjc_bulk,
Vanessa D. Gilmore,txsd,district,William J. Clinton,Democratic,1994-03-22,1994-06-08,1994-06-09,,,2022-01-02,Retirement,day,false,863,,,,,,fjc_bulk,
Diana Jane Gribbon Motz,ca4,circuit,William J. Clinton,Democratic,1994-01-27,1994-06-15,1994-06-16,,2022-09-30,,,day,true,1705,false,false,https://upload.wikimedia.org/wikipedia/commons/6/66/Diana_Gribbon_Motz_%28cropped%29.jpg?utm_source=commons.wikimedia.org&utm_campaign=imageinfo&utm_content=thumbnail_unscaled,https://commons.wikimedia.org/wiki/File:Diana_Gribbon_Motz_(cropped).jpg,Public domain,fjc_bulk,
Robert Manley Parker,ca5,circuit,William J. Clinton,Democratic,1994-01-27,1994-06-15,1994-06-16,,,2002-11-01,Retirement,day,false,1840,,,,,,fjc_bulk,
Richard A. Paez,cacd,district,William J. Clinton,Democratic,1994-03-09,1994-06-15,1994-06-16,,,2000-03-17,Appointment to Another Judicial Position,day,false,1824,,,https://upload.wikimedia.org/wikipedia/commons/b/b8/Richard_A._Paez_13.JPG?utm_source=commons.wikimedia.org&utm_campaign=imageinfo&utm_content=thumbnail_unscaled,https://commons.wikimedia.org/wiki/File:Richard_A._Paez_13.JPG,Public domain,fjc_bulk,
Emmet G. Sullivan,dcd,district,William J. Clinton,Democratic,1994-03-22,1994-06-15,1994-06-16,,2021-04-03,,,day,true,2312,false,false,https://upload.wikimedia.org/wikipedia/commons/thumb/c/c1/Emmet_G._Sullivan_2012.jpg/330px-Emmet_G._Sullivan_2012.jpg?utm_source=commons.wikimedia.org&utm_campaign=imageinfo&utm_content=thumbnail,https://commons.wikimedia.org/wiki/File:Emmet_G._Sullivan_2012.jpg,Public domain,fjc_bulk,
Gladys Kessler,dcd,district,William J. Clinton,Democratic,1994-03-22,1994-06-15,1994-06-16,,2007-01-22,2023-03-16,Death,day,false,1270,,,,,,fjc_bulk,
Paul L. Friedman,dcd,district,William J. Clinton,Democratic,1994-03-22,1994-06-15,1994-06-16,,2009-12-31,,,day,true,801,false,false,https://upload.wikimedia.org/wikipedia/commons/4/4f/US_District_Court_Judge_Paul_L._Friedman.jpg?utm_source=commons.wikimedia.org&utm_campaign=imageinfo&utm_content=thumbnail_unscaled,https://commons.wikimedia.org/wiki/File:US_District_Court_Judge_Paul_L._Friedman.jpg,Public domain,fjc_bulk,
Ricardo M. Urbina,dcd,district,William J. Clinton,Democratic,1994-03-22,1994-06-15,1994-06-16,,2011-01-31,2012-05-31,Retirement,day,false,2435,,,,,,fjc_bulk,
Denise Page Hood,mied,district,William J. Clinton,Democratic,1994-03-09,1994-06-15,1994-06-16,,2022-05-01,,,day,true,1087,false,false,https://upload.wikimedia.org/wikipedia/commons/thumb/c/c9/Denise_Page_Hood_%28cropped%29.jpg/330px-Denise_Page_Hood_%28cropped%29.jpg?utm_source=commons.wikimedia.org&utm_campaign=imageinfo&utm_content=thumbnail,https://commons.wikimedia.org/wiki/File:Denise_Page_Hood_(cropped).jpg,Public domain,fjc_bulk,
William F. Downes,wyd,district,William J. Clinton,Democratic,1994-05-05,1994-06-15,1994-06-16,,,2011-07-24,Retirement,day,false,643,,,,,,fjc_bulk,
Guido Calabresi,ca2,circuit,William J. Clinton,Democratic,1994-02-09,1994-07-18,1994-07-21,,2009-07-21,,,day,true,352,false,false,,,,fjc_bulk,
Stephen Gerald Breyer,scotus,scotus,William J. Clinton,Democratic,1994-05-17,1994-07-29,1994-08-03,,2022-06-30,,,day,false,255,,,https://upload.wikimedia.org/wikipedia/commons/thumb/9/9c/Stephen_Breyer%2C_SCOTUS_photo_portrait.jpg/330px-Stephen_Breyer%2C_SCOTUS_photo_portrait.jpg,"https://commons.wikimedia.org/wiki/File:Stephen_Breyer,_SCOTUS_photo_portrait.jpg",Public domain,fjc_bulk,
José Alberto Cabranes,ca2,circuit,William J. Clinton,Democratic,1994-05-24,1994-08-09,1994-08-10,,2023-03-09,,,day,true,344,false,false,https://upload.wikimedia.org/wikipedia/commons/e/eb/JoseACabranes.jpg?utm_source=commons.wikimedia.org&utm_campaign=imageinfo&utm_content=thumbnail_unscaled,https://commons.wikimedia.org/wiki/File:JoseACabranes.jpg,Public domain,fjc_bulk,
Blanche M. Manning,ilnd,district,William J. Clinton,Democratic,1994-05-05,1994-08-09,1994-08-10,,2010-02-01,2020-09-20,Death,day,false,1471,,,,,,fjc_bulk,
Paul D. Borman,mied,district,William J. Clinton,Democratic,1994-03-24,1994-08-09,1994-08-10,,2023-08-01,,,day,true,217,false,false,https://upload.wikimedia.org/wikipedia/commons/thumb/4/43/Paul_Borman.jpg/330px-Paul_Borman.jpg?utm_source=commons.wikimedia.org&utm_campaign=imageinfo&utm_content=thumbnail,https://commons.wikimedia.org/wiki/File:Paul_Borman.jpg,Public domain,fjc_bulk,
Rosemary S. Pooler,nynd,district,William J. Clinton,Democratic,1994-04-26,1994-08-09,1994-08-10,,,1998-06-09,Appointment to Another Judicial Position,day,false,1910,,,,,,fjc_bulk,
Denise Cote,nysd,district,William J. Clinton,Democratic,1994-04-26,1994-08-09,1994-08-10,,2011-12-15,,,day,true,514,false,false,,,,fjc_bulk,
Denny Chin,nysd,district,William J. Clinton,Democratic,1994-03-24,1994-08-09,1994-08-10,,,2010-04-26,Appointment to Another Judicial Position,day,false,421,,,https://upload.wikimedia.org/wikipedia/commons/thumb/7/71/Denny_Chin.jpg/330px-Denny_Chin.jpg?utm_source=commons.wikimedia.org&utm_campaign=imageinfo&utm_content=thumbnail,https://commons.wikimedia.org/wiki/File:Denny_Chin.jpg,CC BY-SA 3.0 — credit: Sue Kim,fjc_bulk,
Harold Baer Jr.,nysd,district,William J. Clinton,Democratic,1994-04-26,1994-08-09,1994-08-10,,2004-09-08,2014-05-27,Death,day,false,75,,,,,,fjc_bulk,
John George Koeltl,nysd,district,William J. Clinton,Democratic,1994-04-26,1994-08-09,1994-08-10,,,,,day,true,1305,false,false,https://upload.wikimedia.org/wikipedia/commons/thumb/f/f5/John_G._Koeltl_%28cropped%29.jpg/330px-John_G._Koeltl_%28cropped%29.jpg?utm_source=commons.wikimedia.org&utm_campaign=imageinfo&utm_content=thumbnail,https://commons.wikimedia.org/wiki/File:John_G._Koeltl_(cropped).jpg,Public domain,fjc_bulk,
Lewis A. Kaplan,nysd,district,William J. Clinton,Democratic,1994-05-05,1994-08-09,1994-08-10,,2011-02-01,,,day,true,1226,false,false,https://upload.wikimedia.org/wikipedia/commons/thumb/1/1e/Lewis_A._Kaplan_%28cropped%29.jpg/330px-Lewis_A._Kaplan_%28cropped%29.jpg?utm_source=commons.wikimedia.org&utm_campaign=imageinfo&utm_content=thumbnail,https://commons.wikimedia.org/wiki/File:Lewis_A._Kaplan_(cropped).jpg,Public domain,fjc_bulk,
Alexander Williams Jr.,mdd,district,William J. Clinton,Democratic,1993-08-06,1994-08-17,1994-08-18,,2013-05-08,2014-01-03,Retirement,day,false,2590,,,,,,fjc_bulk,
Mark W. Bennett,iand,district,William J. Clinton,Democratic,1994-06-21,1994-08-09,1994-08-26,,2015-06-04,2019-03-02,Retirement,day,false,156,,,,,,fjc_bulk,
Michael Daly Hawkins,ca9,circuit,William J. Clinton,Democratic,1994-07-13,1994-09-14,1994-09-15,,2010-02-12,,,day,true,1004,false,false,https://upload.wikimedia.org/wikipedia/commons/a/a2/Michael_Daly_Hawkins.jpg?utm_source=commons.wikimedia.org&utm_campaign=imageinfo&utm_content=thumbnail_unscaled,https://commons.wikimedia.org/wiki/File:Michael_Daly_Hawkins.jpg,Public domain,fjc_bulk,
Robert J. Timlin,cacd,district,William J. Clinton,Democratic,1994-04-26,1994-09-14,1994-09-15,,2005-02-01,2017-01-17,Death,day,false,2390,,,,,,fjc_bulk,
Napoleon A. Jones Jr.,casd,district,William J. Clinton,Democratic,1994-06-08,1994-09-14,1994-09-15,,2007-09-19,2009-12-12,Death,day,false,1199,,,,,,fjc_bulk,
John Corbett O'Meara,mied,district,William J. Clinton,Democratic,1994-04-26,1994-09-14,1994-09-15,,2007-01-01,2024-10-05,Death,day,false,1801,,,,,,fjc_bulk,
Barrington Daniels Parker Jr.,nysd,district,William J. Clinton,Democratic,1994-04-26,1994-09-14,1994-09-15,,,2001-10-18,Appointment to Another Judicial Position,day,false,1834,,,,,,fjc_bulk,
William Curtis Bryson,cafc,circuit,William J. Clinton,Democratic,1994-06-22,1994-09-28,1994-09-29,,2013-01-07,,,day,true,305,false,false,https://upload.wikimedia.org/wikipedia/commons/9/98/William_Curtis_Bryson_%28cropped%29.jpg?utm_source=commons.wikimedia.org&utm_campaign=imageinfo&utm_content=thumbnail_unscaled,https://commons.wikimedia.org/wiki/File:William_Curtis_Bryson_(cropped).jpg,Public domain,fjc_bulk,
Robert N. Chatigny,ctd,district,William J. Clinton,Democratic,1994-08-05,1994-09-28,1994-09-29,,2016-12-31,,,day,true,416,false,false,https://upload.wikimedia.org/wikipedia/commons/4/40/Robert_N_Chatigny.png?utm_source=commons.wikimedia.org&utm_campaign=imageinfo&utm_content=thumbnail_unscaled,https://commons.wikimedia.org/wiki/File:Robert_N_Chatigny.png,Public domain,fjc_bulk,
Sarah S. Vance,laed,district,William J. Clinton,Democratic,1994-06-08,1994-09-28,1994-09-29,,2024-01-16,,,day,true,2453,false,false,https://upload.wikimedia.org/wikipedia/commons/thumb/6/65/Sarah_S._Vance%2C_U.S._District_Court_Judge.jpg/330px-Sarah_S._Vance%2C_U.S._District_Court_Judge.jpg?utm_source=commons.wikimedia.org&utm_campaign=imageinfo&utm_content=thumbnail,"https://commons.wikimedia.org/wiki/File:Sarah_S._Vance,_U.S._District_Court_Judge.jpg",Public domain,fjc_bulk,
Stanwood R. Duval Jr.,laed,district,William J. Clinton,Democratic,1994-07-15,1994-09-28,1994-09-29,,2008-12-15,2017-01-31,Retirement,day,false,669,,,,,,fjc_bulk,
Allyne R. Ross,nyed,district,William J. Clinton,Democratic,1994-07-22,1994-09-28,1994-09-29,,2011-04-05,,,day,true,2056,false,false,,,,fjc_bulk,
Frederic Block,nyed,district,William J. Clinton,Democratic,1994-07-22,1994-09-28,1994-09-29,,2005-09-01,,,day,true,196,false,false,https://upload.wikimedia.org/wikipedia/commons/6/64/Frederic_Block.png?utm_source=commons.wikimedia.org&utm_campaign=imageinfo&utm_content=thumbnail_unscaled,https://commons.wikimedia.org/wiki/File:Frederic_Block.png,Public domain,fjc_bulk,
John Gleeson,nyed,district,William J. Clinton,Democratic,1994-07-22,1994-09-28,1994-09-29,,,2016-03-09,Resignation,day,false,867,,,,,,fjc_bulk,
Shira A. Scheindlin,nysd,district,William J. Clinton,Democratic,1994-07-28,1994-09-28,1994-09-29,,2011-08-16,2016-04-29,Retirement,day,false,2112,,,,,,fjc_bulk,
Daniel R. Domínguez,prd,district,William J. Clinton,Democratic,1994-06-21,1994-09-28,1994-09-29,,2011-07-31,2024-01-02,Retirement,day,false,629,,,,,,fjc_bulk,
Salvador E. Casellas,prd,district,William J. Clinton,Democratic,1994-06-21,1994-09-28,1994-09-29,,2005-06-10,2017-11-22,Death,day,false,394,,,,,,fjc_bulk,
H. Lee Sarokin,ca3,circuit,William J. Clinton,Democratic,1994-05-05,1994-10-04,1994-10-05,,,1996-07-31,Retirement,day,false,2101,,,,,,fjc_bulk,
David S. Tatel,cadc,circuit,William J. Clinton,Democratic,1994-06-20,1994-10-06,1994-10-07,,2022-05-16,2024-01-16,Retirement,day,false,2341,,,,,,fjc_bulk,
Dominic J. Squatrito,ctd,district,William J. Clinton,Democratic,1994-07-28,1994-10-06,1994-10-07,,2004-11-01,2021-01-21,Death,day,false,2260,,,,,,fjc_bulk,
David H. Coar,ilnd,district,William J. Clinton,Democratic,1994-08-16,1994-10-06,1994-10-07,,2009-08-12,2010-12-31,Retirement,day,false,461,,,,,,fjc_bulk,
Paul E. Riley,ilsd,district,William J. Clinton,Democratic,1994-08-16,1994-10-06,1994-10-07,,,2001-10-11,Death,day,false,2010,,,,,,fjc_bulk,
Catherine D. Perry,moed,district,William J. Clinton,Democratic,1994-07-15,1994-10-06,1994-10-07,,2018-12-31,,,day,true,1869,false,false,https://upload.wikimedia.org/wikipedia/commons/thumb/c/cf/Cartherine_D._Perry_1_%28cropped%29.jpg/330px-Cartherine_D._Perry_1_%28cropped%29.jpg?utm_source=commons.wikimedia.org&utm_campaign=imageinfo&utm_content=thumbnail,https://commons.wikimedia.org/wiki/File:Cartherine_D._Perry_1_(cropped).jpg,Public domain,fjc_bulk,
Robert J. Cindrich,pawd,district,William J. Clinton,Democratic,1994-08-12,1994-10-06,1994-10-07,,,2004-01-30,Resignation,day,false,431,,,,,,fjc_bulk,
Roslyn O. Silver,azd,district,William J. Clinton,Democratic,1994-09-14,1994-10-07,1994-10-11,,2013-09-03,,,day,true,1681,false,false,https://upload.wikimedia.org/wikipedia/commons/f/f6/Roslyn_O._Silver.JPG?utm_source=commons.wikimedia.org&utm_campaign=imageinfo&utm_content=thumbnail_unscaled,https://commons.wikimedia.org/wiki/File:Roslyn_O._Silver.JPG,Public domain,fjc_bulk,
Fred I. Parker,ca2,circuit,William J. Clinton,Democratic,1994-08-25,1994-10-07,1994-10-11,,,2003-08-12,Death,day,false,1835,,,,,,fjc_bulk,
Diana E. Murphy,ca8,circuit,William J. Clinton,Democratic,1994-07-28,1994-10-07,1994-10-11,,2016-11-29,2018-05-16,Death,day,false,1720,,,,,,fjc_bulk,
Alvin W. Thompson,ctd,district,William J. Clinton,Democratic,1994-09-14,1994-10-07,1994-10-11,,2018-08-31,,,day,true,2371,false,false,,,,fjc_bulk,
James Robertson,dcd,district,William J. Clinton,Democratic,1994-09-14,1994-10-07,1994-10-11,,2008-12-31,2010-06-01,Retirement,day,false,2026,,,,,,fjc_bulk,
William Theodore Moore Jr.,gasd,district,William J. Clinton,Democratic,1994-07-13,1994-10-07,1994-10-11,,2017-02-28,2024-03-31,Retirement,day,false,1680,,,,,,fjc_bulk,
Helen W. Gillmor,hid,district,William J. Clinton,Democratic,1994-08-25,1994-10-07,1994-10-11,,2009-06-30,,,day,true,861,false,false,https://upload.wikimedia.org/wikipedia/commons/thumb/4/49/Helen_Gillmor.jpg/330px-Helen_Gillmor.jpg?utm_source=commons.wikimedia.org&utm_campaign=imageinfo&utm_content=thumbnail,https://commons.wikimedia.org/wiki/File:Helen_Gillmor.jpg,Public domain,fjc_bulk,
Elaine E. Bucklo,ilnd,district,William J. Clinton,Democratic,1994-08-16,1994-10-07,1994-10-11,,2009-10-31,,,day,true,310,false,false,https://upload.wikimedia.org/wikipedia/commons/9/9a/Elaine_E_Bucklo.png?utm_source=commons.wikimedia.org&utm_campaign=imageinfo&utm_content=thumbnail_unscaled,https://commons.wikimedia.org/wiki/File:Elaine_E_Bucklo.png,Public domain,fjc_bulk,
Robert William Gettleman,ilnd,district,William J. Clinton,Democratic,1994-08-16,1994-10-07,1994-10-11,,2009-05-05,,,day,true,839,false,false,https://upload.wikimedia.org/wikipedia/commons/e/e0/Robert_Gettleman_%28cropped%29.jpg?utm_source=commons.wikimedia.org&utm_campaign=imageinfo&utm_content=thumbnail_unscaled,https://commons.wikimedia.org/wiki/File:Robert_Gettleman_(cropped).jpg,Public domain,fjc_bulk,
David Frank Hamilton,insd,district,William J. Clinton,Democratic,1994-06-08,1994-10-07,1994-10-11,,,2009-11-24,Appointment to Another Judicial Position,day,false,957,,,,,,fjc_bulk,
Thomas B. Russell,kywd,district,William J. Clinton,Democratic,1994-09-14,1994-10-07,1994-10-11,,2011-11-15,2023-09-01,Retirement,day,false,2077,,,,,,fjc_bulk,
G. Thomas Porteous Jr.,laed,district,William J. Clinton,Democratic,1994-08-25,1994-10-07,1994-10-11,,,2010-12-08,Impeachment & Conviction,day,false,1917,,,,,,fjc_bulk,
Okla Jones II,laed,district,William J. Clinton,Democratic,1994-08-25,1994-10-07,1994-10-11,,,1996-01-08,Death,day,false,1201,,,,,,fjc_bulk,
James A. Beaty Jr.,ncmd,district,William J. Clinton,Democratic,1994-08-25,1994-10-07,1994-10-11,,2014-06-30,2018-01-31,Retirement,day,false,132,,,,,,fjc_bulk,
William H. Walls,njd,district,William J. Clinton,Democratic,1994-09-14,1994-10-07,1994-10-11,,2005-01-31,2019-07-11,Death,day,false,2489,,,,,,fjc_bulk,
David A. Katz,ohnd,district,William J. Clinton,Democratic,1994-08-12,1994-10-07,1994-10-11,,2005-01-01,2016-07-26,Death,day,false,1228,,,,,,fjc_bulk,
Sean J. McLaughlin,pawd,district,William J. Clinton,Democratic,1994-08-12,1994-10-07,1994-10-11,,,2013-08-16,Resignation,day,false,1579,,,,,,fjc_bulk,
David Briones,txwd,district,William J. Clinton,Democratic,1994-08-25,1994-10-07,1994-10-11,,2009-02-26,,,day,true,262,false,false,,,,fjc_bulk,
Kathleen McDonald O'Malley,ohnd,district,William J. Clinton,Democratic,1994-09-20,1994-10-07,1994-10-12,,,2010-12-27,Appointment to Another Judicial Position,day,false,1800,,,,,,fjc_bulk,
Sven Erik Holmes,oknd,district,William J. Clinton,Democratic,1994-09-22,1994-10-07,1994-11-21,,,2005-03-13,Resignation,day,false,1083,,,,,,fjc_bulk,
Vicki Miles-LaGrange,okwd,district,William J. Clinton,Democratic,1994-09-22,1994-10-07,1994-11-28,,2018-11-05,,,day,true,1641,false,false,https://upload.wikimedia.org/wikipedia/commons/e/e9/LaGrange.jpg?utm_source=commons.wikimedia.org&utm_campaign=imageinfo&utm_content=thumbnail_unscaled,https://commons.wikimedia.org/wiki/File:LaGrange.jpg,Public domain,fjc_bulk,
Sandra Lea Lynch,ca1,circuit,William J. Clinton,Democratic,1995-01-11,1995-03-17,1995-03-17,,2022-12-31,,,day,true,1447,false,false,,,,fjc_bulk,
Lacy Herman Thornburg,ncwd,district,William J. Clinton,Democratic,1995-01-11,1995-03-17,1995-03-17,,,2009-08-31,Retirement,day,false,2384,,,,,,fjc_bulk,
Sidney H. Stein,nysd,district,William J. Clinton,Democratic,1995-01-11,1995-03-17,1995-03-17,,2010-09-01,,,day,true,2282,false,false,,,,fjc_bulk,
David Folsom,txed,district,William J. Clinton,Democratic,1995-01-11,1995-03-17,1995-03-17,,,2012-03-17,Retirement,day,false,774,,,,,,fjc_bulk,
Thad Heartfield,txed,district,William J. Clinton,Democratic,1995-01-11,1995-03-17,1995-03-17,,2010-01-01,2022-12-27,Death,day,false,1016,,,,,,fjc_bulk,
Karen Nelson Moore,ca6,circuit,William J. Clinton,Democratic,1995-01-24,1995-03-24,1995-03-24,,,,,day,true,1677,false,false,https://upload.wikimedia.org/wikipedia/commons/thumb/3/31/Judge_Karen_Nelson_Moore.jpg/330px-Judge_Karen_Nelson_Moore.jpg?utm_source=commons.wikimedia.org&utm_campaign=imageinfo&utm_content=thumbnail,https://commons.wikimedia.org/wiki/File:Judge_Karen_Nelson_Moore.jpg,CC BY-SA 4.0,fjc_bulk,
Janet Bond Arterton,ctd,district,William J. Clinton,Democratic,1995-01-23,1995-03-24,1995-03-24,,2014-07-01,,,day,true,66,false,false,https://upload.wikimedia.org/wikipedia/commons/5/52/Janet_Bond_Arterton.png?utm_source=commons.wikimedia.org&utm_campaign=imageinfo&utm_content=thumbnail_unscaled,https://commons.wikimedia.org/wiki/File:Janet_Bond_Arterton.png,Public domain,fjc_bulk,
Willis B. Hunt Jr.,gand,district,William J. Clinton,Democratic,1995-01-23,1995-03-24,1995-03-24,,2005-06-30,,,day,true,1127,false,false,,,,fjc_bulk,
Charles B. Kornmann,sdd,district,William J. Clinton,Democratic,1995-01-23,1995-03-24,1995-03-24,,2008-07-31,,,day,true,1310,false,false,,,,fjc_bulk,
Maxine M. Chesney,cand,district,William J. Clinton,Democratic,1995-01-24,1995-05-08,1995-05-10,,2009-06-30,,,day,true,418,false,false,https://upload.wikimedia.org/wikipedia/commons/thumb/9/97/Judge_Maxine_Chesney_official_portrait_for_United_States_District_Court_by_Scott_Johnston.jpg/330px-Judge_Maxine_Chesney_official_portrait_for_United_States_District_Court_by_Scott_Johnston.jpg?utm_source=commons.wikimedia.org&utm_campaign=imageinfo&utm_content=thumbnail,https://commons.wikimedia.org/wiki/File:Judge_Maxine_Chesney_official_portrait_for_United_States_District_Court_by_Scott_Johnston.jpg,CC BY 3.0 — credit: Scott Wallace Johnston,fjc_bulk,
Eldon E. Fallon,laed,district,William J. Clinton,Democratic,1995-02-03,1995-05-08,1995-05-10,,2024-01-01,,,day,true,733,false,false,https://upload.wikimedia.org/wikipedia/commons/thumb/3/3b/Eldon_E._Fallon.jpg/330px-Eldon_E._Fallon.jpg?utm_source=commons.wikimedia.org&utm_campaign=imageinfo&utm_content=thumbnail,https://commons.wikimedia.org/wiki/File:Eldon_E._Fallon.jpg,Public domain,fjc_bulk,
Curtis Lynn Collier,tned,district,William J. Clinton,Democratic,1995-02-13,1995-05-08,1995-05-10,,2014-10-31,,,day,true,478,false,false,https://upload.wikimedia.org/wikipedia/commons/b/bb/Curtis_L._Collier.jpg?utm_source=commons.wikimedia.org&utm_campaign=imageinfo&utm_content=thumbnail_unscaled,https://commons.wikimedia.org/wiki/File:Curtis_L._Collier.jpg,Public domain,fjc_bulk,
Joseph Robert Goodwin,wvsd,district,William J. Clinton,Democratic,1995-02-28,1995-05-08,1995-05-10,,,,,day,true,884,false,false,,,,fjc_bulk,
Mary Beck Briscoe,ca10,circuit,William J. Clinton,Democratic,1995-03-14,1995-05-25,1995-05-26,,2021-03-15,,,day,true,263,false,false,https://upload.wikimedia.org/wikipedia/commons/f/f3/Mary_Beck_Briscoe.jpg?utm_source=commons.wikimedia.org&utm_campaign=imageinfo&utm_content=thumbnail_unscaled,https://commons.wikimedia.org/wiki/File:Mary_Beck_Briscoe.jpg,Public domain,fjc_bulk,
Susan Yvonne Illston,cand,district,William J. Clinton,Democratic,1995-01-23,1995-05-25,1995-05-26,,2013-07-01,,,day,true,1143,false,false,https://upload.wikimedia.org/wikipedia/commons/thumb/f/f0/Judge_Susan_Illston_official_portrait_art_United_States_District_Court_by_Scott_Johnston.jpg/330px-Judge_Susan_Illston_official_portrait_art_United_States_District_Court_by_Scott_Johnston.jpg?utm_source=commons.wikimedia.org&utm_campaign=imageinfo&utm_content=thumbnail,https://commons.wikimedia.org/wiki/File:Judge_Susan_Illston_official_portrait_art_United_States_District_Court_by_Scott_Johnston.jpg,CC BY-SA 4.0 — credit: Scott Wallace Johnston,fjc_bulk,
George A. O'Toole Jr.,mad,district,William J. Clinton,Democratic,1995-04-04,1995-05-25,1995-05-26,,2018-01-01,,,day,true,1805,false,false,https://upload.wikimedia.org/wikipedia/commons/thumb/0/03/George_A_O%27Toole_%28cropped%29.jpg/330px-George_A_O%27Toole_%28cropped%29.jpg?utm_source=commons.wikimedia.org&utm_campaign=imageinfo&utm_content=thumbnail,https://commons.wikimedia.org/wiki/File:George_A_O%27Toole_(cropped).jpg,Public domain,fjc_bulk,
John Garvan Murtha,vtd,district,William J. Clinton,Democratic,1995-04-04,1995-05-25,1995-05-26,,2009-06-30,,,day,true,1731,false,false,https://upload.wikimedia.org/wikipedia/commons/thumb/d/d3/J._Garvan_Murtha_%28US_district_judge_for_Vermont%29.jpg/330px-J._Garvan_Murtha_%28US_district_judge_for_Vermont%29.jpg?utm_source=commons.wikimedia.org&utm_campaign=imageinfo&utm_content=thumbnail,https://commons.wikimedia.org/wiki/File:J._Garvan_Murtha_(US_district_judge_for_Vermont).jpg,Public domain,fjc_bulk,
Carlos F. Lucero,ca10,circuit,William J. Clinton,Democratic,1995-03-23,1995-06-30,1995-06-30,,2021-02-01,,,day,true,1434,false,false,,,,fjc_bulk,
Diane Pamela Wood,ca7,circuit,William J. Clinton,Democratic,1995-03-31,1995-06-30,1995-06-30,,2022-09-07,2024-04-30,Retirement,day,false,2636,,,,,,fjc_bulk,
George H. King,cacd,district,William J. Clinton,Democratic,1995-04-27,1995-06-30,1995-06-30,,,2017-01-06,Retirement,day,false,1280,,,,,,fjc_bulk,
Wiley Young Daniel,cod,district,William J. Clinton,Democratic,1995-03-31,1995-06-30,1995-06-30,,2013-01-01,2019-05-10,Death,day,false,559,,,,,,fjc_bulk,
Donald C. Nugent,ohnd,district,William J. Clinton,Democratic,1995-04-27,1995-06-30,1995-06-30,,2017-01-01,,,day,true,1789,false,false,https://upload.wikimedia.org/wikipedia/commons/thumb/c/c5/Donald_C._Nugent_fuzzy.jpg/330px-Donald_C._Nugent_fuzzy.jpg?utm_source=commons.wikimedia.org&utm_campaign=imageinfo&utm_content=thumbnail,https://commons.wikimedia.org/wiki/File:Donald_C._Nugent_fuzzy.jpg,Public domain,fjc_bulk,
Peter C. Economus,ohnd,district,William J. Clinton,Democratic,1995-02-28,1995-06-30,1995-06-30,,2009-07-03,,,day,true,682,false,false,https://upload.wikimedia.org/wikipedia/commons/4/41/Peter_C._Economus.jpg?utm_source=commons.wikimedia.org&utm_campaign=imageinfo&utm_content=thumbnail_unscaled,https://commons.wikimedia.org/wiki/File:Peter_C._Economus.jpg,Public domain,fjc_bulk,
Nancy Friedman Atlas,txsd,district,William J. Clinton,Democratic,1995-04-04,1995-06-30,1995-06-30,,2014-06-20,2022-07-31,Retirement,day,false,69,,,,,,fjc_bulk,
Tena Campbell,utd,district,William J. Clinton,Democratic,1995-06-22,1995-06-30,1995-06-30,,2011-01-01,,,day,true,366,false,false,,,,fjc_bulk,
Robert H. Whaley,waed,district,William J. Clinton,Democratic,1995-05-24,1995-06-30,1995-06-30,,2009-07-12,,,day,true,2558,false,false,https://upload.wikimedia.org/wikipedia/commons/d/d6/Robert_H._Whaley_District_Judge.jpg?utm_source=commons.wikimedia.org&utm_campaign=imageinfo&utm_content=thumbnail_unscaled,https://commons.wikimedia.org/wiki/File:Robert_H._Whaley_District_Judge.jpg,Public domain,fjc_bulk,
Terence Thomas Evans,ca7,circuit,William J. Clinton,Democratic,1995-04-25,1995-08-11,1995-08-11,,2010-01-07,2011-08-10,Death,day,false,724,,,,,,fjc_bulk,
James Maxwell Moody,are,district,William J. Clinton,Democratic,1995-06-27,1995-08-11,1995-08-14,,2008-10-01,2014-03-07,Retirement,day,false,1670,,,,,,fjc_bulk,
Michael R. Murphy,ca10,circuit,William J. Clinton,Democratic,1995-07-25,1995-08-11,1995-08-14,,2012-12-31,,,day,true,1725,false,false,,,,fjc_bulk,
Donald Carl Pogue,cit,specialized,William J. Clinton,Democratic,1995-06-30,1995-08-11,1995-08-14,,2014-07-01,2016-10-26,Death,day,false,3210,,,,,,fjc_bulk,
Evan Jonathan Wallach,cit,specialized,William J. Clinton,Democratic,1995-06-27,1995-08-11,1995-08-14,,,2011-11-18,Appointment to Another Judicial Position,day,false,3219,,,https://upload.wikimedia.org/wikipedia/commons/thumb/f/f6/Evan_Wallach.jpg/330px-Evan_Wallach.jpg?utm_source=commons.wikimedia.org&utm_campaign=imageinfo&utm_content=thumbnail,https://commons.wikimedia.org/wiki/File:Evan_Wallach.jpg,Public domain,fjc_bulk,
B. Lynn Winmill,idd,district,William J. Clinton,Democratic,1995-05-24,1995-08-11,1995-08-14,,2021-08-16,,,day,true,2617,false,false,https://upload.wikimedia.org/wikipedia/commons/thumb/5/5c/Winmill_Large_%28cropped%29.jpg/330px-Winmill_Large_%28cropped%29.jpg?utm_source=commons.wikimedia.org&utm_campaign=imageinfo&utm_content=thumbnail,https://commons.wikimedia.org/wiki/File:Winmill_Large_(cropped).jpg,Public domain,fjc_bulk,
Joseph H. McKinley Jr.,kywd,district,William J. Clinton,Democratic,1995-05-24,1995-08-11,1995-08-14,,2019-06-09,,,day,true,1571,false,false,https://upload.wikimedia.org/wikipedia/commons/3/33/Joseph_H._McKinley_District_Judge.jpg?utm_source=commons.wikimedia.org&utm_campaign=imageinfo&utm_content=thumbnail_unscaled,https://commons.wikimedia.org/wiki/File:Joseph_H._McKinley_District_Judge.jpg,Public domain,fjc_bulk,
Andre Maurice Davis,mdd,district,William J. Clinton,Democratic,1995-05-04,1995-08-11,1995-08-14,,,2009-11-12,Appointment to Another Judicial Position,day,false,570,,,,,,fjc_bulk,
Catherine C. Blake,mdd,district,William J. Clinton,Democratic,1995-05-04,1995-08-11,1995-08-14,,2021-04-02,2026-03-04,Death,day,false,190,,,,,,fjc_bulk,
Ortrie D. Smith,mowd,district,William J. Clinton,Democratic,1995-06-30,1995-08-11,1995-08-14,,2011-04-30,,,day,true,2223,false,false,https://upload.wikimedia.org/wikipedia/commons/f/f4/Ortrie_Smith_%28cropped%29.jpg?utm_source=commons.wikimedia.org&utm_campaign=imageinfo&utm_content=thumbnail_unscaled,https://commons.wikimedia.org/wiki/File:Ortrie_Smith_(cropped).jpg,Public domain,fjc_bulk,
William K. Sessions III,vtd,district,William J. Clinton,Democratic,1995-06-30,1995-08-11,1995-08-14,,2014-06-15,,,day,true,2145,false,false,https://upload.wikimedia.org/wikipedia/commons/thumb/4/4c/Chief_Judge_William_K._Sessions_0.jpg/330px-Chief_Judge_William_K._Sessions_0.jpg?utm_source=commons.wikimedia.org&utm_campaign=imageinfo&utm_content=thumbnail,https://commons.wikimedia.org/wiki/File:Chief_Judge_William_K._Sessions_0.jpg,Public domain,fjc_bulk,
James L. Dennis,ca5,circuit,William J. Clinton,Democratic,1995-01-31,1995-09-28,1995-10-02,,2022-12-16,,,day,true,605,false,false,,,,fjc_bulk,
Charles Lynwood Smith Jr.,alnd,district,William J. Clinton,Democratic,1995-12-08,1995-12-22,1995-12-26,,2013-08-31,,,day,true,2211,false,false,,,,fjc_bulk,
Ransey Guy Cole Jr.,ca6,circuit,William J. Clinton,Democratic,1995-06-29,1995-12-22,1995-12-26,,2023-01-09,,,day,true,473,false,false,https://upload.wikimedia.org/wikipedia/commons/thumb/d/dc/R._Guy_Cole_%28cropped%29.jpg/330px-R._Guy_Cole_%28cropped%29.jpg?utm_source=commons.wikimedia.org&utm_campaign=imageinfo&utm_content=thumbnail,https://commons.wikimedia.org/wiki/File:R._Guy_Cole_(cropped).jpg,Public domain,fjc_bulk,
Kim McLane Wardlaw,cacd,district,William J. Clinton,Democratic,1995-08-10,1995-12-22,1995-12-26,,,1998-08-03,Appointment to Another Judicial Position,day,false,2501,,,https://upload.wikimedia.org/wikipedia/commons/thumb/6/60/Kim_McLane_Wardlaw.jpg/330px-Kim_McLane_Wardlaw.jpg?utm_source=commons.wikimedia.org&utm_campaign=imageinfo&utm_content=thumbnail,https://commons.wikimedia.org/wiki/File:Kim_McLane_Wardlaw.jpg,Public domain,fjc_bulk,
Barry Ted Moskowitz,casd,district,William J. Clinton,Democratic,1995-06-30,1995-12-22,1995-12-26,,2019-01-23,,,day,true,1703,false,false,https://upload.wikimedia.org/wikipedia/commons/3/34/Barry_Ted_Moskowitz.jpg?utm_source=commons.wikimedia.org&utm_campaign=imageinfo&utm_content=thumbnail_unscaled,https://commons.wikimedia.org/wiki/File:Barry_Ted_Moskowitz.jpg,Public domain,fjc_bulk,
Joan A. Lenard,flsd,district,William J. Clinton,Democratic,1995-09-29,1995-12-22,1995-12-26,,2017-07-01,,,day,true,1379,false,false,,,,fjc_bulk,
Hugh Lawson,gamd,district,William J. Clinton,Democratic,1995-08-10,1995-12-22,1995-12-26,,2008-12-31,2024-03-29,Death,day,false,1355,,,,,,fjc_bulk,
John R. Tunheim,mnd,district,William J. Clinton,Democratic,1995-07-10,1995-12-22,1995-12-26,,2023-12-01,,,day,true,2421,false,false,https://upload.wikimedia.org/wikipedia/commons/thumb/9/9f/John_R._Tunheim.jpg/330px-John_R._Tunheim.jpg?utm_source=commons.wikimedia.org&utm_campaign=imageinfo&utm_content=thumbnail,https://commons.wikimedia.org/wiki/File:John_R._Tunheim.jpg,Public domain,fjc_bulk,
E. Richard Webber,moed,district,William J. Clinton,Democratic,1995-08-10,1995-12-22,1995-12-26,,2009-06-30,,,day,true,2526,false,false,https://upload.wikimedia.org/wikipedia/commons/thumb/5/5c/Judge_E._Richard_Webber_%28cropped%29.jpg/330px-Judge_E._Richard_Webber_%28cropped%29.jpg?utm_source=commons.wikimedia.org&utm_campaign=imageinfo&utm_content=thumbnail,https://commons.wikimedia.org/wiki/File:Judge_E._Richard_Webber_(cropped).jpg,Public domain,fjc_bulk,
Stephen Murray Orlofsky,njd,district,William J. Clinton,Democratic,1995-06-30,1995-12-22,1995-12-26,,,2003-08-31,Resignation,day,false,1813,,,,,,fjc_bulk,
Bruce D. Black,nmd,district,William J. Clinton,Democratic,1995-08-10,1995-12-22,1995-12-26,,2012-10-01,2017-01-01,Retirement,day,false,180,,,,,,fjc_bulk,
Barbara S. Jones,nysd,district,William J. Clinton,Democratic,1995-10-18,1995-12-22,1995-12-26,,2012-12-31,2013-01-04,Retirement,day,false,1192,,,,,,fjc_bulk,
Patricia Anne Gaughan,ohnd,district,William J. Clinton,Democratic,1995-09-29,1995-12-22,1995-12-26,,2023-10-01,,,day,true,829,false,false,https://upload.wikimedia.org/wikipedia/commons/thumb/5/57/Patricia_Anne_Gaughan_fuzzy.jpg/330px-Patricia_Anne_Gaughan_fuzzy.jpg?utm_source=commons.wikimedia.org&utm_campaign=imageinfo&utm_content=thumbnail,https://commons.wikimedia.org/wiki/File:Patricia_Anne_Gaughan_fuzzy.jpg,Public domain,fjc_bulk,
Susan J. Dlott,ohsd,district,William J. Clinton,Democratic,1995-08-10,1995-12-22,1995-12-26,,2018-05-31,,,day,true,625,false,false,https://upload.wikimedia.org/wikipedia/commons/thumb/3/3b/Susan_Dlott_District_Judge.jpg/330px-Susan_Dlott_District_Judge.jpg?utm_source=commons.wikimedia.org&utm_campaign=imageinfo&utm_content=thumbnail,https://commons.wikimedia.org/wiki/File:Susan_Dlott_District_Judge.jpg,Public domain,fjc_bulk,
Patrick Michael Duffy,scd,district,William J. Clinton,Democratic,1995-10-11,1995-12-22,1995-12-26,,2009-12-27,2019-04-01,Retirement,day,false,658,,,,,,fjc_bulk,
Todd J. Campbell,tnmd,district,William J. Clinton,Democratic,1995-06-27,1995-12-22,1995-12-26,,2016-12-01,2021-04-11,Death,day,false,367,,,,,,fjc_bulk,
Bernice Bouie Donald,tnwd,district,William J. Clinton,Democratic,1995-12-07,1995-12-22,1995-12-26,,,2011-09-08,Appointment to Another Judicial Position,day,false,631,,,,,,fjc_bulk,
Atsushi Wallace Tashima,ca9,circuit,William J. Clinton,Democratic,1995-04-06,1996-01-02,1996-01-04,,2004-06-30,,,day,true,2339,false,false,https://upload.wikimedia.org/wikipedia/commons/thumb/a/ad/A._Wallace_Tashima_Circuit_Judge.jpg/330px-A._Wallace_Tashima_Circuit_Judge.jpg?utm_source=commons.wikimedia.org&utm_campaign=imageinfo&utm_content=thumbnail,https://commons.wikimedia.org/wiki/File:A._Wallace_Tashima_Circuit_Judge.jpg,Public domain,fjc_bulk,
Sidney Runyan Thomas,ca9,circuit,William J. Clinton,Democratic,1995-07-19,1996-01-02,1996-01-04,,2023-05-04,,,day,true,2367,false,false,https://upload.wikimedia.org/wikipedia/commons/6/6e/Sidney_Runyan_Thomas_13.JPG?utm_source=commons.wikimedia.org&utm_campaign=imageinfo&utm_content=thumbnail_unscaled,https://commons.wikimedia.org/wiki/File:Sidney_Runyan_Thomas_13.JPG,Public domain,fjc_bulk,
John Thomas Marten,ksd,district,William J. Clinton,Democratic,1995-10-18,1996-01-02,1996-01-04,,2017-05-01,2021-05-01,Retirement,day,false,1490,,,,,,fjc_bulk,
Jed Saul Rakoff,nysd,district,William J. Clinton,Democratic,1995-10-11,1995-12-29,1996-01-04,,2010-12-31,,,day,true,1957,false,false,,,,fjc_bulk,
Walker David Miller,cod,district,William J. Clinton,Democratic,1996-04-18,1996-07-11,1996-07-25,,2008-04-01,2013-03-24,Death,day,false,1652,,,,,,fjc_bulk,
Mary Ann Vial Lemmon,laed,district,William J. Clinton,Democratic,1995-12-19,1996-07-10,1996-07-25,,2011-01-01,,,day,true,1378,false,false,https://upload.wikimedia.org/wikipedia/commons/thumb/4/46/Mary_Ann_Vial_Lemmon.jpg/330px-Mary_Ann_Vial_Lemmon.jpg?utm_source=commons.wikimedia.org&utm_campaign=imageinfo&utm_content=thumbnail,https://commons.wikimedia.org/wiki/File:Mary_Ann_Vial_Lemmon.jpg,Public domain,fjc_bulk,
Gary A. Fenner,mowd,district,William J. Clinton,Democratic,1995-12-13,1996-07-10,1996-07-25,,2015-09-08,,,day,true,744,false,false,https://upload.wikimedia.org/wikipedia/commons/thumb/f/fb/Gary_August_Fenner.jpg/330px-Gary_August_Fenner.jpg?utm_source=commons.wikimedia.org&utm_campaign=imageinfo&utm_content=thumbnail,https://commons.wikimedia.org/wiki/File:Gary_August_Fenner.jpg,Public domain,fjc_bulk,
Joseph A. Greenaway Jr.,njd,district,William J. Clinton,Democratic,1995-11-27,1996-07-16,1996-07-26,,,2010-02-24,Appointment to Another Judicial Position,day,false,911,,,,,,fjc_bulk,
W. Craig Broadwater,wvnd,district,William J. Clinton,Democratic,1996-01-26,1996-07-12,1996-07-26,,,2006-12-18,Death,day,false,267,,,,,,fjc_bulk,
Charles N. Clevert Jr.,wied,district,William J. Clinton,Democratic,1995-12-07,1996-07-17,1996-07-29,,2012-10-31,2017-03-31,Retirement,day,false,457,,,,,,fjc_bulk,
Frank R. Zapata,azd,district,William J. Clinton,Democratic,1996-03-29,1996-07-31,1996-08-01,,2010-08-03,,,day,true,2682,false,false,https://upload.wikimedia.org/wikipedia/commons/0/02/Frank_R._Zapata_District_Judge.jpg?utm_source=commons.wikimedia.org&utm_campaign=imageinfo&utm_content=thumbnail_unscaled,https://commons.wikimedia.org/wiki/File:Frank_R._Zapata_District_Judge.jpg,Public domain,fjc_bulk,
Dean D. Pregerson,cacd,district,William J. Clinton,Democratic,1996-01-26,1996-07-24,1996-08-01,,2016-01-28,2025-06-01,Retirement,day,false,1933,,,,,,fjc_bulk,
Robert Lewis Hinkle,flnd,district,William J. Clinton,Democratic,1996-06-06,1996-07-25,1996-08-01,,2016-11-07,,,day,true,1053,false,false,,,,fjc_bulk,
Joan B. Gottschall,ilnd,district,William J. Clinton,Democratic,1996-03-29,1996-07-25,1996-08-01,,2012-04-23,,,day,true,894,false,false,https://upload.wikimedia.org/wikipedia/commons/a/ae/Joan_B._Gottschall_%28cropped%29.jpg?utm_source=commons.wikimedia.org&utm_campaign=imageinfo&utm_content=thumbnail_unscaled,https://commons.wikimedia.org/wiki/File:Joan_B._Gottschall_(cropped).jpg,Public domain,fjc_bulk,
Nanette Kay Laughrey,moed,district,William J. Clinton,Democratic,1995-10-20,1996-07-24,1996-08-01,,2011-08-27,,,day,true,1349,false,false,https://upload.wikimedia.org/wikipedia/commons/0/0a/Nanette_Laughrey_District_Judge.JPG?utm_source=commons.wikimedia.org&utm_campaign=imageinfo&utm_content=thumbnail_unscaled,https://commons.wikimedia.org/wiki/File:Nanette_Laughrey_District_Judge.JPG,Public domain,fjc_bulk,
Nanette Kay Laughrey,mowd,district,William J. Clinton,Democratic,1995-10-20,1996-07-24,1996-08-01,,2011-08-27,,,day,true,1349,false,false,https://upload.wikimedia.org/wikipedia/commons/0/0a/Nanette_Laughrey_District_Judge.JPG?utm_source=commons.wikimedia.org&utm_campaign=imageinfo&utm_content=thumbnail_unscaled,https://commons.wikimedia.org/wiki/File:Nanette_Laughrey_District_Judge.JPG,Public domain,fjc_bulk,
Donald W. Molloy,mtd,district,William J. Clinton,Democratic,1995-12-21,1996-07-18,1996-08-01,,2011-08-16,,,day,true,1665,false,false,https://upload.wikimedia.org/wikipedia/commons/thumb/e/e7/Donald_W._Molloy_District_Judge.JPG/330px-Donald_W._Molloy_District_Judge.JPG?utm_source=commons.wikimedia.org&utm_campaign=imageinfo&utm_content=thumbnail,https://commons.wikimedia.org/wiki/File:Donald_W._Molloy_District_Judge.JPG,Public domain,fjc_bulk,
Nina Gershon,nyed,district,William J. Clinton,Democratic,1995-10-18,1996-07-30,1996-08-01,,2008-10-16,,,day,true,836,false,false,,,,fjc_bulk,
Lawrence E. Kahn,nynd,district,William J. Clinton,Democratic,1996-04-18,1996-07-16,1996-08-01,,2007-08-01,,,day,true,1219,false,false,,,,fjc_bulk,
Edmund A. Sargus Jr.,ohsd,district,William J. Clinton,Democratic,1995-12-22,1996-07-22,1996-08-01,,,,,day,true,2099,false,false,https://upload.wikimedia.org/wikipedia/commons/6/6c/Edmund_Sargus_%28cropped%29.jpg?utm_source=commons.wikimedia.org&utm_campaign=imageinfo&utm_content=thumbnail_unscaled,https://commons.wikimedia.org/wiki/File:Edmund_Sargus_(cropped).jpg,Public domain,fjc_bulk,
James Parker Jones,vawd,district,William J. Clinton,Democratic,1995-12-12,1996-07-18,1996-08-01,,2021-08-30,,,day,true,1196,false,false,https://upload.wikimedia.org/wikipedia/commons/thumb/e/e7/James_P._Jones.jpg/330px-James_P._Jones.jpg?utm_source=commons.wikimedia.org&utm_campaign=imageinfo&utm_content=thumbnail,https://commons.wikimedia.org/wiki/File:James_P._Jones.jpg,CC BY-SA 4.0 — credit: AuxiliumTerra,fjc_bulk,
Ann D. Montgomery,mnd,district,William J. Clinton,Democratic,1995-11-27,1996-08-02,1996-08-06,,2016-05-31,,,day,true,1668,false,false,https://upload.wikimedia.org/wikipedia/commons/thumb/7/73/Ann_Montgomery_%28cropped%29.jpg/330px-Ann_Montgomery_%28cropped%29.jpg?utm_source=commons.wikimedia.org&utm_campaign=imageinfo&utm_content=thumbnail,https://commons.wikimedia.org/wiki/File:Ann_Montgomery_(cropped).jpg,Public domain,fjc_bulk,
Merrick B. Garland,cadc,circuit,William J. Clinton,Democratic,1997-01-07,1997-03-19,1997-03-20,,,2021-03-10,Retirement,day,false,820,,,,,,fjc_bulk,
Colleen Kollar-Kotelly,dcd,district,William J. Clinton,Democratic,1997-01-07,1997-03-20,1997-03-26,,2023-02-21,,,day,true,1307,false,false,https://upload.wikimedia.org/wikipedia/commons/0/08/Kotelly.jpg?utm_source=commons.wikimedia.org&utm_campaign=imageinfo&utm_content=thumbnail_unscaled,https://commons.wikimedia.org/wiki/File:Kotelly.jpg,Public domain,fjc_bulk,
Jeffrey T. Miller,casd,district,William J. Clinton,Democratic,1997-01-07,1997-05-23,1997-05-27,,2010-06-06,,,day,true,2742,false,false,https://upload.wikimedia.org/wikipedia/commons/b/b2/Jeffrey_T._Miller_District_Judge.jpg?utm_source=commons.wikimedia.org&utm_campaign=imageinfo&utm_content=thumbnail_unscaled,https://commons.wikimedia.org/wiki/File:Jeffrey_T._Miller_District_Judge.jpg,Public domain,fjc_bulk,
Donald M. Middlebrooks,flsd,district,William J. Clinton,Democratic,1997-01-07,1997-05-23,1997-05-27,,,,,day,true,2741,false,false,,,,fjc_bulk,
Robert W. Pratt,iasd,district,William J. Clinton,Democratic,1997-01-07,1997-05-23,1997-05-27,,2012-07-01,2026-01-28,Death,day,false,2744,,,,,,fjc_bulk,
Alan Stephen Gold,flsd,district,William J. Clinton,Democratic,1997-02-12,1997-06-27,1997-07-01,,2011-01-10,,,day,true,2729,false,false,,,,fjc_bulk,
Eric L. Clay,ca6,circuit,William J. Clinton,Democratic,1997-01-07,1997-07-31,1997-08-01,,,,,day,true,2723,false,false,https://upload.wikimedia.org/wikipedia/commons/5/51/Eric_Clay.jpg?utm_source=commons.wikimedia.org&utm_campaign=imageinfo&utm_content=thumbnail_unscaled,https://commons.wikimedia.org/wiki/File:Eric_Clay.jpg,Public domain,fjc_bulk,
Arthur J. Gajarsa,cafc,circuit,William J. Clinton,Democratic,1997-01-07,1997-07-31,1997-08-01,,2011-07-31,2012-06-30,Retirement,day,false,2727,,,,,,fjc_bulk,
Thomas W. Thrash Jr.,gand,district,William J. Clinton,Democratic,1997-01-07,1997-07-31,1997-08-01,,2021-05-08,,,day,true,2748,false,false,,,,fjc_bulk,
Frank M. Hull,ca11,circuit,William J. Clinton,Democratic,1997-06-18,1997-09-04,1997-09-18,,2017-12-31,,,day,true,1119,false,false,https://upload.wikimedia.org/wikipedia/commons/thumb/d/dc/Judge-Hull.jpg/330px-Judge-Hull.jpg?utm_source=commons.wikimedia.org&utm_campaign=imageinfo&utm_content=thumbnail,https://commons.wikimedia.org/wiki/File:Judge-Hull.jpg,Public domain,fjc_bulk,
Christopher Fitzgerald Droney,ctd,district,William J. Clinton,Democratic,1997-06-05,1997-09-11,1997-09-18,,,2011-12-01,Appointment to Another Judicial Position,day,false,2725,,,,,,fjc_bulk,
Janet C. Hall,ctd,district,William J. Clinton,Democratic,1997-06-05,1997-09-11,1997-09-18,,2021-01-21,,,day,true,2731,false,false,https://upload.wikimedia.org/wikipedia/commons/f/f9/Janet_Hall_District_Judge.jpg?utm_source=commons.wikimedia.org&utm_campaign=imageinfo&utm_content=thumbnail_unscaled,https://commons.wikimedia.org/wiki/File:Janet_Hall_District_Judge.jpg,Public domain,fjc_bulk,
Henry Harold Kennedy Jr.,dcd,district,William J. Clinton,Democratic,1997-05-15,1997-09-04,1997-09-18,,2011-11-18,,,day,true,2736,false,false,https://upload.wikimedia.org/wikipedia/commons/3/3e/Henry_H._Kennedy%2C_Jr.jpg?utm_source=commons.wikimedia.org&utm_campaign=imageinfo&utm_content=thumbnail_unscaled,"https://commons.wikimedia.org/wiki/File:Henry_H._Kennedy,_Jr.jpg",Public domain,fjc_bulk,
Joseph F. Bataillon,ned,district,William J. Clinton,Democratic,1997-01-07,1997-09-11,1997-09-18,,2014-10-03,,,day,true,2718,false,false,https://upload.wikimedia.org/wikipedia/commons/thumb/0/0e/Joseph_F._Bataillon_District_Judge.jpg/330px-Joseph_F._Bataillon_District_Judge.jpg?utm_source=commons.wikimedia.org&utm_campaign=imageinfo&utm_content=thumbnail,https://commons.wikimedia.org/wiki/File:Joseph_F._Bataillon_District_Judge.jpg,Public domain,fjc_bulk,
Robert Charles Chambers,wvsd,district,William J. Clinton,Democratic,1997-06-05,1997-09-05,1997-09-18,,,,,day,true,2722,false,false,https://upload.wikimedia.org/wikipedia/commons/thumb/5/5d/Chuck_Chambers.jpg/330px-Chuck_Chambers.jpg?utm_source=commons.wikimedia.org&utm_campaign=imageinfo&utm_content=thumbnail,https://commons.wikimedia.org/wiki/File:Chuck_Chambers.jpg,Public domain,fjc_bulk,
Marjorie O. Rendell,ca3,circuit,William J. Clinton,Democratic,1997-01-07,1997-09-26,1997-09-29,,2015-07-01,,,day,true,1992,false,false,https://upload.wikimedia.org/wikipedia/commons/7/74/Marjorie_Rendell.jpg,https://commons.wikimedia.org/wiki/File:Marjorie_Rendell.jpg,"CC BY 2.0 — credit: Flickr user “Cliff” (28567825@N03), Commons license-reviewed 2009-07-01",fjc_bulk,
Richard A. Lazzara,flmd,district,William J. Clinton,Democratic,1997-01-07,1997-09-26,1997-09-29,,2011-12-17,,,day,true,2738,false,false,,,,fjc_bulk,
Katharine Sweeney Hayden,njd,district,William J. Clinton,Democratic,1997-06-05,1997-09-25,1997-09-29,,2010-05-30,,,day,true,2732,false,false,,,,fjc_bulk,
Anthony W. Ishii,caed,district,William J. Clinton,Democratic,1997-02-12,1997-10-09,1997-10-14,,2012-10-31,,,day,true,2733,false,false,https://upload.wikimedia.org/wikipedia/commons/thumb/5/56/Anthony_Wayne_Ishii.JPG/330px-Anthony_Wayne_Ishii.JPG?utm_source=commons.wikimedia.org&utm_campaign=imageinfo&utm_content=thumbnail,https://commons.wikimedia.org/wiki/File:Anthony_Wayne_Ishii.JPG,Public domain,fjc_bulk,
Richard Conway Casey,nysd,district,William J. Clinton,Democratic,1997-07-16,1997-10-21,1997-10-24,,,2007-03-22,Death,day,false,2721,,,,,,fjc_bulk,
Dale A. Kimball,utd,district,William J. Clinton,Democratic,1997-09-04,1997-10-21,1997-10-24,,2009-11-30,,,day,true,2737,false,false,https://upload.wikimedia.org/wikipedia/commons/thumb/2/2d/Dale_A._Kimball.jpg/330px-Dale_A._Kimball.jpg?utm_source=commons.wikimedia.org&utm_campaign=imageinfo&utm_content=thumbnail,https://commons.wikimedia.org/wiki/File:Dale_A._Kimball.jpg,Public domain,fjc_bulk,
Charles J. Siragusa,nywd,district,William J. Clinton,Democratic,1997-07-15,1997-10-30,1997-11-05,,2012-12-15,,,day,true,2746,false,false,,,,fjc_bulk,
Ronald Lee Gilman,ca6,circuit,William J. Clinton,Democratic,1997-07-16,1997-11-06,1997-11-07,,2010-11-21,,,day,true,2728,false,false,https://upload.wikimedia.org/wikipedia/commons/thumb/9/9b/Ronald_Lee_Gilman.JPG/330px-Ronald_Lee_Gilman.JPG?utm_source=commons.wikimedia.org&utm_campaign=imageinfo&utm_content=thumbnail,https://commons.wikimedia.org/wiki/File:Ronald_Lee_Gilman.JPG,Public domain,fjc_bulk,
James S. Gwin,ohnd,district,William J. Clinton,Democratic,1997-07-31,1997-11-05,1997-11-07,,2021-01-31,,,day,true,2730,false,false,https://upload.wikimedia.org/wikipedia/commons/thumb/c/ce/James_S._Gwin_fuzzy.jpg/330px-James_S._Gwin_fuzzy.jpg?utm_source=commons.wikimedia.org&utm_campaign=imageinfo&utm_content=thumbnail,https://commons.wikimedia.org/wiki/File:James_S._Gwin_fuzzy.jpg,Public domain,fjc_bulk,
Algenon L. Marbley,ohsd,district,William J. Clinton,Democratic,1997-07-31,1997-10-27,1997-11-07,,,,,day,true,2739,false,false,https://upload.wikimedia.org/wikipedia/commons/thumb/9/98/Algenon_L._Marbley%2C_U.S._District_Court_Judge.jpg/330px-Algenon_L._Marbley%2C_U.S._District_Court_Judge.jpg?utm_source=commons.wikimedia.org&utm_campaign=imageinfo&utm_content=thumbnail,"https://commons.wikimedia.org/wiki/File:Algenon_L._Marbley,_U.S._District_Court_Judge.jpg",Public domain,fjc_bulk,
Christina A. Snyder,cacd,district,William J. Clinton,Democratic,1997-01-07,1997-11-07,1997-11-10,,2016-11-23,,,day,true,2747,false,false,https://upload.wikimedia.org/wikipedia/commons/a/a3/Christina_A._Snyder.jpg?utm_source=commons.wikimedia.org&utm_campaign=imageinfo&utm_content=thumbnail_unscaled,https://commons.wikimedia.org/wiki/File:Christina_A._Snyder.jpg,Public domain,fjc_bulk,
Stanley Marcus,ca11,circuit,William J. Clinton,Democratic,1997-09-25,1997-11-07,1997-11-12,,2019-12-05,,,day,true,1477,false,false,,,,fjc_bulk,
Frank C. Damrell Jr.,caed,district,William J. Clinton,Democratic,1997-07-24,1997-11-09,1997-11-12,,2008-12-31,2011-12-01,Retirement,day,false,2724,,,,,,fjc_bulk,
Charles R. Breyer,cand,district,William J. Clinton,Democratic,1997-07-24,1997-11-08,1997-11-12,,2011-12-31,,,day,true,2719,false,false,https://upload.wikimedia.org/wikipedia/commons/thumb/6/6b/Judge_Charles_Breyer_official_portrait_United_States_District_Court_by_Scott_Johnston.jpg/330px-Judge_Charles_Breyer_official_portrait_United_States_District_Court_by_Scott_Johnston.jpg?utm_source=commons.wikimedia.org&utm_campaign=imageinfo&utm_content=thumbnail,https://commons.wikimedia.org/wiki/File:Judge_Charles_Breyer_official_portrait_United_States_District_Court_by_Scott_Johnston.jpg,CC BY-SA 3.0 — credit: Scott Wallace Johnston,fjc_bulk,
Martin J. Jenkins,cand,district,William J. Clinton,Democratic,1997-07-24,1997-11-09,1997-11-12,,,2008-04-03,Resignation,day,false,2734,,,,,,fjc_bulk,
Rodney W. Sippel,moed,district,William J. Clinton,Democratic,1997-05-15,1997-11-08,1997-11-12,,2023-01-28,,,day,true,2745,false,false,https://upload.wikimedia.org/wikipedia/commons/thumb/d/d1/Rodney_W._Sippel%2C_U.S._District_Court_Judge.jpg/330px-Rodney_W._Sippel%2C_U.S._District_Court_Judge.jpg?utm_source=commons.wikimedia.org&utm_campaign=imageinfo&utm_content=thumbnail,"https://commons.wikimedia.org/wiki/File:Rodney_W._Sippel,_U.S._District_Court_Judge.jpg",Public domain,fjc_bulk,
Rodney W. Sippel,mowd,district,William J. Clinton,Democratic,1997-05-15,1997-11-08,1997-11-12,,2023-01-28,,,day,true,2745,false,false,https://upload.wikimedia.org/wikipedia/commons/thumb/d/d1/Rodney_W._Sippel%2C_U.S._District_Court_Judge.jpg/330px-Rodney_W._Sippel%2C_U.S._District_Court_Judge.jpg?utm_source=commons.wikimedia.org&utm_campaign=imageinfo&utm_content=thumbnail,"https://commons.wikimedia.org/wiki/File:Rodney_W._Sippel,_U.S._District_Court_Judge.jpg",Public domain,fjc_bulk,
Bruce William Kauffman,paed,district,William J. Clinton,Democratic,1997-07-31,1997-11-08,1997-11-12,,2008-02-11,2009-07-20,Retirement,day,false,2735,,,,,,fjc_bulk,
A. Richard Caputo,pamd,district,William J. Clinton,Democratic,1997-07-31,1997-11-09,1997-11-12,,2009-03-31,2020-03-11,Death,day,false,2720,,,,,,fjc_bulk,
Jerome B. Friedman,vaed,district,William J. Clinton,Democratic,1997-06-26,1997-11-07,1997-11-12,,2010-11-30,2011-08-19,Retirement,day,false,2726,,,,,,fjc_bulk,
Norman K. Moon,vawd,district,William J. Clinton,Democratic,1997-10-08,1997-11-07,1997-11-12,,2010-07-01,,,day,true,2743,false,false,,,,fjc_bulk,
Lynn S. Adelman,wied,district,William J. Clinton,Democratic,1997-09-08,1997-11-13,1997-12-23,,,,,day,true,2717,false,false,https://upload.wikimedia.org/wikipedia/commons/thumb/2/26/Lynn_Adelman.jpg/330px-Lynn_Adelman.jpg?utm_source=commons.wikimedia.org&utm_campaign=imageinfo&utm_content=thumbnail,https://commons.wikimedia.org/wiki/File:Lynn_Adelman.jpg,Public domain,fjc_bulk,
Barry G. Silverman,ca9,circuit,William J. Clinton,Democratic,1997-11-08,1998-01-28,1998-02-04,,2016-10-11,,,day,true,2752,false,false,https://upload.wikimedia.org/wikipedia/commons/9/9b/Barry_G._Silverman.jpg?utm_source=commons.wikimedia.org&utm_campaign=imageinfo&utm_content=thumbnail_unscaled,https://commons.wikimedia.org/wiki/File:Barry_G._Silverman.jpg,Public domain,fjc_bulk,
Carlos R. Moreno,cacd,district,William J. Clinton,Democratic,1997-07-31,1998-02-03,1998-02-04,,,2001-10-18,Resignation,day,false,2751,,,,,,fjc_bulk,
Richard W. Story,gand,district,William J. Clinton,Democratic,1997-09-15,1998-01-28,1998-02-04,,2018-12-01,,,day,true,2749,false,false,https://upload.wikimedia.org/wikipedia/commons/8/84/Richard_W._Story.jpg?utm_source=commons.wikimedia.org&utm_campaign=imageinfo&utm_content=thumbnail_unscaled,https://commons.wikimedia.org/wiki/File:Richard_W._Story.jpg,Public domain,fjc_bulk,
Ann L. Aiken,ord,district,William J. Clinton,Democratic,1997-01-07,1998-01-28,1998-02-04,,2023-12-29,,,day,true,2750,false,false,https://upload.wikimedia.org/wikipedia/commons/5/50/Ann_Aiken_13.JPG?utm_source=commons.wikimedia.org&utm_campaign=imageinfo&utm_content=thumbnail_unscaled,https://commons.wikimedia.org/wiki/File:Ann_Aiken_13.JPG,Public domain,fjc_bulk,
Margaret M. Morrow,cacd,district,William J. Clinton,Democratic,1997-01-07,1998-02-11,1998-02-24,,2015-10-29,2016-01-06,Retirement,day,false,2753,,,,,,fjc_bulk,
Richard L. Young,insd,district,William J. Clinton,Democratic,1997-07-15,1998-03-02,1998-03-06,,2023-03-31,,,day,true,2754,false,false,,,,fjc_bulk,
Judith Morgenstern Barzilay,cit,specialized,William J. Clinton,Democratic,1998-01-27,1998-03-11,1998-03-11,,2011-06-02,,,day,true,3198,false,false,,,,fjc_bulk,
Jeremy D. Fogel,cand,district,William J. Clinton,Democratic,1997-09-08,1998-03-16,1998-03-17,,2014-12-31,2018-09-14,Retirement,day,false,2757,,,,,,fjc_bulk,
Delissa Anne Ridgway,cit,specialized,William J. Clinton,Democratic,1998-01-27,1998-03-11,1998-03-17,,2019-01-31,,,day,true,3215,false,false,,,,fjc_bulk,
Sam A. Lindsay,txnd,district,William J. Clinton,Democratic,1997-11-08,1998-03-11,1998-03-17,,,,,day,true,2756,false,false,https://upload.wikimedia.org/wikipedia/commons/9/97/SamLindsay.JPG?utm_source=commons.wikimedia.org&utm_campaign=imageinfo&utm_content=thumbnail_unscaled,https://commons.wikimedia.org/wiki/File:SamLindsay.JPG,Public domain,fjc_bulk,
Hilda G. Tagle,txsd,district,William J. Clinton,Democratic,1997-03-21,1998-03-11,1998-03-17,,2012-12-31,,,day,true,2755,false,false,,,,fjc_bulk,
Susan Graber,ca9,circuit,William J. Clinton,Democratic,1997-07-30,1998-03-17,1998-03-19,,2021-12-15,,,day,true,2758,false,false,https://upload.wikimedia.org/wikipedia/commons/6/63/Susan_P._Graber.jpg?utm_source=commons.wikimedia.org&utm_campaign=imageinfo&utm_content=thumbnail_unscaled,https://commons.wikimedia.org/wiki/File:Susan_P._Graber.jpg,Public domain,fjc_bulk,
Michael Patrick McCuskey,ilcd,district,William J. Clinton,Democratic,1997-07-31,1998-04-02,1998-04-03,,2013-06-30,2014-05-31,Retirement,day,false,2765,,,,,,fjc_bulk,
G. Patrick Murphy,ilsd,district,William J. Clinton,Democratic,1997-07-31,1998-04-02,1998-04-03,,,2013-12-01,Retirement,day,false,2766,,,,,,fjc_bulk,
Robert Toombs Dawson,arw,district,William J. Clinton,Democratic,1997-11-07,1998-04-02,1998-04-07,,2009-08-14,,,day,true,2762,false,false,,,,fjc_bulk,
Kermit Victor Lipez,ca1,circuit,William J. Clinton,Democratic,1997-10-20,1998-04-02,1998-04-07,,2011-12-31,,,day,true,2764,false,false,https://upload.wikimedia.org/wikipedia/commons/0/09/Kermit_Lipez_%28cropped%29.jpg?utm_source=commons.wikimedia.org&utm_campaign=imageinfo&utm_content=thumbnail_unscaled,https://commons.wikimedia.org/wiki/File:Kermit_Lipez_(cropped).jpg,Public domain,fjc_bulk,
Ivan L. R. Lemelle,laed,district,William J. Clinton,Democratic,1997-02-12,1998-04-03,1998-04-07,,2015-06-29,,,day,true,2763,false,false,https://upload.wikimedia.org/wikipedia/commons/thumb/c/cb/Ivan_L.R._Lemelle.jpg/330px-Ivan_L.R._Lemelle.jpg?utm_source=commons.wikimedia.org&utm_campaign=imageinfo&utm_content=thumbnail,https://commons.wikimedia.org/wiki/File:Ivan_L.R._Lemelle.jpg,Public domain,fjc_bulk,
Johnnie B. Rawlinson,nvd,district,William J. Clinton,Democratic,1998-01-27,1998-04-02,1998-04-07,,,2000-07-26,Appointment to Another Judicial Position,day,false,2767,,,https://upload.wikimedia.org/wikipedia/commons/9/96/J._B._Rawlinson.jpg?utm_source=commons.wikimedia.org&utm_campaign=imageinfo&utm_content=thumbnail_unscaled,https://commons.wikimedia.org/wiki/File:J._B._Rawlinson.jpg,Public domain,fjc_bulk,
M. Margaret McKeown,ca9,circuit,William J. Clinton,Democratic,1997-01-07,1998-03-27,1998-04-08,,2022-09-15,,,day,true,2761,false,false,https://upload.wikimedia.org/wikipedia/commons/4/44/M-Margaret-McKeown-2009-US-Courts.jpg?utm_source=commons.wikimedia.org&utm_campaign=imageinfo&utm_content=thumbnail_unscaled,https://commons.wikimedia.org/wiki/File:M-Margaret-McKeown-2009-US-Courts.jpg,Public domain,fjc_bulk,
Edward F. Shea,waed,district,William J. Clinton,Democratic,1997-09-04,1998-03-27,1998-04-08,,2012-06-07,,,day,true,2760,false,false,https://upload.wikimedia.org/wikipedia/commons/a/a7/Judge_Edward_F._Shea.jpg?utm_source=commons.wikimedia.org&utm_campaign=imageinfo&utm_content=thumbnail_unscaled,https://commons.wikimedia.org/wiki/File:Judge_Edward_F._Shea.jpg,Public domain,fjc_bulk,
Gregory Moneta Sleet,ded,district,William J. Clinton,Democratic,1998-01-27,1998-04-27,1998-04-30,,2017-05-01,2018-09-28,Retirement,day,false,2772,,,,,,fjc_bulk,
Garr M. King,ord,district,William J. Clinton,Democratic,1997-10-08,1998-04-27,1998-04-30,,2009-01-30,2019-02-05,Death,day,false,2769,,,,,,fjc_bulk,
Stephan P. Mickle,flnd,district,William J. Clinton,Democratic,1998-01-27,1998-05-14,1998-05-22,,2011-06-22,2021-01-26,Death,day,false,2770,,,,,,fjc_bulk,
William P. Dimitrouleas,flsd,district,William J. Clinton,Democratic,1998-01-27,1998-05-14,1998-05-22,,,,,day,true,2768,false,false,,,,fjc_bulk,
Arthur J. Tarnow,mied,district,William J. Clinton,Democratic,1997-09-24,1998-05-13,1998-05-22,,2010-05-26,2022-01-21,Death,day,false,2773,,,,,,fjc_bulk,
George Caram Steeh III,mied,district,William J. Clinton,Democratic,1997-09-24,1998-05-13,1998-05-22,,2013-01-29,,,day,true,2771,false,false,,,,fjc_bulk,
Chester J. Straub,ca2,circuit,William J. Clinton,Democratic,1998-02-11,1998-06-01,1998-06-03,,2008-07-16,2024-07-13,Death,day,false,2778,,,,,,fjc_bulk,
Rosemary S. Pooler,ca2,circuit,William J. Clinton,Democratic,1997-11-06,1998-06-02,1998-06-03,,2022-03-23,2023-08-10,Death,day,false,1910,,,,,,fjc_bulk,
Robert David Sack,ca2,circuit,William J. Clinton,Democratic,1997-11-06,1998-06-15,1998-06-16,,2009-08-06,,,day,true,2774,false,false,https://upload.wikimedia.org/wikipedia/commons/thumb/d/de/Judicial_Portrait_RDS.jpg/330px-Judicial_Portrait_RDS.jpg?utm_source=commons.wikimedia.org&utm_campaign=imageinfo&utm_content=thumbnail,https://commons.wikimedia.org/wiki/File:Judicial_Portrait_RDS.jpg,Public domain,fjc_bulk,
Richard W. Roberts,dcd,district,William J. Clinton,Democratic,1998-01-27,1998-06-05,1998-06-23,,2016-03-16,,,day,true,2777,false,false,https://upload.wikimedia.org/wikipedia/commons/5/51/Richard_W._Roberts.jpg?utm_source=commons.wikimedia.org&utm_campaign=imageinfo&utm_content=thumbnail_unscaled,https://commons.wikimedia.org/wiki/File:Richard_W._Roberts.jpg,Public domain,fjc_bulk,
Susan Oki Mollway,hid,district,William J. Clinton,Democratic,1997-01-07,1998-06-22,1998-06-23,,2015-11-06,,,day,true,2784,false,false,https://upload.wikimedia.org/wikipedia/commons/8/8d/Susan_Oki_Mollway.jpg?utm_source=commons.wikimedia.org&utm_campaign=imageinfo&utm_content=thumbnail_unscaled,https://commons.wikimedia.org/wiki/File:Susan_Oki_Mollway.jpg,Public domain,fjc_bulk,
A. Howard Matz,cacd,district,William J. Clinton,Democratic,1997-10-20,1998-06-26,1998-06-29,,2011-07-11,2013-04-01,Retirement,day,false,2775,,,,,,fjc_bulk,
Victoria A. Roberts,mied,district,William J. Clinton,Democratic,1997-07-31,1998-06-26,1998-06-29,,2021-02-25,2023-09-01,Retirement,day,false,2776,,,,,,fjc_bulk,
Raner Christercunean Collins,azd,district,William J. Clinton,Democratic,1998-05-11,1998-07-31,1998-08-03,,2019-03-04,,,day,true,2781,false,false,https://upload.wikimedia.org/wikipedia/commons/thumb/d/d3/Raner_Collins_%28cropped%29.jpg/330px-Raner_Collins_%28cropped%29.jpg?utm_source=commons.wikimedia.org&utm_campaign=imageinfo&utm_content=thumbnail,https://commons.wikimedia.org/wiki/File:Raner_Collins_(cropped).jpg,Public domain,fjc_bulk,
John David Kelly,ca8,circuit,William J. Clinton,Democratic,1998-01-27,1998-07-31,1998-08-03,,,1998-10-21,Death,day,false,2783,,,,,,fjc_bulk,
Kim McLane Wardlaw,ca9,circuit,William J. Clinton,Democratic,1998-01-27,1998-07-31,1998-08-03,,,,,day,true,2501,false,false,https://upload.wikimedia.org/wikipedia/commons/thumb/6/60/Kim_McLane_Wardlaw.jpg/330px-Kim_McLane_Wardlaw.jpg?utm_source=commons.wikimedia.org&utm_campaign=imageinfo&utm_content=thumbnail,https://commons.wikimedia.org/wiki/File:Kim_McLane_Wardlaw.jpg,Public domain,fjc_bulk,
Ralph E. Tyson,lamd,district,William J. Clinton,Democratic,1998-04-02,1998-07-31,1998-08-03,,,2011-07-18,Death,day,false,2786,,,,,,fjc_bulk,
Robert Gillespie James,lawd,district,William J. Clinton,Democratic,1998-01-27,1998-07-31,1998-08-03,,2016-05-31,,,day,true,2782,false,false,,,,fjc_bulk,
Dan A. Polster,ohnd,district,William J. Clinton,Democratic,1997-07-31,1998-07-31,1998-08-03,,2021-01-31,,,day,true,2785,false,false,https://upload.wikimedia.org/wikipedia/commons/d/df/Dan_A._Polster.jpg?utm_source=commons.wikimedia.org&utm_campaign=imageinfo&utm_content=thumbnail_unscaled,https://commons.wikimedia.org/wiki/File:Dan_A._Polster.jpg,Public domain,fjc_bulk,
William Byrd Traxler Jr.,ca4,circuit,William J. Clinton,Democratic,1998-07-10,1998-09-28,1998-10-01,,2018-08-31,,,day,true,2406,false,false,https://upload.wikimedia.org/wikipedia/commons/thumb/1/1f/Judge_William_Traxler.png/330px-Judge_William_Traxler.png?utm_source=commons.wikimedia.org&utm_campaign=imageinfo&utm_content=thumbnail,https://commons.wikimedia.org/wiki/File:Judge_William_Traxler.png,Public domain,fjc_bulk,
Patricia A. Seitz,flsd,district,William J. Clinton,Democratic,1998-05-22,1998-09-28,1998-10-01,,2012-11-16,,,day,true,2810,false,false,,,,fjc_bulk,
Carl J. Barbier,laed,district,William J. Clinton,Democratic,1998-05-19,1998-09-28,1998-10-01,,2023-01-01,,,day,true,2808,false,false,https://upload.wikimedia.org/wikipedia/commons/thumb/2/2b/Carl_J._Barbier.jpg/330px-Carl_J._Barbier.jpg?utm_source=commons.wikimedia.org&utm_campaign=imageinfo&utm_content=thumbnail,https://commons.wikimedia.org/wiki/File:Carl_J._Barbier.jpg,Public domain,fjc_bulk,
Gerald Bruce Lee,vaed,district,William J. Clinton,Democratic,1998-05-22,1998-09-28,1998-10-01,,,2017-09-30,Retirement,day,false,2809,,,,,,fjc_bulk,
Sonia Sotomayor,ca2,circuit,William J. Clinton,Democratic,1997-06-25,1998-10-02,1998-10-07,,,2009-08-08,Appointment to Another Judicial Position,day,false,2243,,,https://upload.wikimedia.org/wikipedia/commons/thumb/4/49/Sonia_Sotomayor_7_in_robe%2C_2009.jpg/330px-Sonia_Sotomayor_7_in_robe%2C_2009.jpg?utm_source=commons.wikimedia.org&utm_campaign=imageinfo&utm_content=thumbnail,"https://commons.wikimedia.org/wiki/File:Sonia_Sotomayor_7_in_robe,_2009.jpg",CC BY 3.0 — credit: Stacey Ilyse,fjc_bulk,
H. Dean Buttram Jr.,alnd,district,William J. Clinton,Democratic,1998-08-31,1998-10-08,1998-10-09,,,2002-06-30,Resignation,day,false,2787,,,,,,fjc_bulk,
Inge Prytz Johnson,alnd,district,William J. Clinton,Democratic,1998-08-31,1998-10-08,1998-10-09,,2012-10-24,,,day,true,2788,false,false,,,,fjc_bulk,
Robert Bruce King,ca4,circuit,William J. Clinton,Democratic,1998-06-24,1998-10-08,1998-10-09,,,,,day,true,2790,false,false,https://upload.wikimedia.org/wikipedia/commons/5/56/Robert_Bruce_King_%28cropped%29.jpg?utm_source=commons.wikimedia.org&utm_campaign=imageinfo&utm_content=thumbnail_unscaled,https://commons.wikimedia.org/wiki/File:Robert_Bruce_King_(cropped).jpg,Public domain,fjc_bulk,
William A. Fletcher,ca9,circuit,William J. Clinton,Democratic,1997-01-07,1998-10-08,1998-10-09,,2022-01-24,,,day,true,2789,false,false,https://upload.wikimedia.org/wikipedia/commons/3/3f/Judge_William_Fletcher_portrait.png?utm_source=commons.wikimedia.org&utm_campaign=imageinfo&utm_content=thumbnail_unscaled,https://commons.wikimedia.org/wiki/File:Judge_William_Fletcher_portrait.png,Public domain,fjc_bulk,
David O. Carter,cacd,district,William J. Clinton,Democratic,1998-06-25,1998-10-21,1998-10-22,,,,,day,true,2792,false,false,,,,fjc_bulk,
Nora Margaret Manella,cacd,district,William J. Clinton,Democratic,1998-03-31,1998-10-21,1998-10-22,,,2006-05-21,Resignation,day,false,2798,,,,,,fjc_bulk,
Thomas J. Whelan,casd,district,William J. Clinton,Democratic,1998-06-04,1998-10-21,1998-10-22,,2010-08-15,,,day,true,2807,false,false,https://upload.wikimedia.org/wikipedia/commons/b/b1/Thomas_J._Whelan_District_Judge.jpg?utm_source=commons.wikimedia.org&utm_campaign=imageinfo&utm_content=thumbnail_unscaled,https://commons.wikimedia.org/wiki/File:Thomas_J._Whelan_District_Judge.jpg,Public domain,fjc_bulk,
Jeanne E. Scott,ilcd,district,William J. Clinton,Democratic,1998-04-02,1998-10-21,1998-10-22,,,2010-08-01,Resignation,day,false,2804,,,,,,fjc_bulk,
Rebecca R. Pallmeyer,ilnd,district,William J. Clinton,Democratic,1997-07-31,1998-10-21,1998-10-22,,2024-08-01,,,day,true,2802,false,false,https://upload.wikimedia.org/wikipedia/commons/thumb/9/90/Rebecca_R._Pallmeyer_1_%28cropped%29.jpg/330px-Rebecca_R._Pallmeyer_1_%28cropped%29.jpg?utm_source=commons.wikimedia.org&utm_campaign=imageinfo&utm_content=thumbnail,https://commons.wikimedia.org/wiki/File:Rebecca_R._Pallmeyer_1_(cropped).jpg,Public domain,fjc_bulk,
David R. Herndon,ilsd,district,William J. Clinton,Democratic,1998-04-23,1998-10-21,1998-10-22,,,2019-01-07,Retirement,day,false,2795,,,,,,fjc_bulk,
Donovan W. Frank,mnd,district,William J. Clinton,Democratic,1998-05-21,1998-10-21,1998-10-22,,2016-10-31,,,day,true,2793,false,false,https://upload.wikimedia.org/wikipedia/commons/thumb/2/28/Donovan_Frank_%28cropped%29.jpg/330px-Donovan_Frank_%28cropped%29.jpg?utm_source=commons.wikimedia.org&utm_campaign=imageinfo&utm_content=thumbnail,https://commons.wikimedia.org/wiki/File:Donovan_Frank_(cropped).jpg,Public domain,fjc_bulk,
Norman A. Mordue,nynd,district,William J. Clinton,Democratic,1998-10-05,1998-10-21,1998-10-22,,2013-06-30,2022-12-29,Death,day,false,2800,,,,,,fjc_bulk,
Alvin K. Hellerstein,nysd,district,William J. Clinton,Democratic,1998-05-15,1998-10-21,1998-10-22,,2011-01-30,,,day,true,2794,false,false,,,,fjc_bulk,
Colleen McMahon,nysd,district,William J. Clinton,Democratic,1998-05-21,1998-10-21,1998-10-22,,2021-04-10,,,day,true,2799,false,false,https://upload.wikimedia.org/wikipedia/commons/thumb/b/b5/Colleen_McMahon_%28cropped%29.jpg/330px-Colleen_McMahon_%28cropped%29.jpg?utm_source=commons.wikimedia.org&utm_campaign=imageinfo&utm_content=thumbnail,https://commons.wikimedia.org/wiki/File:Colleen_McMahon_(cropped).jpg,Public domain,fjc_bulk,
Richard M. Berman,nysd,district,William J. Clinton,Democratic,1998-05-21,1998-10-21,1998-10-22,,2011-09-11,,,day,true,2791,false,false,https://upload.wikimedia.org/wikipedia/commons/thumb/7/70/Richard_M._Berman.jpg/330px-Richard_M._Berman.jpg?utm_source=commons.wikimedia.org&utm_campaign=imageinfo&utm_content=thumbnail,https://commons.wikimedia.org/wiki/File:Richard_M._Berman.jpg,CC BY-SA 4.0 — credit: Piratethekid,fjc_bulk,
William H. Pauley III,nysd,district,William J. Clinton,Democratic,1998-05-21,1998-10-21,1998-10-22,,2018-03-01,2021-07-06,Death,day,false,2803,,,,,,fjc_bulk,
James Martin Munley,pamd,district,William J. Clinton,Democratic,1998-06-04,1998-10-21,1998-10-22,,2009-01-30,2020-03-22,Death,day,false,2801,,,,,,fjc_bulk,
Yvette Kane,pamd,district,William J. Clinton,Democratic,1998-06-04,1998-10-21,1998-10-22,,2018-10-11,,,day,true,2796,false,false,,,,fjc_bulk,
Margaret B. Seymour,scd,district,William J. Clinton,Democratic,1998-09-09,1998-10-21,1998-10-22,,2013-01-16,2022-08-31,Retirement,day,false,2805,,,,,,fjc_bulk,
Aleta Arthur Trauger,tnmd,district,William J. Clinton,Democratic,1998-09-22,1998-10-21,1998-10-22,,,,,day,true,2806,false,false,,,,fjc_bulk,
"Allegra, Francis Marion",uscfc,specialized,William J. Clinton,Democratic,1998-07-30,1998-10-21,1998-10-22,,2013-10-22,2015-12-31,left court (year per FJC listing),termination:year,false,,,,,,,fjc_html,Termination year from FJC listing service range; exact date not published there.
"Bush, Lynn Jeanne",uscfc,specialized,William J. Clinton,Democratic,1998-06-22,1998-10-21,1998-10-22,,2013-10-22,,,day,true,,,,,,,fjc_html,
"Damich, Edward John",uscfc,specialized,William J. Clinton,Democratic,1998-09-28,1998-10-21,1998-10-22,,2013-10-22,,,day,true,,,,,,,fjc_html,
"Firestone, Nancy Beth",uscfc,specialized,William J. Clinton,Democratic,1998-09-28,1998-10-21,1998-10-22,,2013-10-22,2022-12-31,left court (year per FJC listing),termination:year,false,,,,,,,fjc_html,Termination year from FJC listing service range; exact date not published there.
"Hewitt, Emily Clark",uscfc,specialized,William J. Clinton,Democratic,1998-09-28,1998-10-21,1998-10-22,,,2013-12-31,left court (year per FJC listing),termination:year,false,,,,,,,fjc_html,Termination year from FJC listing service range; exact date not published there.
Robert S. Lasnik,wawd,district,William J. Clinton,Democratic,1998-05-11,1998-10-21,1998-10-22,,2016-01-27,,,day,true,2797,false,false,https://upload.wikimedia.org/wikipedia/commons/d/de/Robert_S._Lasnik.jpg?utm_source=commons.wikimedia.org&utm_campaign=imageinfo&utm_content=thumbnail_unscaled,https://commons.wikimedia.org/wiki/File:Robert_S._Lasnik.jpg,Public domain,fjc_bulk,
Matthew F. Kennelly,ilnd,district,William J. Clinton,Democratic,1999-01-26,1999-04-15,1999-04-22,,2021-10-07,,,day,true,2821,false,false,https://upload.wikimedia.org/wikipedia/commons/a/a9/Matthew_Kennelly_%28cropped%29.jpg?utm_source=commons.wikimedia.org&utm_campaign=imageinfo&utm_content=thumbnail_unscaled,https://commons.wikimedia.org/wiki/File:Matthew_Kennelly_(cropped).jpg,Public domain,fjc_bulk,
William J. Hibbler,ilnd,district,William J. Clinton,Democratic,1999-01-26,1999-04-15,1999-04-22,,,2012-03-19,Death,day,false,2820,,,,,,fjc_bulk,
Gary Allen Feess,cacd,district,William J. Clinton,Democratic,1999-01-26,1999-06-30,1999-07-07,,2014-03-13,2015-01-05,Retirement,day,false,2823,,,,,,fjc_bulk,
Stefan R. Underhill,ctd,district,William J. Clinton,Democratic,1999-01-26,1999-06-30,1999-07-07,,2022-11-01,,,day,true,2826,false,false,,,,fjc_bulk,
W. Allen Pepper Jr.,msnd,district,William J. Clinton,Democratic,1999-03-08,1999-06-30,1999-07-07,,,2012-01-24,Death,day,false,2824,,,,,,fjc_bulk,
Karen E. Schreier,sdd,district,William J. Clinton,Democratic,1999-03-08,1999-06-30,1999-07-07,,2024-05-15,,,day,true,2825,false,false,https://upload.wikimedia.org/wikipedia/commons/thumb/6/60/Karen_Schreier_%28cropped%29.jpg/330px-Karen_Schreier_%28cropped%29.jpg?utm_source=commons.wikimedia.org&utm_campaign=imageinfo&utm_content=thumbnail,https://commons.wikimedia.org/wiki/File:Karen_Schreier_(cropped).jpg,Public domain,fjc_bulk,
Keith P. Ellison,txsd,district,William J. Clinton,Democratic,1999-01-26,1999-06-30,1999-07-07,,,,,day,true,2822,false,false,,,,fjc_bulk,
T. John Ward,txed,district,William J. Clinton,Democratic,1999-01-26,1999-07-13,1999-07-15,,,2011-10-01,Retirement,day,false,2829,,,,,,fjc_bulk,
Robert A. Katzmann,ca2,circuit,William J. Clinton,Democratic,1999-03-08,1999-07-14,1999-07-16,,2021-01-21,2021-06-09,Death,day,false,2828,,,,,,fjc_bulk,
Charles R. Wilson,ca11,circuit,William J. Clinton,Democratic,1999-05-27,1999-07-30,1999-08-09,,2024-12-31,,,day,true,2830,false,false,https://upload.wikimedia.org/wikipedia/commons/2/2c/Charles_R._Wilson_%28cropped%29.jpg?utm_source=commons.wikimedia.org&utm_campaign=imageinfo&utm_content=thumbnail_unscaled,https://commons.wikimedia.org/wiki/File:Charles_R._Wilson_(cropped).jpg,Public domain,fjc_bulk,
William Haskell Alsup,cand,district,William J. Clinton,Democratic,1999-03-24,1999-07-30,1999-08-17,,2021-01-21,,,day,true,2827,false,false,https://upload.wikimedia.org/wikipedia/commons/thumb/d/da/Judge_William_Alsup.jpg/330px-Judge_William_Alsup.jpg?utm_source=commons.wikimedia.org&utm_campaign=imageinfo&utm_content=thumbnail,https://commons.wikimedia.org/wiki/File:Judge_William_Alsup.jpg,Public domain,fjc_bulk,
Adalberto Jose Jordan,flsd,district,William J. Clinton,Democratic,1999-03-15,1999-09-08,1999-09-09,,,2012-02-24,Appointment to Another Judicial Position,day,false,2831,,,https://upload.wikimedia.org/wikipedia/commons/thumb/f/fd/Adalberto-Jordan.jpg/330px-Adalberto-Jordan.jpg?utm_source=commons.wikimedia.org&utm_campaign=imageinfo&utm_content=thumbnail,https://commons.wikimedia.org/wiki/File:Adalberto-Jordan.jpg,CC BY-SA 4.0 — credit: Miami Law Review,fjc_bulk,
Marsha J. Pechman,wawd,district,William J. Clinton,Democratic,1999-03-24,1999-09-08,1999-09-09,,2016-02-06,,,day,true,2833,false,false,https://upload.wikimedia.org/wikipedia/commons/5/5a/Marsha_J._Pechman.jpg?utm_source=commons.wikimedia.org&utm_campaign=imageinfo&utm_content=thumbnail_unscaled,https://commons.wikimedia.org/wiki/File:Marsha_J._Pechman.jpg,Public domain,fjc_bulk,
Maryanne Trump Barry,ca3,circuit,William J. Clinton,Democratic,1999-06-17,1999-09-13,1999-09-22,,2011-06-30,2019-02-11,Retirement,day,false,109,,,,,,fjc_bulk,
Carlos Murguia,ksd,district,William J. Clinton,Democratic,1999-03-24,1999-09-08,1999-09-22,,,2020-03-31,Resignation,day,false,2832,,,,,,fjc_bulk,
David N. Hurd,nynd,district,William J. Clinton,Democratic,1999-02-12,1999-09-13,1999-09-22,,2024-12-09,,,day,true,2839,false,false,,,,fjc_bulk,
Naomi Reice Buchwald,nysd,district,William J. Clinton,Democratic,1999-02-12,1999-09-13,1999-09-22,,2012-03-21,,,day,true,2838,false,false,,,,fjc_bulk,
M. James Lorenz,casd,district,William J. Clinton,Democratic,1999-03-08,1999-10-01,1999-10-05,,2009-10-25,,,day,true,2835,false,false,https://upload.wikimedia.org/wikipedia/commons/0/0f/M._James_Lorenz_District_Judge.jpg?utm_source=commons.wikimedia.org&utm_campaign=imageinfo&utm_content=thumbnail_unscaled,https://commons.wikimedia.org/wiki/File:M._James_Lorenz_District_Judge.jpg,Public domain,fjc_bulk,
Victor Marrero,nysd,district,William J. Clinton,Democratic,1999-05-27,1999-10-01,1999-10-05,,2010-12-31,,,day,true,2836,false,false,https://upload.wikimedia.org/wikipedia/commons/e/eb/Victor_Marrero.jpg?utm_source=commons.wikimedia.org&utm_campaign=imageinfo&utm_content=thumbnail_unscaled,https://commons.wikimedia.org/wiki/File:Victor_Marrero.jpg,Public domain,fjc_bulk,
Raymond C. Fisher,ca9,circuit,William J. Clinton,Democratic,1999-03-15,1999-10-05,1999-10-12,,2013-03-31,2020-02-29,Death,day,false,2834,,,,,,fjc_bulk,
Richard K. Eaton,cit,specialized,William J. Clinton,Democratic,1999-08-03,1999-10-22,1999-10-26,,2014-08-22,,,day,true,3202,false,false,,,,fjc_bulk,
Ellen Segal Huvelle,dcd,district,William J. Clinton,Democratic,1999-03-25,1999-10-15,1999-10-26,,2014-06-03,2025-08-01,Retirement,day,false,2848,,,,,,fjc_bulk,
Charles A. Pannell Jr.,gand,district,William J. Clinton,Democratic,1999-07-14,1999-10-15,1999-10-26,,2013-01-31,,,day,true,2844,false,false,,,,fjc_bulk,
Anna J. Brown,ord,district,William J. Clinton,Democratic,1999-04-22,1999-10-15,1999-10-26,,2017-07-27,,,day,true,2840,false,false,https://upload.wikimedia.org/wikipedia/commons/thumb/f/fd/Judge_Anna_J._Brown.jpg/330px-Judge_Anna_J._Brown.jpg?utm_source=commons.wikimedia.org&utm_campaign=imageinfo&utm_content=thumbnail,https://commons.wikimedia.org/wiki/File:Judge_Anna_J._Brown.jpg,Public domain,fjc_bulk,
Brian Theadore Stewart,utd,district,William J. Clinton,Democratic,1999-07-27,1999-10-05,1999-11-11,,2014-09-01,,,day,true,2837,false,false,,,,fjc_bulk,
Ann Claire Williams,ca7,circuit,William J. Clinton,Democratic,1999-08-05,1999-11-10,1999-11-15,,2017-06-05,2018-01-16,Retirement,day,false,2591,,,,,,fjc_bulk,
Florence-Marie Cooper,cacd,district,William J. Clinton,Democratic,1999-07-14,1999-11-10,1999-11-15,,,2010-01-15,Death,day,false,2845,,,,,,fjc_bulk,
Virginia A. Phillips,cacd,district,William J. Clinton,Democratic,1999-01-26,1999-11-10,1999-11-15,,2022-02-14,,,day,true,2847,false,false,,,,fjc_bulk,
Ronald A. Guzman,ilnd,district,William J. Clinton,Democratic,1999-08-05,1999-11-10,1999-11-15,,2014-11-16,,,day,true,2841,false,false,"https://upload.wikimedia.org/wikipedia/commons/d/d9/Ronald_A._Guzman,_U.S._Magistrate_Judge.jpg","https://commons.wikimedia.org/wiki/File:Ronald_A._Guzman,_U.S._Magistrate_Judge.jpg","Public domain — official portrait, U.S. District Court for the Northern District of Illinois (as U.S. Magistrate Judge, a prior role he held before his 1999 district-judge elevation)",fjc_bulk,
Faith S. Hochberg,njd,district,William J. Clinton,Democratic,1999-04-22,1999-11-10,1999-11-15,,,2015-03-06,Retirement,day,false,2842,,,,,,fjc_bulk,
William Joseph Haynes Jr.,tnmd,district,William J. Clinton,Democratic,1999-05-27,1999-11-10,1999-11-15,,2014-12-01,2017-01-16,Retirement,day,false,2843,,,,,,fjc_bulk,
Ronald Murray Gould,ca9,circuit,William J. Clinton,Democratic,1999-01-26,1999-11-17,1999-11-22,,,,,day,true,2846,false,false,https://upload.wikimedia.org/wikipedia/commons/thumb/f/fe/Ronald_M._Gould_%28Judge%29.jpg/330px-Ronald_M._Gould_%28Judge%29.jpg?utm_source=commons.wikimedia.org&utm_campaign=imageinfo&utm_content=thumbnail,https://commons.wikimedia.org/wiki/File:Ronald_M._Gould_(Judge).jpg,Public domain,fjc_bulk,
Richard Linn,cafc,circuit,William J. Clinton,Democratic,1999-09-28,1999-11-19,1999-11-22,,2012-10-31,,,day,true,2853,false,false,https://upload.wikimedia.org/wikipedia/commons/4/4c/Federal_Circuit_Judge_Richard_Linn_2012.png?utm_source=commons.wikimedia.org&utm_campaign=imageinfo&utm_content=thumbnail_unscaled,https://commons.wikimedia.org/wiki/File:Federal_Circuit_Judge_Richard_Linn_2012.png,CC BY-SA 3.0 — credit: Lwarrenwiki,fjc_bulk,
Barbara M. Lynn,txnd,district,William J. Clinton,Democratic,1999-03-25,1999-11-17,1999-11-22,,2023-05-15,2025-08-01,Retirement,day,false,2849,,,,,,fjc_bulk,
Thomas L. Ambro,ca3,circuit,William J. Clinton,Democratic,1999-09-28,2000-02-10,2000-02-16,,2023-02-06,,,day,true,2850,false,false,https://upload.wikimedia.org/wikipedia/commons/thumb/6/60/Judge_Thomas_L._Ambro.jpg/330px-Judge_Thomas_L._Ambro.jpg?utm_source=commons.wikimedia.org&utm_campaign=imageinfo&utm_content=thumbnail,https://commons.wikimedia.org/wiki/File:Judge_Thomas_L._Ambro.jpg,Public domain,fjc_bulk,
Joel A. Pisano,njd,district,William J. Clinton,Democratic,1999-09-22,2000-02-10,2000-02-16,,,2015-02-16,Retirement,day,false,2851,,,,,,fjc_bulk,
Julio M. Fuentes,ca3,circuit,William J. Clinton,Democratic,1999-03-08,2000-03-07,2000-03-09,,2016-07-18,,,day,true,2855,false,false,,,,fjc_bulk,
Kermit Edward Bye,ca8,circuit,William J. Clinton,Democratic,1999-04-22,2000-02-24,2000-03-09,,2015-04-22,2016-09-01,Retirement,day,false,2852,,,,,,fjc_bulk,
George B. Daniels,nysd,district,William J. Clinton,Democratic,1999-08-05,2000-02-24,2000-03-09,,2021-05-01,,,day,true,2854,false,false,https://upload.wikimedia.org/wikipedia/commons/thumb/a/a0/George_B._Daniels_2025.jpg/330px-George_B._Daniels_2025.jpg?utm_source=commons.wikimedia.org&utm_campaign=imageinfo&utm_content=thumbnail,https://commons.wikimedia.org/wiki/File:George_B._Daniels_2025.jpg,CC0,fjc_bulk,
Richard A. Paez,ca9,circuit,William J. Clinton,Democratic,1999-01-26,2000-03-09,2000-03-14,,2021-12-13,,,day,true,1824,false,false,https://upload.wikimedia.org/wikipedia/commons/b/b8/Richard_A._Paez_13.JPG?utm_source=commons.wikimedia.org&utm_campaign=imageinfo&utm_content=thumbnail_unscaled,https://commons.wikimedia.org/wiki/File:Richard_A._Paez_13.JPG,Public domain,fjc_bulk,
Marsha Siegel Berzon,ca9,circuit,William J. Clinton,Democratic,1999-01-26,2000-03-09,2000-03-16,,2022-01-23,,,day,true,2856,false,false,https://upload.wikimedia.org/wikipedia/commons/b/ba/Marsha_S_Berzon.jpg?utm_source=commons.wikimedia.org&utm_campaign=imageinfo&utm_content=thumbnail_unscaled,https://commons.wikimedia.org/wiki/File:Marsha_S_Berzon.jpg,Public domain,fjc_bulk,
Richard C. Tallman,ca9,circuit,William J. Clinton,Democratic,1999-10-20,2000-05-24,2000-05-25,,2018-03-03,,,day,true,2870,false,false,https://upload.wikimedia.org/wikipedia/commons/7/75/Richard-C-Tallman.jpg?utm_source=commons.wikimedia.org&utm_campaign=imageinfo&utm_content=thumbnail_unscaled,https://commons.wikimedia.org/wiki/File:Richard-C-Tallman.jpg,Public domain,fjc_bulk,
Timothy B. Dyk,cafc,circuit,William J. Clinton,Democratic,1999-01-26,2000-05-24,2000-05-25,,,,,day,true,2861,false,false,https://upload.wikimedia.org/wikipedia/commons/thumb/3/33/Timothy_Dyk_%28cropped%29.jpg/330px-Timothy_Dyk_%28cropped%29.jpg?utm_source=commons.wikimedia.org&utm_campaign=imageinfo&utm_content=thumbnail,https://commons.wikimedia.org/wiki/File:Timothy_Dyk_(cropped).jpg,Public domain,fjc_bulk,
Phyllis Jean Hamilton,cand,district,William J. Clinton,Democratic,2000-02-09,2000-05-24,2000-05-25,,2021-02-01,,,day,true,2863,false,false,https://upload.wikimedia.org/wikipedia/commons/thumb/6/65/Judge_Phyllis_J_Hamilton_2016.jpg/330px-Judge_Phyllis_J_Hamilton_2016.jpg?utm_source=commons.wikimedia.org&utm_campaign=imageinfo&utm_content=thumbnail,https://commons.wikimedia.org/wiki/File:Judge_Phyllis_J_Hamilton_2016.jpg,Public domain,fjc_bulk,
James D. Whittemore,flmd,district,William J. Clinton,Democratic,1999-10-20,2000-05-24,2000-05-25,,2017-08-29,,,day,true,2872,false,false,https://upload.wikimedia.org/wikipedia/commons/b/bc/James_D._Whittemore.jpg?utm_source=commons.wikimedia.org&utm_campaign=imageinfo&utm_content=thumbnail_unscaled,https://commons.wikimedia.org/wiki/File:James_D._Whittemore.jpg,Public domain,fjc_bulk,
James J. Brady,lamd,district,William J. Clinton,Democratic,1999-07-14,2000-05-24,2000-05-25,,2013-12-31,2017-12-09,Death,day,false,2859,,,,,,fjc_bulk,
Roger L. Hunt,nvd,district,William J. Clinton,Democratic,2000-03-27,2000-05-24,2000-05-25,,2011-05-26,,,day,true,2864,false,false,https://upload.wikimedia.org/wikipedia/commons/5/59/Roger_L._Hunt.gif?utm_source=commons.wikimedia.org&utm_campaign=imageinfo&utm_content=thumbnail_unscaled,https://commons.wikimedia.org/wiki/File:Roger_L._Hunt.gif,Public domain,fjc_bulk,
Nicholas Garaufis,nyed,district,William J. Clinton,Democratic,2000-02-28,2000-05-24,2000-05-25,,2014-10-01,,,day,true,2862,false,false,https://upload.wikimedia.org/wikipedia/commons/thumb/5/5c/Nicholas_Garaufis.jpg/330px-Nicholas_Garaufis.jpg?utm_source=commons.wikimedia.org&utm_campaign=imageinfo&utm_content=thumbnail,https://commons.wikimedia.org/wiki/File:Nicholas_Garaufis.jpg,Public domain,fjc_bulk,
Gerard E. Lynch,nysd,district,William J. Clinton,Democratic,2000-02-28,2000-05-24,2000-05-25,,,2009-09-21,Appointment to Another Judicial Position,day,false,2866,,,https://upload.wikimedia.org/wikipedia/commons/5/58/Gerard_E._Lynch_%28cropped%29.jpg?utm_source=commons.wikimedia.org&utm_campaign=imageinfo&utm_content=thumbnail_unscaled,https://commons.wikimedia.org/wiki/File:Gerard_E._Lynch_(cropped).jpg,Public domain,fjc_bulk,
John Antoon II,flmd,district,William J. Clinton,Democratic,2000-02-09,2000-05-24,2000-05-31,,2013-06-03,,,day,true,2857,false,false,https://upload.wikimedia.org/wikipedia/commons/3/34/James_Antoon_II.jpg?utm_source=commons.wikimedia.org&utm_campaign=imageinfo&utm_content=thumbnail_unscaled,https://commons.wikimedia.org/wiki/File:James_Antoon_II.jpg,Public domain,fjc_bulk,
Kent J. Dawson,nvd,district,William J. Clinton,Democratic,2000-04-06,2000-05-24,2000-05-31,,2012-07-09,,,day,true,2860,false,false,https://upload.wikimedia.org/wikipedia/commons/f/f9/Judge_Kent_J._Dawson.jpg?utm_source=commons.wikimedia.org&utm_campaign=imageinfo&utm_content=thumbnail_unscaled,https://commons.wikimedia.org/wiki/File:Judge_Kent_J._Dawson.jpg,Public domain,fjc_bulk,
Mary A. McLaughlin,paed,district,William J. Clinton,Democratic,2000-03-09,2000-05-24,2000-05-31,,2013-11-18,2020-07-01,Retirement,day,false,2867,,,,,,fjc_bulk,
Petrese B. Tucker,paed,district,William J. Clinton,Democratic,1999-07-27,2000-05-24,2000-06-01,,2021-06-01,,,day,true,2871,false,false,,,,fjc_bulk,
David M. Lawson,mied,district,William J. Clinton,Democratic,1999-08-05,2000-05-24,2000-06-02,,2021-08-06,,,day,true,2865,false,false,https://upload.wikimedia.org/wikipedia/commons/7/77/David_M._Lawson.JPG?utm_source=commons.wikimedia.org&utm_campaign=imageinfo&utm_content=thumbnail_unscaled,https://commons.wikimedia.org/wiki/File:David_M._Lawson.JPG,Public domain,fjc_bulk,
Marianne O. Battani,mied,district,William J. Clinton,Democratic,1999-08-05,2000-05-24,2000-06-02,,2012-06-09,2021-09-09,Death,day,false,2858,,,,,,fjc_bulk,
Berle M. Schiller,paed,district,William J. Clinton,Democratic,2000-04-11,2000-05-24,2000-06-02,,2012-06-18,2025-07-22,Death,day,false,2868,,,,,,fjc_bulk,
R[ichard] Barclay Surrick,paed,district,William J. Clinton,Democratic,2000-04-11,2000-05-24,2000-06-05,,2011-02-01,,,day,true,2869,false,false,,,,fjc_bulk,
Paul C. Huck,flsd,district,William J. Clinton,Democratic,2000-05-09,2000-06-30,2000-07-11,,2010-08-31,,,day,true,2875,false,false,https://upload.wikimedia.org/wikipedia/commons/0/05/Paul_C._Huck%2C_U.S._District_Court_Judge.jpg?utm_source=commons.wikimedia.org&utm_campaign=imageinfo&utm_content=thumbnail_unscaled,"https://commons.wikimedia.org/wiki/File:Paul_C._Huck,_U.S._District_Court_Judge.jpg",Public domain,fjc_bulk,
Joan Humphrey Lefkow,ilnd,district,William J. Clinton,Democratic,2000-05-11,2000-06-30,2000-07-11,,2012-09-01,,,day,true,2882,false,false,https://upload.wikimedia.org/wikipedia/commons/e/e8/Joan_Lefkow_%28cropped%29.jpg?utm_source=commons.wikimedia.org&utm_campaign=imageinfo&utm_content=thumbnail_unscaled,https://commons.wikimedia.org/wiki/File:Joan_Lefkow_(cropped).jpg,Public domain,fjc_bulk,
George Z. Singal,med,district,William J. Clinton,Democratic,2000-05-11,2000-06-30,2000-07-11,,2013-07-31,,,day,true,2873,false,false,https://upload.wikimedia.org/wikipedia/commons/thumb/f/f4/George_Z._Singal.jpg/330px-George_Z._Singal.jpg?utm_source=commons.wikimedia.org&utm_campaign=imageinfo&utm_content=thumbnail,https://commons.wikimedia.org/wiki/File:George_Z._Singal.jpg,Public domain,fjc_bulk,
Laura Taylor Swain,nysd,district,William J. Clinton,Democratic,2000-04-25,2000-06-16,2000-07-11,,,,,day,true,2883,false,false,,,,fjc_bulk,
Jay A. Garcia-Gregory,prd,district,William J. Clinton,Democratic,2000-04-05,2000-06-16,2000-07-11,,2018-09-30,,,day,true,2874,false,false,https://upload.wikimedia.org/wikipedia/commons/e/e9/Jay_A._Garc%C3%ADa-Gregory%2C_U.S._District_Court_Judge.jpg?utm_source=commons.wikimedia.org&utm_campaign=imageinfo&utm_content=thumbnail_unscaled,"https://commons.wikimedia.org/wiki/File:Jay_A._Garc%C3%ADa-Gregory,_U.S._District_Court_Judge.jpg",Public domain,fjc_bulk,
John W. Darrah,ilnd,district,William J. Clinton,Democratic,2000-05-11,2000-06-30,2000-07-14,,2017-03-01,2017-03-23,Death,day,false,2881,,,,,,fjc_bulk,
Johnnie B. Rawlinson,ca9,circuit,William J. Clinton,Democratic,2000-02-22,2000-07-21,2000-07-26,,,,,day,true,2767,false,false,https://upload.wikimedia.org/wikipedia/commons/9/96/J._B._Rawlinson.jpg?utm_source=commons.wikimedia.org&utm_campaign=imageinfo&utm_content=thumbnail_unscaled,https://commons.wikimedia.org/wiki/File:J._B._Rawlinson.jpg,Public domain,fjc_bulk,
John E. Steele,flmd,district,William J. Clinton,Democratic,2000-06-06,2000-07-21,2000-07-26,,2015-06-03,,,day,true,2879,false,false,https://upload.wikimedia.org/wikipedia/commons/thumb/d/d9/John_E._Steele.webp/330px-John_E._Steele.webp.png?utm_source=commons.wikimedia.org&utm_campaign=imageinfo&utm_content=thumbnail,https://commons.wikimedia.org/wiki/File:John_E._Steele.webp,Public domain,fjc_bulk,
James S. Moody Jr.,flmd,district,William J. Clinton,Democratic,2000-06-08,2000-07-21,2000-07-28,,2014-03-31,,,day,true,2877,false,false,,,,fjc_bulk,
Gregory A. Presnell,flmd,district,William J. Clinton,Democratic,2000-06-08,2000-07-21,2000-07-31,,2012-04-01,,,day,true,2878,false,false,,,,fjc_bulk,
Beverly Baldwin Martin,gand,district,William J. Clinton,Democratic,2000-03-27,2000-06-16,2000-08-03,,,2010-02-01,Appointment to Another Judicial Position,day,false,2876,,,,,,fjc_bulk,
Dennis M. Cavanaugh,njd,district,William J. Clinton,Democratic,2000-05-03,2000-07-21,2000-09-20,,,2014-01-31,Retirement,day,false,2880,,,,,,fjc_bulk,
James A. Teilborg,azd,district,William J. Clinton,Democratic,2000-07-21,2000-10-03,2000-10-13,,2013-01-30,,,day,true,2887,false,false,https://upload.wikimedia.org/wikipedia/commons/7/72/James_A._Teilborg.JPG?utm_source=commons.wikimedia.org&utm_campaign=imageinfo&utm_content=thumbnail_unscaled,https://commons.wikimedia.org/wiki/File:James_A._Teilborg.JPG,Public domain,fjc_bulk,
Mary Helen Murguia,azd,district,William J. Clinton,Democratic,2000-07-21,2000-10-03,2000-10-13,,,2011-01-04,Appointment to Another Judicial Position,day,false,2885,,,https://upload.wikimedia.org/wikipedia/commons/thumb/a/a0/Judge_Mary_Murguia.jpg/330px-Judge_Mary_Murguia.jpg?utm_source=commons.wikimedia.org&utm_campaign=imageinfo&utm_content=thumbnail,https://commons.wikimedia.org/wiki/File:Judge_Mary_Murguia.jpg,Public domain,fjc_bulk,
Susan Ritchie Bolton,azd,district,William J. Clinton,Democratic,2000-07-21,2000-10-03,2000-10-13,,2016-09-01,,,day,true,2884,false,false,https://upload.wikimedia.org/wikipedia/commons/c/c2/Susan_R._Bolton.jpg?utm_source=commons.wikimedia.org&utm_campaign=imageinfo&utm_content=thumbnail_unscaled,https://commons.wikimedia.org/wiki/File:Susan_R._Bolton.jpg,Public domain,fjc_bulk,
Michael Joseph Reagan,ilsd,district,William J. Clinton,Democratic,2000-05-11,2000-10-03,2000-10-13,,,2019-03-31,Retirement,day,false,2886,,,,,,fjc_bulk,
Roger L. Gregory,ca4,circuit,William J. Clinton,Democratic,2001-05-09,2001-07-20,2001-07-25,2000-12-27,,,,day,true,2888,false,false,https://upload.wikimedia.org/wikipedia/commons/c/c9/Jrogergregory.jpg?utm_source=commons.wikimedia.org&utm_campaign=imageinfo&utm_content=thumbnail_unscaled,https://commons.wikimedia.org/wiki/File:Jrogergregory.jpg,Public domain,fjc_bulk,
Richard F. Cebull,mtd,district,George W. Bush,Republican,2001-05-17,2001-07-20,2001-07-25,,2013-03-18,2013-05-03,Retirement,day,false,2890,,,,,,fjc_bulk,
Sam E. Haddon,mtd,district,George W. Bush,Republican,2001-05-17,2001-07-20,2001-07-25,,2012-12-31,2025-11-26,Death,day,false,2889,,,,,,fjc_bulk,
William Jay Riley,ca8,circuit,George W. Bush,Republican,2001-05-23,2001-08-02,2001-08-03,,2017-06-30,2023-01-27,Death,day,false,2891,,,,,,fjc_bulk,
Sharon Prost,cafc,circuit,George W. Bush,Republican,2001-09-04,2001-09-21,2001-09-24,,,,,day,true,2892,false,false,https://upload.wikimedia.org/wikipedia/commons/thumb/1/1b/Chief_circuit_judge_prost.png/330px-Chief_circuit_judge_prost.png?utm_source=commons.wikimedia.org&utm_campaign=imageinfo&utm_content=thumbnail,https://commons.wikimedia.org/wiki/File:Chief_circuit_judge_prost.png,Public domain,fjc_bulk,
Reggie B. Walton,dcd,district,George W. Bush,Republican,2001-09-04,2001-09-21,2001-09-24,,2015-12-31,,,day,true,2893,false,false,https://upload.wikimedia.org/wikipedia/commons/6/69/Judge-walton-pic.jpg?utm_source=commons.wikimedia.org&utm_campaign=imageinfo&utm_content=thumbnail_unscaled,https://commons.wikimedia.org/wiki/File:Judge-walton-pic.jpg,Public domain,fjc_bulk,
Barrington Daniels Parker Jr.,ca2,circuit,George W. Bush,Republican,2001-09-04,2001-10-11,2001-10-16,,2009-10-10,,,day,true,1834,false,false,,,,fjc_bulk,
Michael P. Mills,msnd,district,George W. Bush,Republican,2001-09-04,2001-10-11,2001-10-16,,2021-11-01,,,day,true,2902,false,false,,,,fjc_bulk,
Karen K. Caldwell,kyed,district,George W. Bush,Republican,2001-09-04,2001-10-23,2001-10-24,,,,,day,true,2894,false,false,https://upload.wikimedia.org/wikipedia/commons/d/df/Karen_K_Caldwell.png?utm_source=commons.wikimedia.org&utm_campaign=imageinfo&utm_content=thumbnail_unscaled,https://commons.wikimedia.org/wiki/File:Karen_K_Caldwell.png,Public domain,fjc_bulk,
Laurie Smith Camp,ned,district,George W. Bush,Republican,2001-09-04,2001-10-23,2001-10-24,,2018-12-01,2020-09-23,Death,day,false,2895,,,,,,fjc_bulk,
James H. Payne,oked,district,George W. Bush,Republican,2001-09-04,2001-10-23,2001-10-24,,2017-08-01,2025-12-02,Death,day,false,2897,,,,,,fjc_bulk,
Claire Eagan,oknd,district,George W. Bush,Republican,2001-09-04,2001-10-23,2001-10-24,,2022-10-01,,,day,true,2896,false,false,https://upload.wikimedia.org/wikipedia/commons/thumb/8/83/Claire_V._Eagan%2C_U.S._District_Court_Judge.jpg/330px-Claire_V._Eagan%2C_U.S._District_Court_Judge.jpg?utm_source=commons.wikimedia.org&utm_campaign=imageinfo&utm_content=thumbnail,"https://commons.wikimedia.org/wiki/File:Claire_V._Eagan,_U.S._District_Court_Judge.jpg",Public domain,fjc_bulk,
James H. Payne,oknd,district,George W. Bush,Republican,2001-09-04,2001-10-23,2001-10-24,,2017-08-01,2025-12-02,Death,day,false,2897,,,,,,fjc_bulk,
James H. Payne,okwd,district,George W. Bush,Republican,2001-09-04,2001-10-23,2001-10-24,,2017-08-01,2025-12-02,Death,day,false,2897,,,,,,fjc_bulk,
Larry R. Hicks,nvd,district,George W. Bush,Republican,2001-09-04,2001-11-05,2001-11-07,,2012-12-13,2024-05-29,Death,day,false,2901,,,,,,fjc_bulk,
Karon O. Bowdre,alnd,district,George W. Bush,Republican,2001-09-04,2001-11-06,2001-11-08,,2020-04-25,,,day,true,2899,false,false,,,,fjc_bulk,
M. Christina Armijo,nmd,district,George W. Bush,Republican,2001-09-04,2001-11-06,2001-11-12,,2018-02-07,,,day,true,2898,false,false,https://upload.wikimedia.org/wikipedia/commons/c/c0/M_Christina_Armijo.png?utm_source=commons.wikimedia.org&utm_campaign=imageinfo&utm_content=thumbnail_unscaled,https://commons.wikimedia.org/wiki/File:M_Christina_Armijo.png,Public domain,fjc_bulk,
Stephen P. Friot,okwd,district,George W. Bush,Republican,2001-09-04,2001-11-06,2001-11-12,,2014-12-01,,,day,true,2900,false,false,https://upload.wikimedia.org/wikipedia/commons/thumb/f/f9/Stephen_Friot.jpg/330px-Stephen_Friot.jpg?utm_source=commons.wikimedia.org&utm_campaign=imageinfo&utm_content=thumbnail,https://commons.wikimedia.org/wiki/File:Stephen_Friot.jpg,CC BY-SA 4.0 — credit: Jurisedit,fjc_bulk,
Edith Brown Clement,ca5,circuit,George W. Bush,Republican,2001-09-04,2001-11-13,2001-11-26,,2018-05-14,,,day,true,454,false,false,https://upload.wikimedia.org/wikipedia/commons/thumb/a/a0/Edith_Brown_Clement.jpg/330px-Edith_Brown_Clement.jpg?utm_source=commons.wikimedia.org&utm_campaign=imageinfo&utm_content=thumbnail,https://commons.wikimedia.org/wiki/File:Edith_Brown_Clement.jpg,Public domain,fjc_bulk,
Terry L. Wooten,scd,district,George W. Bush,Republican,2001-09-04,2001-11-08,2001-11-26,,2019-02-28,,,day,true,2906,false,false,https://upload.wikimedia.org/wikipedia/commons/thumb/1/1e/Chief_Judge_Terry_Wooten.png/330px-Chief_Judge_Terry_Wooten.png?utm_source=commons.wikimedia.org&utm_campaign=imageinfo&utm_content=thumbnail,https://commons.wikimedia.org/wiki/File:Chief_Judge_Terry_Wooten.png,Public domain,fjc_bulk,
Harris L. Hartz,ca10,circuit,George W. Bush,Republican,2001-09-04,2001-12-06,2001-12-10,,,,,day,true,2904,false,false,,,,fjc_bulk,
Danny C. Reeves,kyed,district,George W. Bush,Republican,2001-09-04,2001-12-06,2001-12-10,,2025-02-01,,,day,true,2907,false,false,https://upload.wikimedia.org/wikipedia/commons/e/e7/Danny_C_Reeves.JPG?utm_source=commons.wikimedia.org&utm_campaign=imageinfo&utm_content=thumbnail_unscaled,https://commons.wikimedia.org/wiki/File:Danny_C_Reeves.JPG,Public domain,fjc_bulk,
Joe L. Heaton,okwd,district,George W. Bush,Republican,2001-09-04,2001-12-06,2001-12-10,,2019-07-01,,,day,true,2905,false,false,,,,fjc_bulk,
Julie A. Robinson,ksd,district,George W. Bush,Republican,2001-09-10,2001-12-11,2001-12-13,,2022-01-14,,,day,true,2908,false,false,https://upload.wikimedia.org/wikipedia/commons/6/69/Julie_A.Robinson_District_Judge.jpg?utm_source=commons.wikimedia.org&utm_campaign=imageinfo&utm_content=thumbnail_unscaled,https://commons.wikimedia.org/wiki/File:Julie_A.Robinson_District_Judge.jpg,Public domain,fjc_bulk,
Kurt Damian Engelhardt,laed,district,George W. Bush,Republican,2001-09-04,2001-12-11,2001-12-13,,,2018-05-15,Appointment to Another Judicial Position,day,false,2903,,,https://upload.wikimedia.org/wikipedia/commons/7/74/Kurt_D._Engelhardt.png?utm_source=commons.wikimedia.org&utm_campaign=imageinfo&utm_content=thumbnail_unscaled,https://commons.wikimedia.org/wiki/File:Kurt_D._Engelhardt.png,Public domain,fjc_bulk,
John D. Bates,dcd,district,George W. Bush,Republican,2001-09-04,2001-12-11,2001-12-14,,2014-10-12,,,day,true,2909,false,false,https://upload.wikimedia.org/wikipedia/commons/thumb/9/9b/John_D._Bates%2C_U.S._District_Court_Judge.png/330px-John_D._Bates%2C_U.S._District_Court_Judge.png?utm_source=commons.wikimedia.org&utm_campaign=imageinfo&utm_content=thumbnail,"https://commons.wikimedia.org/wiki/File:John_D._Bates,_U.S._District_Court_Judge.png",Public domain,fjc_bulk,
Frederick J. Martone,azd,district,George W. Bush,Republican,2001-09-10,2001-12-13,2001-12-21,,2013-01-30,,,day,true,2912,false,false,https://upload.wikimedia.org/wikipedia/commons/7/7e/Frederick_J._Martone_District_Judge.jpg?utm_source=commons.wikimedia.org&utm_campaign=imageinfo&utm_content=thumbnail_unscaled,https://commons.wikimedia.org/wiki/File:Frederick_J._Martone_District_Judge.jpg,Public domain,fjc_bulk,
C. Ashley Royal,gamd,district,George W. Bush,Republican,2001-10-09,2001-12-20,2001-12-21,,2016-09-01,,,day,true,2913,false,false,,,,fjc_bulk,
Clay D. Land,gamd,district,George W. Bush,Republican,2001-09-21,2001-12-13,2001-12-21,,,,,day,true,2911,false,false,,,,fjc_bulk,
William Paul Johnson,nmd,district,George W. Bush,Republican,2001-09-04,2001-12-13,2001-12-21,,2025-01-10,,,day,true,2910,false,false,https://upload.wikimedia.org/wikipedia/commons/thumb/a/a1/William_P._Johnson.jpg/330px-William_P._Johnson.jpg?utm_source=commons.wikimedia.org&utm_campaign=imageinfo&utm_content=thumbnail,https://commons.wikimedia.org/wiki/File:William_P._Johnson.jpg,Public domain,fjc_bulk,
Marcia S. Krieger,cod,district,George W. Bush,Republican,2001-09-10,2002-01-25,2002-01-30,,2019-03-03,,,day,true,2914,false,false,https://upload.wikimedia.org/wikipedia/commons/thumb/3/38/Marcia_Krieger_%28cropped%29.jpg/330px-Marcia_Krieger_%28cropped%29.jpg?utm_source=commons.wikimedia.org&utm_campaign=imageinfo&utm_content=thumbnail,https://commons.wikimedia.org/wiki/File:Marcia_Krieger_(cropped).jpg,Public domain,fjc_bulk,
James C. Mahan,nvd,district,George W. Bush,Republican,2001-09-10,2002-01-25,2002-01-30,,2018-06-29,,,day,true,2915,false,false,https://upload.wikimedia.org/wikipedia/commons/5/5d/JamesMahan2018.jpg?utm_source=commons.wikimedia.org&utm_campaign=imageinfo&utm_content=thumbnail_unscaled,https://commons.wikimedia.org/wiki/File:JamesMahan2018.jpg,Public domain,fjc_bulk,
Callie V. Granade,alsd,district,George W. Bush,Republican,2001-09-04,2002-02-04,2002-02-12,,2016-03-07,,,day,true,2916,false,false,,,,fjc_bulk,
Philip Ray Martinez,txwd,district,George W. Bush,Republican,2001-10-09,2002-02-05,2002-02-12,,,2021-02-26,Death,day,false,2917,,,,,,fjc_bulk,
Michael Joseph Melloy,ca8,circuit,George W. Bush,Republican,2001-09-04,2002-02-11,2002-02-14,,2013-02-01,,,day,true,1616,false,false,https://upload.wikimedia.org/wikipedia/commons/7/7c/Bye_Loken_Melloy_%28cropped%29.jpg?utm_source=commons.wikimedia.org&utm_campaign=imageinfo&utm_content=thumbnail_unscaled,https://commons.wikimedia.org/wiki/File:Bye_Loken_Melloy_(cropped).jpg,Public domain,fjc_bulk,
Jay C. Zainey,laed,district,George W. Bush,Republican,2001-10-10,2002-02-11,2002-02-14,,,,,day,true,2918,false,false,https://upload.wikimedia.org/wikipedia/commons/thumb/e/ef/Jay_C._Zainey%2C_U.S._District_Court_Judge.jpg/330px-Jay_C._Zainey%2C_U.S._District_Court_Judge.jpg?utm_source=commons.wikimedia.org&utm_campaign=imageinfo&utm_content=thumbnail,"https://commons.wikimedia.org/wiki/File:Jay_C._Zainey,_U.S._District_Court_Judge.jpg",Public domain,fjc_bulk,
Richard J. Leon,dcd,district,George W. Bush,Republican,2001-09-10,2002-02-14,2002-02-19,,2016-12-31,,,day,true,2921,false,false,https://upload.wikimedia.org/wikipedia/commons/7/79/Richard_J._Leon.jpg?utm_source=commons.wikimedia.org&utm_campaign=imageinfo&utm_content=thumbnail_unscaled,https://commons.wikimedia.org/wiki/File:Richard_J._Leon.jpg,Public domain,fjc_bulk,
James E. Gritzner,iasd,district,George W. Bush,Republican,2001-09-04,2002-02-14,2002-02-19,,2015-03-01,,,day,true,2920,false,false,,,,fjc_bulk,
David L. Bunning,kyed,district,George W. Bush,Republican,2001-09-04,2002-02-14,2002-02-19,,,,,day,true,2919,false,false,https://upload.wikimedia.org/wikipedia/commons/a/ac/David_L._Bunning.JPG?utm_source=commons.wikimedia.org&utm_campaign=imageinfo&utm_content=thumbnail_unscaled,https://commons.wikimedia.org/wiki/File:David_L._Bunning.JPG,Public domain,fjc_bulk,
Cindy K. Jorgenson,azd,district,George W. Bush,Republican,2001-09-10,2002-02-26,2002-03-06,,2018-04-06,,,day,true,2923,false,false,https://upload.wikimedia.org/wikipedia/commons/9/9c/Cindy_K._Jorgenson_District_Judge.jpg?utm_source=commons.wikimedia.org&utm_campaign=imageinfo&utm_content=thumbnail_unscaled,https://commons.wikimedia.org/wiki/File:Cindy_K._Jorgenson_District_Judge.jpg,Public domain,fjc_bulk,
Robert E. Blackburn,cod,district,George W. Bush,Republican,2001-09-10,2002-02-26,2002-03-06,,2016-04-12,,,day,true,2922,false,false,,,,fjc_bulk,
Ralph R. Beistline,akd,district,George W. Bush,Republican,2001-11-08,2002-03-12,2002-03-19,,2015-12-31,,,day,true,2924,false,false,https://upload.wikimedia.org/wikipedia/commons/b/bf/Ralph_R._Beistline.jpg?utm_source=commons.wikimedia.org&utm_campaign=imageinfo&utm_content=thumbnail_unscaled,https://commons.wikimedia.org/wiki/File:Ralph_R._Beistline.jpg,Public domain,fjc_bulk,
David C. Bury,azd,district,George W. Bush,Republican,2001-09-10,2002-03-15,2002-03-19,,2012-12-31,,,day,true,2925,false,false,https://upload.wikimedia.org/wikipedia/commons/e/e3/Judge_David_C._Bury.jpg?utm_source=commons.wikimedia.org&utm_campaign=imageinfo&utm_content=thumbnail_unscaled,https://commons.wikimedia.org/wiki/File:Judge_David_C._Bury.jpg,Public domain,fjc_bulk,
Randy Crane,txsd,district,George W. Bush,Republican,2001-09-21,2002-03-18,2002-03-19,,,,,day,true,2926,false,false,https://upload.wikimedia.org/wikipedia/commons/thumb/4/44/Administrative_Office_of_the_U.S._Courts_photo_of_Judge_Randy_Crane.jpg/330px-Administrative_Office_of_the_U.S._Courts_photo_of_Judge_Randy_Crane.jpg?utm_source=commons.wikimedia.org&utm_campaign=imageinfo&utm_content=thumbnail,https://commons.wikimedia.org/wiki/File:Administrative_Office_of_the_U.S._Courts_photo_of_Judge_Randy_Crane.jpg,Public domain,fjc_bulk,
Terrence L. O'Brien,ca10,circuit,George W. Bush,Republican,2001-09-04,2002-04-15,2002-04-16,,2013-04-30,,,day,true,2937,false,false,,,,fjc_bulk,
Lance M. Africk,laed,district,George W. Bush,Republican,2002-01-23,2002-04-17,2002-04-17,,2024-10-01,,,day,true,2927,false,false,https://upload.wikimedia.org/wikipedia/commons/thumb/d/db/Lance_Michael_Africk.jpg/330px-Lance_Michael_Africk.jpg?utm_source=commons.wikimedia.org&utm_campaign=imageinfo&utm_content=thumbnail,https://commons.wikimedia.org/wiki/File:Lance_Michael_Africk.jpg,Public domain,fjc_bulk,
Legrome D. Davis,paed,district,George W. Bush,Republican,2002-01-23,2002-04-18,2002-04-23,,2017-09-28,,,day,true,2929,false,false,,,,fjc_bulk,
John F. Walter,cacd,district,George W. Bush,Republican,2002-01-23,2002-04-25,2002-05-01,,,,,day,true,2938,false,false,https://upload.wikimedia.org/wikipedia/commons/5/55/John_F._Walter.jpg?utm_source=commons.wikimedia.org&utm_campaign=imageinfo&utm_content=thumbnail_unscaled,https://commons.wikimedia.org/wiki/File:John_F._Walter.jpg,Public domain,fjc_bulk,
Percy Anderson,cacd,district,George W. Bush,Republican,2002-01-23,2002-04-25,2002-05-01,,,,,day,true,2928,false,false,https://upload.wikimedia.org/wikipedia/commons/6/61/Percy_Anderson_District_Judge.jpg?utm_source=commons.wikimedia.org&utm_campaign=imageinfo&utm_content=thumbnail_unscaled,https://commons.wikimedia.org/wiki/File:Percy_Anderson_District_Judge.jpg,Public domain,fjc_bulk,
Joan N. Ericksen,mnd,district,George W. Bush,Republican,2002-01-23,2002-04-25,2002-05-01,,2019-10-15,,,day,true,2933,false,false,https://upload.wikimedia.org/wikipedia/commons/thumb/7/7b/Joan_Ericksen%2C_U.S._District_Court_Judge.jpg/330px-Joan_Ericksen%2C_U.S._District_Court_Judge.jpg?utm_source=commons.wikimedia.org&utm_campaign=imageinfo&utm_content=thumbnail,"https://commons.wikimedia.org/wiki/File:Joan_Ericksen,_U.S._District_Court_Judge.jpg",Public domain,fjc_bulk,
William C. Griesbach,wied,district,George W. Bush,Republican,2002-01-23,2002-04-25,2002-05-01,,2019-12-31,,,day,true,2930,false,false,,,,fjc_bulk,
Jeffrey R. Howard,ca1,circuit,George W. Bush,Republican,2001-09-04,2002-04-23,2002-05-03,,2022-03-31,,,day,true,2932,false,false,,,,fjc_bulk,
Cynthia M. Rufe,paed,district,George W. Bush,Republican,2002-01-23,2002-04-30,2002-05-03,,2021-12-31,,,day,true,2936,false,false,https://upload.wikimedia.org/wikipedia/commons/thumb/7/7d/Rufe%2C_Hon_CynthiaVLF22561r_web2.jpg/330px-Rufe%2C_Hon_CynthiaVLF22561r_web2.jpg?utm_source=commons.wikimedia.org&utm_campaign=imageinfo&utm_content=thumbnail,"https://commons.wikimedia.org/wiki/File:Rufe,_Hon_CynthiaVLF22561r_web2.jpg",CC BY-SA 4.0 — credit: Cmr2024,fjc_bulk,
Thomas M. Rose,ohsd,district,George W. Bush,Republican,2002-01-23,2002-05-09,2002-05-10,,2017-06-30,,,day,true,2935,false,false,https://upload.wikimedia.org/wikipedia/commons/b/bb/Thomas_Rose_District_Judge.jpg?utm_source=commons.wikimedia.org&utm_campaign=imageinfo&utm_content=thumbnail_unscaled,https://commons.wikimedia.org/wiki/File:Thomas_Rose_District_Judge.jpg,Public domain,fjc_bulk,
Samuel H. Mays Jr.,tnwd,district,George W. Bush,Republican,2002-01-23,2002-05-09,2002-05-10,,2015-07-01,,,day,true,2934,false,false,,,,fjc_bulk,
Leonard E. Davis,txed,district,George W. Bush,Republican,2002-01-23,2002-05-09,2002-05-10,,,2015-05-15,Retirement,day,false,2939,,,,,,fjc_bulk,
Andrew S. Hanen,txsd,district,George W. Bush,Republican,2002-01-23,2002-05-09,2002-05-10,,2025-01-02,,,day,true,2931,false,false,https://upload.wikimedia.org/wikipedia/commons/3/38/Judge_Andrew_S._Hanen.jpg?utm_source=commons.wikimedia.org&utm_campaign=imageinfo&utm_content=thumbnail_unscaled,https://commons.wikimedia.org/wiki/File:Judge_Andrew_S._Hanen.jpg,Public domain,fjc_bulk,
Paul G. Cassell,utd,district,George W. Bush,Republican,2001-09-04,2002-05-13,2002-05-15,,,2007-11-05,Resignation,day,false,2940,,,,,,fjc_bulk,
Michael M. Baylson,paed,district,George W. Bush,Republican,2002-01-23,2002-04-30,2002-06-19,,2012-07-13,,,day,true,2941,false,false,https://upload.wikimedia.org/wikipedia/commons/4/4b/Michael_M_Baylson.png?utm_source=commons.wikimedia.org&utm_campaign=imageinfo&utm_content=thumbnail_unscaled,https://commons.wikimedia.org/wiki/File:Michael_M_Baylson.png,Public domain,fjc_bulk,
Lavenski R. Smith,ca8,circuit,George W. Bush,Republican,2001-09-04,2002-07-15,2002-07-19,,,,,day,true,2948,false,false,https://upload.wikimedia.org/wikipedia/commons/8/8b/Lavenski_Smith_%28cropped%29.jpg?utm_source=commons.wikimedia.org&utm_campaign=imageinfo&utm_content=thumbnail_unscaled,https://commons.wikimedia.org/wiki/File:Lavenski_Smith_(cropped).jpg,Public domain,fjc_bulk,
Christopher C. Conner,pamd,district,George W. Bush,Republican,2002-02-28,2002-07-26,2002-07-29,,,2025-01-17,Retirement,day,false,2943,,,,,,fjc_bulk,
Richard R. Clifton,ca9,circuit,George W. Bush,Republican,2001-09-04,2002-07-18,2002-07-30,,2016-12-31,,,day,true,2942,false,false,https://upload.wikimedia.org/wikipedia/commons/4/4a/Richard_R._Clifton_Circuit_Judge.jpg?utm_source=commons.wikimedia.org&utm_campaign=imageinfo&utm_content=thumbnail_unscaled,https://commons.wikimedia.org/wiki/File:Richard_R._Clifton_Circuit_Judge.jpg,Public domain,fjc_bulk,
Julia Smith Gibbons,ca6,circuit,George W. Bush,Republican,2001-10-09,2002-07-29,2002-07-31,,2024-09-17,,,day,true,845,false,false,https://upload.wikimedia.org/wikipedia/commons/3/33/Julia_Gibbons_Circuit_Judge.jpg?utm_source=commons.wikimedia.org&utm_campaign=imageinfo&utm_content=thumbnail_unscaled,https://commons.wikimedia.org/wiki/File:Julia_Gibbons_Circuit_Judge.jpg,Public domain,fjc_bulk,
John E. Jones III,pamd,district,George W. Bush,Republican,2002-02-28,2002-07-29,2002-07-31,,,2021-08-01,Retirement,day,false,2946,,,,,,fjc_bulk,
Joy Flowers Conti,pawd,district,George W. Bush,Republican,2002-01-23,2002-07-29,2002-07-31,,2018-12-06,,,day,true,2951,false,false,https://upload.wikimedia.org/wikipedia/commons/6/6c/Joy_Flowers_Conti_District_Judge.png?utm_source=commons.wikimedia.org&utm_campaign=imageinfo&utm_content=thumbnail_unscaled,https://commons.wikimedia.org/wiki/File:Joy_Flowers_Conti_District_Judge.png,Public domain,fjc_bulk,
Timothy J. Savage,paed,district,George W. Bush,Republican,2002-03-21,2002-08-01,2002-08-01,,2021-03-01,,,day,true,2947,false,false,,,,fjc_bulk,
D[avid] Brooks Smith,ca3,circuit,George W. Bush,Republican,2001-09-10,2002-07-31,2002-08-02,,2021-12-04,,,day,true,2213,false,false,https://upload.wikimedia.org/wikipedia/commons/thumb/5/59/Judge_D._Brooks_Smith.jpg/330px-Judge_D._Brooks_Smith.jpg?utm_source=commons.wikimedia.org&utm_campaign=imageinfo&utm_content=thumbnail,https://commons.wikimedia.org/wiki/File:Judge_D._Brooks_Smith.jpg,Public domain,fjc_bulk,
Morrison C. England Jr.,caed,district,George W. Bush,Republican,2002-03-21,2002-08-01,2002-08-02,,2019-12-17,2024-10-04,Retirement,day,false,2944,,,,,,fjc_bulk,
Amy Joan St. Eve,ilnd,district,George W. Bush,Republican,2002-03-21,2002-08-01,2002-08-02,,,2018-05-23,Appointment to Another Judicial Position,day,false,2957,,,https://upload.wikimedia.org/wikipedia/commons/thumb/0/03/Amy_J._St._Eve_%28cropped%29.jpg/330px-Amy_J._St._Eve_%28cropped%29.jpg?utm_source=commons.wikimedia.org&utm_campaign=imageinfo&utm_content=thumbnail,https://commons.wikimedia.org/wiki/File:Amy_J._St._Eve_(cropped).jpg,Public domain,fjc_bulk,
Henry Edward Autrey,moed,district,George W. Bush,Republican,2002-03-21,2002-08-01,2002-08-02,,,,,day,true,2949,false,false,https://upload.wikimedia.org/wikipedia/commons/thumb/f/f3/Henry_E._Autrey%2C_U.S._District_Court_Judge.jpg/330px-Henry_E._Autrey%2C_U.S._District_Court_Judge.jpg?utm_source=commons.wikimedia.org&utm_campaign=imageinfo&utm_content=thumbnail,"https://commons.wikimedia.org/wiki/File:Henry_E._Autrey,_U.S._District_Court_Judge.jpg",Public domain,fjc_bulk,
Richard Everett Dorr,mowd,district,George W. Bush,Republican,2002-03-21,2002-08-01,2002-08-02,,,2013-04-24,Death,day,false,2953,,,,,,fjc_bulk,
David S. Cercone,pawd,district,George W. Bush,Republican,2002-03-21,2002-08-01,2002-08-02,,2017-11-24,,,day,true,2950,false,false,https://upload.wikimedia.org/wikipedia/commons/b/b1/CerconeDavid.jpg?utm_source=commons.wikimedia.org&utm_campaign=imageinfo&utm_content=thumbnail_unscaled,https://commons.wikimedia.org/wiki/File:CerconeDavid.jpg,Public domain,fjc_bulk,
David C. Godbey,txnd,district,George W. Bush,Republican,2002-01-23,2002-08-01,2002-08-02,,2025-09-18,,,day,true,2945,false,false,,,,fjc_bulk,
Henry E. Hudson,vaed,district,George W. Bush,Republican,2002-01-23,2002-08-01,2002-08-02,,2018-06-01,,,day,true,2954,false,false,https://upload.wikimedia.org/wikipedia/commons/thumb/1/11/Henry_E._Hudson_%28cropped%29.jpg/330px-Henry_E._Hudson_%28cropped%29.jpg?utm_source=commons.wikimedia.org&utm_campaign=imageinfo&utm_content=thumbnail,https://commons.wikimedia.org/wiki/File:Henry_E._Hudson_(cropped).jpg,Public domain,fjc_bulk,
Terrence F. McVerry,pawd,district,George W. Bush,Republican,2002-01-23,2002-09-03,2002-09-04,,2013-09-30,2021-03-08,Death,day,false,2958,,,,,,fjc_bulk,
Timothy J. Corrigan,flmd,district,George W. Bush,Republican,2002-05-22,2002-09-12,2002-09-13,,2024-11-02,,,day,true,2952,false,false,https://upload.wikimedia.org/wikipedia/commons/thumb/0/05/Timothy_Corrigan_%28cropped%29.jpg/330px-Timothy_Corrigan_%28cropped%29.jpg?utm_source=commons.wikimedia.org&utm_campaign=imageinfo&utm_content=thumbnail,https://commons.wikimedia.org/wiki/File:Timothy_Corrigan_(cropped).jpg,Public domain,fjc_bulk,
Kenneth A. Marra,flsd,district,George W. Bush,Republican,2002-01-23,2002-09-09,2002-09-13,,2017-08-01,,,day,true,2955,false,false,https://upload.wikimedia.org/wikipedia/commons/7/75/Kenneth-marra.png?utm_source=commons.wikimedia.org&utm_campaign=imageinfo&utm_content=thumbnail_unscaled,https://commons.wikimedia.org/wiki/File:Kenneth-marra.png,Public domain,fjc_bulk,
Jose E. Martinez,flsd,district,George W. Bush,Republican,2002-01-23,2002-09-13,2002-09-17,,,,,day,true,2956,false,false,,,,fjc_bulk,
Arthur J. Schwab,pawd,district,George W. Bush,Republican,2002-01-23,2002-09-13,2002-09-17,,2018-01-01,,,day,true,2959,false,false,https://upload.wikimedia.org/wikipedia/commons/2/25/ArthurJSchwab.jpg?utm_source=commons.wikimedia.org&utm_campaign=imageinfo&utm_content=thumbnail_unscaled,https://commons.wikimedia.org/wiki/File:ArthurJSchwab.jpg,Public domain,fjc_bulk,
James Knoll Gardner,paed,district,George W. Bush,Republican,2002-04-22,2002-10-02,2002-10-03,,2017-04-03,2017-04-26,Death,day,false,2961,,,,,,fjc_bulk,
Reena Raggi,ca2,circuit,George W. Bush,Republican,2002-05-01,2002-09-20,2002-10-04,,2018-08-31,,,day,true,1954,false,false,https://upload.wikimedia.org/wikipedia/commons/a/a1/Judge_Reena_Raggi.jpg?utm_source=commons.wikimedia.org&utm_campaign=imageinfo&utm_content=thumbnail_unscaled,https://commons.wikimedia.org/wiki/File:Judge_Reena_Raggi.jpg,Public domain,fjc_bulk,
Ron Clark,txed,district,George W. Bush,Republican,2002-01-23,2002-10-02,2002-10-10,,2018-02-28,,,day,true,2960,false,false,,,,fjc_bulk,
Robert Gary Klausner,cacd,district,George W. Bush,Republican,2002-07-18,2002-11-14,2002-11-15,,,,,day,true,2970,false,false,https://upload.wikimedia.org/wikipedia/commons/d/db/Robert_G._Klausner.jpg?utm_source=commons.wikimedia.org&utm_campaign=imageinfo&utm_content=thumbnail_unscaled,https://commons.wikimedia.org/wiki/File:Robert_G._Klausner.jpg,Public domain,fjc_bulk,
Jeffrey Steven White,cand,district,George W. Bush,Republican,2002-07-25,2002-11-14,2002-11-15,,2021-02-01,,,day,true,2973,false,false,https://upload.wikimedia.org/wikipedia/commons/2/2d/Jeffrey_S._White%2C_U.S._District_Court_Judge.jpg?utm_source=commons.wikimedia.org&utm_campaign=imageinfo&utm_content=thumbnail_unscaled,"https://commons.wikimedia.org/wiki/File:Jeffrey_S._White,_U.S._District_Court_Judge.jpg",Public domain,fjc_bulk,
Rosemary M. Collyer,dcd,district,George W. Bush,Republican,2002-08-01,2002-11-14,2002-11-15,,2016-05-18,2026-06-07,Death,day,false,2976,,,,,,fjc_bulk,
Kent A. Jordan,ded,district,George W. Bush,Republican,2002-07-25,2002-11-14,2002-11-15,,,2006-12-15,Appointment to Another Judicial Position,day,false,2974,,,,,,fjc_bulk,
William E. Smith,rid,district,George W. Bush,Republican,2002-07-18,2002-11-14,2002-11-15,,2025-01-01,2026-01-21,Retirement,day,false,2972,,,,,,fjc_bulk,
Thomas W. Phillips,tned,district,George W. Bush,Republican,2002-06-26,2002-11-14,2002-11-15,,2013-08-01,,,day,true,2967,false,false,https://upload.wikimedia.org/wikipedia/commons/5/5f/Thomas_W._Phillips.jpg?utm_source=commons.wikimedia.org&utm_campaign=imageinfo&utm_content=thumbnail_unscaled,https://commons.wikimedia.org/wiki/File:Thomas_W._Phillips.jpg,Public domain,fjc_bulk,
James E. Kinkeade,txnd,district,George W. Bush,Republican,2002-07-18,2002-11-14,2002-11-15,,,,,day,true,2971,false,false,,,,fjc_bulk,
Alia Moses,txwd,district,George W. Bush,Republican,2002-07-11,2002-11-14,2002-11-15,,,,,day,true,2969,false,false,,,,fjc_bulk,
William J. Martini,njd,district,George W. Bush,Republican,2002-01-23,2002-11-14,2002-11-19,,2015-02-10,,,day,true,2964,false,false,https://upload.wikimedia.org/wikipedia/commons/0/0a/WJMartini.jpg?utm_source=commons.wikimedia.org&utm_campaign=imageinfo&utm_content=thumbnail_unscaled,https://commons.wikimedia.org/wiki/File:WJMartini.jpg,Public domain,fjc_bulk,
Mark E. Fuller,almd,district,George W. Bush,Republican,2002-08-01,2002-11-14,2002-11-26,,,2015-08-01,Resignation,day,false,2975,,,,,,fjc_bulk,
Michael W. McConnell,ca10,circuit,George W. Bush,Republican,2001-09-04,2002-11-15,2002-11-26,,,2009-08-31,Resignation,day,false,2980,,,,,,fjc_bulk,
Dennis W. Shedd,ca4,circuit,George W. Bush,Republican,2001-09-04,2002-11-19,2002-11-26,,2018-01-30,2022-05-02,Retirement,day,false,2167,,,,,,fjc_bulk,
John M. Rogers,ca6,circuit,George W. Bush,Republican,2001-12-19,2002-11-14,2002-11-26,,2018-05-15,,,day,true,2962,false,false,https://upload.wikimedia.org/wikipedia/commons/7/75/John_M_Rogers_Circuit_Judge.jpg?utm_source=commons.wikimedia.org&utm_campaign=imageinfo&utm_content=thumbnail_unscaled,https://commons.wikimedia.org/wiki/File:John_M_Rogers_Circuit_Judge.jpg,Public domain,fjc_bulk,
Linda R. Reade,iand,district,George W. Bush,Republican,2002-06-26,2002-11-14,2002-11-26,,2017-10-01,,,day,true,2968,false,false,https://upload.wikimedia.org/wikipedia/commons/thumb/e/e1/JudgeLRR.jpg/330px-JudgeLRR.jpg?utm_source=commons.wikimedia.org&utm_campaign=imageinfo&utm_content=thumbnail,https://commons.wikimedia.org/wiki/File:JudgeLRR.jpg,Public domain,fjc_bulk,
Daniel L. Hovland,ndd,district,George W. Bush,Republican,2002-06-26,2002-11-14,2002-11-26,,2019-11-10,,,day,true,2966,false,false,,,,fjc_bulk,
Ronald B. Leighton,wawd,district,George W. Bush,Republican,2002-01-23,2002-11-14,2002-11-26,,2019-02-28,2020-08-31,Retirement,day,false,2965,,,,,,fjc_bulk,
Jose L. Linares,njd,district,George W. Bush,Republican,2002-08-01,2002-11-14,2002-12-03,,,2019-05-16,Retirement,day,false,2978,,,,,,fjc_bulk,
Freda L. Wolfson,njd,district,George W. Bush,Republican,2002-08-01,2002-11-14,2002-12-04,,,2023-02-01,Retirement,day,false,2979,,,,,,fjc_bulk,
Robert B. Kugler,njd,district,George W. Bush,Republican,2002-08-01,2002-11-14,2002-12-04,,2018-11-02,2024-05-31,Retirement,day,false,2977,,,,,,fjc_bulk,
Stanley R. Chesler,njd,district,George W. Bush,Republican,2002-01-23,2002-11-14,2002-12-04,,2015-06-15,,,day,true,2963,false,false,,,,fjc_bulk,
S. James Otero,cacd,district,George W. Bush,Republican,2003-01-07,2003-02-10,2003-02-12,,2018-12-30,2020-04-10,Retirement,day,false,2988,,,,,,fjc_bulk,
John R. Adams,ohnd,district,George W. Bush,Republican,2003-01-07,2003-02-10,2003-02-12,,,,,day,true,2989,false,false,https://upload.wikimedia.org/wikipedia/commons/thumb/0/03/John_Randell_Adams_Jr.jpg/330px-John_Randell_Adams_Jr.jpg?utm_source=commons.wikimedia.org&utm_campaign=imageinfo&utm_content=thumbnail,https://commons.wikimedia.org/wiki/File:John_Randell_Adams_Jr.jpg,Public domain,fjc_bulk,
Robert A. Junell,txwd,district,George W. Bush,Republican,2003-01-07,2003-02-10,2003-02-12,,2015-02-13,2025-11-01,Death,day,false,2990,,,,,,fjc_bulk,
Timothy C. Stanceu,cit,specialized,George W. Bush,Republican,2003-01-07,2003-03-06,2003-03-10,,2021-04-05,,,day,true,3217,false,false,,,,fjc_bulk,
"Horn, Marian Blank",uscfc,specialized,George W. Bush,Republican,2003-01-07,2003-03-03,2003-03-10,,2018-03-09,,,day,true,,,,,,,fjc_html,
Gregory L. Frost,ohsd,district,George W. Bush,Republican,2003-01-07,2003-03-10,2003-03-11,,,2016-05-02,Retirement,day,false,2985,,,,,,fjc_bulk,
William H. Steele,alsd,district,George W. Bush,Republican,2003-01-07,2003-03-13,2003-03-14,,2017-06-08,,,day,true,2986,false,false,,,,fjc_bulk,
William D. Quarles Jr.,mdd,district,George W. Bush,Republican,2003-01-07,2003-03-12,2003-03-14,,,2016-02-01,Retirement,day,false,2982,,,,,,fjc_bulk,
Ralph R. Erickson,ndd,district,George W. Bush,Republican,2003-01-07,2003-03-12,2003-03-14,,,2017-10-13,Appointment to Another Judicial Position,day,false,2983,,,https://upload.wikimedia.org/wikipedia/commons/0/09/Erickson2017.jpg?utm_source=commons.wikimedia.org&utm_campaign=imageinfo&utm_content=thumbnail_unscaled,https://commons.wikimedia.org/wiki/File:Erickson2017.jpg,Public domain,fjc_bulk,
Thomas A. Varlan,tned,district,George W. Bush,Republican,2003-01-07,2003-03-13,2003-03-14,,,,,day,true,2984,false,false,,,,fjc_bulk,
J. Daniel Breen,tnwd,district,George W. Bush,Republican,2003-01-07,2003-03-13,2003-03-14,,2017-03-18,,,day,true,2987,false,false,https://upload.wikimedia.org/wikipedia/commons/b/bc/J._Daniel_Breen.png?utm_source=commons.wikimedia.org&utm_campaign=imageinfo&utm_content=thumbnail_unscaled,https://commons.wikimedia.org/wiki/File:J._Daniel_Breen.png,Public domain,fjc_bulk,
Jay S. Bybee,ca9,circuit,George W. Bush,Republican,2003-01-07,2003-03-13,2003-03-21,,2019-12-31,,,day,true,2981,false,false,https://upload.wikimedia.org/wikipedia/commons/a/ae/Assistant_Attorney_General_Jay_Bybee%2C_official_portrait.jpg?utm_source=commons.wikimedia.org&utm_campaign=imageinfo&utm_content=thumbnail_unscaled,"https://commons.wikimedia.org/wiki/File:Assistant_Attorney_General_Jay_Bybee,_official_portrait.jpg",Public domain,fjc_bulk,
James V. Selna,cacd,district,George W. Bush,Republican,2003-01-29,2003-03-27,2003-03-27,,2020-03-03,,,day,true,2992,false,false,https://upload.wikimedia.org/wikipedia/commons/8/86/James_V._Selna_District_Judge.jpg?utm_source=commons.wikimedia.org&utm_campaign=imageinfo&utm_content=thumbnail_unscaled,https://commons.wikimedia.org/wiki/File:James_V._Selna_District_Judge.jpg,Public domain,fjc_bulk,
Philip P. Simon,innd,district,George W. Bush,Republican,2003-01-29,2003-03-27,2003-03-27,,,,,day,true,2993,false,false,,,,fjc_bulk,
Timothy M. Tymkovich,ca10,circuit,George W. Bush,Republican,2003-01-07,2003-04-01,2003-04-01,,,,,day,true,2991,false,false,https://upload.wikimedia.org/wikipedia/commons/3/3e/Timothy_M._Tymkovich.jpg?utm_source=commons.wikimedia.org&utm_campaign=imageinfo&utm_content=thumbnail_unscaled,https://commons.wikimedia.org/wiki/File:Timothy_M._Tymkovich.jpg,Public domain,fjc_bulk,
Cormac J. Carney,cacd,district,George W. Bush,Republican,2003-01-07,2003-04-07,2003-04-09,,2024-05-31,,,day,true,2994,false,false,https://upload.wikimedia.org/wikipedia/commons/0/05/Cormac_J._Carney_District_Judge.jpg?utm_source=commons.wikimedia.org&utm_campaign=imageinfo&utm_content=thumbnail_unscaled,https://commons.wikimedia.org/wiki/File:Cormac_J._Carney_District_Judge.jpg,Public domain,fjc_bulk,
Dee D. Drell,lawd,district,George W. Bush,Republican,2003-01-15,2003-04-09,2003-04-10,,2017-11-30,,,day,true,2995,false,false,,,,fjc_bulk,
Richard D. Bennett,mdd,district,George W. Bush,Republican,2003-01-29,2003-04-09,2003-04-10,,2021-06-30,,,day,true,2996,false,false,https://upload.wikimedia.org/wikipedia/commons/thumb/f/f5/Richard_D._Bennett%2C_U.S._District_Court_Judge.jpg/330px-Richard_D._Bennett%2C_U.S._District_Court_Judge.jpg?utm_source=commons.wikimedia.org&utm_campaign=imageinfo&utm_content=thumbnail,"https://commons.wikimedia.org/wiki/File:Richard_D._Bennett,_U.S._District_Court_Judge.jpg",Public domain,fjc_bulk,
Edward Charles Prado,ca5,circuit,George W. Bush,Republican,2003-02-06,2003-05-01,2003-05-05,,,2018-04-02,Retirement,day,false,1928,,,,,,fjc_bulk,
Jeffrey S. Sutton,ca6,circuit,George W. Bush,Republican,2003-01-07,2003-04-29,2003-05-05,,,,,day,true,3010,true,false,https://upload.wikimedia.org/wikipedia/commons/7/76/Jeffrey_Sutton_2006.jpg?utm_source=commons.wikimedia.org&utm_campaign=imageinfo&utm_content=thumbnail_unscaled,https://commons.wikimedia.org/wiki/File:Jeffrey_Sutton_2006.jpg,Public domain,fjc_bulk,
Deborah L. Cook,ca6,circuit,George W. Bush,Republican,2003-01-07,2003-05-05,2003-05-07,,2019-03-06,,,day,true,2998,false,false,https://upload.wikimedia.org/wikipedia/commons/d/df/Deborah_Cook_Circuit_Judge.jpg?utm_source=commons.wikimedia.org&utm_campaign=imageinfo&utm_content=thumbnail_unscaled,https://commons.wikimedia.org/wiki/File:Deborah_Cook_Circuit_Judge.jpg,Public domain,fjc_bulk,
Cecilia M. Altonaga,flsd,district,George W. Bush,Republican,2003-01-15,2003-05-06,2003-05-07,,,,,day,true,2997,false,false,https://upload.wikimedia.org/wikipedia/commons/thumb/3/3c/Cecilia_Altonaga.jpg/330px-Cecilia_Altonaga.jpg?utm_source=commons.wikimedia.org&utm_campaign=imageinfo&utm_content=thumbnail,https://commons.wikimedia.org/wiki/File:Cecilia_Altonaga.jpg,Public domain,fjc_bulk,
Patricia Head Minaldi,lawd,district,George W. Bush,Republican,2003-01-15,2003-05-06,2003-05-09,,2017-07-31,2018-12-01,Death,day,false,3000,,,,,,fjc_bulk,
S. Maurice Hicks Jr.,lawd,district,George W. Bush,Republican,2003-01-07,2003-05-19,2003-05-21,,,,,day,true,2999,false,false,https://upload.wikimedia.org/wikipedia/commons/thumb/d/d2/Judge_Hicks.jpg/330px-Judge_Hicks.jpg?utm_source=commons.wikimedia.org&utm_campaign=imageinfo&utm_content=thumbnail,https://commons.wikimedia.org/wiki/File:Judge_Hicks.jpg,Public domain,fjc_bulk,
L. Scott Coogler,alnd,district,George W. Bush,Republican,2003-03-27,2003-05-22,2003-05-28,,,2025-01-02,Retirement,day,false,3008,,,,,,fjc_bulk,
Consuelo Maria Callahan,ca9,circuit,George W. Bush,Republican,2003-02-12,2003-05-22,2003-05-28,,,,,day,true,3002,false,false,https://upload.wikimedia.org/wikipedia/commons/c/cb/Consuelo_Callahan.jpg?utm_source=commons.wikimedia.org&utm_campaign=imageinfo&utm_content=thumbnail_unscaled,https://commons.wikimedia.org/wiki/File:Consuelo_Callahan.jpg,Public domain,fjc_bulk,
John Glover Roberts Jr.,cadc,circuit,George W. Bush,Republican,2003-01-07,2003-05-08,2003-06-02,,,2005-09-29,Appointment to Another Judicial Position,day,false,3001,,,https://upload.wikimedia.org/wikipedia/commons/thumb/4/43/Official_roberts_CJ.jpg/330px-Official_roberts_CJ.jpg?utm_source=commons.wikimedia.org&utm_campaign=imageinfo&utm_content=thumbnail,https://commons.wikimedia.org/wiki/File:Official_roberts_CJ.jpg,Public domain,fjc_bulk,
Michael Chertoff,ca3,circuit,George W. Bush,Republican,2003-03-05,2003-06-09,2003-06-10,,,2005-02-15,Resignation,day,false,3003,,,,,,fjc_bulk,
Richard C. Wesley,ca2,circuit,George W. Bush,Republican,2003-03-05,2003-06-11,2003-06-12,,2016-08-01,,,day,true,3006,false,false,https://upload.wikimedia.org/wikipedia/commons/thumb/8/86/Richard_C._Wesley.jpg/330px-Richard_C._Wesley.jpg?utm_source=commons.wikimedia.org&utm_campaign=imageinfo&utm_content=thumbnail,https://commons.wikimedia.org/wiki/File:Richard_C._Wesley.jpg,CC BY-SA 4.0 — credit: Photo courtesy of the University of Albany,fjc_bulk,
Mark R. Kravitz,ctd,district,George W. Bush,Republican,2003-03-27,2003-06-11,2003-06-12,,,2012-09-30,Death,day,false,3005,,,,,,fjc_bulk,
J. Ronnie Greer,tned,district,George W. Bush,Republican,2003-04-09,2003-06-11,2003-06-12,,2018-06-30,,,day,true,3004,false,false,,,,fjc_bulk,
John A. Woodcock Jr.,med,district,George W. Bush,Republican,2003-03-27,2003-06-12,2003-06-16,,2017-06-27,,,day,true,3009,false,false,https://upload.wikimedia.org/wikipedia/commons/thumb/e/eb/John_A._Woodcock.jpg/330px-John_A._Woodcock.jpg?utm_source=commons.wikimedia.org&utm_campaign=imageinfo&utm_content=thumbnail,https://commons.wikimedia.org/wiki/File:John_A._Woodcock.jpg,Public domain,fjc_bulk,
Theresa Lazar Springmann,innd,district,George W. Bush,Republican,2003-01-29,2003-03-31,2003-06-24,,2020-01-23,,,day,true,3007,false,false,https://upload.wikimedia.org/wikipedia/commons/thumb/e/e7/TheresaLazarSpringmann-RobePortrait.jpg/330px-TheresaLazarSpringmann-RobePortrait.jpg?utm_source=commons.wikimedia.org&utm_campaign=imageinfo&utm_content=thumbnail,https://commons.wikimedia.org/wiki/File:TheresaLazarSpringmann-RobePortrait.jpg,CC BY-SA 4.0 — credit: INNDUSCourts,fjc_bulk,
"Braden, Susan Gertrude",uscfc,specialized,George W. Bush,Republican,2003-01-07,2003-07-09,2003-07-14,,2018-07-13,2019-12-31,left court (year per FJC listing),termination:year,false,,,,,,,fjc_html,Termination year from FJC listing service range; exact date not published there.
"Lettow, Charles Frederick",uscfc,specialized,George W. Bush,Republican,2003-01-07,2003-07-09,2003-07-14,,2018-07-13,2024-12-31,left court (year per FJC listing),termination:year,false,,,,,,,fjc_html,Termination year from FJC listing service range; exact date not published there.
"Williams, Mary Ellen Coster",uscfc,specialized,George W. Bush,Republican,2003-01-07,2003-07-09,2003-07-14,,2018-07-13,2023-12-31,left court (year per FJC listing),termination:year,false,,,,,,,fjc_html,Termination year from FJC listing service range; exact date not published there.
"Wolski, Victor John",uscfc,specialized,George W. Bush,Republican,2003-01-07,2003-07-09,2003-07-14,,2018-07-13,,,day,true,,,,,,,fjc_html,
David G. Campbell,azd,district,George W. Bush,Republican,2003-03-13,2003-07-08,2003-07-15,,2018-07-31,,,day,true,3011,false,false,https://upload.wikimedia.org/wikipedia/commons/thumb/d/de/David_G_Campbell.jpg/330px-David_G_Campbell.jpg?utm_source=commons.wikimedia.org&utm_campaign=imageinfo&utm_content=thumbnail,https://commons.wikimedia.org/wiki/File:David_G_Campbell.jpg,CC BY-SA 4.0 — credit: Unknown authorUnknown author,fjc_bulk,
Samuel Der-Yeghiayan,ilnd,district,George W. Bush,Republican,2003-03-05,2003-07-14,2003-07-15,,,2018-02-17,Retirement,day,false,3013,,,,,,fjc_bulk,
Robert C. Brack,nmd,district,George W. Bush,Republican,2003-04-28,2003-07-14,2003-07-15,,2018-07-25,,,day,true,3012,false,false,,,,fjc_bulk,
Lonny R. Suko,waed,district,George W. Bush,Republican,2003-04-28,2003-07-15,2003-07-16,,2013-11-01,,,day,true,3014,false,false,https://upload.wikimedia.org/wikipedia/commons/d/d6/Lonny_R._Suko_District_Judge.jpg?utm_source=commons.wikimedia.org&utm_campaign=imageinfo&utm_content=thumbnail_unscaled,https://commons.wikimedia.org/wiki/File:Lonny_R._Suko_District_Judge.jpg,Public domain,fjc_bulk,
Louise W. Flanagan,nced,district,George W. Bush,Republican,2003-01-29,2003-07-17,2003-07-18,,,,,day,true,3016,false,false,,,,fjc_bulk,
Earl Leroy Yeakel III,txwd,district,George W. Bush,Republican,2003-05-01,2003-07-28,2003-07-29,,,2023-05-01,Retirement,day,false,3017,,,,,,fjc_bulk,
Kathleen Cardone,txwd,district,George W. Bush,Republican,2003-05-01,2003-07-28,2003-07-29,,,,,day,true,3018,false,false,https://upload.wikimedia.org/wikipedia/commons/thumb/c/c8/Kathleen_Cardone.png/330px-Kathleen_Cardone.png?utm_source=commons.wikimedia.org&utm_campaign=imageinfo&utm_content=thumbnail,https://commons.wikimedia.org/wiki/File:Kathleen_Cardone.png,Public domain,fjc_bulk,
James I. Cohn,flsd,district,George W. Bush,Republican,2003-05-01,2003-07-31,2003-08-01,,2016-08-05,,,day,true,3019,false,false,,,,fjc_bulk,
H[arold] Brent McKnight,ncwd,district,George W. Bush,Republican,2003-04-28,2003-07-31,2003-08-01,,,2004-11-27,Death,day,false,3022,,,,,,fjc_bulk,
James O. Browning,nmd,district,George W. Bush,Republican,2003-04-28,2003-07-31,2003-08-01,,2026-02-01,,,day,true,3023,false,false,https://upload.wikimedia.org/wikipedia/commons/thumb/1/14/James_O._Browning.jpg/330px-James_O._Browning.jpg?utm_source=commons.wikimedia.org&utm_campaign=imageinfo&utm_content=thumbnail,https://commons.wikimedia.org/wiki/File:James_O._Browning.jpg,Public domain,fjc_bulk,
Frank Montalvo,txwd,district,George W. Bush,Republican,2003-05-01,2003-07-31,2003-08-01,,2022-12-01,,,day,true,3021,false,false,https://upload.wikimedia.org/wikipedia/commons/8/84/Frank_Montalvo.jpg?utm_source=commons.wikimedia.org&utm_campaign=imageinfo&utm_content=thumbnail_unscaled,https://commons.wikimedia.org/wiki/File:Frank_Montalvo.jpg,Public domain,fjc_bulk,
Xavier Rodriguez,txwd,district,George W. Bush,Republican,2003-05-01,2003-07-31,2003-08-01,,,,,day,true,3020,false,false,https://upload.wikimedia.org/wikipedia/commons/f/f0/Xavier_Rodriguez.jpg?utm_source=commons.wikimedia.org&utm_campaign=imageinfo&utm_content=thumbnail_unscaled,https://commons.wikimedia.org/wiki/File:Xavier_Rodriguez.jpg,Public domain,fjc_bulk,
Allyson Kay Duncan,ca4,circuit,George W. Bush,Republican,2003-04-28,2003-07-17,2003-08-15,,2019-03-21,2019-07-31,Retirement,day,false,3015,,,,,,fjc_bulk,
Steven M. Colloton,ca8,circuit,George W. Bush,Republican,2003-02-12,2003-09-04,2003-09-10,,,,,day,true,3024,false,false,https://upload.wikimedia.org/wikipedia/commons/b/bc/Judge_Steven_Colloton.jpg?utm_source=commons.wikimedia.org&utm_campaign=imageinfo&utm_content=thumbnail_unscaled,https://commons.wikimedia.org/wiki/File:Judge_Steven_Colloton.jpg,Public domain,fjc_bulk,
R. David Proctor,alnd,district,George W. Bush,Republican,2003-05-01,2003-09-17,2003-09-22,,2026-01-01,,,day,true,3025,false,false,,,,fjc_bulk,
Sandra J. Feuerstein,nyed,district,George W. Bush,Republican,2003-01-07,2003-09-17,2003-09-22,,2015-01-21,2021-04-09,Death,day,false,3026,,,,,,fjc_bulk,
P. Kevin Castel,nysd,district,George W. Bush,Republican,2003-03-05,2003-09-17,2003-09-22,,2017-08-05,,,day,true,3029,false,false,https://upload.wikimedia.org/wikipedia/commons/e/e6/Kevin_Castel.jpg?utm_source=commons.wikimedia.org&utm_campaign=imageinfo&utm_content=thumbnail_unscaled,https://commons.wikimedia.org/wiki/File:Kevin_Castel.jpg,Public domain,fjc_bulk,
Richard J. Holwell,nysd,district,George W. Bush,Republican,2003-01-07,2003-09-17,2003-09-22,,,2012-02-07,Resignation,day,false,3027,,,,,,fjc_bulk,
Stephen C. Robinson,nysd,district,George W. Bush,Republican,2003-03-05,2003-09-17,2003-09-22,,,2010-08-11,Resignation,day,false,3028,,,,,,fjc_bulk,
Kim R. Gibson,pawd,district,George W. Bush,Republican,2003-04-28,2003-09-23,2003-09-24,,2016-06-03,2025-05-30,Death,day,false,3032,,,,,,fjc_bulk,
Henry Franklin Floyd,scd,district,George W. Bush,Republican,2003-05-15,2003-09-22,2003-09-24,,,2011-10-06,Appointment to Another Judicial Position,day,false,3030,,,https://upload.wikimedia.org/wikipedia/commons/9/9e/Henry_F._Floyd_%28cropped%29.jpg?utm_source=commons.wikimedia.org&utm_campaign=imageinfo&utm_content=thumbnail_unscaled,https://commons.wikimedia.org/wiki/File:Henry_F._Floyd_(cropped).jpg,Public domain,fjc_bulk,
Glen Edward Conrad,vawd,district,George W. Bush,Republican,2003-04-28,2003-09-22,2003-09-24,,2017-12-11,2021-05-20,Death,day,false,3031,,,,,,fjc_bulk,
Larry Alan Burns,casd,district,George W. Bush,Republican,2003-05-01,2003-09-24,2003-09-25,,2021-01-22,2024-05-01,Retirement,day,false,3033,,,,,,fjc_bulk,
Dana Makoto Sabraw,casd,district,George W. Bush,Republican,2003-05-01,2003-09-25,2003-09-26,,,,,day,true,3035,false,false,https://upload.wikimedia.org/wikipedia/commons/a/af/Dana_M._Sabraw.jpg?utm_source=commons.wikimedia.org&utm_campaign=imageinfo&utm_content=thumbnail_unscaled,https://commons.wikimedia.org/wiki/File:Dana_M._Sabraw.jpg,Public domain,fjc_bulk,
Michael W. Mosman,ord,district,George W. Bush,Republican,2003-05-08,2003-09-25,2003-09-26,,2021-12-27,,,day,true,3034,false,false,https://upload.wikimedia.org/wikipedia/commons/7/75/Michael_Mosman_District_Judge.jpg?utm_source=commons.wikimedia.org&utm_campaign=imageinfo&utm_content=thumbnail_unscaled,https://commons.wikimedia.org/wiki/File:Michael_Mosman_District_Judge.jpg,Public domain,fjc_bulk,
Carlos T. Bea,ca9,circuit,George W. Bush,Republican,2003-04-11,2003-09-29,2003-10-01,,2019-12-12,,,day,true,3036,false,false,https://upload.wikimedia.org/wikipedia/commons/d/de/Carlos_Bea_Circuit_Judge.jpg?utm_source=commons.wikimedia.org&utm_campaign=imageinfo&utm_content=thumbnail_unscaled,https://commons.wikimedia.org/wiki/File:Carlos_Bea_Circuit_Judge.jpg,Public domain,fjc_bulk,
Ronald A. White,oked,district,George W. Bush,Republican,2003-05-15,2003-09-30,2003-10-02,,2026-01-27,,,day,true,3038,false,false,,,,fjc_bulk,
Marcia A. Crone,txed,district,George W. Bush,Republican,2003-05-01,2003-09-30,2003-10-03,,,,,day,true,3037,false,false,,,,fjc_bulk,
William Q. Hayes,casd,district,George W. Bush,Republican,2003-05-01,2003-10-02,2003-10-06,,2021-08-01,,,day,true,3039,false,false,https://upload.wikimedia.org/wikipedia/commons/c/c4/William_Q._Hayes_District_Judge.jpg?utm_source=commons.wikimedia.org&utm_campaign=imageinfo&utm_content=thumbnail_unscaled,https://commons.wikimedia.org/wiki/File:William_Q._Hayes_District_Judge.jpg,Public domain,fjc_bulk,
Phillip S. Figa,cod,district,George W. Bush,Republican,2003-06-09,2003-10-02,2003-10-06,,,2008-01-05,Death,day,false,3042,,,,,,fjc_bulk,
John A. Houston,casd,district,George W. Bush,Republican,2003-05-01,2003-10-02,2003-10-07,,2018-02-06,,,day,true,3040,false,false,https://upload.wikimedia.org/wikipedia/commons/5/5b/John_A._Houston_District_Judge.jpg?utm_source=commons.wikimedia.org&utm_campaign=imageinfo&utm_content=thumbnail_unscaled,https://commons.wikimedia.org/wiki/File:John_A._Houston_District_Judge.jpg,Public domain,fjc_bulk,
Thomas Michael Hardiman,pawd,district,George W. Bush,Republican,2003-04-09,2003-10-22,2003-10-27,,,2007-04-05,Appointment to Another Judicial Position,day,false,3044,,,https://upload.wikimedia.org/wikipedia/commons/6/62/Judge_Thomas_M._Hardiman.jpg?utm_source=commons.wikimedia.org&utm_campaign=imageinfo&utm_content=thumbnail_unscaled,https://commons.wikimedia.org/wiki/File:Judge_Thomas_M._Hardiman.jpg,Public domain,fjc_bulk,
Dale S. Fischer,cacd,district,George W. Bush,Republican,2003-05-01,2003-10-27,2003-11-05,,2024-05-01,,,day,true,3045,false,false,https://upload.wikimedia.org/wikipedia/commons/3/35/Dale_Fischer_District_Judge.jpg?utm_source=commons.wikimedia.org&utm_campaign=imageinfo&utm_content=thumbnail_unscaled,https://commons.wikimedia.org/wiki/File:Dale_Fischer_District_Judge.jpg,Public domain,fjc_bulk,
Roger W. Titus,mdd,district,George W. Bush,Republican,2003-06-18,2003-11-05,2003-11-06,,2014-01-17,2019-03-03,Death,day,false,3046,,,,,,fjc_bulk,
Margaret Catharine Rodgers,flnd,district,George W. Bush,Republican,2003-07-14,2003-10-20,2003-11-21,,,,,day,true,3043,false,false,https://upload.wikimedia.org/wikipedia/commons/thumb/7/76/Casey_Rodgers_%28cropped%29.jpg/330px-Casey_Rodgers_%28cropped%29.jpg?utm_source=commons.wikimedia.org&utm_campaign=imageinfo&utm_content=thumbnail,https://commons.wikimedia.org/wiki/File:Casey_Rodgers_(cropped).jpg,Public domain,fjc_bulk,
Robert Clive Jones,nvd,district,George W. Bush,Republican,2003-06-09,2003-10-02,2003-11-30,,2016-02-01,,,day,true,3041,false,false,https://upload.wikimedia.org/wikipedia/commons/f/f4/Robert_C._Jones_District_Judge.jpg?utm_source=commons.wikimedia.org&utm_campaign=imageinfo&utm_content=thumbnail_unscaled,https://commons.wikimedia.org/wiki/File:Robert_C._Jones_District_Judge.jpg,Public domain,fjc_bulk,
D. Michael Fisher,ca3,circuit,George W. Bush,Republican,2003-05-01,2003-12-09,2003-12-11,,2017-02-01,,,day,true,3047,false,false,https://upload.wikimedia.org/wikipedia/commons/b/b6/MikeFisher_%28cropped%29.jpg?utm_source=commons.wikimedia.org&utm_campaign=imageinfo&utm_content=thumbnail_unscaled,https://commons.wikimedia.org/wiki/File:MikeFisher_(cropped).jpg,Public domain,fjc_bulk,
"Miller, George Wesley",uscfc,specialized,George W. Bush,Republican,2003-07-30,2003-12-09,2003-12-13,,,2013-12-31,left court (year per FJC listing),termination:year,false,,,,,,,fjc_html,Termination year from FJC listing service range; exact date not published there.
Charles Willis Pickering Sr.,ca5,circuit,George W. Bush,Republican,2004-02-06,,2004-01-16,2004-01-16,,2004-12-08,Retirement,day,false,1883,,,,,,fjc_bulk,
Gary L. Sharpe,nynd,district,George W. Bush,Republican,2003-04-28,2004-01-28,2004-01-29,,2016-01-01,2024-02-12,Death,day,false,3048,,,,,,fjc_bulk,
Mark R. Filip,ilnd,district,George W. Bush,Republican,2003-04-28,2004-02-04,2004-02-08,,,2008-03-09,Resignation,day,false,3049,,,,,,fjc_bulk,
Neil Vincent Wake,azd,district,George W. Bush,Republican,2003-10-22,2004-03-12,2004-03-15,,2016-07-05,2026-05-26,Death,day,false,3052,,,,,,fjc_bulk,
Louis Guirola Jr.,mssd,district,George W. Bush,Republican,2003-09-23,2004-03-12,2004-03-22,,2018-03-23,,,day,true,3051,false,false,https://upload.wikimedia.org/wikipedia/commons/7/78/Louis_Guirola_%28cropped%29.jpg?utm_source=commons.wikimedia.org&utm_campaign=imageinfo&utm_content=thumbnail_unscaled,https://commons.wikimedia.org/wiki/File:Louis_Guirola_(cropped).jpg,Public domain,fjc_bulk,
Marcia G. Cooke,flsd,district,George W. Bush,Republican,2003-11-25,2004-05-18,2004-05-18,,2022-07-15,2023-01-27,Death,day,false,3053,,,,,,fjc_bulk,
Franklin Stuart Van Antwerpen,ca3,circuit,George W. Bush,Republican,2003-11-21,2004-05-20,2004-05-24,,2006-10-23,2016-07-25,Death,day,false,2437,,,,,,fjc_bulk,
F. Dennis Saylor IV,mad,district,George W. Bush,Republican,2003-07-30,2004-06-01,2004-06-02,,2025-07-31,,,day,true,3055,false,false,https://upload.wikimedia.org/wikipedia/commons/thumb/7/76/Dennis_Saylor_%28cropped%29.jpg/330px-Dennis_Saylor_%28cropped%29.jpg?utm_source=commons.wikimedia.org&utm_campaign=imageinfo&utm_content=thumbnail,https://commons.wikimedia.org/wiki/File:Dennis_Saylor_(cropped).jpg,Public domain,fjc_bulk,
Raymond W. Gruender,ca8,circuit,George W. Bush,Republican,2003-09-29,2004-05-20,2004-06-05,,,,,day,true,3054,false,false,https://upload.wikimedia.org/wikipedia/commons/5/5a/Raymond_Gruender_US_Attorney.jpg?utm_source=commons.wikimedia.org&utm_campaign=imageinfo&utm_content=thumbnail_unscaled,https://commons.wikimedia.org/wiki/File:Raymond_Gruender_US_Attorney.jpg,Public domain,fjc_bulk,
Judith C. Herrera,nmd,district,George W. Bush,Republican,2003-09-23,2004-06-03,2004-06-13,,2019-07-01,,,day,true,3058,false,false,,,,fjc_bulk,
Kenneth M. Karas,nysd,district,George W. Bush,Republican,2003-09-18,2004-06-03,2004-06-13,,,,,day,true,3057,false,false,,,,fjc_bulk,
Gene E.K. Pratter,paed,district,George W. Bush,Republican,2003-11-03,2004-06-15,2004-06-16,,,2024-05-17,Death,day,false,3061,,,,,,fjc_bulk,
Ricardo S. Martinez,wawd,district,George W. Bush,Republican,2003-10-14,2004-06-15,2004-06-16,,2022-09-05,,,day,true,3060,false,false,https://upload.wikimedia.org/wikipedia/commons/8/82/Ricardo_S._Martinez_District_Judge.jpg?utm_source=commons.wikimedia.org&utm_campaign=imageinfo&utm_content=thumbnail_unscaled,https://commons.wikimedia.org/wiki/File:Ricardo_S._Martinez_District_Judge.jpg,Public domain,fjc_bulk,
Virginia Emerson Hopkins,alnd,district,George W. Bush,Republican,2003-10-14,2004-06-15,2004-06-17,,2018-06-22,,,day,true,3059,false,false,,,,fjc_bulk,
Roger T. Benitez,casd,district,George W. Bush,Republican,2003-05-01,2004-06-17,2004-06-21,,2017-12-31,2026-04-02,Retirement,day,false,3066,,,,,,fjc_bulk,
Lawrence F. Stengel,paed,district,George W. Bush,Republican,2003-11-06,2004-06-16,2004-06-21,,,2018-08-31,Retirement,day,false,3063,,,,,,fjc_bulk,
James L. Robart,wawd,district,George W. Bush,Republican,2003-12-09,2004-06-17,2004-06-21,,2016-06-28,,,day,true,3065,false,false,https://upload.wikimedia.org/wikipedia/commons/0/05/James_L._Robart.jpg?utm_source=commons.wikimedia.org&utm_campaign=imageinfo&utm_content=thumbnail_unscaled,https://commons.wikimedia.org/wiki/File:James_L._Robart.jpg,Public domain,fjc_bulk,
Paul Steven Diamond,paed,district,George W. Bush,Republican,2004-01-20,2004-06-16,2004-06-22,,,,,day,true,3064,false,false,,,,fjc_bulk,
Juan Ramon Sánchez,paed,district,George W. Bush,Republican,2003-11-25,2004-06-23,2004-06-24,,,,,day,true,3068,false,false,https://upload.wikimedia.org/wikipedia/commons/thumb/7/75/Juan_Ramon_S%C3%A1nchez_%28Judge%29.jpg/330px-Juan_Ramon_S%C3%A1nchez_%28Judge%29.jpg?utm_source=commons.wikimedia.org&utm_campaign=imageinfo&utm_content=thumbnail,https://commons.wikimedia.org/wiki/File:Juan_Ramon_S%C3%A1nchez_(Judge).jpg,Public domain,fjc_bulk,
Jane J. Boyle,txnd,district,George W. Bush,Republican,2003-11-24,2004-06-17,2004-06-29,,2025-10-01,,,day,true,3067,false,false,,,,fjc_bulk,
Robert Bryan Harwell,scd,district,George W. Bush,Republican,2004-01-20,2004-06-24,2004-06-30,,2024-06-04,,,day,true,3072,false,false,,,,fjc_bulk,
Diane S. Sykes,ca7,circuit,George W. Bush,Republican,2003-11-14,2004-06-24,2004-07-01,,2025-10-01,,,day,true,3074,true,false,https://upload.wikimedia.org/wikipedia/commons/thumb/c/ce/Judge-Sykes.jpg/330px-Judge-Sykes.jpg?utm_source=commons.wikimedia.org&utm_campaign=imageinfo&utm_content=thumbnail,https://commons.wikimedia.org/wiki/File:Judge-Sykes.jpg,CC BY-SA 4.0 — credit: Avery3597,fjc_bulk,
William S. Duffey Jr.,gand,district,George W. Bush,Republican,2003-11-05,2004-06-16,2004-07-01,,,2018-07-01,Retirement,day,false,3062,,,,,,fjc_bulk,
William Duane Benton,ca8,circuit,George W. Bush,Republican,2004-02-12,2004-06-24,2004-07-02,,2026-06-21,,,day,true,3070,false,false,https://upload.wikimedia.org/wikipedia/commons/5/5e/Duane_Benton.png?utm_source=commons.wikimedia.org&utm_campaign=imageinfo&utm_content=thumbnail_unscaled,https://commons.wikimedia.org/wiki/File:Duane_Benton.png,Public domain,fjc_bulk,
J[ames] Leon Holmes,are,district,George W. Bush,Republican,2003-01-29,2004-07-06,2004-07-07,,2018-03-31,2020-02-05,Retirement,day,false,3076,,,,,,fjc_bulk,
Peter W. Hall,ca2,circuit,George W. Bush,Republican,2003-12-09,2004-06-24,2004-07-07,,2021-03-04,2021-03-11,Death,day,false,3073,,,,,,fjc_bulk,
George P. Schiavelli,cacd,district,George W. Bush,Republican,2004-01-20,2004-06-24,2004-07-08,,,2008-10-05,Resignation,day,false,3071,,,,,,fjc_bulk,
Dora L. Irizarry,nyed,district,George W. Bush,Republican,2003-04-28,2004-06-24,2004-07-08,,2020-01-26,,,day,true,3075,false,false,https://upload.wikimedia.org/wikipedia/commons/thumb/1/19/Passing_of_the_Torch_Ceremony_%2820_of_40%29_%2825848415463%29.jpg/330px-Passing_of_the_Torch_Ceremony_%2820_of_40%29_%2825848415463%29.jpg?utm_source=commons.wikimedia.org&utm_campaign=imageinfo&utm_content=thumbnail,https://commons.wikimedia.org/wiki/File:Passing_of_the_Torch_Ceremony_(20_of_40)_(25848415463).jpg,"CC BY 2.0 — credit: Douglas Palmer from Brooklyn, NY, USA",fjc_bulk,
Sandra L. Townes,nyed,district,George W. Bush,Republican,2003-08-01,2004-06-03,2004-08-02,,2015-05-01,2018-02-08,Death,day,false,3056,,,,,,fjc_bulk,
Walter DeKalb Kelley Jr.,vaed,district,George W. Bush,Republican,2003-10-31,2004-06-23,2004-08-16,,,2008-05-16,Resignation,day,false,3069,,,,,,fjc_bulk,
Virginia Maria Hernandez Covington,flmd,district,George W. Bush,Republican,2004-04-20,2004-09-07,2004-09-10,,2020-07-12,,,day,true,3077,false,false,,,,fjc_bulk,
Michael H. Watson,ohsd,district,George W. Bush,Republican,2004-04-06,2004-09-07,2004-09-10,,2025-11-01,,,day,true,3079,false,false,https://upload.wikimedia.org/wikipedia/commons/0/0f/Michael_Watson_District_Judge.jpg?utm_source=commons.wikimedia.org&utm_campaign=imageinfo&utm_content=thumbnail_unscaled,https://commons.wikimedia.org/wiki/File:Michael_Watson_District_Judge.jpg,Public domain,fjc_bulk,
Michael H. Schneider Sr.,txed,district,George W. Bush,Republican,2004-05-17,2004-09-07,2004-09-10,,2016-01-07,2016-10-01,Retirement,day,false,3078,,,,,,fjc_bulk,
Keith Starrett,mssd,district,George W. Bush,Republican,2004-07-06,2004-11-20,2004-12-13,,2019-04-30,,,day,true,3081,false,false,https://upload.wikimedia.org/wikipedia/commons/9/9b/Keith_Starrett_%28cropped%29.jpg?utm_source=commons.wikimedia.org&utm_campaign=imageinfo&utm_content=thumbnail_unscaled,https://commons.wikimedia.org/wiki/File:Keith_Starrett_(cropped).jpg,Public domain,fjc_bulk,
Micaela Alvarez,txsd,district,George W. Bush,Republican,2004-06-16,2004-11-20,2004-12-13,,2023-06-08,,,day,true,3080,false,false,https://upload.wikimedia.org/wikipedia/commons/thumb/5/51/Micaela_Alvarez.png/330px-Micaela_Alvarez.png?utm_source=commons.wikimedia.org&utm_campaign=imageinfo&utm_content=thumbnail,https://commons.wikimedia.org/wiki/File:Micaela_Alvarez.png,Public domain,fjc_bulk,
Christopher A. Boyko,ohnd,district,George W. Bush,Republican,2004-07-22,2004-11-21,2005-01-03,,2020-01-06,,,day,true,3082,false,false,https://upload.wikimedia.org/wikipedia/commons/thumb/3/3a/Christopher_Boyko.png/330px-Christopher_Boyko.png?utm_source=commons.wikimedia.org&utm_campaign=imageinfo&utm_content=thumbnail,https://commons.wikimedia.org/wiki/File:Christopher_Boyko.png,Public domain,fjc_bulk,
Paul Austin Crotty,nysd,district,George W. Bush,Republican,2005-02-14,2005-04-11,2005-04-15,,2015-08-01,,,day,true,3083,false,false,,,,fjc_bulk,
J[ohn] Michael Seabright,hid,district,George W. Bush,Republican,2005-02-14,2005-04-27,2005-04-28,,2024-01-30,,,day,true,3084,false,false,https://upload.wikimedia.org/wikipedia/commons/thumb/6/65/J._Michael_Seabright%2C_U.S._District_Court_Judge_2.jpg/330px-J._Michael_Seabright%2C_U.S._District_Court_Judge_2.jpg?utm_source=commons.wikimedia.org&utm_campaign=imageinfo&utm_content=thumbnail,"https://commons.wikimedia.org/wiki/File:J._Michael_Seabright,_U.S._District_Court_Judge_2.jpg",Public domain,fjc_bulk,
James C. Dever III,nced,district,George W. Bush,Republican,2005-02-14,2005-04-28,2005-05-02,,,,,day,true,3086,false,false,https://upload.wikimedia.org/wikipedia/commons/thumb/3/3a/James_Dever_%28cropped%29.jpg/330px-James_Dever_%28cropped%29.jpg?utm_source=commons.wikimedia.org&utm_campaign=imageinfo&utm_content=thumbnail,https://commons.wikimedia.org/wiki/File:James_Dever_(cropped).jpg,Public domain,fjc_bulk,
Robert James Conrad Jr.,ncwd,district,George W. Bush,Republican,2005-02-14,2005-04-28,2005-06-02,,2023-05-17,2025-02-28,Retirement,day,false,3085,,,,,,fjc_bulk,
Priscilla Richman,ca5,circuit,George W. Bush,Republican,2005-02-14,2005-05-25,2005-06-03,,,,,day,true,3087,true,false,https://upload.wikimedia.org/wikipedia/commons/6/6d/Priscilla_Owen.jpg?utm_source=commons.wikimedia.org&utm_campaign=imageinfo&utm_content=thumbnail_unscaled,https://commons.wikimedia.org/wiki/File:Priscilla_Owen.jpg,Public domain,fjc_bulk,
William Holcombe Pryor Jr.,ca11,circuit,George W. Bush,Republican,2005-02-14,2005-06-09,2005-06-10,2004-02-20,,,,day,true,3050,true,false,https://upload.wikimedia.org/wikipedia/commons/thumb/a/ac/Portrait_of_US_federal_judge_William_H._Pryor%2C_Jr.jpg/330px-Portrait_of_US_federal_judge_William_H._Pryor%2C_Jr.jpg?utm_source=commons.wikimedia.org&utm_campaign=imageinfo&utm_content=thumbnail,"https://commons.wikimedia.org/wiki/File:Portrait_of_US_federal_judge_William_H._Pryor,_Jr.jpg",Public domain,fjc_bulk,
David William McKeague,ca6,circuit,George W. Bush,Republican,2005-02-14,2005-06-09,2005-06-10,,2017-11-01,,,day,true,1562,false,false,https://upload.wikimedia.org/wikipedia/commons/thumb/b/b7/David_McKeague.jpg/330px-David_McKeague.jpg?utm_source=commons.wikimedia.org&utm_campaign=imageinfo&utm_content=thumbnail,https://commons.wikimedia.org/wiki/File:David_McKeague.jpg,Public domain,fjc_bulk,
Richard Allen Griffin,ca6,circuit,George W. Bush,Republican,2005-02-14,2005-06-09,2005-06-10,,,,,day,true,3089,false,false,https://upload.wikimedia.org/wikipedia/commons/0/0f/Richard_Allen_Griffin.jpg?utm_source=commons.wikimedia.org&utm_campaign=imageinfo&utm_content=thumbnail_unscaled,https://commons.wikimedia.org/wiki/File:Richard_Allen_Griffin.jpg,Public domain,fjc_bulk,
Janice Rogers Brown,cadc,circuit,George W. Bush,Republican,2005-02-14,2005-06-08,2005-06-10,,,2017-08-31,Retirement,day,false,3088,,,,,,fjc_bulk,
Thomas Beall Griffith,cadc,circuit,George W. Bush,Republican,2005-02-14,2005-06-14,2005-06-29,,,2020-09-01,Retirement,day,false,3090,,,,,,fjc_bulk,
John Glover Roberts Jr.,scotus,scotus,George W. Bush,Republican,2005-09-06,2005-09-29,2005-09-29,,,,,day,true,3001,false,false,https://upload.wikimedia.org/wikipedia/commons/thumb/4/43/Official_roberts_CJ.jpg/330px-Official_roberts_CJ.jpg?utm_source=commons.wikimedia.org&utm_campaign=imageinfo&utm_content=thumbnail,https://commons.wikimedia.org/wiki/File:Official_roberts_CJ.jpg,Public domain,fjc_bulk,
"Sweeney, Margaret Mary",uscfc,specialized,George W. Bush,Republican,2005-06-14,2005-10-21,2005-10-24,,2020-10-23,,,day,true,,,,,,,fjc_html,
"Wheeler, Thomas Craig",uscfc,specialized,George W. Bush,Republican,2005-06-14,2005-10-21,2005-10-24,,,2020-12-31,left court (year per FJC listing),termination:year,false,,,,,,,fjc_html,Termination year from FJC listing service range; exact date not published there.
Brian Edward Sandoval,nvd,district,George W. Bush,Republican,2005-03-01,2005-10-24,2005-10-26,,,2009-09-15,Resignation,day,false,3091,,,,,,fjc_bulk,
John Richard Smoak Jr.,flnd,district,George W. Bush,Republican,2005-06-08,2005-10-27,2005-11-03,,2015-12-31,2022-05-02,Death,day,false,3093,,,,,,fjc_bulk,
Susan Bieke Neilson,ca6,circuit,George W. Bush,Republican,2005-02-14,2005-10-27,2005-11-09,,,2006-01-25,Death,day,false,3094,,,,,,fjc_bulk,
Harry Sandlin Mattice Jr.,tned,district,George W. Bush,Republican,2005-07-28,2005-10-24,2005-11-18,,2020-03-10,2021-09-30,Retirement,day,false,3092,,,,,,fjc_bulk,
William Keith Watkins,almd,district,George W. Bush,Republican,2005-09-28,2005-12-21,2005-12-27,,2019-01-31,,,day,true,3101,false,false,https://upload.wikimedia.org/wikipedia/commons/1/18/William_Keith_Watkins_official.jpg?utm_source=commons.wikimedia.org&utm_campaign=imageinfo&utm_content=thumbnail_unscaled,https://commons.wikimedia.org/wiki/File:William_Keith_Watkins_official.jpg,Public domain,fjc_bulk,
Kristi DuBose,alsd,district,George W. Bush,Republican,2005-09-28,2005-12-21,2005-12-27,,,,,day,true,3097,false,false,https://upload.wikimedia.org/wikipedia/commons/thumb/3/36/Kristi_DuBose_%28Judge%29.jpg/330px-Kristi_DuBose_%28Judge%29.jpg?utm_source=commons.wikimedia.org&utm_campaign=imageinfo&utm_content=thumbnail,https://commons.wikimedia.org/wiki/File:Kristi_DuBose_(Judge).jpg,Public domain,fjc_bulk,
Virginia Mary Kendall,ilnd,district,George W. Bush,Republican,2005-09-28,2005-12-21,2006-01-03,,,,,day,true,3098,false,false,https://upload.wikimedia.org/wikipedia/commons/3/33/Virginia_M._Kendall%2C_U.S._District_Court_Judge.png?utm_source=commons.wikimedia.org&utm_campaign=imageinfo&utm_content=thumbnail_unscaled,"https://commons.wikimedia.org/wiki/File:Virginia_M._Kendall,_U.S._District_Court_Judge.png",Public domain,fjc_bulk,
Joseph Frank Bianco,nyed,district,George W. Bush,Republican,2005-07-28,2005-12-21,2006-01-03,,,2019-05-17,Appointment to Another Judicial Position,day,false,3095,,,https://upload.wikimedia.org/wikipedia/commons/b/b4/Joseph_Frank_Bianco.JPG?utm_source=commons.wikimedia.org&utm_campaign=imageinfo&utm_content=thumbnail_unscaled,https://commons.wikimedia.org/wiki/File:Joseph_Frank_Bianco.JPG,Public domain,fjc_bulk,
Gregory Frederick Van Tatenhove,kyed,district,George W. Bush,Republican,2005-09-13,2005-12-21,2006-01-05,,,,,day,true,3100,false,false,https://upload.wikimedia.org/wikipedia/commons/3/3d/Gregory_F._Van_Tatenhove_US_Attorney.jpg?utm_source=commons.wikimedia.org&utm_campaign=imageinfo&utm_content=thumbnail_unscaled,https://commons.wikimedia.org/wiki/File:Gregory_F._Van_Tatenhove_US_Attorney.jpg,Public domain,fjc_bulk,
Eric Nicholas Vitaliano,nyed,district,George W. Bush,Republican,2005-10-06,2005-12-21,2006-01-19,,2017-02-28,,,day,true,3099,false,false,https://upload.wikimedia.org/wikipedia/commons/thumb/0/0d/Eric_Vitaliano_%28cropped%29.jpg/330px-Eric_Vitaliano_%28cropped%29.jpg?utm_source=commons.wikimedia.org&utm_campaign=imageinfo&utm_content=thumbnail,https://commons.wikimedia.org/wiki/File:Eric_Vitaliano_(cropped).jpg,Public domain,fjc_bulk,
Timothy Mark Burgess,akd,district,George W. Bush,Republican,2005-07-28,2005-12-21,2006-01-23,,2021-12-31,,,day,true,3096,false,false,https://upload.wikimedia.org/wikipedia/commons/thumb/a/af/Timothy_Burgess.jpg/330px-Timothy_Burgess.jpg?utm_source=commons.wikimedia.org&utm_campaign=imageinfo&utm_content=thumbnail,https://commons.wikimedia.org/wiki/File:Timothy_Burgess.jpg,Public domain,fjc_bulk,
Samuel A. Alito Jr.,scotus,scotus,George W. Bush,Republican,2005-11-10,2006-01-31,2006-01-31,,,,,day,true,26,true,false,https://upload.wikimedia.org/wikipedia/commons/4/4f/Justice_Alito_official.jpg?utm_source=commons.wikimedia.org&utm_campaign=imageinfo&utm_content=thumbnail_unscaled,https://commons.wikimedia.org/wiki/File:Justice_Alito_official.jpg,Public domain,fjc_bulk,
Leo Maury Gordon,cit,specialized,George W. Bush,Republican,2005-11-10,2006-03-13,2006-03-16,,2019-03-22,,,day,true,3205,false,false,,,,fjc_bulk,
Aida M. Delgado-Colón,prd,district,George W. Bush,Republican,2005-10-25,2006-03-06,2006-03-17,,,,,day,true,3103,false,false,https://upload.wikimedia.org/wikipedia/commons/f/fd/Aida_M._Delgado-Col%C3%B3n%2C_U.S._District_Court_Judge.jpg?utm_source=commons.wikimedia.org&utm_campaign=imageinfo&utm_content=thumbnail_unscaled,"https://commons.wikimedia.org/wiki/File:Aida_M._Delgado-Col%C3%B3n,_U.S._District_Court_Judge.jpg",Public domain,fjc_bulk,
Stephen G. Larson,cacd,district,George W. Bush,Republican,2005-12-15,2006-03-16,2006-03-20,,,2009-11-02,Resignation,day,false,3105,,,,,,fjc_bulk,
Timothy C. Batten Sr.,gand,district,George W. Bush,Republican,2005-09-28,2006-03-06,2006-03-28,,,2025-05-23,Retirement,day,false,3102,,,,,,fjc_bulk,
Jack Zouhary,ohnd,district,George W. Bush,Republican,2005-12-14,2006-03-16,2006-03-28,,2019-07-01,,,day,true,3106,false,false,https://upload.wikimedia.org/wikipedia/commons/b/b2/Jack_Zouhary_fuzzy.jpg?utm_source=commons.wikimedia.org&utm_campaign=imageinfo&utm_content=thumbnail_unscaled,https://commons.wikimedia.org/wiki/File:Jack_Zouhary_fuzzy.jpg,Public domain,fjc_bulk,
Thomas E. Johnston,wvsd,district,George W. Bush,Republican,2005-09-28,2006-03-06,2006-04-17,,,,,day,true,3104,false,false,,,,fjc_bulk,
Michael A. Chagares,ca3,circuit,George W. Bush,Republican,2006-01-25,2006-04-04,2006-04-20,,,,,day,true,3107,false,false,https://upload.wikimedia.org/wikipedia/commons/9/97/Michael_A_Chagares.jpg?utm_source=commons.wikimedia.org&utm_campaign=imageinfo&utm_content=thumbnail_unscaled,https://commons.wikimedia.org/wiki/File:Michael_A_Chagares.jpg,Public domain,fjc_bulk,
Gray Hampton Miller,txsd,district,George W. Bush,Republican,2006-01-25,2006-04-25,2006-04-25,,2018-12-09,,,day,true,3108,false,false,https://upload.wikimedia.org/wikipedia/commons/thumb/c/ce/Gray_Hampton_Miller.jpg/330px-Gray_Hampton_Miller.jpg?utm_source=commons.wikimedia.org&utm_campaign=imageinfo&utm_content=thumbnail,https://commons.wikimedia.org/wiki/File:Gray_Hampton_Miller.jpg,Public domain,fjc_bulk,
Patrick Joseph Schiltz,mnd,district,George W. Bush,Republican,2005-12-14,2006-04-26,2006-04-28,,2026-07-01,,,day,true,3109,false,false,https://upload.wikimedia.org/wikipedia/commons/thumb/d/de/Patrick_J_Schiltz.jpg/330px-Patrick_J_Schiltz.jpg?utm_source=commons.wikimedia.org&utm_campaign=imageinfo&utm_content=thumbnail,https://commons.wikimedia.org/wiki/File:Patrick_J_Schiltz.jpg,CC BY-SA 4.0 — credit: USdistrictcourt,fjc_bulk,
Michael Ryan Barrett,ohsd,district,George W. Bush,Republican,2005-12-16,2006-05-01,2006-05-05,,2019-02-15,,,day,true,3110,false,false,https://upload.wikimedia.org/wikipedia/commons/8/8a/Michael_Barrett_District_Judge.gif?utm_source=commons.wikimedia.org&utm_campaign=imageinfo&utm_content=thumbnail_unscaled,https://commons.wikimedia.org/wiki/File:Michael_Barrett_District_Judge.gif,Public domain,fjc_bulk,
Milan Dale Smith Jr.,ca9,circuit,George W. Bush,Republican,2006-02-14,2006-05-16,2006-05-18,,,,,day,true,3113,false,false,https://upload.wikimedia.org/wikipedia/commons/thumb/c/c0/MDS_official_photo.jpg/330px-MDS_official_photo.jpg?utm_source=commons.wikimedia.org&utm_campaign=imageinfo&utm_content=thumbnail,https://commons.wikimedia.org/wiki/File:MDS_official_photo.jpg,CC BY-SA 4.0 — credit: Paulzmuda,fjc_bulk,
Brett M. Kavanaugh,cadc,circuit,George W. Bush,Republican,2006-01-25,2006-05-26,2006-05-30,,,2018-10-05,Appointment to Another Judicial Position,day,false,3114,,,https://upload.wikimedia.org/wikipedia/commons/thumb/a/a2/Associate_Justice_Brett_Kavanaugh_Official_Portrait.jpg/330px-Associate_Justice_Brett_Kavanaugh_Official_Portrait.jpg?utm_source=commons.wikimedia.org&utm_campaign=imageinfo&utm_content=thumbnail,https://commons.wikimedia.org/wiki/File:Associate_Justice_Brett_Kavanaugh_Official_Portrait.jpg,Public domain,fjc_bulk,
Brian Mark Cogan,nyed,district,George W. Bush,Republican,2006-01-25,2006-05-04,2006-06-07,,2020-06-12,,,day,true,3111,false,false,,,,fjc_bulk,
Sean Francis Cox,mied,district,George W. Bush,Republican,2005-02-14,2006-06-08,2006-06-12,,,2025-07-27,Retirement,day,false,3117,,,,,,fjc_bulk,
Thomas Lamson Ludington,mied,district,George W. Bush,Republican,2005-02-14,2006-06-08,2006-06-12,,,,,day,true,3119,false,false,,,,fjc_bulk,
Noel Lawrence Hillman,njd,district,George W. Bush,Republican,2006-01-25,2006-06-08,2006-06-12,,2022-04-04,2024-02-29,Retirement,day,false,3118,,,,,,fjc_bulk,
Peter G. Sheridan,njd,district,George W. Bush,Republican,2005-02-14,2006-06-08,2006-06-12,,2018-06-14,,,day,true,3120,false,false,,,,fjc_bulk,
Renée Marie Bumb,njd,district,George W. Bush,Republican,2006-01-25,2006-06-06,2006-06-12,,,,,day,true,3116,false,false,,,,fjc_bulk,
Susan Davis Wigenton,njd,district,George W. Bush,Republican,2006-01-25,2006-05-26,2006-06-12,,,,,day,true,3115,false,false,,,,fjc_bulk,
Thomas M. Golden,paed,district,George W. Bush,Republican,2006-01-25,2006-05-04,2006-06-13,,,2010-07-31,Death,day,false,3112,,,,,,fjc_bulk,
Sandra Segal Ikuta,ca9,circuit,George W. Bush,Republican,2006-02-08,2006-06-19,2006-06-23,,2025-11-07,2025-12-07,Death,day,false,3121,,,,,,fjc_bulk,
Andrew J. Guilford,cacd,district,George W. Bush,Republican,2006-01-25,2006-06-22,2006-06-26,,2019-07-05,2020-01-31,Retirement,day,false,3122,,,,,,fjc_bulk,
Frank DeArmon Whitney,ncwd,district,George W. Bush,Republican,2006-02-14,2006-06-22,2006-07-05,,2024-12-01,,,day,true,3123,false,false,https://upload.wikimedia.org/wikipedia/commons/thumb/b/b5/Frank_D._Whitney_%28cropped%29.jpg/330px-Frank_D._Whitney_%28cropped%29.jpg?utm_source=commons.wikimedia.org&utm_campaign=imageinfo&utm_content=thumbnail,https://commons.wikimedia.org/wiki/File:Frank_D._Whitney_(cropped).jpg,Public domain,fjc_bulk,
Gustavo Antonio Gelpí Jr.,prd,district,George W. Bush,Republican,2006-04-24,2006-07-20,2006-08-01,,,2021-10-20,Appointment to Another Judicial Position,day,false,3124,,,https://upload.wikimedia.org/wikipedia/commons/thumb/5/5a/Judge_Gustavo_Gelp%C3%AD.jpg/330px-Judge_Gustavo_Gelp%C3%AD.jpg?utm_source=commons.wikimedia.org&utm_campaign=imageinfo&utm_content=thumbnail,https://commons.wikimedia.org/wiki/File:Judge_Gustavo_Gelp%C3%AD.jpg,Public domain,fjc_bulk,
Daniel Porter Jordan III,mssd,district,George W. Bush,Republican,2006-04-24,2006-07-20,2006-08-07,,,,,day,true,3126,false,false,https://upload.wikimedia.org/wikipedia/commons/thumb/f/fb/Daniel_P._Jordan_%28cropped%29.jpg/330px-Daniel_P._Jordan_%28cropped%29.jpg?utm_source=commons.wikimedia.org&utm_campaign=imageinfo&utm_content=thumbnail,https://commons.wikimedia.org/wiki/File:Daniel_P._Jordan_(cropped).jpg,Public domain,fjc_bulk,
Neil M. Gorsuch,ca10,circuit,George W. Bush,Republican,2006-05-10,2006-07-20,2006-08-08,,,2017-04-09,Appointment to Another Judicial Position,day,false,3125,,,https://upload.wikimedia.org/wikipedia/commons/thumb/9/97/Associate_Justice_Neil_Gorsuch_Official_Portrait.jpg/330px-Associate_Justice_Neil_Gorsuch_Official_Portrait.jpg?utm_source=commons.wikimedia.org&utm_campaign=imageinfo&utm_content=thumbnail,https://commons.wikimedia.org/wiki/File:Associate_Justice_Neil_Gorsuch_Official_Portrait.jpg,Public domain,fjc_bulk,
Jerome A. Holmes,ca10,circuit,George W. Bush,Republican,2006-05-04,2006-07-25,2006-08-09,,,,,day,true,3128,false,false,https://upload.wikimedia.org/wikipedia/commons/thumb/e/e2/Jerome_Holmes.jpg/330px-Jerome_Holmes.jpg?utm_source=commons.wikimedia.org&utm_campaign=imageinfo&utm_content=thumbnail,https://commons.wikimedia.org/wiki/File:Jerome_Holmes.jpg,Public domain,fjc_bulk,
Kimberly Ann Moore,cafc,circuit,George W. Bush,Republican,2006-05-18,2006-09-05,2006-09-08,,,,,day,true,3129,false,false,https://upload.wikimedia.org/wikipedia/commons/b/b7/Judge_Kimberly_A._Moore.jpg?utm_source=commons.wikimedia.org&utm_campaign=imageinfo&utm_content=thumbnail_unscaled,https://commons.wikimedia.org/wiki/File:Judge_Kimberly_A._Moore.jpg,Public domain,fjc_bulk,
Francisco Augusto Besosa,prd,district,George W. Bush,Republican,2006-05-16,2006-09-25,2006-09-27,,2022-01-01,,,day,true,3130,false,false,https://upload.wikimedia.org/wikipedia/commons/0/0d/Francisco_Augusto_Besosa%2C_U.S._District_Court_Judge.jpg?utm_source=commons.wikimedia.org&utm_campaign=imageinfo&utm_content=thumbnail_unscaled,"https://commons.wikimedia.org/wiki/File:Francisco_Augusto_Besosa,_U.S._District_Court_Judge.jpg",Public domain,fjc_bulk,
Bobby E. Shepherd,ca8,circuit,George W. Bush,Republican,2006-05-18,2006-07-20,2006-10-10,,,,,day,true,3127,false,false,https://upload.wikimedia.org/wikipedia/commons/1/1c/Bobby_Shepherd_-_United_States_Court_of_Appeals_for_the_Eighth_Circuit_-_2010_%28cropped%29.jpg?utm_source=commons.wikimedia.org&utm_campaign=imageinfo&utm_content=thumbnail_unscaled,https://commons.wikimedia.org/wiki/File:Bobby_Shepherd_-_United_States_Court_of_Appeals_for_the_Eighth_Circuit_-_2010_(cropped).jpg,Public domain,fjc_bulk,
Frances Tydingco-Gatewood,gud,district,George W. Bush,Republican,2006-04-25,2006-08-03,2006-10-30,,,,,day,true,,false,false,https://upload.wikimedia.org/wikipedia/commons/thumb/3/30/Frances_Tydingco-Gatewood_1.jpg/330px-Frances_Tydingco-Gatewood_1.jpg?utm_source=commons.wikimedia.org&utm_campaign=imageinfo&utm_content=thumbnail,https://commons.wikimedia.org/wiki/File:Frances_Tydingco-Gatewood_1.jpg,Public domain,territorial_manual,Current judges only; no systematic historical source for this court.
Kent A. Jordan,ca3,circuit,George W. Bush,Republican,2006-06-28,2006-12-08,2006-12-13,,,2025-01-15,Retirement,day,false,2974,,,,,,fjc_bulk,
Lawrence Joseph O'Neill,caed,district,George W. Bush,Republican,2007-01-09,2007-02-01,2007-02-02,,2020-02-02,,,day,true,3135,false,false,https://upload.wikimedia.org/wikipedia/commons/thumb/8/83/Lawrence_Joseph_O%27Neill.JPG/330px-Lawrence_Joseph_O%27Neill.JPG?utm_source=commons.wikimedia.org&utm_campaign=imageinfo&utm_content=thumbnail,https://commons.wikimedia.org/wiki/File:Lawrence_Joseph_O%27Neill.JPG,Public domain,fjc_bulk,
Gregory Kent Frizzell,oknd,district,George W. Bush,Republican,2007-01-09,2007-02-01,2007-02-02,,2025-03-01,,,day,true,3134,false,false,,,,fjc_bulk,
Lisa Godbey Wood,gasd,district,George W. Bush,Republican,2007-01-09,2007-01-30,2007-02-08,,,,,day,true,3131,false,false,https://upload.wikimedia.org/wikipedia/commons/2/26/Lisa_Godbey_Wood_US_Attorney.jpg?utm_source=commons.wikimedia.org&utm_campaign=imageinfo&utm_content=thumbnail_unscaled,https://commons.wikimedia.org/wiki/File:Lisa_Godbey_Wood_US_Attorney.jpg,Public domain,fjc_bulk,
Philip S. Gutierrez,cacd,district,George W. Bush,Republican,2007-01-09,2007-01-30,2007-02-16,,,2024-10-22,Retirement,day,false,3132,,,,,,fjc_bulk,
Valerie Baker Fairbank,cacd,district,George W. Bush,Republican,2007-01-09,2007-02-01,2007-02-16,,2012-03-01,,,day,true,3133,false,false,https://upload.wikimedia.org/wikipedia/commons/a/ad/Valerie_Baker_Fairbank_District_Judge.jpg?utm_source=commons.wikimedia.org&utm_campaign=imageinfo&utm_content=thumbnail_unscaled,https://commons.wikimedia.org/wiki/File:Valerie_Baker_Fairbank_District_Judge.jpg,Public domain,fjc_bulk,
Marcia Morales Howard,flmd,district,George W. Bush,Republican,2007-01-09,2007-02-15,2007-02-20,,,,,day,true,3138,false,false,https://upload.wikimedia.org/wikipedia/commons/thumb/b/b0/Marcia_Morales_Howard_%28cropped%29.jpg/330px-Marcia_Morales_Howard_%28cropped%29.jpg?utm_source=commons.wikimedia.org&utm_campaign=imageinfo&utm_content=thumbnail,https://commons.wikimedia.org/wiki/File:Marcia_Morales_Howard_(cropped).jpg,Public domain,fjc_bulk,
John Alfred Jarvey,iasd,district,George W. Bush,Republican,2007-01-09,2007-03-08,2007-03-14,,,2022-03-18,Retirement,day,false,3139,,,,,,fjc_bulk,
Sara Elizabeth Lioi,ohnd,district,George W. Bush,Republican,2007-01-09,2007-03-08,2007-03-14,,,,,day,true,3140,false,false,https://upload.wikimedia.org/wikipedia/commons/a/a9/Sara_Elizabeth_Lioi_fuzzy.jpg?utm_source=commons.wikimedia.org&utm_campaign=imageinfo&utm_content=thumbnail_unscaled,https://commons.wikimedia.org/wiki/File:Sara_Elizabeth_Lioi_fuzzy.jpg,Public domain,fjc_bulk,
N[orman] Randy Smith,ca9,circuit,George W. Bush,Republican,2007-01-16,2007-02-15,2007-03-19,,2018-08-11,,,day,true,3137,false,false,https://upload.wikimedia.org/wikipedia/commons/5/58/N._Randy_Smith_Circuit_Judge.jpg?utm_source=commons.wikimedia.org&utm_campaign=imageinfo&utm_content=thumbnail_unscaled,https://commons.wikimedia.org/wiki/File:N._Randy_Smith_Circuit_Judge.jpg,Public domain,fjc_bulk,
John Preston Bailey,wvnd,district,George W. Bush,Republican,2007-01-09,2007-03-15,2007-03-19,,,,,day,true,3141,false,false,https://upload.wikimedia.org/wikipedia/commons/8/8d/John_Preston_Bailey.jpg?utm_source=commons.wikimedia.org&utm_campaign=imageinfo&utm_content=thumbnail_unscaled,https://commons.wikimedia.org/wiki/File:John_Preston_Bailey.jpg,Public domain,fjc_bulk,
Thomas Michael Hardiman,ca3,circuit,George W. Bush,Republican,2007-01-09,2007-03-15,2007-04-02,,,,,day,true,3044,true,false,https://upload.wikimedia.org/wikipedia/commons/6/62/Judge_Thomas_M._Hardiman.jpg?utm_source=commons.wikimedia.org&utm_campaign=imageinfo&utm_content=thumbnail_unscaled,https://commons.wikimedia.org/wiki/File:Judge_Thomas_M._Hardiman.jpg,Public domain,fjc_bulk,
Vanessa Lynne Bryant,ctd,district,George W. Bush,Republican,2007-01-09,2007-03-28,2007-04-02,,2021-02-01,,,day,true,3144,false,false,https://upload.wikimedia.org/wikipedia/commons/thumb/9/95/Vanessa_Lynne_Bryant.JPG/330px-Vanessa_Lynne_Bryant.JPG?utm_source=commons.wikimedia.org&utm_campaign=imageinfo&utm_content=thumbnail,https://commons.wikimedia.org/wiki/File:Vanessa_Lynne_Bryant.JPG,Public domain,fjc_bulk,
Nora Barry Fischer,pawd,district,George W. Bush,Republican,2007-01-09,2007-02-14,2007-04-02,,2019-06-13,,,day,true,3136,false,false,https://upload.wikimedia.org/wikipedia/commons/2/2e/NoraBFischer.jpg?utm_source=commons.wikimedia.org&utm_campaign=imageinfo&utm_content=thumbnail_unscaled,https://commons.wikimedia.org/wiki/File:NoraBFischer.jpg,Public domain,fjc_bulk,
Otis D. Wright II,cacd,district,George W. Bush,Republican,2007-01-09,2007-03-15,2007-04-16,,,,,day,true,3142,false,false,https://upload.wikimedia.org/wikipedia/commons/3/3a/Otis_Wright_District_Judge.jpg?utm_source=commons.wikimedia.org&utm_campaign=imageinfo&utm_content=thumbnail_unscaled,https://commons.wikimedia.org/wiki/File:Otis_Wright_District_Judge.jpg,Public domain,fjc_bulk,
George H. Wu,cacd,district,George W. Bush,Republican,2007-01-09,2007-03-27,2007-04-17,,2023-11-03,,,day,true,3143,false,false,https://upload.wikimedia.org/wikipedia/commons/4/4a/George_H._Wu_District_Judge.jpg?utm_source=commons.wikimedia.org&utm_campaign=imageinfo&utm_content=thumbnail_unscaled,https://commons.wikimedia.org/wiki/File:George_H._Wu_District_Judge.jpg,Public domain,fjc_bulk,
Halil Suleyman Ozerden,mssd,district,George W. Bush,Republican,2007-01-09,2007-04-24,2007-05-01,,,,,day,true,3145,true,false,https://upload.wikimedia.org/wikipedia/commons/thumb/b/b2/Halil_S._Ozerden_%28cropped%29.jpg/330px-Halil_S._Ozerden_%28cropped%29.jpg?utm_source=commons.wikimedia.org&utm_campaign=imageinfo&utm_content=thumbnail,https://commons.wikimedia.org/wiki/File:Halil_S._Ozerden_(cropped).jpg,Public domain,fjc_bulk,
Frederick J. Kapala,ilnd,district,George W. Bush,Republican,2007-01-09,2007-05-08,2007-05-10,,2019-05-10,,,day,true,3146,false,false,,,,fjc_bulk,
Debra Ann Livingston,ca2,circuit,George W. Bush,Republican,2007-01-09,2007-05-09,2007-05-17,,2026-07-01,,,day,true,3147,false,false,https://upload.wikimedia.org/wikipedia/commons/1/16/Debra_Ann_Livingston.jpg?utm_source=commons.wikimedia.org&utm_campaign=imageinfo&utm_content=thumbnail_unscaled,https://commons.wikimedia.org/wiki/File:Debra_Ann_Livingston.jpg,Public domain,fjc_bulk,
Benjamin Hale Settle,wawd,district,George W. Bush,Republican,2007-01-09,2007-06-28,2007-07-02,,2020-01-01,,,day,true,3148,false,false,https://upload.wikimedia.org/wikipedia/commons/3/3f/Benjamin_Hale_Settle.jpg?utm_source=commons.wikimedia.org&utm_campaign=imageinfo&utm_content=thumbnail_unscaled,https://commons.wikimedia.org/wiki/File:Benjamin_Hale_Settle.jpg,Public domain,fjc_bulk,
Liam O'Grady,vaed,district,George W. Bush,Republican,2007-01-09,2007-07-09,2007-07-11,,2020-05-01,2023-08-18,Retirement,day,false,3151,,,,,,fjc_bulk,
Paul Lewis Maloney,miwd,district,George W. Bush,Republican,2007-03-19,2007-07-09,2007-07-13,,,,,day,true,3153,false,false,https://upload.wikimedia.org/wikipedia/commons/4/45/Paul_L._Maloney.jpg?utm_source=commons.wikimedia.org&utm_campaign=imageinfo&utm_content=thumbnail_unscaled,https://commons.wikimedia.org/wiki/File:Paul_L._Maloney.jpg,Public domain,fjc_bulk,
Robert James Jonker,miwd,district,George W. Bush,Republican,2007-03-19,2007-07-09,2007-07-16,,,,,day,true,3152,false,false,,,,fjc_bulk,
Joseph S. Van Bokkelen,innd,district,George W. Bush,Republican,2007-01-09,2007-06-28,2007-07-18,,2017-09-29,,,day,true,3150,false,false,https://upload.wikimedia.org/wikipedia/commons/thumb/e/e8/Joe_Van_Bokkelen.jpg/330px-Joe_Van_Bokkelen.jpg?utm_source=commons.wikimedia.org&utm_campaign=imageinfo&utm_content=thumbnail,https://commons.wikimedia.org/wiki/File:Joe_Van_Bokkelen.jpg,Public domain,fjc_bulk,
Richard Joseph Sullivan,nysd,district,George W. Bush,Republican,2007-02-15,2007-06-28,2007-08-01,,,2018-10-25,Appointment to Another Judicial Position,day,false,3149,,,https://upload.wikimedia.org/wikipedia/commons/thumb/4/44/Richard_J._Sullivan.jpg/330px-Richard_J._Sullivan.jpg?utm_source=commons.wikimedia.org&utm_campaign=imageinfo&utm_content=thumbnail,https://commons.wikimedia.org/wiki/File:Richard_J._Sullivan.jpg,CC BY-SA 3.0 — credit: Richard J. Sullivan,fjc_bulk,
Janet T. Neff,miwd,district,George W. Bush,Republican,2007-03-19,2007-07-09,2007-08-06,,2021-03-01,,,day,true,3154,false,false,,,,fjc_bulk,
Timothy D. DeGiusti,okwd,district,George W. Bush,Republican,2007-02-15,2007-08-03,2007-08-09,,,,,day,true,3155,false,false,,,,fjc_bulk,
Martin Karl Reidinger,ncwd,district,George W. Bush,Republican,2007-01-09,2007-09-10,2007-09-12,,,,,day,true,3157,false,false,,,,fjc_bulk,
William Lindsay Osteen Jr.,ncmd,district,George W. Bush,Republican,2007-01-09,2007-09-10,2007-09-19,,,,,day,true,3156,false,false,,,,fjc_bulk,
Janis Lynn Sammartino,casd,district,George W. Bush,Republican,2007-03-19,2007-09-10,2007-09-21,,,,,day,true,3158,false,false,https://upload.wikimedia.org/wikipedia/commons/c/cf/Janis_Sammartino_District_Judge.jpg?utm_source=commons.wikimedia.org&utm_campaign=imageinfo&utm_content=thumbnail_unscaled,https://commons.wikimedia.org/wiki/File:Janis_Sammartino_District_Judge.jpg,Public domain,fjc_bulk,
Roslynn Renee Mauskopf,nyed,district,George W. Bush,Republican,2007-01-09,2007-10-04,2007-10-18,,,2024-01-31,Retirement,day,false,3162,,,,,,fjc_bulk,
Jennifer Walker Elrod,ca5,circuit,George W. Bush,Republican,2007-03-29,2007-10-04,2007-10-19,,,,,day,true,3159,true,false,https://upload.wikimedia.org/wikipedia/commons/2/2f/Judge_Jennifer_Walker_Elrod.jpg?utm_source=commons.wikimedia.org&utm_campaign=imageinfo&utm_content=thumbnail_unscaled,https://commons.wikimedia.org/wiki/File:Judge_Jennifer_Walker_Elrod.jpg,Public domain,fjc_bulk,
Sharion Aycock,msnd,district,George W. Bush,Republican,2007-03-19,2007-10-04,2007-10-22,,2025-04-15,,,day,true,3161,false,false,,,,fjc_bulk,
Leslie Southwick,ca5,circuit,George W. Bush,Republican,2007-01-09,2007-10-24,2007-10-29,,,,,day,true,3163,false,false,https://upload.wikimedia.org/wikipedia/commons/c/c7/Judge_Leslie_H._Southwick.jpg?utm_source=commons.wikimedia.org&utm_campaign=imageinfo&utm_content=thumbnail_unscaled,https://commons.wikimedia.org/wiki/File:Judge_Leslie_H._Southwick.jpg,Public domain,fjc_bulk,
Richard A. Jones,wawd,district,George W. Bush,Republican,2007-03-19,2007-10-04,2007-10-29,,2022-09-05,,,day,true,3160,false,false,https://upload.wikimedia.org/wikipedia/commons/e/e7/Richard_A._Jones_District_Judge.jpg?utm_source=commons.wikimedia.org&utm_campaign=imageinfo&utm_content=thumbnail_unscaled,https://commons.wikimedia.org/wiki/File:Richard_A._Jones_District_Judge.jpg,Public domain,fjc_bulk,
Reed Charles O'Connor,txnd,district,George W. Bush,Republican,2007-06-27,2007-11-16,2007-11-21,,,,,day,true,3165,true,false,https://upload.wikimedia.org/wikipedia/commons/thumb/4/47/Reed_O%27Connor_%28cropped%29.jpg/330px-Reed_O%27Connor_%28cropped%29.jpg?utm_source=commons.wikimedia.org&utm_campaign=imageinfo&utm_content=thumbnail,https://commons.wikimedia.org/wiki/File:Reed_O%27Connor_(cropped).jpg,Public domain,fjc_bulk,
Robert Michael Dow Jr.,ilnd,district,George W. Bush,Republican,2007-07-18,2007-11-13,2007-12-05,,,,,day,true,3164,false,false,,,,fjc_bulk,
John Daniel Tinder,ca7,circuit,George W. Bush,Republican,2007-07-17,2007-12-18,2007-12-21,,2015-02-18,2015-10-09,Retirement,day,false,2392,,,,,,fjc_bulk,
Joseph Normand Laplante,nhd,district,George W. Bush,Republican,2007-06-13,2007-12-14,2007-12-28,,,,,day,true,3167,false,false,,,,fjc_bulk,
Amul Roger Thapar,kyed,district,George W. Bush,Republican,2007-05-24,2007-12-13,2008-01-04,,,2017-05-30,Appointment to Another Judicial Position,day,false,3166,,,https://upload.wikimedia.org/wikipedia/commons/thumb/7/79/Amul_Thapar.jpg/330px-Amul_Thapar.jpg?utm_source=commons.wikimedia.org&utm_campaign=imageinfo&utm_content=thumbnail,https://commons.wikimedia.org/wiki/File:Amul_Thapar.jpg,Public domain,fjc_bulk,
Thomas D. Schroeder,ncmd,district,George W. Bush,Republican,2007-01-09,2007-12-14,2008-01-08,,,,,day,true,3168,false,false,,,,fjc_bulk,
Brian Stacy Miller,are,district,George W. Bush,Republican,2007-10-16,2008-04-10,2008-04-17,,,,,day,true,3170,false,false,https://upload.wikimedia.org/wikipedia/commons/thumb/c/ca/Brian_Stacy_Miller_%28cropped%29.jpg/330px-Brian_Stacy_Miller_%28cropped%29.jpg?utm_source=commons.wikimedia.org&utm_campaign=imageinfo&utm_content=thumbnail,https://commons.wikimedia.org/wiki/File:Brian_Stacy_Miller_(cropped).jpg,Public domain,fjc_bulk,
John A. Mendez,caed,district,George W. Bush,Republican,2007-09-06,2008-04-10,2008-04-17,,2022-04-17,,,day,true,3172,false,false,https://upload.wikimedia.org/wikipedia/commons/thumb/f/ff/John_Anthony_Mendez.JPG/330px-John_Anthony_Mendez.JPG?utm_source=commons.wikimedia.org&utm_campaign=imageinfo&utm_content=thumbnail,https://commons.wikimedia.org/wiki/File:John_Anthony_Mendez.JPG,Public domain,fjc_bulk,
Catharina Haynes,ca5,circuit,George W. Bush,Republican,2007-07-17,2008-04-10,2008-04-18,,,,,day,true,3169,false,false,https://upload.wikimedia.org/wikipedia/commons/5/52/Catharina_Haynes.jpg?utm_source=commons.wikimedia.org&utm_campaign=imageinfo&utm_content=thumbnail_unscaled,https://commons.wikimedia.org/wiki/File:Catharina_Haynes.jpg,Public domain,fjc_bulk,
James Randal Hall,gasd,district,George W. Bush,Republican,2007-03-19,2008-04-10,2008-04-29,,,,,day,true,3171,false,false,,,,fjc_bulk,
Stanley Thomas Anderson,tnwd,district,George W. Bush,Republican,2007-09-06,2008-04-10,2008-05-21,,,,,day,true,3173,false,false,https://upload.wikimedia.org/wikipedia/commons/thumb/c/c8/Stanley_Thomas_Anderson.png/330px-Stanley_Thomas_Anderson.png?utm_source=commons.wikimedia.org&utm_campaign=imageinfo&utm_content=thumbnail,https://commons.wikimedia.org/wiki/File:Stanley_Thomas_Anderson.png,Public domain,fjc_bulk,
David Gregory Kays,mowd,district,George W. Bush,Republican,2007-11-15,2008-06-10,2008-06-19,,,,,day,true,3176,false,false,https://upload.wikimedia.org/wikipedia/commons/6/6f/Greg_Kays.jpg?utm_source=commons.wikimedia.org&utm_campaign=imageinfo&utm_content=thumbnail_unscaled,https://commons.wikimedia.org/wiki/File:Greg_Kays.jpg,Public domain,fjc_bulk,
Mark Steven Davis,vaed,district,George W. Bush,Republican,2007-11-15,2008-06-10,2008-06-23,,,,,day,true,3175,false,false,,,,fjc_bulk,
William T. Lawrence,insd,district,George W. Bush,Republican,2008-02-14,2008-06-26,2008-06-30,,2018-07-01,,,day,true,3181,false,false,https://upload.wikimedia.org/wikipedia/commons/thumb/7/79/William_T._Lawrence%2C_U.S._District_Court_Judge.jpg/330px-William_T._Lawrence%2C_U.S._District_Court_Judge.jpg?utm_source=commons.wikimedia.org&utm_campaign=imageinfo&utm_content=thumbnail,"https://commons.wikimedia.org/wiki/File:William_T._Lawrence,_U.S._District_Court_Judge.jpg",Public domain,fjc_bulk,
G. Steven Agee,ca4,circuit,George W. Bush,Republican,2008-03-13,2008-05-20,2008-07-01,,,,,day,true,3174,false,false,https://upload.wikimedia.org/wikipedia/commons/f/f0/Judge_G._Steven_Agee.jpg?utm_source=commons.wikimedia.org&utm_campaign=imageinfo&utm_content=thumbnail_unscaled,https://commons.wikimedia.org/wiki/File:Judge_G._Steven_Agee.jpg,Public domain,fjc_bulk,
Raymond M. Kethledge,ca6,circuit,George W. Bush,Republican,2007-03-19,2008-06-24,2008-07-07,,,,,day,true,3179,true,false,https://upload.wikimedia.org/wikipedia/commons/thumb/0/07/Raymond_Kethledge_in_2014.jpg/330px-Raymond_Kethledge_in_2014.jpg?utm_source=commons.wikimedia.org&utm_campaign=imageinfo&utm_content=thumbnail,https://commons.wikimedia.org/wiki/File:Raymond_Kethledge_in_2014.jpg,CC BY-SA 3.0 — credit: SPDuffy527,fjc_bulk,
Kiyo A. Matsumoto,nyed,district,George W. Bush,Republican,2008-03-11,2008-07-17,2008-07-22,,2022-07-23,,,day,true,3184,false,false,https://upload.wikimedia.org/wikipedia/commons/thumb/4/46/Kiyo_A._Matsumoto_%28cropped%29.jpg/330px-Kiyo_A._Matsumoto_%28cropped%29.jpg?utm_source=commons.wikimedia.org&utm_campaign=imageinfo&utm_content=thumbnail,https://commons.wikimedia.org/wiki/File:Kiyo_A._Matsumoto_(cropped).jpg,Public domain,fjc_bulk,
G. Murray Snow,azd,district,George W. Bush,Republican,2007-12-11,2008-06-26,2008-07-23,,2024-10-21,,,day,true,3182,false,false,https://upload.wikimedia.org/wikipedia/commons/e/e7/G._Murray_Snow_District_Judge.jpg?utm_source=commons.wikimedia.org&utm_campaign=imageinfo&utm_content=thumbnail_unscaled,https://commons.wikimedia.org/wiki/File:G._Murray_Snow_District_Judge.jpg,Public domain,fjc_bulk,
Cathy Seibel,nysd,district,George W. Bush,Republican,2008-03-11,2008-07-22,2008-07-30,,2025-11-03,,,day,true,3185,false,false,,,,fjc_bulk,
Stephen Nathaniel Limbaugh Jr.,moed,district,George W. Bush,Republican,2007-12-06,2008-06-10,2008-08-01,,2020-08-01,,,day,true,3177,false,false,https://upload.wikimedia.org/wikipedia/commons/4/49/Stephen_N._Limbaugh_Jr.jpg?utm_source=commons.wikimedia.org&utm_campaign=imageinfo&utm_content=thumbnail_unscaled,https://commons.wikimedia.org/wiki/File:Stephen_N._Limbaugh_Jr.jpg,Public domain,fjc_bulk,
Helene N. White,ca6,circuit,George W. Bush,Republican,2008-04-15,2008-06-24,2008-08-08,,2022-06-13,,,day,true,3178,false,false,https://upload.wikimedia.org/wikipedia/commons/5/59/Helene_White.JPG?utm_source=commons.wikimedia.org&utm_campaign=imageinfo&utm_content=thumbnail_unscaled,https://commons.wikimedia.org/wiki/File:Helene_White.JPG,Public domain,fjc_bulk,
Paul G. Gardephe,nysd,district,George W. Bush,Republican,2008-04-29,2008-07-17,2008-08-08,,2023-08-09,,,day,true,3183,false,false,,,,fjc_bulk,
Stephen Joseph Murphy III,mied,district,George W. Bush,Republican,2008-04-15,2008-06-24,2008-08-18,,,,,day,true,3180,true,false,https://upload.wikimedia.org/wikipedia/commons/thumb/a/ad/Judge_Murphy.jpg/330px-Judge_Murphy.jpg?utm_source=commons.wikimedia.org&utm_campaign=imageinfo&utm_content=thumbnail,https://commons.wikimedia.org/wiki/File:Judge_Murphy.jpg,CC BY-SA 4.0 — credit: English hinton,fjc_bulk,
Glenn T. Suddaby,nynd,district,George W. Bush,Republican,2007-12-11,2008-07-22,2008-08-29,,2024-09-01,,,day,true,3186,false,false,,,,fjc_bulk,
Mary Stenson Scriven,flmd,district,George W. Bush,Republican,2008-07-10,2008-09-26,2008-09-30,,,,,day,true,3189,false,false,https://upload.wikimedia.org/wikipedia/commons/9/9b/Mary_Scriven_%28cropped%29.jpg?utm_source=commons.wikimedia.org&utm_campaign=imageinfo&utm_content=thumbnail_unscaled,https://commons.wikimedia.org/wiki/File:Mary_Scriven_(cropped).jpg,Public domain,fjc_bulk,
Eric F. Melgren,ksd,district,George W. Bush,Republican,2008-07-23,2008-09-26,2008-10-06,,2025-09-01,,,day,true,3195,false,false,,,,fjc_bulk,
Joel Harvey Slomsky,paed,district,George W. Bush,Republican,2008-07-24,2008-09-26,2008-10-06,,2018-10-09,,,day,true,3194,false,false,,,,fjc_bulk,
Michael M. Anello,casd,district,George W. Bush,Republican,2008-04-30,2008-09-26,2008-10-10,,2018-10-31,,,day,true,3188,false,false,https://upload.wikimedia.org/wikipedia/commons/thumb/d/d5/Judge_Anello.jpg/330px-Judge_Anello.jpg?utm_source=commons.wikimedia.org&utm_campaign=imageinfo&utm_content=thumbnail,https://commons.wikimedia.org/wiki/File:Judge_Anello.jpg,Public domain,fjc_bulk,
Philip A. Brimmer,cod,district,George W. Bush,Republican,2008-07-10,2008-09-26,2008-10-14,,,,,day,true,3191,false,false,https://upload.wikimedia.org/wikipedia/commons/thumb/f/f1/Philip_A_Brimmer.png/330px-Philip_A_Brimmer.png?utm_source=commons.wikimedia.org&utm_campaign=imageinfo&utm_content=thumbnail,https://commons.wikimedia.org/wiki/File:Philip_A_Brimmer.png,Public domain,fjc_bulk,
Anthony John Trenga,vaed,district,George W. Bush,Republican,2008-07-17,2008-09-26,2008-10-14,,2021-06-01,,,day,true,3196,false,false,,,,fjc_bulk,
Christine M. Arguello,cod,district,George W. Bush,Republican,2008-07-10,2008-09-26,2008-10-21,,2022-07-15,,,day,true,3190,false,false,https://upload.wikimedia.org/wikipedia/commons/thumb/6/61/Christine_M_Arguello.png/330px-Christine_M_Arguello.png?utm_source=commons.wikimedia.org&utm_campaign=imageinfo&utm_content=thumbnail,https://commons.wikimedia.org/wiki/File:Christine_M_Arguello.png,Public domain,fjc_bulk,
Clark Waddoups,utd,district,George W. Bush,Republican,2008-04-29,2008-09-26,2008-10-21,,2019-01-31,,,day,true,3187,false,false,,,,fjc_bulk,
C. Darnell Jones II,paed,district,George W. Bush,Republican,2008-07-24,2008-09-26,2008-10-30,,2021-03-15,,,day,true,3192,false,false,,,,fjc_bulk,
Mitchell S. Goldberg,paed,district,George W. Bush,Republican,2008-07-24,2008-09-26,2008-10-31,,,2025-09-19,Retirement,day,false,3193,,,,,,fjc_bulk,
Sonia Sotomayor,scotus,scotus,Barack Obama,Democratic,2009-06-01,2009-08-06,2009-08-06,,,,,day,true,2243,false,false,https://upload.wikimedia.org/wikipedia/commons/thumb/4/49/Sonia_Sotomayor_7_in_robe%2C_2009.jpg/330px-Sonia_Sotomayor_7_in_robe%2C_2009.jpg?utm_source=commons.wikimedia.org&utm_campaign=imageinfo&utm_content=thumbnail,"https://commons.wikimedia.org/wiki/File:Sonia_Sotomayor_7_in_robe,_2009.jpg",CC BY 3.0 — credit: Stacey Ilyse,fjc_bulk,
Gerard E. Lynch,ca2,circuit,Barack Obama,Democratic,2009-04-02,2009-09-17,2009-09-18,,2016-09-05,,,day,true,2866,false,false,https://upload.wikimedia.org/wikipedia/commons/5/58/Gerard_E._Lynch_%28cropped%29.jpg?utm_source=commons.wikimedia.org&utm_campaign=imageinfo&utm_content=thumbnail_unscaled,https://commons.wikimedia.org/wiki/File:Gerard_E._Lynch_(cropped).jpg,Public domain,fjc_bulk,
Jeffrey Lynn Viken,sdd,district,Barack Obama,Democratic,2009-06-25,2009-09-29,2009-09-30,,2021-10-01,2023-10-01,Retirement,day,false,3221,,,,,,fjc_bulk,
Roberto Antonio Lange,sdd,district,Barack Obama,Democratic,2009-07-08,2009-10-21,2009-10-21,,,,,day,true,3222,false,false,https://upload.wikimedia.org/wikipedia/commons/thumb/9/97/Roberto_A._Lange_Headshot.png/330px-Roberto_A._Lange_Headshot.png?utm_source=commons.wikimedia.org&utm_campaign=imageinfo&utm_content=thumbnail,https://commons.wikimedia.org/wiki/File:Roberto_A._Lange_Headshot.png,Public domain,fjc_bulk,
Irene Cornelia Berger,wvsd,district,Barack Obama,Democratic,2009-07-08,2009-10-27,2009-11-09,,,,,day,true,3223,false,false,https://upload.wikimedia.org/wikipedia/commons/e/ea/Irene_C_Berger.png?utm_source=commons.wikimedia.org&utm_campaign=imageinfo&utm_content=thumbnail_unscaled,https://commons.wikimedia.org/wiki/File:Irene_C_Berger.png,Public domain,fjc_bulk,
Andre Maurice Davis,ca4,circuit,Barack Obama,Democratic,2009-04-02,2009-11-09,2009-11-10,,2014-02-28,2017-08-31,Retirement,day,false,570,,,,,,fjc_bulk,
Charlene Vanessa Edwards Honeywell,flmd,district,Barack Obama,Democratic,2009-06-25,2009-11-09,2009-11-12,,2023-12-04,,,day,true,3224,false,false,https://upload.wikimedia.org/wikipedia/commons/thumb/d/de/Charlene_Edwards_Honeywell.jpg/330px-Charlene_Edwards_Honeywell.jpg?utm_source=commons.wikimedia.org&utm_campaign=imageinfo&utm_content=thumbnail,https://commons.wikimedia.org/wiki/File:Charlene_Edwards_Honeywell.jpg,Public domain,fjc_bulk,
David Frank Hamilton,ca7,circuit,Barack Obama,Democratic,2009-03-17,2009-11-19,2009-11-23,,2022-12-05,,,day,true,957,false,false,,,,fjc_bulk,
Jacqueline Hong-Ngoc Nguyen,cacd,district,Barack Obama,Democratic,2009-07-31,2009-12-01,2009-12-04,,,2012-05-15,Appointment to Another Judicial Position,day,false,3227,,,https://upload.wikimedia.org/wikipedia/commons/1/13/Judge_Jacqueline_Nguyen.jpg?utm_source=commons.wikimedia.org&utm_campaign=imageinfo&utm_content=thumbnail_unscaled,https://commons.wikimedia.org/wiki/File:Judge_Jacqueline_Nguyen.jpg,Public domain,fjc_bulk,
Christina Clair Reiss,vtd,district,Barack Obama,Democratic,2009-10-13,2009-11-21,2009-12-21,,,,,day,true,3226,false,false,https://upload.wikimedia.org/wikipedia/commons/7/7b/Christina_Reiss_%28cropped%29.jpg?utm_source=commons.wikimedia.org&utm_campaign=imageinfo&utm_content=thumbnail_unscaled,https://commons.wikimedia.org/wiki/File:Christina_Reiss_(cropped).jpg,Public domain,fjc_bulk,
Abdul K. Kallon,alnd,district,Barack Obama,Democratic,2009-07-31,2009-11-21,2010-01-04,,,2022-08-31,Resignation,day,false,3225,,,,,,fjc_bulk,
Dolly Maizie Gee,cacd,district,Barack Obama,Democratic,2009-08-06,2009-12-24,2010-01-04,,,,,day,true,3228,false,false,https://upload.wikimedia.org/wikipedia/commons/b/bb/Dolly_M._Gee_District_Judge.jpg?utm_source=commons.wikimedia.org&utm_campaign=imageinfo&utm_content=thumbnail_unscaled,https://commons.wikimedia.org/wiki/File:Dolly_M._Gee_District_Judge.jpg,Public domain,fjc_bulk,
Richard G. Seeborg,cand,district,Barack Obama,Democratic,2009-08-06,2009-12-24,2010-01-04,,,,,day,true,3229,false,false,https://upload.wikimedia.org/wikipedia/commons/3/30/Richard_Seeborg%2C_U.S._District_Court_Judge.jpg?utm_source=commons.wikimedia.org&utm_campaign=imageinfo&utm_content=thumbnail_unscaled,"https://commons.wikimedia.org/wiki/File:Richard_Seeborg,_U.S._District_Court_Judge.jpg",Public domain,fjc_bulk,
Rosanna Malouf Peterson,waed,district,Barack Obama,Democratic,2009-10-13,2010-01-25,2010-01-26,,2021-10-01,,,day,true,3230,false,false,https://upload.wikimedia.org/wikipedia/commons/6/62/Rosanna_M._Peterson_District_Judge.jpg?utm_source=commons.wikimedia.org&utm_campaign=imageinfo&utm_content=thumbnail_unscaled,https://commons.wikimedia.org/wiki/File:Rosanna_M._Peterson_District_Judge.jpg,Public domain,fjc_bulk,
Beverly Baldwin Martin,ca11,circuit,Barack Obama,Democratic,2009-06-19,2010-01-20,2010-01-28,,,2021-09-30,Retirement,day,false,2876,,,,,,fjc_bulk,
Joseph A. Greenaway Jr.,ca3,circuit,Barack Obama,Democratic,2009-06-19,2010-02-09,2010-02-12,,,2023-06-15,Retirement,day,false,911,,,,,,fjc_bulk,
Barbara Milano Keenan,ca4,circuit,Barack Obama,Democratic,2009-09-14,2010-03-02,2010-03-09,,2021-08-31,,,day,true,3231,false,false,https://upload.wikimedia.org/wikipedia/commons/thumb/9/95/Barbara_Keenan.jpg/330px-Barbara_Keenan.jpg?utm_source=commons.wikimedia.org&utm_campaign=imageinfo&utm_content=thumbnail,https://commons.wikimedia.org/wiki/File:Barbara_Keenan.jpg,CC BY 2.0 — credit: Warner_Keenan_Webb.jpg: Mark Warner derivative work: Athenchen (talk),fjc_bulk,
William Martin Conley,wiwd,district,Barack Obama,Democratic,2009-10-29,2010-03-04,2010-03-25,,,,,day,true,3232,false,false,https://upload.wikimedia.org/wikipedia/commons/thumb/0/0a/William_M._Conley_%28Judge%29.jpg/330px-William_M._Conley_%28Judge%29.jpg?utm_source=commons.wikimedia.org&utm_campaign=imageinfo&utm_content=thumbnail,https://commons.wikimedia.org/wiki/File:William_M._Conley_(Judge).jpg,Public domain,fjc_bulk,
Ojetta Rogeriee Thompson,ca1,circuit,Barack Obama,Democratic,2009-10-06,2010-03-17,2010-03-30,,2022-09-21,,,day,true,3233,false,false,,,,fjc_bulk,
Denny Chin,ca2,circuit,Barack Obama,Democratic,2009-10-06,2010-04-22,2010-04-23,,2021-06-01,,,day,true,421,false,false,https://upload.wikimedia.org/wikipedia/commons/thumb/7/71/Denny_Chin.jpg/330px-Denny_Chin.jpg?utm_source=commons.wikimedia.org&utm_campaign=imageinfo&utm_content=thumbnail,https://commons.wikimedia.org/wiki/File:Denny_Chin.jpg,CC BY-SA 3.0 — credit: Sue Kim,fjc_bulk,
Thomas Ignatius Vanaskie,ca3,circuit,Barack Obama,Democratic,2009-08-06,2010-04-21,2010-04-26,,2018-11-30,2019-01-02,Retirement,day,false,2451,,,,,,fjc_bulk,
Denzil Price Marshall Jr.,are,district,Barack Obama,Democratic,2009-12-03,2010-05-05,2010-05-06,,,,,day,true,3256,false,false,https://upload.wikimedia.org/wikipedia/commons/thumb/b/b0/Denzil_Price_Marshall%2C_Jr_%28cropped%29.jpg/330px-Denzil_Price_Marshall%2C_Jr_%28cropped%29.jpg?utm_source=commons.wikimedia.org&utm_campaign=imageinfo&utm_content=thumbnail,"https://commons.wikimedia.org/wiki/File:Denzil_Price_Marshall,_Jr_(cropped).jpg",Public domain,fjc_bulk,
Gloria Maria Navarro,nvd,district,Barack Obama,Democratic,2009-12-24,2010-05-05,2010-05-06,,,,,day,true,3255,false,false,https://upload.wikimedia.org/wikipedia/commons/2/24/Gloria_M._Navarro_District_Judge.jpg?utm_source=commons.wikimedia.org&utm_campaign=imageinfo&utm_content=thumbnail_unscaled,https://commons.wikimedia.org/wiki/File:Gloria_M._Navarro_District_Judge.jpg,Public domain,fjc_bulk,
Nancy Dell Freudenthal,wyd,district,Barack Obama,Democratic,2009-12-03,2010-05-05,2010-05-06,,2022-06-01,,,day,true,3254,false,false,https://upload.wikimedia.org/wikipedia/commons/thumb/4/4c/Nancy_D._Freudenthal.jpg/330px-Nancy_D._Freudenthal.jpg?utm_source=commons.wikimedia.org&utm_campaign=imageinfo&utm_content=thumbnail,https://commons.wikimedia.org/wiki/File:Nancy_D._Freudenthal.jpg,Public domain,fjc_bulk,
Jon Ernest DeGuilio,innd,district,Barack Obama,Democratic,2010-01-20,2010-05-11,2010-05-13,,2023-07-17,,,day,true,3260,false,false,https://upload.wikimedia.org/wikipedia/commons/thumb/3/38/Jon_Deguilio.jpg/330px-Jon_Deguilio.jpg?utm_source=commons.wikimedia.org&utm_campaign=imageinfo&utm_content=thumbnail,https://commons.wikimedia.org/wiki/File:Jon_Deguilio.jpg,Public domain,fjc_bulk,
Timothy Seymour Black,ohsd,district,Barack Obama,Democratic,2009-12-24,2010-05-11,2010-05-13,,2022-05-18,,,day,true,3259,false,false,https://upload.wikimedia.org/wikipedia/commons/3/32/Timothy_Black_District_Judge.jpg?utm_source=commons.wikimedia.org&utm_campaign=imageinfo&utm_content=thumbnail_unscaled,https://commons.wikimedia.org/wiki/File:Timothy_Black_District_Judge.jpg,Public domain,fjc_bulk,
Lucy Haeran Koh,cand,district,Barack Obama,Democratic,2010-01-20,2010-06-07,2010-06-09,,,2021-12-15,Appointment to Another Judicial Position,day,false,3279,,,https://upload.wikimedia.org/wikipedia/commons/thumb/4/43/20151027_Hon._Lucy_Koh_ASA_9355_43_19_pp.jpg/330px-20151027_Hon._Lucy_Koh_ASA_9355_43_19_pp.jpg?utm_source=commons.wikimedia.org&utm_campaign=imageinfo&utm_content=thumbnail,https://commons.wikimedia.org/wiki/File:20151027_Hon._Lucy_Koh_ASA_9355_43_19_pp.jpg,CC BY-SA 4.0 — credit: Asa Mathat for Re/code,fjc_bulk,
Jane Elizabeth Magnus-Stinson,insd,district,Barack Obama,Democratic,2010-01-20,2010-06-07,2010-06-09,,2024-07-01,,,day,true,3278,false,false,https://upload.wikimedia.org/wikipedia/commons/thumb/7/78/Jane_Magnus-Stinson_%28cropped%29.jpg/330px-Jane_Magnus-Stinson_%28cropped%29.jpg?utm_source=commons.wikimedia.org&utm_campaign=imageinfo&utm_content=thumbnail,https://commons.wikimedia.org/wiki/File:Jane_Magnus-Stinson_(cropped).jpg,Public domain,fjc_bulk,
Audrey Goldstein Fleissig,moed,district,Barack Obama,Democratic,2010-01-20,2010-06-07,2010-06-09,,2023-04-14,,,day,true,3280,false,false,https://upload.wikimedia.org/wikipedia/commons/thumb/d/db/Audrey_G._Fleissig%2C_U.S._District_Court_Judge.jpg/330px-Audrey_G._Fleissig%2C_U.S._District_Court_Judge.jpg?utm_source=commons.wikimedia.org&utm_campaign=imageinfo&utm_content=thumbnail,"https://commons.wikimedia.org/wiki/File:Audrey_G._Fleissig,_U.S._District_Court_Judge.jpg",Public domain,fjc_bulk,
Tanya Walton Pratt,insd,district,Barack Obama,Democratic,2010-01-20,2010-06-15,2010-06-15,,,,,day,true,3282,false,false,https://upload.wikimedia.org/wikipedia/commons/thumb/e/ec/Tanya_Walton_Pratt.jpg/330px-Tanya_Walton_Pratt.jpg?utm_source=commons.wikimedia.org&utm_campaign=imageinfo&utm_content=thumbnail,https://commons.wikimedia.org/wiki/File:Tanya_Walton_Pratt.jpg,Public domain,fjc_bulk,
Brian Anthony Jackson,lamd,district,Barack Obama,Democratic,2009-10-29,2010-06-15,2010-06-15,,,,,day,true,3283,false,false,https://upload.wikimedia.org/wikipedia/commons/0/01/Brian_A._Jackson.jpg?utm_source=commons.wikimedia.org&utm_campaign=imageinfo&utm_content=thumbnail_unscaled,https://commons.wikimedia.org/wiki/File:Brian_A._Jackson.jpg,Public domain,fjc_bulk,
Elizabeth Erny Foote,lawd,district,Barack Obama,Democratic,2010-02-04,2010-06-15,2010-06-15,,2022-01-21,,,day,true,3281,false,false,https://upload.wikimedia.org/wikipedia/commons/6/64/Elizabeth_Erny_Foote_%28cropped%29.jpg?utm_source=commons.wikimedia.org&utm_campaign=imageinfo&utm_content=thumbnail_unscaled,https://commons.wikimedia.org/wiki/File:Elizabeth_Erny_Foote_(cropped).jpg,Public domain,fjc_bulk,
Josephine L. Staton,cacd,district,Barack Obama,Democratic,2010-02-04,2010-06-21,2010-06-22,,,,,day,true,3286,false,false,https://upload.wikimedia.org/wikipedia/commons/thumb/9/91/Federal_District_Judge_Josephine_L._Staton.jpg/330px-Federal_District_Judge_Josephine_L._Staton.jpg?utm_source=commons.wikimedia.org&utm_campaign=imageinfo&utm_content=thumbnail,https://commons.wikimedia.org/wiki/File:Federal_District_Judge_Josephine_L._Staton.jpg,Public domain,fjc_bulk,
Marc Thomas Treadwell,gamd,district,Barack Obama,Democratic,2010-02-04,2010-06-21,2010-06-22,,,,,day,true,3285,false,false,https://upload.wikimedia.org/wikipedia/commons/thumb/0/04/Marc_Treadwell_%28cropped%29.jpg/330px-Marc_Treadwell_%28cropped%29.jpg?utm_source=commons.wikimedia.org&utm_campaign=imageinfo&utm_content=thumbnail,https://commons.wikimedia.org/wiki/File:Marc_Treadwell_(cropped).jpg,Public domain,fjc_bulk,
Mark Allan Goldsmith,mied,district,Barack Obama,Democratic,2010-02-04,2010-06-21,2010-06-22,,,,,day,true,3284,false,false,https://upload.wikimedia.org/wikipedia/commons/thumb/d/db/Mark_A._Goldsmith_District_Judge.jpg/330px-Mark_A._Goldsmith_District_Judge.jpg?utm_source=commons.wikimedia.org&utm_campaign=imageinfo&utm_content=thumbnail,https://commons.wikimedia.org/wiki/File:Mark_A._Goldsmith_District_Judge.jpg,Public domain,fjc_bulk,
Gary Feinerman,ilnd,district,Barack Obama,Democratic,2010-02-24,2010-06-28,2010-06-29,,,2022-12-31,Resignation,day,false,3287,,,,,,fjc_bulk,
Sharon Johnson Coleman,ilnd,district,Barack Obama,Democratic,2010-02-24,2010-07-12,2010-07-13,,,,,day,true,3288,false,false,https://upload.wikimedia.org/wikipedia/commons/6/61/Sharon_Johnson_Coleman_%28cropped%29.jpg?utm_source=commons.wikimedia.org&utm_campaign=imageinfo&utm_content=thumbnail_unscaled,https://commons.wikimedia.org/wiki/File:Sharon_Johnson_Coleman_(cropped).jpg,Public domain,fjc_bulk,
Elena Kagan,scotus,scotus,Barack Obama,Democratic,2010-05-10,2010-08-05,2010-08-06,,,,,day,true,3289,false,false,https://upload.wikimedia.org/wikipedia/commons/thumb/c/ce/Elena_Kagan_Official_SCOTUS_Portrait_%282013%29.jpg/330px-Elena_Kagan_Official_SCOTUS_Portrait_%282013%29.jpg?utm_source=commons.wikimedia.org&utm_campaign=imageinfo&utm_content=thumbnail,https://commons.wikimedia.org/wiki/File:Elena_Kagan_Official_SCOTUS_Portrait_(2013).jpg,"CC BY-SA 3.0 — credit: Steve Petteway, Collection of the Supreme Court of the United States",fjc_bulk,
Richard Mark Gergel,scd,district,Barack Obama,Democratic,2009-12-22,2010-08-05,2010-08-09,,,,,day,true,3292,false,false,https://upload.wikimedia.org/wikipedia/commons/thumb/e/eb/Richard_M._Gergel.png/330px-Richard_M._Gergel.png?utm_source=commons.wikimedia.org&utm_campaign=imageinfo&utm_content=thumbnail,https://commons.wikimedia.org/wiki/File:Richard_M._Gergel.png,Public domain,fjc_bulk,
James Andrew Wynn Jr.,ca4,circuit,Barack Obama,Democratic,2009-11-04,2010-08-05,2010-08-10,,,,,day,true,3293,false,false,https://upload.wikimedia.org/wikipedia/commons/thumb/3/33/James_A._Wynn_Jr._of_the_NC_Supreme_Court.jpg/330px-James_A._Wynn_Jr._of_the_NC_Supreme_Court.jpg?utm_source=commons.wikimedia.org&utm_campaign=imageinfo&utm_content=thumbnail,https://commons.wikimedia.org/wiki/File:James_A._Wynn_Jr._of_the_NC_Supreme_Court.jpg,Public domain,fjc_bulk,
Leonard Philip Stark,ded,district,Barack Obama,Democratic,2010-03-17,2010-08-05,2010-08-10,,,2022-03-17,Appointment to Another Judicial Position,day,false,3291,,,https://upload.wikimedia.org/wikipedia/commons/9/95/LeonardPStark.jpg?utm_source=commons.wikimedia.org&utm_campaign=imageinfo&utm_content=thumbnail_unscaled,https://commons.wikimedia.org/wiki/File:LeonardPStark.jpg,Public domain,fjc_bulk,
Julianna Michelle Childs,scd,district,Barack Obama,Democratic,2009-12-22,2010-08-05,2010-08-20,,,2022-08-02,Appointment to Another Judicial Position,day,false,3290,,,https://upload.wikimedia.org/wikipedia/commons/6/64/Michelle-Childs-300x300.png?utm_source=commons.wikimedia.org&utm_campaign=imageinfo&utm_content=thumbnail_unscaled,https://commons.wikimedia.org/wiki/File:Michelle-Childs-300x300.png,Public domain,fjc_bulk,
Jane Branstetter Stranch,ca6,circuit,Barack Obama,Democratic,2009-08-06,2010-09-13,2010-09-15,,2025-07-14,,,day,true,3294,false,false,https://upload.wikimedia.org/wikipedia/commons/thumb/d/dc/Judge_Jane_Stranch.jpg/330px-Judge_Jane_Stranch.jpg?utm_source=commons.wikimedia.org&utm_campaign=imageinfo&utm_content=thumbnail,https://commons.wikimedia.org/wiki/File:Judge_Jane_Stranch.jpg,Public domain,fjc_bulk,
James Kelleher Bredar,mdd,district,Barack Obama,Democratic,2010-04-21,2010-12-16,2010-12-17,,2024-04-30,,,day,true,3335,false,false,https://upload.wikimedia.org/wikipedia/commons/thumb/3/3b/James_K._Bredar%2C_U.S._District_Court_Judge.jpg/330px-James_K._Bredar%2C_U.S._District_Court_Judge.jpg?utm_source=commons.wikimedia.org&utm_campaign=imageinfo&utm_content=thumbnail,"https://commons.wikimedia.org/wiki/File:James_K._Bredar,_U.S._District_Court_Judge.jpg",Public domain,fjc_bulk,
John Adrian Gibney Jr.,vaed,district,Barack Obama,Democratic,2010-04-14,2010-12-16,2010-12-17,,2021-11-01,,,day,true,3338,false,false,,,,fjc_bulk,
Raymond Joseph Lohier Jr.,ca2,circuit,Barack Obama,Democratic,2010-03-10,2010-12-19,2010-12-20,,,,,day,true,3345,false,false,https://upload.wikimedia.org/wikipedia/commons/2/27/Raymond_Lohier_%28cropped%29.jpg?utm_source=commons.wikimedia.org&utm_campaign=imageinfo&utm_content=thumbnail_unscaled,https://commons.wikimedia.org/wiki/File:Raymond_Lohier_(cropped).jpg,Public domain,fjc_bulk,
Edmond E-Min Chang,ilnd,district,Barack Obama,Democratic,2010-04-21,2010-12-18,2010-12-20,,,,,day,true,3342,false,false,https://upload.wikimedia.org/wikipedia/commons/thumb/1/12/Edmond_E_Chang.png/330px-Edmond_E_Chang.png?utm_source=commons.wikimedia.org&utm_campaign=imageinfo&utm_content=thumbnail,https://commons.wikimedia.org/wiki/File:Edmond_E_Chang.png,Public domain,fjc_bulk,
Denise Jefferson Casper,mad,district,Barack Obama,Democratic,2010-04-28,2010-12-17,2010-12-20,,,,,day,true,3340,false,false,https://upload.wikimedia.org/wikipedia/commons/thumb/0/0a/Denise_J_Casper.jpg/330px-Denise_J_Casper.jpg?utm_source=commons.wikimedia.org&utm_campaign=imageinfo&utm_content=thumbnail,https://commons.wikimedia.org/wiki/File:Denise_J_Casper.jpg,Public domain,fjc_bulk,
Carlton Wayne Reeves,mssd,district,Barack Obama,Democratic,2010-04-28,2010-12-19,2010-12-20,,,,,day,true,3346,false,false,https://upload.wikimedia.org/wikipedia/commons/thumb/c/c2/Carlton_Reeves.jpg/330px-Carlton_Reeves.jpg?utm_source=commons.wikimedia.org&utm_campaign=imageinfo&utm_content=thumbnail,https://commons.wikimedia.org/wiki/File:Carlton_Reeves.jpg,Public domain,fjc_bulk,
Kimberly Jo Mueller,caed,district,Barack Obama,Democratic,2010-03-10,2010-12-16,2010-12-21,,2024-09-17,2026-01-04,Retirement,day,false,3337,,,,,,fjc_bulk,
William Joseph Martinez,cod,district,Barack Obama,Democratic,2010-02-24,2010-12-21,2010-12-21,,2023-02-10,,,day,true,3348,false,false,,,,fjc_bulk,
Susan Richard Nelson,mnd,district,Barack Obama,Democratic,2010-04-21,2010-12-17,2010-12-21,,2021-12-31,,,day,true,3339,false,false,https://upload.wikimedia.org/wikipedia/commons/d/d8/Susan_Richard_Nelson_%28cropped%29.jpg?utm_source=commons.wikimedia.org&utm_campaign=imageinfo&utm_content=thumbnail_unscaled,https://commons.wikimedia.org/wiki/File:Susan_Richard_Nelson_(cropped).jpg,Public domain,fjc_bulk,
Albert Diaz,ca4,circuit,Barack Obama,Democratic,2009-11-04,2010-12-18,2010-12-22,,,,,day,true,3341,false,false,https://upload.wikimedia.org/wikipedia/commons/1/17/Judge_Albert_Diaz_%28cropped%29.jpg?utm_source=commons.wikimedia.org&utm_campaign=imageinfo&utm_content=thumbnail_unscaled,https://commons.wikimedia.org/wiki/File:Judge_Albert_Diaz_(cropped).jpg,Public domain,fjc_bulk,
Leslie Emi Kobayashi,hid,district,Barack Obama,Democratic,2010-04-21,2010-12-18,2010-12-22,,2024-10-09,,,day,true,3344,false,false,https://upload.wikimedia.org/wikipedia/commons/8/89/Leslie_E._Kobayashi%2C_U.S._District_Court_Judge.jpg?utm_source=commons.wikimedia.org&utm_campaign=imageinfo&utm_content=thumbnail_unscaled,"https://commons.wikimedia.org/wiki/File:Leslie_E._Kobayashi,_U.S._District_Court_Judge.jpg",Public domain,fjc_bulk,
Catherine Caldwell Eagles,ncmd,district,Barack Obama,Democratic,2010-03-10,2010-12-16,2010-12-22,,2024-12-31,,,day,true,3336,false,false,https://upload.wikimedia.org/wikipedia/commons/thumb/2/22/Catherine_Eagles_%28Judge%29.jpg/330px-Catherine_Eagles_%28Judge%29.jpg?utm_source=commons.wikimedia.org&utm_campaign=imageinfo&utm_content=thumbnail,https://commons.wikimedia.org/wiki/File:Catherine_Eagles_(Judge).jpg,Public domain,fjc_bulk,
Scott Milne Matheson Jr.,ca10,circuit,Barack Obama,Democratic,2010-03-03,2010-12-22,2010-12-27,,,,,day,true,3351,false,false,https://upload.wikimedia.org/wikipedia/commons/0/08/Scott_Matheson.jpg?utm_source=commons.wikimedia.org&utm_campaign=imageinfo&utm_content=thumbnail_unscaled,https://commons.wikimedia.org/wiki/File:Scott_Matheson.jpg,Public domain,fjc_bulk,
Kathleen McDonald O'Malley,cafc,circuit,Barack Obama,Democratic,2010-03-10,2010-12-22,2010-12-27,,,2022-03-11,Retirement,day,false,1800,,,,,,fjc_bulk,
Beryl Alaine Howell,dcd,district,Barack Obama,Democratic,2010-07-14,2010-12-22,2010-12-27,,2024-02-01,,,day,true,3349,false,false,https://upload.wikimedia.org/wikipedia/commons/e/e4/JudgeBerylAHowell.jpg?utm_source=commons.wikimedia.org&utm_campaign=imageinfo&utm_content=thumbnail_unscaled,https://commons.wikimedia.org/wiki/File:JudgeBerylAHowell.jpg,Public domain,fjc_bulk,
Robert Leon Wilkins,dcd,district,Barack Obama,Democratic,2010-05-20,2010-12-22,2010-12-27,,,2014-01-24,Appointment to Another Judicial Position,day,false,3350,,,https://upload.wikimedia.org/wikipedia/commons/thumb/9/9a/Robert_Wilkins_1_%28cropped%29.jpg/330px-Robert_Wilkins_1_%28cropped%29.jpg?utm_source=commons.wikimedia.org&utm_campaign=imageinfo&utm_content=thumbnail,https://commons.wikimedia.org/wiki/File:Robert_Wilkins_1_(cropped).jpg,Public domain,fjc_bulk,
Benita Yalonda Pearson,ohnd,district,Barack Obama,Democratic,2009-12-03,2010-12-21,2010-12-27,,,,,day,true,3347,false,false,https://upload.wikimedia.org/wikipedia/commons/thumb/1/12/Benita_Y._Pearson.jpg/330px-Benita_Y._Pearson.jpg?utm_source=commons.wikimedia.org&utm_campaign=imageinfo&utm_content=thumbnail,https://commons.wikimedia.org/wiki/File:Benita_Y._Pearson.jpg,Public domain,fjc_bulk,
Ellen Lipton Hollander,mdd,district,Barack Obama,Democratic,2010-04-21,2010-12-18,2010-12-28,,2022-01-04,,,day,true,3343,false,false,https://upload.wikimedia.org/wikipedia/commons/thumb/a/ab/Ellen_L._Hollander%2C_U.S._District_Court_Judge.jpg/330px-Ellen_L._Hollander%2C_U.S._District_Court_Judge.jpg?utm_source=commons.wikimedia.org&utm_campaign=imageinfo&utm_content=thumbnail,"https://commons.wikimedia.org/wiki/File:Ellen_L._Hollander,_U.S._District_Court_Judge.jpg",Public domain,fjc_bulk,
Mary Helen Murguia,ca9,circuit,Barack Obama,Democratic,2010-03-25,2010-12-22,2011-01-04,,,,,day,true,2885,false,false,https://upload.wikimedia.org/wikipedia/commons/thumb/a/a0/Judge_Mary_Murguia.jpg/330px-Judge_Mary_Murguia.jpg?utm_source=commons.wikimedia.org&utm_campaign=imageinfo&utm_content=thumbnail,https://commons.wikimedia.org/wiki/File:Judge_Mary_Murguia.jpg,Public domain,fjc_bulk,
Paul Kinloch Holmes III,arw,district,Barack Obama,Democratic,2011-01-05,2011-02-07,2011-02-08,,2021-11-10,,,day,true,3353,false,false,https://upload.wikimedia.org/wikipedia/commons/thumb/f/fa/Paul_Holmes_III_%28Judge%29.jpg/330px-Paul_Holmes_III_%28Judge%29.jpg?utm_source=commons.wikimedia.org&utm_campaign=imageinfo&utm_content=thumbnail,https://commons.wikimedia.org/wiki/File:Paul_Holmes_III_(Judge).jpg,Public domain,fjc_bulk,
Marco Antonio Hernandez,ord,district,Barack Obama,Democratic,2011-01-05,2011-02-07,2011-02-09,,2024-08-21,,,day,true,3352,false,false,https://upload.wikimedia.org/wikipedia/commons/0/08/Judge_Marco_A._Hernandez.jpg?utm_source=commons.wikimedia.org&utm_campaign=imageinfo&utm_content=thumbnail_unscaled,https://commons.wikimedia.org/wiki/File:Judge_Marco_A._Hernandez.jpg,Public domain,fjc_bulk,
Diana Saldaña,txsd,district,Barack Obama,Democratic,2011-01-05,2011-02-07,2011-02-09,,,,,day,true,3354,false,false,https://upload.wikimedia.org/wikipedia/commons/thumb/7/74/Diana_Saldana_%28Judge%29.jpg/330px-Diana_Saldana_%28Judge%29.jpg?utm_source=commons.wikimedia.org&utm_campaign=imageinfo&utm_content=thumbnail,https://commons.wikimedia.org/wiki/File:Diana_Saldana_(Judge).jpg,Public domain,fjc_bulk,
James Earl Graves Jr.,ca5,circuit,Barack Obama,Democratic,2011-01-05,2011-02-14,2011-02-15,,,,,day,true,3355,false,false,https://upload.wikimedia.org/wikipedia/commons/thumb/d/d5/JusticeGravesPhoto.jpg/330px-JusticeGravesPhoto.jpg?utm_source=commons.wikimedia.org&utm_campaign=imageinfo&utm_content=thumbnail,https://commons.wikimedia.org/wiki/File:JusticeGravesPhoto.jpg,CC BY-SA 3.0 — credit: JamesGraves at English Wikipedia,fjc_bulk,
Amy Mil Totenberg,gand,district,Barack Obama,Democratic,2011-01-05,2011-02-28,2011-03-01,,2021-04-03,,,day,true,3357,false,false,https://upload.wikimedia.org/wikipedia/commons/1/12/Amy_Totenberg_at_InGIRLS_Leadership_Symposium.jpg?utm_source=commons.wikimedia.org&utm_campaign=imageinfo&utm_content=thumbnail_unscaled,https://commons.wikimedia.org/wiki/File:Amy_Totenberg_at_InGIRLS_Leadership_Symposium.jpg,Public domain,fjc_bulk,
Edward John Davila,cand,district,Barack Obama,Democratic,2011-01-05,2011-02-14,2011-03-03,,2024-12-11,,,day,true,3356,false,false,https://upload.wikimedia.org/wikipedia/commons/thumb/6/6d/Edward_J._Davila_District_Judge.jpg/330px-Edward_J._Davila_District_Judge.jpg?utm_source=commons.wikimedia.org&utm_campaign=imageinfo&utm_content=thumbnail,https://commons.wikimedia.org/wiki/File:Edward_J._Davila_District_Judge.jpg,Public domain,fjc_bulk,
Steve CarMichael Jones,gand,district,Barack Obama,Democratic,2011-01-05,2011-02-28,2011-03-03,,2025-01-01,,,day,true,3358,false,false,https://upload.wikimedia.org/wikipedia/commons/thumb/b/bd/Steve_Jones_%28Judge%29.jpg/330px-Steve_Jones_%28Judge%29.jpg?utm_source=commons.wikimedia.org&utm_campaign=imageinfo&utm_content=thumbnail,https://commons.wikimedia.org/wiki/File:Steve_Jones_(Judge).jpg,Public domain,fjc_bulk,
Anthony Joseph Battaglia,casd,district,Barack Obama,Democratic,2011-01-05,2011-03-07,2011-03-09,,2021-03-31,,,day,true,3360,false,false,https://upload.wikimedia.org/wikipedia/commons/5/5a/Judge_Anthony_J._Battaglia.jpg?utm_source=commons.wikimedia.org&utm_campaign=imageinfo&utm_content=thumbnail_unscaled,https://commons.wikimedia.org/wiki/File:Judge_Anthony_J._Battaglia.jpg,Public domain,fjc_bulk,
James Edward Shadid,ilcd,district,Barack Obama,Democratic,2011-01-05,2011-03-07,2011-03-10,,2024-09-27,2025-04-01,Retirement,day,false,3359,,,,,,fjc_bulk,
Max Oliver Cogburn Jr.,ncwd,district,Barack Obama,Democratic,2011-01-05,2011-03-10,2011-03-11,,,,,day,true,3362,false,false,https://upload.wikimedia.org/wikipedia/commons/thumb/0/03/Max_Coburn_%28Judge%29.jpg/330px-Max_Coburn_%28Judge%29.jpg?utm_source=commons.wikimedia.org&utm_campaign=imageinfo&utm_content=thumbnail,https://commons.wikimedia.org/wiki/File:Max_Coburn_(Judge).jpg,Public domain,fjc_bulk,
Sue Ellen Myerscough,ilcd,district,Barack Obama,Democratic,2011-01-05,2011-03-07,2011-03-14,,2023-03-09,,,day,true,3361,false,false,https://upload.wikimedia.org/wikipedia/commons/e/ee/Sue_Myerscough_%28cropped%29.jpg?utm_source=commons.wikimedia.org&utm_campaign=imageinfo&utm_content=thumbnail_unscaled,https://commons.wikimedia.org/wiki/File:Sue_Myerscough_(cropped).jpg,Public domain,fjc_bulk,
James Emanuel Boasberg,dcd,district,Barack Obama,Democratic,2011-01-05,2011-03-14,2011-03-17,,,,,day,true,3363,false,false,https://upload.wikimedia.org/wikipedia/commons/1/1e/James_Boasberg_District_Judge.jpg?utm_source=commons.wikimedia.org&utm_campaign=imageinfo&utm_content=thumbnail_unscaled,https://commons.wikimedia.org/wiki/File:James_Boasberg_District_Judge.jpg,Public domain,fjc_bulk,
Amy Berman Jackson,dcd,district,Barack Obama,Democratic,2011-01-05,2011-03-17,2011-03-18,,2023-05-01,,,day,true,3364,false,false,https://upload.wikimedia.org/wikipedia/commons/4/4c/Amy_Berman_Jackson.jpg?utm_source=commons.wikimedia.org&utm_campaign=imageinfo&utm_content=thumbnail_unscaled,https://commons.wikimedia.org/wiki/File:Amy_Berman_Jackson.jpg,Public domain,fjc_bulk,
Mae Avila D'Agostino,nynd,district,Barack Obama,Democratic,2011-01-05,2011-03-28,2011-03-30,,,,,day,true,3365,false,false,https://upload.wikimedia.org/wikipedia/commons/thumb/0/0f/Mae_D%27Agostino.jpg/330px-Mae_D%27Agostino.jpg?utm_source=commons.wikimedia.org&utm_campaign=imageinfo&utm_content=thumbnail,https://commons.wikimedia.org/wiki/File:Mae_D%27Agostino.jpg,Public domain,fjc_bulk,
Jimmie V. Reyna,cafc,circuit,Barack Obama,Democratic,2011-01-05,2011-04-04,2011-04-05,,,,,day,true,3366,false,false,https://upload.wikimedia.org/wikipedia/commons/0/04/Jimmie_Reyna_%28cropped%29.jpg?utm_source=commons.wikimedia.org&utm_campaign=imageinfo&utm_content=thumbnail_unscaled,https://commons.wikimedia.org/wiki/File:Jimmie_Reyna_(cropped).jpg,Public domain,fjc_bulk,
John Arnold Kronstadt,cacd,district,Barack Obama,Democratic,2011-01-05,2011-04-12,2011-04-14,,2022-04-01,,,day,true,3368,false,false,https://upload.wikimedia.org/wikipedia/commons/c/c9/Judge_John_A._Kronstadt.jpg?utm_source=commons.wikimedia.org&utm_campaign=imageinfo&utm_content=thumbnail_unscaled,https://commons.wikimedia.org/wiki/File:Judge_John_A._Kronstadt.jpg,Public domain,fjc_bulk,
Vincent Louis Briccetti,nysd,district,Barack Obama,Democratic,2011-01-05,2011-04-12,2011-04-14,,2023-04-21,,,day,true,3367,false,false,https://upload.wikimedia.org/wikipedia/commons/thumb/f/fb/Vincent_L_Briccetti.png/330px-Vincent_L_Briccetti.png?utm_source=commons.wikimedia.org&utm_campaign=imageinfo&utm_content=thumbnail,https://commons.wikimedia.org/wiki/File:Vincent_L_Briccetti.png,Public domain,fjc_bulk,
Roy Bale Dalton Jr.,flmd,district,Barack Obama,Democratic,2011-01-05,2011-05-02,2011-05-03,,2022-07-09,,,day,true,3369,false,false,,,,fjc_bulk,
Kevin Hunter Sharp,tnmd,district,Barack Obama,Democratic,2011-01-05,2011-05-02,2011-05-03,,,2017-04-15,Resignation,day,false,3370,,,,,,fjc_bulk,
John James McConnell Jr.,rid,district,Barack Obama,Democratic,2011-01-05,2011-05-04,2011-05-06,,,,,day,true,3371,false,false,https://upload.wikimedia.org/wikipedia/commons/c/c0/JohnJMcConnell.jpg?utm_source=commons.wikimedia.org&utm_campaign=imageinfo&utm_content=thumbnail_unscaled,https://commons.wikimedia.org/wiki/File:JohnJMcConnell.jpg,Public domain,fjc_bulk,
Edward Milton Chen,cand,district,Barack Obama,Democratic,2011-01-05,2011-05-10,2011-05-12,,2022-05-17,,,day,true,3372,false,false,https://upload.wikimedia.org/wikipedia/commons/thumb/a/a2/Edward_Milton_Chen.jpg/330px-Edward_Milton_Chen.jpg?utm_source=commons.wikimedia.org&utm_campaign=imageinfo&utm_content=thumbnail,https://commons.wikimedia.org/wiki/File:Edward_Milton_Chen.jpg,Public domain,fjc_bulk,
Arenda Lauretta Wright Allen,vaed,district,Barack Obama,Democratic,2011-01-05,2011-05-11,2011-05-12,,2026-05-13,,,day,true,3373,false,false,https://upload.wikimedia.org/wikipedia/commons/7/78/Arenda_Wright_Allen.png?utm_source=commons.wikimedia.org&utm_campaign=imageinfo&utm_content=thumbnail_unscaled,https://commons.wikimedia.org/wiki/File:Arenda_Wright_Allen.png,Public domain,fjc_bulk,
Michael Francis Urbanski,vawd,district,Barack Obama,Democratic,2011-01-05,2011-05-12,2011-05-13,,2024-07-04,,,day,true,3374,false,false,https://upload.wikimedia.org/wikipedia/commons/e/e5/Michael_Urbanski_%28cropped%29.jpg?utm_source=commons.wikimedia.org&utm_campaign=imageinfo&utm_content=thumbnail_unscaled,https://commons.wikimedia.org/wiki/File:Michael_Urbanski_(cropped).jpg,Public domain,fjc_bulk,
Susan Laura Carney,ca2,circuit,Barack Obama,Democratic,2011-01-05,2011-05-17,2011-05-17,,2022-09-27,,,day,true,3375,false,false,https://upload.wikimedia.org/wikipedia/commons/thumb/6/6f/Susan_L_Carney.png/330px-Susan_L_Carney.png?utm_source=commons.wikimedia.org&utm_campaign=imageinfo&utm_content=thumbnail,https://commons.wikimedia.org/wiki/File:Susan_L_Carney.png,Public domain,fjc_bulk,
Claire Claudia Cecchi,njd,district,Barack Obama,Democratic,2011-01-05,2011-06-14,2011-06-14,,,,,day,true,3376,false,false,https://upload.wikimedia.org/wikipedia/commons/thumb/8/8f/Claire_C_Cecchi.png/330px-Claire_C_Cecchi.png?utm_source=commons.wikimedia.org&utm_campaign=imageinfo&utm_content=thumbnail,https://commons.wikimedia.org/wiki/File:Claire_C_Cecchi.png,Public domain,fjc_bulk,
Esther Salas,njd,district,Barack Obama,Democratic,2011-01-05,2011-06-14,2011-06-14,,,,,day,true,3377,false,false,https://upload.wikimedia.org/wikipedia/commons/6/64/Esther_Salas_%28cropped%29.jpg?utm_source=commons.wikimedia.org&utm_campaign=imageinfo&utm_content=thumbnail_unscaled,https://commons.wikimedia.org/wiki/File:Esther_Salas_(cropped).jpg,Public domain,fjc_bulk,
Michael H. Simon,ord,district,Barack Obama,Democratic,2011-01-05,2011-06-21,2011-06-22,,,,,day,true,3378,false,false,https://upload.wikimedia.org/wikipedia/commons/9/98/Judge_Michael_H._Simon.jpg?utm_source=commons.wikimedia.org&utm_campaign=imageinfo&utm_content=thumbnail_unscaled,https://commons.wikimedia.org/wiki/File:Judge_Michael_H._Simon.jpg,Public domain,fjc_bulk,
James Paul Oetken,nysd,district,Barack Obama,Democratic,2011-01-26,2011-07-18,2011-07-20,,,,,day,true,3379,false,false,https://upload.wikimedia.org/wikipedia/commons/thumb/c/ce/JPO_Photo.jpg/330px-JPO_Photo.jpg?utm_source=commons.wikimedia.org&utm_campaign=imageinfo&utm_content=thumbnail,https://commons.wikimedia.org/wiki/File:JPO_Photo.jpg,CC BY-SA 4.0 — credit: JPOfanboy,fjc_bulk,
Paul Adam Engelmayer,nysd,district,Barack Obama,Democratic,2011-02-02,2011-07-26,2011-07-27,,,,,day,true,3380,false,false,https://upload.wikimedia.org/wikipedia/commons/thumb/b/b2/Paul_A._Engelmayer_%28cropped%29.jpg/330px-Paul_A._Engelmayer_%28cropped%29.jpg?utm_source=commons.wikimedia.org&utm_campaign=imageinfo&utm_content=thumbnail,https://commons.wikimedia.org/wiki/File:Paul_A._Engelmayer_(cropped).jpg,Public domain,fjc_bulk,
Sara Lynn Darrow,ilcd,district,Barack Obama,Democratic,2011-01-05,2011-08-02,2011-08-03,,,,,day,true,3381,false,false,https://upload.wikimedia.org/wikipedia/commons/thumb/c/c9/Sara_L._Darrow.jpg/330px-Sara_L._Darrow.jpg?utm_source=commons.wikimedia.org&utm_campaign=imageinfo&utm_content=thumbnail,https://commons.wikimedia.org/wiki/File:Sara_L._Darrow.jpg,Public domain,fjc_bulk,
Kathleen Mary Williams,flsd,district,Barack Obama,Democratic,2011-01-05,2011-08-02,2011-08-04,,,,,day,true,3384,false,false,https://upload.wikimedia.org/wikipedia/commons/thumb/d/d0/Kathleen_M._Williams_%28Judge%29.jpg/330px-Kathleen_M._Williams_%28Judge%29.jpg?utm_source=commons.wikimedia.org&utm_campaign=imageinfo&utm_content=thumbnail,https://commons.wikimedia.org/wiki/File:Kathleen_M._Williams_(Judge).jpg,Public domain,fjc_bulk,
Nelva Gonzales Ramos,txsd,district,Barack Obama,Democratic,2011-01-26,2011-08-02,2011-08-04,,,,,day,true,3383,false,false,https://upload.wikimedia.org/wikipedia/commons/thumb/9/9e/Nelva_G._Ramos.jpg/330px-Nelva_G._Ramos.jpg?utm_source=commons.wikimedia.org&utm_campaign=imageinfo&utm_content=thumbnail,https://commons.wikimedia.org/wiki/File:Nelva_G._Ramos.jpg,Public domain,fjc_bulk,
Richard Brooke Jackson,cod,district,Barack Obama,Democratic,2011-01-05,2011-08-02,2011-09-01,,2021-09-30,,,day,true,3382,false,false,,,,fjc_bulk,
Bernice Bouie Donald,ca6,circuit,Barack Obama,Democratic,2011-01-05,2011-09-06,2011-09-08,,2022-09-27,2023-01-20,Retirement,day,false,631,,,,,,fjc_bulk,
Timothy Martin Cain,scd,district,Barack Obama,Democratic,2011-02-16,2011-09-20,2011-09-26,,,,,day,true,3386,false,false,https://upload.wikimedia.org/wikipedia/commons/b/bc/Timothy_M_Cain.png?utm_source=commons.wikimedia.org&utm_campaign=imageinfo&utm_content=thumbnail_unscaled,https://commons.wikimedia.org/wiki/File:Timothy_M_Cain.png,Public domain,fjc_bulk,
Nannette Jolivette Brown,laed,district,Barack Obama,Democratic,2011-03-02,2011-10-03,2011-10-04,,,,,day,true,3387,false,false,https://upload.wikimedia.org/wikipedia/commons/thumb/b/b5/Nannette_Jolivette_Brown.jpg/330px-Nannette_Jolivette_Brown.jpg?utm_source=commons.wikimedia.org&utm_campaign=imageinfo&utm_content=thumbnail,https://commons.wikimedia.org/wiki/File:Nannette_Jolivette_Brown.jpg,Public domain,fjc_bulk,
Nancy Torresen,med,district,Barack Obama,Democratic,2011-03-02,2011-10-03,2011-10-04,,2025-10-11,,,day,true,3390,false,false,https://upload.wikimedia.org/wikipedia/commons/thumb/d/df/Nancy_Torresen.jpg/330px-Nancy_Torresen.jpg?utm_source=commons.wikimedia.org&utm_campaign=imageinfo&utm_content=thumbnail,https://commons.wikimedia.org/wiki/File:Nancy_Torresen.jpg,Public domain,fjc_bulk,
William Francis Kuntz II,nyed,district,Barack Obama,Democratic,2011-03-09,2011-10-03,2011-10-04,,2022-01-01,,,day,true,3388,false,false,https://upload.wikimedia.org/wikipedia/commons/thumb/4/43/William_Kuntz_%28cropped%29.jpg/330px-William_Kuntz_%28cropped%29.jpg?utm_source=commons.wikimedia.org&utm_campaign=imageinfo&utm_content=thumbnail,https://commons.wikimedia.org/wiki/File:William_Kuntz_(cropped).jpg,Public domain,fjc_bulk,
Marina Garcia Marmolejo,txsd,district,Barack Obama,Democratic,2011-01-05,2011-10-03,2011-10-04,,,,,day,true,3389,false,false,https://upload.wikimedia.org/wikipedia/commons/f/fa/Marina_Marmolejo_%28cropped%29.jpg?utm_source=commons.wikimedia.org&utm_campaign=imageinfo&utm_content=thumbnail_unscaled,https://commons.wikimedia.org/wiki/File:Marina_Marmolejo_(cropped).jpg,Public domain,fjc_bulk,
Jennifer Guerin Zipps,azd,district,Barack Obama,Democratic,2011-06-23,2011-10-03,2011-10-05,,,,,day,true,3391,false,false,https://upload.wikimedia.org/wikipedia/commons/d/d3/Jennifer_C_Guerin_Magistrate_Judge.jpg?utm_source=commons.wikimedia.org&utm_campaign=imageinfo&utm_content=thumbnail_unscaled,https://commons.wikimedia.org/wiki/File:Jennifer_C_Guerin_Magistrate_Judge.jpg,Public domain,fjc_bulk,
Henry Franklin Floyd,ca4,circuit,Barack Obama,Democratic,2011-01-26,2011-10-03,2011-10-05,,2021-12-31,,,day,true,3030,false,false,https://upload.wikimedia.org/wikipedia/commons/9/9e/Henry_F._Floyd_%28cropped%29.jpg?utm_source=commons.wikimedia.org&utm_campaign=imageinfo&utm_content=thumbnail_unscaled,https://commons.wikimedia.org/wiki/File:Henry_F._Floyd_(cropped).jpg,Public domain,fjc_bulk,
John Andrew Ross,moed,district,Barack Obama,Democratic,2011-01-05,2011-09-20,2011-10-11,,2023-06-09,,,day,true,3385,false,false,https://upload.wikimedia.org/wikipedia/commons/e/e3/John_A._Ross%2C_U.S._District_Court_Judge.jpg?utm_source=commons.wikimedia.org&utm_campaign=imageinfo&utm_content=thumbnail_unscaled,"https://commons.wikimedia.org/wiki/File:John_A._Ross,_U.S._District_Court_Judge.jpg",Public domain,fjc_bulk,
Jane Margaret Triche Milazzo,laed,district,Barack Obama,Democratic,2011-03-16,2011-10-11,2011-10-12,,,,,day,true,3392,false,false,https://upload.wikimedia.org/wikipedia/commons/thumb/f/f1/Jane_Margaret_Triche_Milazzo.jpg/330px-Jane_Margaret_Triche_Milazzo.jpg?utm_source=commons.wikimedia.org&utm_campaign=imageinfo&utm_content=thumbnail,https://commons.wikimedia.org/wiki/File:Jane_Margaret_Triche_Milazzo.jpg,Public domain,fjc_bulk,
Alison Julie Nathan,nysd,district,Barack Obama,Democratic,2011-03-31,2011-10-13,2011-10-17,,,2022-03-31,Appointment to Another Judicial Position,day,false,3393,,,https://upload.wikimedia.org/wikipedia/commons/thumb/f/f2/Hon.NathanPortrait_%28cropped%29.jpg/330px-Hon.NathanPortrait_%28cropped%29.jpg?utm_source=commons.wikimedia.org&utm_campaign=imageinfo&utm_content=thumbnail,https://commons.wikimedia.org/wiki/File:Hon.NathanPortrait_(cropped).jpg,CC BY-SA 4.0 — credit: 57nineteen,fjc_bulk,
Katherine Bolan Forrest,nysd,district,Barack Obama,Democratic,2011-05-04,2011-10-13,2011-10-17,,,2018-09-11,Resignation,day,false,3395,,,,,,fjc_bulk,
Susan Owens Hickey,arw,district,Barack Obama,Democratic,2011-04-06,2011-10-13,2011-10-19,,2026-04-14,,,day,true,3394,false,false,https://upload.wikimedia.org/wikipedia/commons/thumb/3/3c/Susan_Hickey_%28Judge%29.jpg/330px-Susan_Hickey_%28Judge%29.jpg?utm_source=commons.wikimedia.org&utm_campaign=imageinfo&utm_content=thumbnail,https://commons.wikimedia.org/wiki/File:Susan_Hickey_(Judge).jpg,Public domain,fjc_bulk,
Robert David Mariani,pamd,district,Barack Obama,Democratic,2011-01-05,2011-10-19,2011-10-19,,2022-09-30,,,day,true,3397,false,false,https://upload.wikimedia.org/wikipedia/commons/thumb/5/50/U.S._District_Judge_Robert_D._Mariani.jpg/330px-U.S._District_Judge_Robert_D._Mariani.jpg?utm_source=commons.wikimedia.org&utm_campaign=imageinfo&utm_content=thumbnail,https://commons.wikimedia.org/wiki/File:U.S._District_Judge_Robert_D._Mariani.jpg,Public domain,fjc_bulk,
Cathy Bissoon,pawd,district,Barack Obama,Democratic,2011-01-05,2011-10-17,2011-10-19,,,,,day,true,3396,false,false,https://upload.wikimedia.org/wikipedia/commons/b/b5/Cathy_Bissoon.jpg?utm_source=commons.wikimedia.org&utm_campaign=imageinfo&utm_content=thumbnail_unscaled,https://commons.wikimedia.org/wiki/File:Cathy_Bissoon.jpg,Public domain,fjc_bulk,
Mark Raymond Hornak,pawd,district,Barack Obama,Democratic,2011-01-05,2011-10-19,2011-10-19,,,,,day,true,3398,false,false,https://upload.wikimedia.org/wikipedia/commons/thumb/8/82/JudgeHornak.jpg/330px-JudgeHornak.jpg?utm_source=commons.wikimedia.org&utm_campaign=imageinfo&utm_content=thumbnail,https://commons.wikimedia.org/wiki/File:JudgeHornak.jpg,Public domain,fjc_bulk,
Robert Nichols Scola Jr.,flsd,district,Barack Obama,Democratic,2011-05-04,2011-10-19,2011-10-20,,2023-11-01,,,day,true,3399,false,false,https://upload.wikimedia.org/wikipedia/commons/thumb/5/5a/Robert_Scola_Jr.jpg/330px-Robert_Scola_Jr.jpg?utm_source=commons.wikimedia.org&utm_campaign=imageinfo&utm_content=thumbnail,https://commons.wikimedia.org/wiki/File:Robert_Scola_Jr.jpg,Public domain,fjc_bulk,
Stephen Andrew Higginson,ca5,circuit,Barack Obama,Democratic,2011-05-09,2011-10-31,2011-11-02,,,,,day,true,3400,false,false,https://upload.wikimedia.org/wikipedia/commons/thumb/5/57/Judge_Stephen_A._Higginson.jpg/330px-Judge_Stephen_A._Higginson.jpg?utm_source=commons.wikimedia.org&utm_campaign=imageinfo&utm_content=thumbnail,https://commons.wikimedia.org/wiki/File:Judge_Stephen_A._Higginson.jpg,Public domain,fjc_bulk,
Richard Gibson Andrews,ded,district,Barack Obama,Democratic,2011-05-11,2011-11-03,2011-11-07,,2023-12-31,,,day,true,3402,false,false,https://upload.wikimedia.org/wikipedia/commons/thumb/1/13/Richard_G_Andrews.png/330px-Richard_G_Andrews.png?utm_source=commons.wikimedia.org&utm_campaign=imageinfo&utm_content=thumbnail,https://commons.wikimedia.org/wiki/File:Richard_G_Andrews.png,Public domain,fjc_bulk,
Scott Wesley Skavdahl,wyd,district,Barack Obama,Democratic,2011-02-16,2011-11-03,2011-11-07,,,,,day,true,3401,false,false,https://upload.wikimedia.org/wikipedia/commons/thumb/9/9a/Scott_W._Skavdahl.jpg/330px-Scott_W._Skavdahl.jpg?utm_source=commons.wikimedia.org&utm_campaign=imageinfo&utm_content=thumbnail,https://commons.wikimedia.org/wiki/File:Scott_W._Skavdahl.jpg,Public domain,fjc_bulk,
Evan Jonathan Wallach,cafc,circuit,Barack Obama,Democratic,2011-07-28,2011-11-08,2011-11-18,,2021-05-31,,,day,true,3219,false,false,https://upload.wikimedia.org/wikipedia/commons/thumb/f/f6/Evan_Wallach.jpg/330px-Evan_Wallach.jpg?utm_source=commons.wikimedia.org&utm_campaign=imageinfo&utm_content=thumbnail,https://commons.wikimedia.org/wiki/File:Evan_Wallach.jpg,Public domain,fjc_bulk,
Yvonne Gonzalez Rogers,cand,district,Barack Obama,Democratic,2011-05-04,2011-11-15,2011-11-21,,,,,day,true,3404,false,false,https://upload.wikimedia.org/wikipedia/commons/thumb/d/dc/Judge-Yvonne-Gonzalez-Rogers.jpg/330px-Judge-Yvonne-Gonzalez-Rogers.jpg?utm_source=commons.wikimedia.org&utm_campaign=imageinfo&utm_content=thumbnail,https://commons.wikimedia.org/wiki/File:Judge-Yvonne-Gonzalez-Rogers.jpg,Public domain,fjc_bulk,
Christopher Fitzgerald Droney,ca2,circuit,Barack Obama,Democratic,2011-05-04,2011-11-28,2011-12-01,,2019-06-30,2020-01-02,Retirement,day,false,2725,,,,,,fjc_bulk,
Dana Lewis Christensen,mtd,district,Barack Obama,Democratic,2011-05-04,2011-12-05,2011-12-06,,2025-11-07,,,day,true,3408,false,false,https://upload.wikimedia.org/wikipedia/commons/8/86/Dana_L._Christensen_District_Judge.jpg?utm_source=commons.wikimedia.org&utm_campaign=imageinfo&utm_content=thumbnail_unscaled,https://commons.wikimedia.org/wiki/File:Dana_L._Christensen_District_Judge.jpg,Public domain,fjc_bulk,
Edgardo Ramos,nysd,district,Barack Obama,Democratic,2011-05-04,2011-12-05,2011-12-06,,,,,day,true,3405,false,false,https://upload.wikimedia.org/wikipedia/commons/thumb/e/ee/Edgardo_Ramos_%28Judge%29.jpg/330px-Edgardo_Ramos_%28Judge%29.jpg?utm_source=commons.wikimedia.org&utm_campaign=imageinfo&utm_content=thumbnail,https://commons.wikimedia.org/wiki/File:Edgardo_Ramos_(Judge).jpg,Public domain,fjc_bulk,
James Rodney Gilstrap,txed,district,Barack Obama,Democratic,2011-05-19,2011-12-05,2011-12-06,,,,,day,true,3407,false,false,https://upload.wikimedia.org/wikipedia/commons/4/40/J._Rodney_Gilstrap_%28cropped%29.jpg?utm_source=commons.wikimedia.org&utm_campaign=imageinfo&utm_content=thumbnail_unscaled,https://commons.wikimedia.org/wiki/File:J._Rodney_Gilstrap_(cropped).jpg,Public domain,fjc_bulk,
Andrew Lamar Carter Jr.,nysd,district,Barack Obama,Democratic,2011-05-19,2011-12-05,2011-12-08,,,,,day,true,3406,false,false,https://upload.wikimedia.org/wikipedia/commons/thumb/5/5e/Andrew_L_Carter_Jr.png/330px-Andrew_L_Carter_Jr.png?utm_source=commons.wikimedia.org&utm_campaign=imageinfo&utm_content=thumbnail,https://commons.wikimedia.org/wiki/File:Andrew_L_Carter_Jr.png,Public domain,fjc_bulk,
Sharon Louise Gleason,akd,district,Barack Obama,Democratic,2011-04-06,2011-11-15,2012-01-04,,,,,day,true,3403,false,false,https://upload.wikimedia.org/wikipedia/commons/0/08/Judge_Sharon_L._Gleason.jpg?utm_source=commons.wikimedia.org&utm_campaign=imageinfo&utm_content=thumbnail_unscaled,https://commons.wikimedia.org/wiki/File:Judge_Sharon_L._Gleason.jpg,Public domain,fjc_bulk,
Morgan Christen,ca9,circuit,Barack Obama,Democratic,2011-05-18,2011-12-15,2012-01-11,,,,,day,true,3409,false,false,https://upload.wikimedia.org/wikipedia/commons/1/11/Judge_Morgan_Christen.jpg?utm_source=commons.wikimedia.org&utm_campaign=imageinfo&utm_content=thumbnail_unscaled,https://commons.wikimedia.org/wiki/File:Judge_Morgan_Christen.jpg,Public domain,fjc_bulk,
John Melvin Gerrard,ned,district,Barack Obama,Democratic,2011-05-04,2012-01-23,2012-02-06,,2023-02-06,,,day,true,3410,false,false,https://upload.wikimedia.org/wikipedia/commons/thumb/1/1d/John_M._Gerrard%2C_U.S._District_Court_Judge.jpg/330px-John_M._Gerrard%2C_U.S._District_Court_Judge.jpg?utm_source=commons.wikimedia.org&utm_campaign=imageinfo&utm_content=thumbnail,"https://commons.wikimedia.org/wiki/File:John_M._Gerrard,_U.S._District_Court_Judge.jpg",Public domain,fjc_bulk,
Cathy Ann Bencivengo,casd,district,Barack Obama,Democratic,2011-05-11,2012-02-09,2012-02-10,,,,,day,true,3411,false,false,https://upload.wikimedia.org/wikipedia/commons/c/ca/Bencivengo.jpg?utm_source=commons.wikimedia.org&utm_campaign=imageinfo&utm_content=thumbnail_unscaled,https://commons.wikimedia.org/wiki/File:Bencivengo.jpg,Public domain,fjc_bulk,
Adalberto Jose Jordan,ca11,circuit,Barack Obama,Democratic,2011-08-02,2012-02-15,2012-02-17,,,,,day,true,2831,false,false,https://upload.wikimedia.org/wikipedia/commons/thumb/f/fd/Adalberto-Jordan.jpg/330px-Adalberto-Jordan.jpg?utm_source=commons.wikimedia.org&utm_campaign=imageinfo&utm_content=thumbnail,https://commons.wikimedia.org/wiki/File:Adalberto-Jordan.jpg,CC BY-SA 4.0 — credit: Miami Law Review,fjc_bulk,
Jesse Matthew Furman,nysd,district,Barack Obama,Democratic,2011-06-07,2012-02-17,2012-02-17,,,,,day,true,3412,false,false,https://upload.wikimedia.org/wikipedia/commons/thumb/6/6d/Jesse_M._Furman_%28Judge%29.jpg/330px-Jesse_M._Furman_%28Judge%29.jpg?utm_source=commons.wikimedia.org&utm_campaign=imageinfo&utm_content=thumbnail,https://commons.wikimedia.org/wiki/File:Jesse_M._Furman_(Judge).jpg,Public domain,fjc_bulk,
Margo Kitsy Brodie,nyed,district,Barack Obama,Democratic,2011-06-07,2012-02-27,2012-02-29,,,,,day,true,3413,false,false,https://upload.wikimedia.org/wikipedia/commons/thumb/9/98/Margo_Brodie.png/330px-Margo_Brodie.png?utm_source=commons.wikimedia.org&utm_campaign=imageinfo&utm_content=thumbnail,https://commons.wikimedia.org/wiki/File:Margo_Brodie.png,Public domain,fjc_bulk,
Thomas Owen Rice,waed,district,Barack Obama,Democratic,2011-06-29,2012-03-06,2012-03-08,,,,,day,true,3415,false,false,https://upload.wikimedia.org/wikipedia/commons/5/51/Judge_Thomas_Owen_Rice.jpg?utm_source=commons.wikimedia.org&utm_campaign=imageinfo&utm_content=thumbnail_unscaled,https://commons.wikimedia.org/wiki/File:Judge_Thomas_Owen_Rice.jpg,Public domain,fjc_bulk,
Michael Walter Fitzgerald,cacd,district,Barack Obama,Democratic,2011-07-20,2012-03-15,2012-03-15,,,,,day,true,3417,false,false,https://upload.wikimedia.org/wikipedia/commons/4/4f/Judge_Michael_W._Fitzgerald.jpg?utm_source=commons.wikimedia.org&utm_campaign=imageinfo&utm_content=thumbnail_unscaled,https://commons.wikimedia.org/wiki/File:Judge_Michael_W._Fitzgerald.jpg,Public domain,fjc_bulk,
Gina Marie Groh,wvnd,district,Barack Obama,Democratic,2011-05-19,2012-03-15,2012-03-20,,,,,day,true,3416,false,false,https://upload.wikimedia.org/wikipedia/commons/thumb/8/89/Gina_Marie_Groh.jpg/330px-Gina_Marie_Groh.jpg?utm_source=commons.wikimedia.org&utm_campaign=imageinfo&utm_content=thumbnail,https://commons.wikimedia.org/wiki/File:Gina_Marie_Groh.jpg,Public domain,fjc_bulk,
Mary Elizabeth Phillips,mowd,district,Barack Obama,Democratic,2011-06-07,2012-03-06,2012-03-22,,,,,day,true,3414,false,false,https://upload.wikimedia.org/wikipedia/commons/thumb/5/58/Beth_Phillips_US_Attorney.JPG/330px-Beth_Phillips_US_Attorney.JPG?utm_source=commons.wikimedia.org&utm_campaign=imageinfo&utm_content=thumbnail,https://commons.wikimedia.org/wiki/File:Beth_Phillips_US_Attorney.JPG,Public domain,fjc_bulk,
Rudolph Contreras,dcd,district,Barack Obama,Democratic,2011-07-28,2012-03-22,2012-03-23,,,,,day,true,3420,false,false,https://upload.wikimedia.org/wikipedia/commons/2/28/Rudolph_Contreras.jpg?utm_source=commons.wikimedia.org&utm_campaign=imageinfo&utm_content=thumbnail_unscaled,https://commons.wikimedia.org/wiki/File:Rudolph_Contreras.jpg,Public domain,fjc_bulk,
Ronnie Abrams,nysd,district,Barack Obama,Democratic,2011-07-28,2012-03-22,2012-03-23,,,,,day,true,3419,false,false,https://upload.wikimedia.org/wikipedia/commons/thumb/9/9a/Ronnie_Abrams.jpg/330px-Ronnie_Abrams.jpg?utm_source=commons.wikimedia.org&utm_campaign=imageinfo&utm_content=thumbnail,https://commons.wikimedia.org/wiki/File:Ronnie_Abrams.jpg,CC BY-SA 4.0 — credit: Kbarnofsky,fjc_bulk,
David Ogden Nuffer,utd,district,Barack Obama,Democratic,2011-06-29,2012-03-22,2012-03-23,,2022-04-02,,,day,true,3418,false,false,https://upload.wikimedia.org/wikipedia/commons/9/99/David_Nuffer_%28cropped%29.jpg?utm_source=commons.wikimedia.org&utm_campaign=imageinfo&utm_content=thumbnail_unscaled,https://commons.wikimedia.org/wiki/File:David_Nuffer_(cropped).jpg,Public domain,fjc_bulk,
Susie Morgan,laed,district,Barack Obama,Democratic,2011-06-07,2012-03-28,2012-03-30,,,,,day,true,3422,false,false,https://upload.wikimedia.org/wikipedia/commons/thumb/5/53/Judge_Morgan.jpg/330px-Judge_Morgan.jpg?utm_source=commons.wikimedia.org&utm_campaign=imageinfo&utm_content=thumbnail,https://commons.wikimedia.org/wiki/File:Judge_Morgan.jpg,CC BY-SA 4.0 — credit: LAEDSystemsUnit,fjc_bulk,
Miranda Mai Du,nvd,district,Barack Obama,Democratic,2011-08-02,2012-03-28,2012-03-30,,,,,day,true,3421,false,false,https://upload.wikimedia.org/wikipedia/commons/thumb/1/1e/Miranda_M._Du%2C_U.S._District_Court_Judge.jpg/330px-Miranda_M._Du%2C_U.S._District_Court_Judge.jpg?utm_source=commons.wikimedia.org&utm_campaign=imageinfo&utm_content=thumbnail,"https://commons.wikimedia.org/wiki/File:Miranda_M._Du,_U.S._District_Court_Judge.jpg",Public domain,fjc_bulk,
Stephanie Dawn Thacker,ca4,circuit,Barack Obama,Democratic,2011-09-08,2012-04-16,2012-04-17,,,,,day,true,3423,false,false,https://upload.wikimedia.org/wikipedia/commons/7/7f/Stephanie_Thacker_%28cropped%29.jpg?utm_source=commons.wikimedia.org&utm_campaign=imageinfo&utm_content=thumbnail_unscaled,https://commons.wikimedia.org/wiki/File:Stephanie_Thacker_(cropped).jpg,Public domain,fjc_bulk,
Gregg Jeffrey Costa,txsd,district,Barack Obama,Democratic,2011-09-08,2012-04-26,2012-04-26,,,2014-06-02,Appointment to Another Judicial Position,day,false,3425,,,,,,fjc_bulk,
Brian Curtis Wimes,moed,district,Barack Obama,Democratic,2011-09-22,2012-04-23,2012-04-30,,,,,day,true,3424,false,false,https://upload.wikimedia.org/wikipedia/commons/8/8b/Judge_Brian_C._Wimes.jpg?utm_source=commons.wikimedia.org&utm_campaign=imageinfo&utm_content=thumbnail_unscaled,https://commons.wikimedia.org/wiki/File:Judge_Brian_C._Wimes.jpg,Public domain,fjc_bulk,
Brian Curtis Wimes,mowd,district,Barack Obama,Democratic,2011-09-22,2012-04-23,2012-04-30,,,,,day,true,3424,false,false,https://upload.wikimedia.org/wikipedia/commons/8/8b/Judge_Brian_C._Wimes.jpg?utm_source=commons.wikimedia.org&utm_campaign=imageinfo&utm_content=thumbnail_unscaled,https://commons.wikimedia.org/wiki/File:Judge_Brian_C._Wimes.jpg,Public domain,fjc_bulk,
David Campos Guaderrama,txwd,district,Barack Obama,Democratic,2011-09-14,2012-04-26,2012-04-30,,2023-05-27,,,day,true,3426,false,false,https://upload.wikimedia.org/wikipedia/commons/thumb/5/58/David_Guaderrama.jpg/330px-David_Guaderrama.jpg?utm_source=commons.wikimedia.org&utm_campaign=imageinfo&utm_content=thumbnail,https://commons.wikimedia.org/wiki/File:David_Guaderrama.jpg,Public domain,fjc_bulk,
Kristine Gerhard Baker,are,district,Barack Obama,Democratic,2011-11-02,2012-05-07,2012-05-08,,,,,day,true,3427,false,false,https://upload.wikimedia.org/wikipedia/commons/thumb/d/d2/Kristine_Gerhard_Baker.jpg/330px-Kristine_Gerhard_Baker.jpg?utm_source=commons.wikimedia.org&utm_campaign=imageinfo&utm_content=thumbnail,https://commons.wikimedia.org/wiki/File:Kristine_Gerhard_Baker.jpg,Public domain,fjc_bulk,
John Zihun Lee,ilnd,district,Barack Obama,Democratic,2011-11-10,2012-05-07,2012-05-08,,,2022-09-12,Appointment to Another Judicial Position,day,false,3428,,,https://upload.wikimedia.org/wikipedia/commons/thumb/1/12/John_Z._Lee_%28Judge%29_%28cropped%29.jpg/330px-John_Z._Lee_%28Judge%29_%28cropped%29.jpg?utm_source=commons.wikimedia.org&utm_campaign=imageinfo&utm_content=thumbnail,https://commons.wikimedia.org/wiki/File:John_Z._Lee_(Judge)_(cropped).jpg,Public domain,fjc_bulk,
Jacqueline Hong-Ngoc Nguyen,ca9,circuit,Barack Obama,Democratic,2011-09-22,2012-05-07,2012-05-14,,,,,day,true,3227,false,false,https://upload.wikimedia.org/wikipedia/commons/1/13/Judge_Jacqueline_Nguyen.jpg?utm_source=commons.wikimedia.org&utm_campaign=imageinfo&utm_content=thumbnail_unscaled,https://commons.wikimedia.org/wiki/File:Judge_Jacqueline_Nguyen.jpg,Public domain,fjc_bulk,
John Joseph Tharp Jr.,ilnd,district,Barack Obama,Democratic,2011-11-10,2012-05-14,2012-05-16,,,,,day,true,3430,false,false,https://upload.wikimedia.org/wikipedia/commons/8/8d/John_Tharp_%282011%29.png?utm_source=commons.wikimedia.org&utm_campaign=imageinfo&utm_content=thumbnail_unscaled,https://commons.wikimedia.org/wiki/File:John_Tharp_(2011).png,Public domain,fjc_bulk,
Paul Jeffrey Watford,ca9,circuit,Barack Obama,Democratic,2011-10-17,2012-05-21,2012-05-22,,,2023-05-31,Resignation,day,false,3431,,,,,,fjc_bulk,
George Levi Russell III,mdd,district,Barack Obama,Democratic,2011-11-10,2012-05-14,2012-05-22,,,,,day,true,3429,false,false,https://upload.wikimedia.org/wikipedia/commons/thumb/4/40/George_Levi_Russell%2C_III.jpg/330px-George_Levi_Russell%2C_III.jpg?utm_source=commons.wikimedia.org&utm_campaign=imageinfo&utm_content=thumbnail,"https://commons.wikimedia.org/wiki/File:George_Levi_Russell,_III.jpg",Public domain,fjc_bulk,
Timothy Spafard Hillman,mad,district,Barack Obama,Democratic,2011-11-30,2012-06-04,2012-06-06,,2022-07-01,2024-07-25,Retirement,day,false,3432,,,,,,fjc_bulk,
Jeffrey James Helmick,ohnd,district,Barack Obama,Democratic,2011-05-11,2012-06-06,2012-06-07,,,,,day,true,3433,false,false,https://upload.wikimedia.org/wikipedia/commons/thumb/c/cd/Jeffrey_Helmick_%28cropped%29.jpg/330px-Jeffrey_Helmick_%28cropped%29.jpg?utm_source=commons.wikimedia.org&utm_campaign=imageinfo&utm_content=thumbnail,https://commons.wikimedia.org/wiki/File:Jeffrey_Helmick_(cropped).jpg,Public domain,fjc_bulk,
Mary Geiger Lewis,scd,district,Barack Obama,Democratic,2011-03-16,2012-06-18,2012-06-20,,,,,day,true,3435,false,false,https://upload.wikimedia.org/wikipedia/commons/thumb/f/f4/Mary_Geiger_Lewis.jpg/330px-Mary_Geiger_Lewis.jpg?utm_source=commons.wikimedia.org&utm_campaign=imageinfo&utm_content=thumbnail,https://commons.wikimedia.org/wiki/File:Mary_Geiger_Lewis.jpg,Public domain,fjc_bulk,
Andrew David Hurwitz,ca9,circuit,Barack Obama,Democratic,2011-11-02,2012-06-12,2012-06-27,,2022-10-03,,,day,true,3434,false,false,https://upload.wikimedia.org/wikipedia/commons/7/79/Judge_Andrew_D._Hurwitz.jpg?utm_source=commons.wikimedia.org&utm_campaign=imageinfo&utm_content=thumbnail_unscaled,https://commons.wikimedia.org/wiki/File:Judge_Andrew_D._Hurwitz.jpg,Public domain,fjc_bulk,
Robin Stacie Rosenbaum,flsd,district,Barack Obama,Democratic,2011-11-30,2012-06-26,2012-06-27,,,2014-06-03,Appointment to Another Judicial Position,day,false,3437,,,https://upload.wikimedia.org/wikipedia/commons/thumb/6/67/Robin_Rosenbaum.jpg/330px-Robin_Rosenbaum.jpg?utm_source=commons.wikimedia.org&utm_campaign=imageinfo&utm_content=thumbnail,https://commons.wikimedia.org/wiki/File:Robin_Rosenbaum.jpg,Public domain,fjc_bulk,
Kevin McNulty,njd,district,Barack Obama,Democratic,2011-12-16,2012-07-16,2012-07-18,,2023-10-31,,,day,true,3439,false,false,https://upload.wikimedia.org/wikipedia/commons/thumb/9/91/Kevin_McNulty_%28Judge%29.jpg/330px-Kevin_McNulty_%28Judge%29.jpg?utm_source=commons.wikimedia.org&utm_campaign=imageinfo&utm_content=thumbnail,https://commons.wikimedia.org/wiki/File:Kevin_McNulty_(Judge).jpg,Public domain,fjc_bulk,
Michael Andre Shipp,njd,district,Barack Obama,Democratic,2012-01-23,2012-07-23,2012-07-26,,,,,day,true,3440,false,false,https://upload.wikimedia.org/wikipedia/commons/thumb/8/84/Michael_Shipp_%28Judge%29.jpg/330px-Michael_Shipp_%28Judge%29.jpg?utm_source=commons.wikimedia.org&utm_campaign=imageinfo&utm_content=thumbnail,https://commons.wikimedia.org/wiki/File:Michael_Shipp_(Judge).jpg,Public domain,fjc_bulk,
John Thomas Fowlkes Jr.,tnwd,district,Barack Obama,Democratic,2011-12-16,2012-07-10,2012-08-01,,2022-09-01,,,day,true,3438,false,false,https://upload.wikimedia.org/wikipedia/commons/9/90/John_Thomas_Fowlkes_Jr_%28cropped%29.jpg?utm_source=commons.wikimedia.org&utm_campaign=imageinfo&utm_content=thumbnail_unscaled,https://commons.wikimedia.org/wiki/File:John_Thomas_Fowlkes_Jr_(cropped).jpg,Public domain,fjc_bulk,
Gershwin Allen Drain,mied,district,Barack Obama,Democratic,2011-11-17,2012-08-02,2012-08-08,,2022-08-13,,,day,true,3441,false,false,https://upload.wikimedia.org/wikipedia/commons/thumb/d/d2/Judge_Gershwin_A._Drain.jpg/330px-Judge_Gershwin_A._Drain.jpg?utm_source=commons.wikimedia.org&utm_campaign=imageinfo&utm_content=thumbnail,https://commons.wikimedia.org/wiki/File:Judge_Gershwin_A._Drain.jpg,Public domain,fjc_bulk,
Stephanie Marie Rose,iasd,district,Barack Obama,Democratic,2012-02-02,2012-09-10,2012-09-17,,,,,day,true,3442,false,false,https://upload.wikimedia.org/wikipedia/commons/2/28/Stephanie%2BM%2BRose%2BUS%2BDistrict%2BCourt%2BJudge_%28Wiki_Commons%29.jpg?utm_source=commons.wikimedia.org&utm_campaign=imageinfo&utm_content=thumbnail_unscaled,https://commons.wikimedia.org/wiki/File:Stephanie%2BM%2BRose%2BUS%2BDistrict%2BCourt%2BJudge_(Wiki_Commons).jpg,CC BY-SA 4.0 — credit: 8thcirc,fjc_bulk,
Robert James Shelby,utd,district,Barack Obama,Democratic,2011-11-30,2012-09-22,2012-09-25,,,,,day,true,3444,false,false,https://upload.wikimedia.org/wikipedia/commons/thumb/4/4b/Robert_Shelby_%28Judge%29.jpg/330px-Robert_Shelby_%28Judge%29.jpg?utm_source=commons.wikimedia.org&utm_campaign=imageinfo&utm_content=thumbnail,https://commons.wikimedia.org/wiki/File:Robert_Shelby_(Judge).jpg,Public domain,fjc_bulk,
Gonzalo Paul Curiel,casd,district,Barack Obama,Democratic,2011-11-10,2012-09-22,2012-10-01,,2023-09-07,,,day,true,3443,false,false,https://upload.wikimedia.org/wikipedia/commons/thumb/8/8d/Gonzalo_Curiel.jpg/330px-Gonzalo_Curiel.jpg?utm_source=commons.wikimedia.org&utm_campaign=imageinfo&utm_content=thumbnail,https://commons.wikimedia.org/wiki/File:Gonzalo_Curiel.jpg,Public domain,fjc_bulk,
Paul William Grimm,mdd,district,Barack Obama,Democratic,2012-02-16,2012-12-03,2012-12-06,,2022-12-11,2022-12-30,Retirement,day,false,3445,,,,,,fjc_bulk,
Michael P. Shea,ctd,district,Barack Obama,Democratic,2012-02-02,2012-12-05,2012-12-07,,,,,day,true,3446,false,false,https://upload.wikimedia.org/wikipedia/commons/thumb/5/5f/Michael_Shea_%28Judge%29.jpg/330px-Michael_Shea_%28Judge%29.jpg?utm_source=commons.wikimedia.org&utm_campaign=imageinfo&utm_content=thumbnail,https://commons.wikimedia.org/wiki/File:Michael_Shea_(Judge).jpg,Public domain,fjc_bulk,
Mark Eaton Walker,flnd,district,Barack Obama,Democratic,2012-02-16,2012-12-06,2012-12-07,,,,,day,true,3447,false,false,https://upload.wikimedia.org/wikipedia/commons/thumb/2/24/Mark_E._Walker.jpg/330px-Mark_E._Walker.jpg?utm_source=commons.wikimedia.org&utm_campaign=imageinfo&utm_content=thumbnail,https://commons.wikimedia.org/wiki/File:Mark_E._Walker.jpg,Public domain,fjc_bulk,
Terrence George Berg,mied,district,Barack Obama,Democratic,2012-04-25,2012-12-06,2012-12-07,,,,,day,true,3448,false,false,https://upload.wikimedia.org/wikipedia/commons/thumb/6/69/Terrence_Berg.png/330px-Terrence_Berg.png?utm_source=commons.wikimedia.org&utm_campaign=imageinfo&utm_content=thumbnail,https://commons.wikimedia.org/wiki/File:Terrence_Berg.png,Public domain,fjc_bulk,
Jesus Gilberto Bernal,cacd,district,Barack Obama,Democratic,2012-04-25,2012-12-11,2012-12-12,,,,,day,true,3450,false,false,https://upload.wikimedia.org/wikipedia/commons/2/20/Judge_Jesus_G._Bernal.jpg?utm_source=commons.wikimedia.org&utm_campaign=imageinfo&utm_content=thumbnail_unscaled,https://commons.wikimedia.org/wiki/File:Judge_Jesus_G._Bernal.jpg,Public domain,fjc_bulk,
John Edward Dowdell,oknd,district,Barack Obama,Democratic,2012-02-29,2012-12-11,2012-12-12,,2021-06-21,,,day,true,3449,false,false,https://upload.wikimedia.org/wikipedia/commons/c/c6/Judge_John_E._Dowdell.jpg?utm_source=commons.wikimedia.org&utm_campaign=imageinfo&utm_content=thumbnail_unscaled,https://commons.wikimedia.org/wiki/File:Judge_John_E._Dowdell.jpg,Public domain,fjc_bulk,
Lorna Gail Schofield,nysd,district,Barack Obama,Democratic,2012-04-25,2012-12-13,2012-12-13,,2025-01-01,,,day,true,3451,false,false,https://upload.wikimedia.org/wikipedia/commons/d/d7/Federal_District_Judge_Lorna_Schofield.jpg?utm_source=commons.wikimedia.org&utm_campaign=imageinfo&utm_content=thumbnail_unscaled,https://commons.wikimedia.org/wiki/File:Federal_District_Judge_Lorna_Schofield.jpg,Public domain,fjc_bulk,
Thomas Michael Durkin,ilnd,district,Barack Obama,Democratic,2012-05-21,2012-12-17,2012-12-19,,2023-12-26,,,day,true,3453,false,false,https://upload.wikimedia.org/wikipedia/commons/a/a0/Thomas_M._Durkin_%28cropped%29.jpg?utm_source=commons.wikimedia.org&utm_campaign=imageinfo&utm_content=thumbnail_unscaled,https://commons.wikimedia.org/wiki/File:Thomas_M._Durkin_(cropped).jpg,Public domain,fjc_bulk,
Malachy Edward Mannion,pamd,district,Barack Obama,Democratic,2012-05-17,2012-12-21,2012-12-27,,2024-01-03,,,day,true,3456,false,false,https://upload.wikimedia.org/wikipedia/commons/thumb/4/4c/Malachy_Mannion_%28cropped%29.jpg/330px-Malachy_Mannion_%28cropped%29.jpg?utm_source=commons.wikimedia.org&utm_campaign=imageinfo&utm_content=thumbnail,https://commons.wikimedia.org/wiki/File:Malachy_Mannion_(cropped).jpg,Public domain,fjc_bulk,
Matthew William Brann,pamd,district,Barack Obama,Democratic,2012-05-17,2012-12-21,2012-12-27,,,,,day,true,3455,false,false,https://upload.wikimedia.org/wikipedia/commons/thumb/b/ba/Matthew_Brann.png/330px-Matthew_Brann.png?utm_source=commons.wikimedia.org&utm_campaign=imageinfo&utm_content=thumbnail,https://commons.wikimedia.org/wiki/File:Matthew_Brann.png,Public domain,fjc_bulk,
Frank Paul Geraci Jr.,nywd,district,Barack Obama,Democratic,2012-05-14,2012-12-13,2013-01-02,,2023-04-01,,,day,true,3452,false,false,https://upload.wikimedia.org/wikipedia/commons/thumb/b/b6/Frank_Paul_Geraci_Jr.jpg/330px-Frank_Paul_Geraci_Jr.jpg?utm_source=commons.wikimedia.org&utm_campaign=imageinfo&utm_content=thumbnail,https://commons.wikimedia.org/wiki/File:Frank_Paul_Geraci_Jr.jpg,Public domain,fjc_bulk,
Fernando Manzano Olguin,cacd,district,Barack Obama,Democratic,2012-05-14,2012-12-17,2013-01-16,,,,,day,true,3454,false,false,https://upload.wikimedia.org/wikipedia/commons/c/c5/Fernando_M._Olguin.JPG?utm_source=commons.wikimedia.org&utm_campaign=imageinfo&utm_content=thumbnail_unscaled,https://commons.wikimedia.org/wiki/File:Fernando_M._Olguin.JPG,Public domain,fjc_bulk,
Jon Steven Tigar,cand,district,Barack Obama,Democratic,2012-06-11,2012-12-21,2013-01-18,,,,,day,true,3457,false,false,https://upload.wikimedia.org/wikipedia/commons/a/a0/Jon_S._Tigar%2C_U.S._District_Court_Judge.jpg?utm_source=commons.wikimedia.org&utm_campaign=imageinfo&utm_content=thumbnail_unscaled,"https://commons.wikimedia.org/wiki/File:Jon_S._Tigar,_U.S._District_Court_Judge.jpg",Public domain,fjc_bulk,
William Joseph Kayatta Jr.,ca1,circuit,Barack Obama,Democratic,2013-01-04,2013-02-13,2013-02-14,,2024-10-31,,,day,true,3458,false,false,https://upload.wikimedia.org/wikipedia/commons/8/81/William_J._Kayatta_Jr.jpg?utm_source=commons.wikimedia.org&utm_campaign=imageinfo&utm_content=thumbnail_unscaled,https://commons.wikimedia.org/wiki/File:William_J._Kayatta_Jr.jpg,Public domain,fjc_bulk,
Robert Edwin Bacharach,ca10,circuit,Barack Obama,Democratic,2013-01-04,2013-02-25,2013-02-28,,,,,day,true,3459,false,false,https://upload.wikimedia.org/wikipedia/commons/thumb/4/47/Robert_E_Bacharach.png/330px-Robert_E_Bacharach.png?utm_source=commons.wikimedia.org&utm_campaign=imageinfo&utm_content=thumbnail,https://commons.wikimedia.org/wiki/File:Robert_E_Bacharach.png,Public domain,fjc_bulk,
Pamela Ki Mai Chen,nyed,district,Barack Obama,Democratic,2013-01-04,2013-03-04,2013-03-05,,,,,day,true,3460,false,false,https://upload.wikimedia.org/wikipedia/commons/thumb/0/0f/Pamela_K_Chen.png/330px-Pamela_K_Chen.png?utm_source=commons.wikimedia.org&utm_campaign=imageinfo&utm_content=thumbnail,https://commons.wikimedia.org/wiki/File:Pamela_K_Chen.png,Public domain,fjc_bulk,
Katherine Polk Failla,nysd,district,Barack Obama,Democratic,2013-01-04,2013-03-04,2013-03-05,,,,,day,true,3461,false,false,https://upload.wikimedia.org/wikipedia/commons/thumb/6/68/Katherine_Failla.jpg/330px-Katherine_Failla.jpg?utm_source=commons.wikimedia.org&utm_campaign=imageinfo&utm_content=thumbnail,https://commons.wikimedia.org/wiki/File:Katherine_Failla.jpg,Public domain,fjc_bulk,
Richard Gary Taranto,cafc,circuit,Barack Obama,Democratic,2013-01-04,2013-03-11,2013-03-12,,,,,day,true,3462,false,false,https://upload.wikimedia.org/wikipedia/commons/thumb/7/70/Richard_Taranto_%28cropped%29.jpg/330px-Richard_Taranto_%28cropped%29.jpg?utm_source=commons.wikimedia.org&utm_campaign=imageinfo&utm_content=thumbnail,https://commons.wikimedia.org/wiki/File:Richard_Taranto_(cropped).jpg,Public domain,fjc_bulk,
Andrew Patrick Gordon,nvd,district,Barack Obama,Democratic,2013-01-04,2013-03-11,2013-03-12,,,,,day,true,3463,false,false,https://upload.wikimedia.org/wikipedia/commons/8/82/Andrew_P._Gordon.JPG?utm_source=commons.wikimedia.org&utm_campaign=imageinfo&utm_content=thumbnail_unscaled,https://commons.wikimedia.org/wiki/File:Andrew_P._Gordon.JPG,Public domain,fjc_bulk,
Troy Lynne Nunley,caed,district,Barack Obama,Democratic,2013-01-04,2013-03-23,2013-03-26,,,,,day,true,3466,false,false,https://upload.wikimedia.org/wikipedia/commons/thumb/8/83/Judge_Troy_L._Nunley.jpg/330px-Judge_Troy_L._Nunley.jpg?utm_source=commons.wikimedia.org&utm_campaign=imageinfo&utm_content=thumbnail,https://commons.wikimedia.org/wiki/File:Judge_Troy_L._Nunley.jpg,Public domain,fjc_bulk,
Raymond Paul Moore,cod,district,Barack Obama,Democratic,2013-01-04,2013-03-23,2013-03-26,,2023-06-20,,,day,true,3465,false,false,https://upload.wikimedia.org/wikipedia/commons/thumb/6/6c/Raymond_Moore_%28Judge%29.jpg/330px-Raymond_Moore_%28Judge%29.jpg?utm_source=commons.wikimedia.org&utm_campaign=imageinfo&utm_content=thumbnail,https://commons.wikimedia.org/wiki/File:Raymond_Moore_(Judge).jpg,Public domain,fjc_bulk,
Ketanji Brown Jackson,dcd,district,Barack Obama,Democratic,2013-01-04,2013-03-23,2013-03-26,,,2021-06-17,Appointment to Another Judicial Position,day,false,3464,,,https://upload.wikimedia.org/wikipedia/commons/thumb/0/0e/Ketanji_Brown_Jackson_2020.jpeg/330px-Ketanji_Brown_Jackson_2020.jpeg?utm_source=commons.wikimedia.org&utm_campaign=imageinfo&utm_content=thumbnail,https://commons.wikimedia.org/wiki/File:Ketanji_Brown_Jackson_2020.jpeg,"CC BY-SA 4.0 — credit: File:Ketanji Brown Jackson at Loeb House (Harvard University, 2020).jpg: Rose Lincoln, Harvard University derivative wor",fjc_bulk,
Patty Shwartz,ca3,circuit,Barack Obama,Democratic,2013-01-04,2013-04-09,2013-04-10,,,,,day,true,3467,false,false,https://upload.wikimedia.org/wikipedia/commons/c/c4/Patty_Shwartz.jpg?utm_source=commons.wikimedia.org&utm_campaign=imageinfo&utm_content=thumbnail_unscaled,https://commons.wikimedia.org/wiki/File:Patty_Shwartz.jpg,Public domain,fjc_bulk,
Derrick Kahala Watson,hid,district,Barack Obama,Democratic,2013-01-04,2013-04-18,2013-04-23,,,,,day,true,3470,false,false,https://upload.wikimedia.org/wikipedia/commons/3/3c/Derrick_K._Watson%2C_U.S._District_Court_Judge.jpg?utm_source=commons.wikimedia.org&utm_campaign=imageinfo&utm_content=thumbnail_unscaled,"https://commons.wikimedia.org/wiki/File:Derrick_K._Watson,_U.S._District_Court_Judge.jpg",Public domain,fjc_bulk,
Analisa Nadine Torres,nysd,district,Barack Obama,Democratic,2013-01-04,2013-04-18,2013-04-23,,,,,day,true,3469,false,false,https://upload.wikimedia.org/wikipedia/commons/thumb/f/f1/Analisa_Torres_%28Judge%29_%28cropped%29.jpg/330px-Analisa_Torres_%28Judge%29_%28cropped%29.jpg?utm_source=commons.wikimedia.org&utm_campaign=imageinfo&utm_content=thumbnail,https://commons.wikimedia.org/wiki/File:Analisa_Torres_(Judge)_(cropped).jpg,Public domain,fjc_bulk,
Jane Louise Kelly,ca8,circuit,Barack Obama,Democratic,2013-01-31,2013-04-24,2013-04-25,,,,,day,true,3471,false,false,https://upload.wikimedia.org/wikipedia/commons/thumb/c/cb/Judge_Jane_Kelly.jpg/330px-Judge_Jane_Kelly.jpg?utm_source=commons.wikimedia.org&utm_campaign=imageinfo&utm_content=thumbnail,https://commons.wikimedia.org/wiki/File:Judge_Jane_Kelly.jpg,Public domain,fjc_bulk,
Beverly Reid O'Connell,cacd,district,Barack Obama,Democratic,2013-01-04,2013-04-15,2013-04-30,,,2017-10-08,Death,day,false,3468,,,,,,fjc_bulk,
Shelly Deckert Dick,lamd,district,Barack Obama,Democratic,2013-01-04,2013-05-09,2013-05-10,,,,,day,true,3472,false,false,https://upload.wikimedia.org/wikipedia/commons/thumb/a/ae/Shelly_Deckert_Dick.jpg/330px-Shelly_Deckert_Dick.jpg?utm_source=commons.wikimedia.org&utm_campaign=imageinfo&utm_content=thumbnail,https://commons.wikimedia.org/wiki/File:Shelly_Deckert_Dick.jpg,Public domain,fjc_bulk,
Nelson Stephen Román,nysd,district,Barack Obama,Democratic,2013-01-04,2013-05-09,2013-05-13,,,,,day,true,3473,false,false,https://upload.wikimedia.org/wikipedia/commons/thumb/6/62/Nelson_Roman_%28Judge%29_%28cropped%29.jpg/330px-Nelson_Roman_%28Judge%29_%28cropped%29.jpg?utm_source=commons.wikimedia.org&utm_campaign=imageinfo&utm_content=thumbnail,https://commons.wikimedia.org/wiki/File:Nelson_Roman_(Judge)_(cropped).jpg,Public domain,fjc_bulk,
William Horsley Orrick III,cand,district,Barack Obama,Democratic,2013-01-04,2013-05-15,2013-05-16,,2023-05-20,,,day,true,3474,false,false,https://upload.wikimedia.org/wikipedia/commons/8/8c/William_H._Orrick%2C_U.S._District_Court_Judge.jpg?utm_source=commons.wikimedia.org&utm_campaign=imageinfo&utm_content=thumbnail_unscaled,"https://commons.wikimedia.org/wiki/File:William_H._Orrick,_U.S._District_Court_Judge.jpg",Public domain,fjc_bulk,
Sheri Polster Chappell,flmd,district,Barack Obama,Democratic,2013-01-04,2013-05-20,2013-05-22,,,,,day,true,3475,false,false,https://upload.wikimedia.org/wikipedia/commons/thumb/6/62/Sherri_Chappell.png/330px-Sherri_Chappell.png?utm_source=commons.wikimedia.org&utm_campaign=imageinfo&utm_content=thumbnail,https://commons.wikimedia.org/wiki/File:Sherri_Chappell.png,Public domain,fjc_bulk,
Srikanth Srinivasan,cadc,circuit,Barack Obama,Democratic,2013-01-04,2013-05-23,2013-05-24,,,,,day,true,3477,false,false,https://upload.wikimedia.org/wikipedia/commons/thumb/0/0d/Sri_Srinivasan.jpg/330px-Sri_Srinivasan.jpg?utm_source=commons.wikimedia.org&utm_campaign=imageinfo&utm_content=thumbnail,https://commons.wikimedia.org/wiki/File:Sri_Srinivasan.jpg,Public domain,fjc_bulk,
Claire Rita Kelly,cit,specialized,Barack Obama,Democratic,2013-01-04,2013-05-23,2013-05-28,,,,,day,true,3479,false,false,https://upload.wikimedia.org/wikipedia/commons/thumb/b/b2/Claire_Kelly_%28Judge%29_%28cropped%29.jpg/330px-Claire_Kelly_%28Judge%29_%28cropped%29.jpg?utm_source=commons.wikimedia.org&utm_campaign=imageinfo&utm_content=thumbnail,https://commons.wikimedia.org/wiki/File:Claire_Kelly_(Judge)_(cropped).jpg,Public domain,fjc_bulk,
Mark Allen Barnett,cit,specialized,Barack Obama,Democratic,2013-01-04,2013-05-23,2013-05-28,,,,,day,true,3478,false,false,https://upload.wikimedia.org/wikipedia/commons/thumb/c/c5/Mark_A_Barnett.png/330px-Mark_A_Barnett.png?utm_source=commons.wikimedia.org&utm_campaign=imageinfo&utm_content=thumbnail,https://commons.wikimedia.org/wiki/File:Mark_A_Barnett.png,Public domain,fjc_bulk,
Michael Jerome McShane,ord,district,Barack Obama,Democratic,2013-01-04,2013-05-20,2013-05-30,,,,,day,true,3476,false,false,https://upload.wikimedia.org/wikipedia/commons/6/69/Judge_Michael_McShane_in_US_Senate_Judidiary_Committee_Hearing.jpg?utm_source=commons.wikimedia.org&utm_campaign=imageinfo&utm_content=thumbnail_unscaled,https://commons.wikimedia.org/wiki/File:Judge_Michael_McShane_in_US_Senate_Judidiary_Committee_Hearing.jpg,Public domain,fjc_bulk,
Luis Felipe Restrepo,paed,district,Barack Obama,Democratic,2013-01-04,2013-06-17,2013-06-19,,,2016-01-13,Appointment to Another Judicial Position,day,false,3482,,,https://upload.wikimedia.org/wikipedia/commons/thumb/f/f2/L._Felipe_Restrepo.jpg/330px-L._Felipe_Restrepo.jpg?utm_source=commons.wikimedia.org&utm_campaign=imageinfo&utm_content=thumbnail,https://commons.wikimedia.org/wiki/File:L._Felipe_Restrepo.jpg,Public domain,fjc_bulk,
Nitza Ileana Quiñones Alejandro,paed,district,Barack Obama,Democratic,2013-01-04,2013-06-13,2013-06-19,,,,,day,true,3480,false,false,https://upload.wikimedia.org/wikipedia/commons/thumb/1/1f/Nitza_I_Quinones_Alejandro.png/330px-Nitza_I_Quinones_Alejandro.png?utm_source=commons.wikimedia.org&utm_campaign=imageinfo&utm_content=thumbnail,https://commons.wikimedia.org/wiki/File:Nitza_I_Quinones_Alejandro.png,Public domain,fjc_bulk,
Jeffrey L. Schmehl,paed,district,Barack Obama,Democratic,2013-01-04,2013-06-13,2013-06-25,,,,,day,true,3481,false,false,https://upload.wikimedia.org/wikipedia/commons/thumb/6/6c/Jeffrey_Schmehl.jpg/330px-Jeffrey_Schmehl.jpg?utm_source=commons.wikimedia.org&utm_campaign=imageinfo&utm_content=thumbnail,https://commons.wikimedia.org/wiki/File:Jeffrey_Schmehl.jpg,Public domain,fjc_bulk,
Gregory Alan Phillips,ca10,circuit,Barack Obama,Democratic,2013-01-31,2013-07-08,2013-07-09,,,,,day,true,3484,false,false,https://upload.wikimedia.org/wikipedia/commons/3/36/Gregory_A._Phillips.jpg?utm_source=commons.wikimedia.org&utm_campaign=imageinfo&utm_content=thumbnail_unscaled,https://commons.wikimedia.org/wiki/File:Gregory_A._Phillips.jpg,Public domain,fjc_bulk,
Jennifer Anna Dorsey,nvd,district,Barack Obama,Democratic,2013-01-04,2013-07-09,2013-07-09,,,,,day,true,3485,false,false,https://upload.wikimedia.org/wikipedia/commons/a/af/Jennifer_A._Dorsey.JPG?utm_source=commons.wikimedia.org&utm_campaign=imageinfo&utm_content=thumbnail_unscaled,https://commons.wikimedia.org/wiki/File:Jennifer_A._Dorsey.JPG,Public domain,fjc_bulk,
Raymond T. Chen,cafc,circuit,Barack Obama,Democratic,2013-02-07,2013-08-01,2013-08-02,,,,,day,true,3486,false,false,https://upload.wikimedia.org/wikipedia/commons/7/76/Raymond_T._Chen.jpg?utm_source=commons.wikimedia.org&utm_campaign=imageinfo&utm_content=thumbnail_unscaled,https://commons.wikimedia.org/wiki/File:Raymond_T._Chen.jpg,Public domain,fjc_bulk,
Kenneth John Gonzales,nmd,district,Barack Obama,Democratic,2013-01-04,2013-06-17,2013-08-09,,,,,day,true,3483,false,false,https://upload.wikimedia.org/wikipedia/commons/f/fb/Kenneth_Gonzales_US_Attorney_%28cropped%29.jpg?utm_source=commons.wikimedia.org&utm_campaign=imageinfo&utm_content=thumbnail_unscaled,https://commons.wikimedia.org/wiki/File:Kenneth_Gonzales_US_Attorney_(cropped).jpg,Public domain,fjc_bulk,
Vernon Speede Broderick,nysd,district,Barack Obama,Democratic,2013-04-15,2013-09-09,2013-09-10,,,,,day,true,3488,false,false,https://upload.wikimedia.org/wikipedia/commons/d/db/Vernon_Broderick.jpg?utm_source=commons.wikimedia.org&utm_campaign=imageinfo&utm_content=thumbnail_unscaled,https://commons.wikimedia.org/wiki/File:Vernon_Broderick.jpg,Public domain,fjc_bulk,
"Campbell-Smith, Patricia Elaine",uscfc,specialized,Barack Obama,Democratic,2013-03-19,2013-09-17,2013-09-19,,,2023-12-31,left court (year per FJC listing),termination:year,false,,,,,,,fjc_html,Termination year from FJC listing service range; exact date not published there.
Todd Michael Hughes,cafc,circuit,Barack Obama,Democratic,2013-02-07,2013-09-24,2013-09-24,,,,,day,true,3489,false,false,https://upload.wikimedia.org/wikipedia/commons/thumb/1/19/Todd_Hughes_%28Judge%29.jpg/330px-Todd_Hughes_%28Judge%29.jpg?utm_source=commons.wikimedia.org&utm_campaign=imageinfo&utm_content=thumbnail,https://commons.wikimedia.org/wiki/File:Todd_Hughes_(Judge).jpg,Public domain,fjc_bulk,
Colin Stirling Bruce,ilcd,district,Barack Obama,Democratic,2013-05-06,2013-10-07,2013-10-08,,,,,day,true,3490,false,false,https://upload.wikimedia.org/wikipedia/commons/thumb/2/20/Colin_Bruce.png/330px-Colin_Bruce.png?utm_source=commons.wikimedia.org&utm_campaign=imageinfo&utm_content=thumbnail,https://commons.wikimedia.org/wiki/File:Colin_Bruce.png,Public domain,fjc_bulk,
Sara Lee Ellis,ilnd,district,Barack Obama,Democratic,2013-05-06,2013-10-07,2013-10-08,,,,,day,true,3491,false,false,https://upload.wikimedia.org/wikipedia/commons/thumb/7/73/Sara_Ellis_%28Judge%29_%28cropped%29.jpg/330px-Sara_Ellis_%28Judge%29_%28cropped%29.jpg?utm_source=commons.wikimedia.org&utm_campaign=imageinfo&utm_content=thumbnail,https://commons.wikimedia.org/wiki/File:Sara_Ellis_(Judge)_(cropped).jpg,Public domain,fjc_bulk,
Andrea Robin Wood,ilnd,district,Barack Obama,Democratic,2013-05-06,2013-10-14,2013-10-15,,,,,day,true,3492,false,false,https://upload.wikimedia.org/wikipedia/commons/thumb/8/80/Andrea_Wood_%28Judge%29_%28cropped%29.jpg/330px-Andrea_Wood_%28Judge%29_%28cropped%29.jpg?utm_source=commons.wikimedia.org&utm_campaign=imageinfo&utm_content=thumbnail,https://commons.wikimedia.org/wiki/File:Andrea_Wood_(Judge)_(cropped).jpg,Public domain,fjc_bulk,
Madeline Hughes Haikala,alnd,district,Barack Obama,Democratic,2013-05-09,2013-10-14,2013-10-16,,,,,day,true,3493,false,false,https://upload.wikimedia.org/wikipedia/commons/thumb/4/4e/Madeline_Haikala_%28cropped%29.jpg/330px-Madeline_Haikala_%28cropped%29.jpg?utm_source=commons.wikimedia.org&utm_campaign=imageinfo&utm_content=thumbnail,https://commons.wikimedia.org/wiki/File:Madeline_Haikala_(cropped).jpg,Public domain,fjc_bulk,
"Kaplan, Elaine Debra",uscfc,specialized,Barack Obama,Democratic,2013-03-19,2013-09-17,2013-11-01,,,,,day,true,,,,,,,fjc_html,
Debra Marie Brown,msnd,district,Barack Obama,Democratic,2013-05-16,2013-11-04,2013-11-05,,,,,day,true,3495,false,false,https://upload.wikimedia.org/wikipedia/commons/d/d3/Debra_M_Brown.jpg?utm_source=commons.wikimedia.org&utm_campaign=imageinfo&utm_content=thumbnail_unscaled,https://commons.wikimedia.org/wiki/File:Debra_M_Brown.jpg,Public domain,fjc_bulk,
Gregory Howard Woods III,nysd,district,Barack Obama,Democratic,2013-05-09,2013-11-04,2013-11-18,,,,,day,true,3494,false,false,https://upload.wikimedia.org/wikipedia/commons/thumb/7/7a/Gregory_Woods_%28Judge%29.jpg/330px-Gregory_Woods_%28Judge%29.jpg?utm_source=commons.wikimedia.org&utm_campaign=imageinfo&utm_content=thumbnail,https://commons.wikimedia.org/wiki/File:Gregory_Woods_(Judge).jpg,Public domain,fjc_bulk,
Valerie Elaine Caproni,nysd,district,Barack Obama,Democratic,2013-01-04,2013-09-09,2013-12-02,,2025-01-07,,,day,true,3487,false,false,https://upload.wikimedia.org/wikipedia/commons/thumb/0/03/Valerie_Caproni.jpg/330px-Valerie_Caproni.jpg?utm_source=commons.wikimedia.org&utm_campaign=imageinfo&utm_content=thumbnail,https://commons.wikimedia.org/wiki/File:Valerie_Caproni.jpg,Public domain,fjc_bulk,
Patricia Ann Millett,cadc,circuit,Barack Obama,Democratic,2013-06-04,2013-12-10,2013-12-10,,,,,day,true,3496,false,false,https://upload.wikimedia.org/wikipedia/commons/thumb/a/a7/Patricia_Millett_confimation_hearing_2_%28cropped%29.jpg/330px-Patricia_Millett_confimation_hearing_2_%28cropped%29.jpg?utm_source=commons.wikimedia.org&utm_campaign=imageinfo&utm_content=thumbnail,https://commons.wikimedia.org/wiki/File:Patricia_Millett_confimation_hearing_2_(cropped).jpg,CC BY 2.0 — credit: Mark Warner,fjc_bulk,
Cornelia Thayer Livingston Pillard,cadc,circuit,Barack Obama,Democratic,2013-06-04,2013-12-12,2013-12-17,,,,,day,true,3497,false,false,https://upload.wikimedia.org/wikipedia/commons/f/f3/Nina_Pillard.png?utm_source=commons.wikimedia.org&utm_campaign=imageinfo&utm_content=thumbnail_unscaled,https://commons.wikimedia.org/wiki/File:Nina_Pillard.png,Public domain,fjc_bulk,
Brian Matthew Morris,mtd,district,Barack Obama,Democratic,2013-05-23,2013-12-12,2013-12-17,,,,,day,true,3500,false,false,https://upload.wikimedia.org/wikipedia/commons/8/8a/Judge_Brian_Morris_%282014%29.jpg?utm_source=commons.wikimedia.org&utm_campaign=imageinfo&utm_content=thumbnail_unscaled,https://commons.wikimedia.org/wiki/File:Judge_Brian_Morris_(2014).jpg,Public domain,fjc_bulk,
Landya B. McCafferty,nhd,district,Barack Obama,Democratic,2013-05-23,2013-12-12,2013-12-17,,,,,day,true,3499,false,false,https://upload.wikimedia.org/wikipedia/commons/thumb/e/ea/Landya_McCafferty.jpg/330px-Landya_McCafferty.jpg?utm_source=commons.wikimedia.org&utm_campaign=imageinfo&utm_content=thumbnail,https://commons.wikimedia.org/wiki/File:Landya_McCafferty.jpg,Public domain,fjc_bulk,
Elizabeth Ann Wolford,nywd,district,Barack Obama,Democratic,2013-05-16,2013-12-12,2013-12-17,,,,,day,true,3498,false,false,https://upload.wikimedia.org/wikipedia/commons/4/43/Elizabeth_A._Wolford.jpg?utm_source=commons.wikimedia.org&utm_campaign=imageinfo&utm_content=thumbnail_unscaled,https://commons.wikimedia.org/wiki/File:Elizabeth_A._Wolford.jpg,Public domain,fjc_bulk,
Susan Pamela Watters,mtd,district,Barack Obama,Democratic,2013-05-23,2013-12-12,2013-12-18,,2026-06-08,,,day,true,3501,false,false,https://upload.wikimedia.org/wikipedia/commons/d/d8/Susan_P_Watters.jpg?utm_source=commons.wikimedia.org&utm_campaign=imageinfo&utm_content=thumbnail_unscaled,https://commons.wikimedia.org/wiki/File:Susan_P_Watters.jpg,Public domain,fjc_bulk,
Brian Jordan Davis,flmd,district,Barack Obama,Democratic,2013-01-04,2013-12-20,2013-12-26,,2023-12-30,,,day,true,3502,false,false,https://upload.wikimedia.org/wikipedia/commons/thumb/4/43/Brian_Davis_%28Judge%29.jpg/330px-Brian_Davis_%28Judge%29.jpg?utm_source=commons.wikimedia.org&utm_campaign=imageinfo&utm_content=thumbnail,https://commons.wikimedia.org/wiki/File:Brian_Davis_(Judge).jpg,Public domain,fjc_bulk,
Robert Leon Wilkins,cadc,circuit,Barack Obama,Democratic,2013-06-04,2014-01-13,2014-01-15,,,,,day,true,3350,false,false,https://upload.wikimedia.org/wikipedia/commons/thumb/9/9a/Robert_Wilkins_1_%28cropped%29.jpg/330px-Robert_Wilkins_1_%28cropped%29.jpg?utm_source=commons.wikimedia.org&utm_campaign=imageinfo&utm_content=thumbnail,https://commons.wikimedia.org/wiki/File:Robert_Wilkins_1_(cropped).jpg,Public domain,fjc_bulk,
Jeffrey Alker Meyer,ctd,district,Barack Obama,Democratic,2014-01-06,2014-02-24,2014-02-25,,,2025-01-12,Death,day,false,3503,,,,,,fjc_bulk,
Beth Labson Freeman,cand,district,Barack Obama,Democratic,2014-01-06,2014-02-25,2014-02-26,,,,,day,true,3506,false,false,https://upload.wikimedia.org/wikipedia/commons/thumb/a/ab/Judge_Beth_Freeman2.jpg/330px-Judge_Beth_Freeman2.jpg?utm_source=commons.wikimedia.org&utm_campaign=imageinfo&utm_content=thumbnail,https://commons.wikimedia.org/wiki/File:Judge_Beth_Freeman2.jpg,Public domain,fjc_bulk,
James Donato,cand,district,Barack Obama,Democratic,2014-01-06,2014-02-25,2014-02-26,,,,,day,true,3505,false,false,https://upload.wikimedia.org/wikipedia/commons/thumb/c/c4/James_Donato%2C_U.S._District_Court_Judge.jpg/330px-James_Donato%2C_U.S._District_Court_Judge.jpg?utm_source=commons.wikimedia.org&utm_campaign=imageinfo&utm_content=thumbnail,"https://commons.wikimedia.org/wiki/File:James_Donato,_U.S._District_Court_Judge.jpg",Public domain,fjc_bulk,
Timothy Lloyd Brooks,arw,district,Barack Obama,Democratic,2014-01-06,2014-03-05,2014-03-07,,,,,day,true,3509,false,false,https://upload.wikimedia.org/wikipedia/commons/thumb/8/81/Timothy_Brooks.png/330px-Timothy_Brooks.png?utm_source=commons.wikimedia.org&utm_campaign=imageinfo&utm_content=thumbnail,https://commons.wikimedia.org/wiki/File:Timothy_Brooks.png,Public domain,fjc_bulk,
Vince Girdhari Chhabria,cand,district,Barack Obama,Democratic,2014-01-06,2014-03-05,2014-03-07,,,,,day,true,3510,false,false,https://upload.wikimedia.org/wikipedia/commons/thumb/4/44/Vince_Chhabria%2C_U.S._District_Court_Judge.jpg/330px-Vince_Chhabria%2C_U.S._District_Court_Judge.jpg?utm_source=commons.wikimedia.org&utm_campaign=imageinfo&utm_content=thumbnail,"https://commons.wikimedia.org/wiki/File:Vince_Chhabria,_U.S._District_Court_Judge.jpg",Public domain,fjc_bulk,
Pedro Alberto Delgado Hernández,prd,district,Barack Obama,Democratic,2014-01-06,2014-03-05,2014-03-07,,,,,day,true,3507,false,false,https://upload.wikimedia.org/wikipedia/commons/thumb/a/aa/Pedro_Delgado_Hernandez.jpg/330px-Pedro_Delgado_Hernandez.jpg?utm_source=commons.wikimedia.org&utm_campaign=imageinfo&utm_content=thumbnail,https://commons.wikimedia.org/wiki/File:Pedro_Delgado_Hernandez.jpg,Public domain,fjc_bulk,
Pamela Lynn Reeves,tned,district,Barack Obama,Democratic,2014-01-06,2014-03-05,2014-03-07,,,2020-09-10,Death,day,false,3508,,,,,,fjc_bulk,
James Maxwell Moody Jr.,are,district,Barack Obama,Democratic,2014-01-06,2014-02-25,2014-03-10,,,,,day,true,3504,false,false,https://upload.wikimedia.org/wikipedia/commons/thumb/1/13/Judge_Jay_Moody_Jr.jpg/330px-Judge_Jay_Moody_Jr.jpg?utm_source=commons.wikimedia.org&utm_campaign=imageinfo&utm_content=thumbnail,https://commons.wikimedia.org/wiki/File:Judge_Jay_Moody_Jr.jpg,Public domain,fjc_bulk,
Carolyn Baldwin McHugh,ca10,circuit,Barack Obama,Democratic,2014-01-06,2014-03-12,2014-03-14,,,,,day,true,3511,false,false,https://upload.wikimedia.org/wikipedia/commons/thumb/2/2b/Carolyn_McHugh_%28Judge%29_%28cropped%29.jpg/330px-Carolyn_McHugh_%28Judge%29_%28cropped%29.jpg?utm_source=commons.wikimedia.org&utm_campaign=imageinfo&utm_content=thumbnail,https://commons.wikimedia.org/wiki/File:Carolyn_McHugh_(Judge)_(cropped).jpg,Public domain,fjc_bulk,
Judith Ellen Levy,mied,district,Barack Obama,Democratic,2014-01-06,2014-03-12,2014-03-14,,,,,day,true,3513,false,false,https://upload.wikimedia.org/wikipedia/commons/thumb/f/ff/Judith_Levy.jpg/330px-Judith_Levy.jpg?utm_source=commons.wikimedia.org&utm_campaign=imageinfo&utm_content=thumbnail,https://commons.wikimedia.org/wiki/File:Judith_Levy.jpg,Public domain,fjc_bulk,
Laurie Jill Michelson,mied,district,Barack Obama,Democratic,2014-01-06,2014-03-12,2014-03-14,,,,,day,true,3514,false,false,https://upload.wikimedia.org/wikipedia/commons/thumb/a/a2/Laurie_J._Michelson.jpg/330px-Laurie_J._Michelson.jpg?utm_source=commons.wikimedia.org&utm_campaign=imageinfo&utm_content=thumbnail,https://commons.wikimedia.org/wiki/File:Laurie_J._Michelson.jpg,Public domain,fjc_bulk,
Matthew Frederick Leitman,mied,district,Barack Obama,Democratic,2014-01-06,2014-03-12,2014-03-14,,,,,day,true,3512,false,false,https://upload.wikimedia.org/wikipedia/commons/thumb/e/eb/Matthew_Leitman.jpg/330px-Matthew_Leitman.jpg?utm_source=commons.wikimedia.org&utm_campaign=imageinfo&utm_content=thumbnail,https://commons.wikimedia.org/wiki/File:Matthew_Leitman.jpg,Public domain,fjc_bulk,
Linda Vivienne Parker,mied,district,Barack Obama,Democratic,2014-01-06,2014-03-12,2014-03-17,,,,,day,true,3515,false,false,https://upload.wikimedia.org/wikipedia/commons/thumb/f/f0/Linda_Parker.jpg/330px-Linda_Parker.jpg?utm_source=commons.wikimedia.org&utm_campaign=imageinfo&utm_content=thumbnail,https://commons.wikimedia.org/wiki/File:Linda_Parker.jpg,Public domain,fjc_bulk,
Christopher Reid Cooper,dcd,district,Barack Obama,Democratic,2014-01-06,2014-03-26,2014-03-28,,,,,day,true,3516,false,false,https://upload.wikimedia.org/wikipedia/commons/3/3b/JudgeChristopherCooper.jpg?utm_source=commons.wikimedia.org&utm_campaign=imageinfo&utm_content=thumbnail_unscaled,https://commons.wikimedia.org/wiki/File:JudgeChristopherCooper.jpg,Public domain,fjc_bulk,
M. Douglas Harpool,mowd,district,Barack Obama,Democratic,2014-01-06,2014-03-26,2014-03-28,,2026-02-04,,,day,true,3517,false,false,https://upload.wikimedia.org/wikipedia/commons/thumb/2/26/Doug_Harpool.jpg/330px-Doug_Harpool.jpg?utm_source=commons.wikimedia.org&utm_campaign=imageinfo&utm_content=thumbnail,https://commons.wikimedia.org/wiki/File:Doug_Harpool.jpg,Public domain,fjc_bulk,
Gerald Austin McHugh Jr.,paed,district,Barack Obama,Democratic,2014-01-06,2014-03-26,2014-03-28,,,,,day,true,3518,false,false,https://upload.wikimedia.org/wikipedia/commons/thumb/0/03/Gerald_McHugh_Jr.jpg/330px-Gerald_McHugh_Jr.jpg?utm_source=commons.wikimedia.org&utm_campaign=imageinfo&utm_content=thumbnail,https://commons.wikimedia.org/wiki/File:Gerald_McHugh_Jr.jpg,Public domain,fjc_bulk,
Edward George Smith,paed,district,Barack Obama,Democratic,2014-01-06,2014-03-26,2014-03-31,,,2023-11-27,Death,day,false,3519,,,,,,fjc_bulk,
John Byron Owens,ca9,circuit,Barack Obama,Democratic,2014-01-06,2014-03-31,2014-04-02,,,,,day,true,3520,false,false,https://upload.wikimedia.org/wikipedia/commons/thumb/5/55/Owens_Taking_Oath.jpg/330px-Owens_Taking_Oath.jpg?utm_source=commons.wikimedia.org&utm_campaign=imageinfo&utm_content=thumbnail,https://commons.wikimedia.org/wiki/File:Owens_Taking_Oath.jpg,Public domain,fjc_bulk,
Michelle Taryn Friedland,ca9,circuit,Barack Obama,Democratic,2014-01-06,2014-04-28,2014-04-29,,,,,day,true,3521,false,false,https://upload.wikimedia.org/wikipedia/commons/thumb/1/10/Friedland_Sitting_on_Bench.jpg/330px-Friedland_Sitting_on_Bench.jpg?utm_source=commons.wikimedia.org&utm_campaign=imageinfo&utm_content=thumbnail,https://commons.wikimedia.org/wiki/File:Friedland_Sitting_on_Bench.jpg,Public domain,fjc_bulk,
Manish Suresh Shah,ilnd,district,Barack Obama,Democratic,2014-01-06,2014-04-30,2014-05-01,,,,,day,true,3527,false,false,https://upload.wikimedia.org/wikipedia/commons/thumb/8/8f/Manish_S._Shah.png/330px-Manish_S._Shah.png?utm_source=commons.wikimedia.org&utm_campaign=imageinfo&utm_content=thumbnail,https://commons.wikimedia.org/wiki/File:Manish_S._Shah.png,Public domain,fjc_bulk,
Daniel Dale Crabtree,ksd,district,Barack Obama,Democratic,2014-01-06,2014-04-30,2014-05-01,,2025-08-11,,,day,true,3522,false,false,https://upload.wikimedia.org/wikipedia/commons/thumb/8/8e/Daniel_Crabtree.jpg/330px-Daniel_Crabtree.jpg?utm_source=commons.wikimedia.org&utm_campaign=imageinfo&utm_content=thumbnail,https://commons.wikimedia.org/wiki/File:Daniel_Crabtree.jpg,Public domain,fjc_bulk,
Sheryl Halle Lipman,tnwd,district,Barack Obama,Democratic,2014-01-06,2014-04-30,2014-05-01,,,,,day,true,3523,false,false,https://upload.wikimedia.org/wikipedia/commons/thumb/e/e0/Sheryl_H._Lipman%2C_U.S._District_Court_Judge.jpg/330px-Sheryl_H._Lipman%2C_U.S._District_Court_Judge.jpg?utm_source=commons.wikimedia.org&utm_campaign=imageinfo&utm_content=thumbnail,"https://commons.wikimedia.org/wiki/File:Sheryl_H._Lipman,_U.S._District_Court_Judge.jpg",Public domain,fjc_bulk,
Stanley Allen Bastian,waed,district,Barack Obama,Democratic,2014-01-06,2014-04-30,2014-05-01,,,,,day,true,3525,false,false,https://upload.wikimedia.org/wikipedia/commons/2/2e/StanleyABastian2015.JPG?utm_source=commons.wikimedia.org&utm_campaign=imageinfo&utm_content=thumbnail_unscaled,https://commons.wikimedia.org/wiki/File:StanleyABastian2015.JPG,Public domain,fjc_bulk,
George Jarrod Hazel,mdd,district,Barack Obama,Democratic,2014-01-06,2014-05-01,2014-05-02,,,2023-02-24,Resignation,day,false,3529,,,,,,fjc_bulk,
Theodore David Chuang,mdd,district,Barack Obama,Democratic,2014-01-06,2014-05-01,2014-05-02,,,,,day,true,3528,false,false,https://upload.wikimedia.org/wikipedia/commons/thumb/e/e5/Theodore_Chuang.png/330px-Theodore_Chuang.png?utm_source=commons.wikimedia.org&utm_campaign=imageinfo&utm_content=thumbnail,https://commons.wikimedia.org/wiki/File:Theodore_Chuang.png,Public domain,fjc_bulk,
Jon David Levy,med,district,Barack Obama,Democratic,2014-01-06,2014-04-30,2014-05-02,,2024-05-06,,,day,true,3526,false,false,https://upload.wikimedia.org/wikipedia/commons/thumb/a/a2/Judge_Jon_David_Levy.jpg/330px-Judge_Jon_David_Levy.jpg?utm_source=commons.wikimedia.org&utm_campaign=imageinfo&utm_content=thumbnail,https://commons.wikimedia.org/wiki/File:Judge_Jon_David_Levy.jpg,Public domain,fjc_bulk,
Cynthia Ann Bashant,casd,district,Barack Obama,Democratic,2014-01-06,2014-04-30,2014-05-08,,,,,day,true,3524,false,false,https://upload.wikimedia.org/wikipedia/commons/f/fa/CynthiaAnnBashant2015.JPG?utm_source=commons.wikimedia.org&utm_campaign=imageinfo&utm_content=thumbnail_unscaled,https://commons.wikimedia.org/wiki/File:CynthiaAnnBashant2015.JPG,Public domain,fjc_bulk,
Nancy Jo Rosenstengel,ilsd,district,Barack Obama,Democratic,2014-01-06,2014-05-08,2014-05-12,,,,,day,true,3533,false,false,https://upload.wikimedia.org/wikipedia/commons/thumb/6/6d/Nancy_Rosenstengel.jpg/330px-Nancy_Rosenstengel.jpg?utm_source=commons.wikimedia.org&utm_campaign=imageinfo&utm_content=thumbnail,https://commons.wikimedia.org/wiki/File:Nancy_Rosenstengel.jpg,Public domain,fjc_bulk,
Indira Talwani,mad,district,Barack Obama,Democratic,2014-01-06,2014-05-08,2014-05-12,,,,,day,true,3531,false,false,https://upload.wikimedia.org/wikipedia/commons/0/04/Judge_Indira_Talwani_%28cropped%29.jpg?utm_source=commons.wikimedia.org&utm_campaign=imageinfo&utm_content=thumbnail_unscaled,https://commons.wikimedia.org/wiki/File:Judge_Indira_Talwani_(cropped).jpg,Public domain,fjc_bulk,
James Donald Peterson,wiwd,district,Barack Obama,Democratic,2014-01-06,2014-05-08,2014-05-12,,,,,day,true,3532,false,false,https://upload.wikimedia.org/wikipedia/commons/thumb/2/2e/James_Peterson.jpg/330px-James_Peterson.jpg?utm_source=commons.wikimedia.org&utm_campaign=imageinfo&utm_content=thumbnail,https://commons.wikimedia.org/wiki/File:James_Peterson.jpg,Public domain,fjc_bulk,
Diane Joyce Humetewa,azd,district,Barack Obama,Democratic,2014-01-06,2014-05-14,2014-05-16,,,,,day,true,3536,false,false,https://upload.wikimedia.org/wikipedia/commons/b/b3/Diane_Humetewa.jpg?utm_source=commons.wikimedia.org&utm_campaign=imageinfo&utm_content=thumbnail_unscaled,https://commons.wikimedia.org/wiki/File:Diane_Humetewa.jpg,Public domain,fjc_bulk,
John Joseph Tuchi,azd,district,Barack Obama,Democratic,2014-01-06,2014-05-14,2014-05-16,,,,,day,true,3535,false,false,https://upload.wikimedia.org/wikipedia/commons/8/85/JohnJTuchi2015.JPG?utm_source=commons.wikimedia.org&utm_campaign=imageinfo&utm_content=thumbnail_unscaled,https://commons.wikimedia.org/wiki/File:JohnJTuchi2015.JPG,Public domain,fjc_bulk,
Steven Paul Logan,azd,district,Barack Obama,Democratic,2014-01-06,2014-05-14,2014-05-16,,,,,day,true,3534,false,false,https://upload.wikimedia.org/wikipedia/commons/thumb/5/56/Judge_Steven_Paul_Logan.jpg/330px-Judge_Steven_Paul_Logan.jpg?utm_source=commons.wikimedia.org&utm_campaign=imageinfo&utm_content=thumbnail,https://commons.wikimedia.org/wiki/File:Judge_Steven_Paul_Logan.jpg,CC BY-SA 4.0 — credit: InfoStar,fjc_bulk,
Rosemary Márquez,azd,district,Barack Obama,Democratic,2014-01-06,2014-05-15,2014-05-19,,,,,day,true,3537,false,false,https://upload.wikimedia.org/wikipedia/commons/8/88/RosemaryMarquez2015.JPG?utm_source=commons.wikimedia.org&utm_campaign=imageinfo&utm_content=thumbnail_unscaled,https://commons.wikimedia.org/wiki/File:RosemaryMarquez2015.JPG,Public domain,fjc_bulk,
David Jeremiah Barron,ca1,circuit,Barack Obama,Democratic,2014-01-06,2014-05-22,2014-05-23,,,,,day,true,3540,false,false,https://upload.wikimedia.org/wikipedia/commons/thumb/8/88/David_Jeremiah_Barron.png/330px-David_Jeremiah_Barron.png?utm_source=commons.wikimedia.org&utm_campaign=imageinfo&utm_content=thumbnail,https://commons.wikimedia.org/wiki/File:David_Jeremiah_Barron.png,Public domain,fjc_bulk,
Douglas Leroy Rayes,azd,district,Barack Obama,Democratic,2014-01-06,2014-05-15,2014-05-28,,2024-06-01,,,day,true,3538,false,false,https://upload.wikimedia.org/wikipedia/commons/8/8e/DouglasLRayes2015.JPG?utm_source=commons.wikimedia.org&utm_campaign=imageinfo&utm_content=thumbnail_unscaled,https://commons.wikimedia.org/wiki/File:DouglasLRayes2015.JPG,Public domain,fjc_bulk,
Robin Stacie Rosenbaum,ca11,circuit,Barack Obama,Democratic,2014-01-06,2014-05-12,2014-06-02,,,,,day,true,3437,false,false,https://upload.wikimedia.org/wikipedia/commons/thumb/6/67/Robin_Rosenbaum.jpg/330px-Robin_Rosenbaum.jpg?utm_source=commons.wikimedia.org&utm_campaign=imageinfo&utm_content=thumbnail,https://commons.wikimedia.org/wiki/File:Robin_Rosenbaum.jpg,Public domain,fjc_bulk,
Gregg Jeffrey Costa,ca5,circuit,Barack Obama,Democratic,2014-01-06,2014-05-20,2014-06-02,,,2022-08-31,Resignation,day,false,3425,,,,,,fjc_bulk,
Tanya Sue Chutkan,dcd,district,Barack Obama,Democratic,2014-01-06,2014-06-04,2014-06-05,,,,,day,true,3543,false,false,https://upload.wikimedia.org/wikipedia/commons/thumb/4/47/Tanya_Chutkan%2C_U.S._District_Court_Judge.jpg/330px-Tanya_Chutkan%2C_U.S._District_Court_Judge.jpg?utm_source=commons.wikimedia.org&utm_campaign=imageinfo&utm_content=thumbnail,"https://commons.wikimedia.org/wiki/File:Tanya_Chutkan,_U.S._District_Court_Judge.jpg",Public domain,fjc_bulk,
Mark Gerald Mastroianni,mad,district,Barack Obama,Democratic,2014-01-06,2014-06-04,2014-06-05,,,,,day,true,3541,false,false,https://upload.wikimedia.org/wikipedia/commons/thumb/3/37/Mark_G_Mastroianni.jpg/330px-Mark_G_Mastroianni.jpg?utm_source=commons.wikimedia.org&utm_campaign=imageinfo&utm_content=thumbnail,https://commons.wikimedia.org/wiki/File:Mark_G_Mastroianni.jpg,Public domain,fjc_bulk,
Bruce Howe Hendricks,scd,district,Barack Obama,Democratic,2014-01-06,2014-06-04,2014-06-05,,,,,day,true,3542,false,false,https://upload.wikimedia.org/wikipedia/commons/thumb/b/bf/Robe_B%26W.JPG/330px-Robe_B%26W.JPG?utm_source=commons.wikimedia.org&utm_campaign=imageinfo&utm_content=thumbnail,https://commons.wikimedia.org/wiki/File:Robe_B%26W.JPG,CC BY-SA 4.0 — credit: Djosevbrewer,fjc_bulk,
James Alan Soto,azd,district,Barack Obama,Democratic,2014-01-06,2014-05-15,2014-06-09,,2024-07-01,,,day,true,3539,false,false,https://upload.wikimedia.org/wikipedia/commons/1/11/JamesSoto2015.JPG?utm_source=commons.wikimedia.org&utm_campaign=imageinfo&utm_content=thumbnail_unscaled,https://commons.wikimedia.org/wiki/File:JamesSoto2015.JPG,Public domain,fjc_bulk,
Leo Theodore Sorokin,mad,district,Barack Obama,Democratic,2014-01-06,2014-06-10,2014-06-10,,,,,day,true,3545,false,false,https://upload.wikimedia.org/wikipedia/commons/thumb/1/12/Leo_Sorokin.jpg/330px-Leo_Sorokin.jpg?utm_source=commons.wikimedia.org&utm_campaign=imageinfo&utm_content=thumbnail,https://commons.wikimedia.org/wiki/File:Leo_Sorokin.jpg,Public domain,fjc_bulk,
Richard Franklin Boulware II,nvd,district,Barack Obama,Democratic,2014-01-16,2014-06-10,2014-06-10,,,,,day,true,3546,false,false,https://upload.wikimedia.org/wikipedia/commons/a/a8/RichardBoulware2015.JPG?utm_source=commons.wikimedia.org&utm_campaign=imageinfo&utm_content=thumbnail_unscaled,https://commons.wikimedia.org/wiki/File:RichardBoulware2015.JPG,Public domain,fjc_bulk,
M[ary] Hannah Lauck,vaed,district,Barack Obama,Democratic,2014-01-06,2014-06-10,2014-06-10,,,,,day,true,3544,false,false,https://upload.wikimedia.org/wikipedia/commons/thumb/a/a6/Hannah_Lauck.jpg/330px-Hannah_Lauck.jpg?utm_source=commons.wikimedia.org&utm_campaign=imageinfo&utm_content=thumbnail,https://commons.wikimedia.org/wiki/File:Hannah_Lauck.jpg,Public domain,fjc_bulk,
Darrin Phillip Gayles,flsd,district,Barack Obama,Democratic,2014-02-06,2014-06-17,2014-06-19,,,,,day,true,3549,false,false,https://upload.wikimedia.org/wikipedia/commons/thumb/f/f8/Darrin_Gayles_1.jpg/330px-Darrin_Gayles_1.jpg?utm_source=commons.wikimedia.org&utm_campaign=imageinfo&utm_content=thumbnail,https://commons.wikimedia.org/wiki/File:Darrin_Gayles_1.jpg,Public domain,fjc_bulk,
Staci Michelle Yandle,ilsd,district,Barack Obama,Democratic,2014-01-16,2014-06-17,2014-06-19,,,,,day,true,3548,false,false,https://upload.wikimedia.org/wikipedia/commons/thumb/1/10/Staci_Yandle.jpg/330px-Staci_Yandle.jpg?utm_source=commons.wikimedia.org&utm_campaign=imageinfo&utm_content=thumbnail,https://commons.wikimedia.org/wiki/File:Staci_Yandle.jpg,Public domain,fjc_bulk,
Salvador Mendoza Jr.,waed,district,Barack Obama,Democratic,2014-01-16,2014-06-17,2014-06-19,,,2022-09-16,Appointment to Another Judicial Position,day,false,3547,,,https://upload.wikimedia.org/wikipedia/commons/thumb/1/13/Salvador_Mendoza_Jr._%28Judge%29_%28cropped%29.jpg/330px-Salvador_Mendoza_Jr._%28Judge%29_%28cropped%29.jpg?utm_source=commons.wikimedia.org&utm_campaign=imageinfo&utm_content=thumbnail,https://commons.wikimedia.org/wiki/File:Salvador_Mendoza_Jr._(Judge)_(cropped).jpg,Public domain,fjc_bulk,
Paul Gregory Byron,flmd,district,Barack Obama,Democratic,2014-02-06,2014-06-24,2014-06-24,,,,,day,true,3550,false,false,https://upload.wikimedia.org/wikipedia/commons/thumb/9/91/Paul_G_Byron.png/330px-Paul_G_Byron.png?utm_source=commons.wikimedia.org&utm_campaign=imageinfo&utm_content=thumbnail,https://commons.wikimedia.org/wiki/File:Paul_G_Byron.png,Public domain,fjc_bulk,
Beth Francine Bloom,flsd,district,Barack Obama,Democratic,2014-02-06,2014-06-24,2014-06-25,,,,,day,true,3552,false,false,https://upload.wikimedia.org/wikipedia/commons/thumb/1/13/Beth_Bloom.jpg/330px-Beth_Bloom.jpg?utm_source=commons.wikimedia.org&utm_campaign=imageinfo&utm_content=thumbnail,https://commons.wikimedia.org/wiki/File:Beth_Bloom.jpg,Public domain,fjc_bulk,
Carlos Eduardo Mendoza,flmd,district,Barack Obama,Democratic,2014-02-06,2014-06-24,2014-06-27,,,,,day,true,3551,false,false,https://upload.wikimedia.org/wikipedia/commons/5/57/Carlos_E._Mendoza-portrait.jpg?utm_source=commons.wikimedia.org&utm_campaign=imageinfo&utm_content=thumbnail_unscaled,https://commons.wikimedia.org/wiki/File:Carlos_E._Mendoza-portrait.jpg,Public domain,fjc_bulk,
Cheryl Ann Krause,ca3,circuit,Barack Obama,Democratic,2014-02-06,2014-07-07,2014-07-09,,,,,day,true,3554,false,false,https://upload.wikimedia.org/wikipedia/commons/7/7f/Cheryl_Ann_Krause.jpg?utm_source=commons.wikimedia.org&utm_campaign=imageinfo&utm_content=thumbnail_unscaled,https://commons.wikimedia.org/wiki/File:Cheryl_Ann_Krause.jpg,Public domain,fjc_bulk,
Ronnie Lee White,moed,district,Barack Obama,Democratic,2014-01-06,2014-07-16,2014-07-17,,,2024-07-31,Retirement,day,false,3555,,,,,,fjc_bulk,
John Wheadon deGravelles,lamd,district,Barack Obama,Democratic,2014-03-13,2014-07-22,2014-07-23,,,,,day,true,3558,false,false,https://upload.wikimedia.org/wikipedia/commons/c/c3/John_W._deGravelles.jpg?utm_source=commons.wikimedia.org&utm_campaign=imageinfo&utm_content=thumbnail_unscaled,https://commons.wikimedia.org/wiki/File:John_W._deGravelles.jpg,Public domain,fjc_bulk,
Robin Lee Rosenberg,flsd,district,Barack Obama,Democratic,2014-02-26,2014-07-22,2014-07-24,,,,,day,true,3557,false,false,https://upload.wikimedia.org/wikipedia/commons/thumb/8/80/Robin_L._Rosenberg_%28Judge%29_%28cropped%29.jpg/330px-Robin_L._Rosenberg_%28Judge%29_%28cropped%29.jpg?utm_source=commons.wikimedia.org&utm_campaign=imageinfo&utm_content=thumbnail,https://commons.wikimedia.org/wiki/File:Robin_L._Rosenberg_(Judge)_(cropped).jpg,Public domain,fjc_bulk,
Nancy Louise Moritz,ca10,circuit,Barack Obama,Democratic,2014-01-06,2014-05-05,2014-07-29,,,,,day,true,3530,false,false,https://upload.wikimedia.org/wikipedia/commons/thumb/b/bc/Nancy_Moritz_%28Judge%29_%28cropped%29.jpg/330px-Nancy_Moritz_%28Judge%29_%28cropped%29.jpg?utm_source=commons.wikimedia.org&utm_campaign=imageinfo&utm_content=thumbnail,https://commons.wikimedia.org/wiki/File:Nancy_Moritz_(Judge)_(cropped).jpg,Public domain,fjc_bulk,
Pamela Ann Harris,ca4,circuit,Barack Obama,Democratic,2014-05-08,2014-07-28,2014-07-29,,,,,day,true,3559,false,false,https://upload.wikimedia.org/wikipedia/commons/thumb/5/58/Pamela_Harris_%28Judge%29_%28cropped%29.jpg/330px-Pamela_Harris_%28Judge%29_%28cropped%29.jpg?utm_source=commons.wikimedia.org&utm_campaign=imageinfo&utm_content=thumbnail,https://commons.wikimedia.org/wiki/File:Pamela_Harris_(Judge)_(cropped).jpg,Public domain,fjc_bulk,
Julie E. Carnes,ca11,circuit,Barack Obama,Democratic,2014-01-06,2014-07-21,2014-07-31,,2018-06-18,,,day,true,378,false,false,https://upload.wikimedia.org/wikipedia/commons/thumb/4/49/Julie_Carnes.jpg/330px-Julie_Carnes.jpg?utm_source=commons.wikimedia.org&utm_campaign=imageinfo&utm_content=thumbnail,https://commons.wikimedia.org/wiki/File:Julie_Carnes.jpg,Public domain,fjc_bulk,
Geoffrey William Crawford,vtd,district,Barack Obama,Democratic,2014-05-20,2014-06-24,2014-08-04,,2024-08-09,,,day,true,3553,false,false,https://upload.wikimedia.org/wikipedia/commons/thumb/1/12/Geoffrey_Crawford_%28cropped%29.jpg/330px-Geoffrey_Crawford_%28cropped%29.jpg?utm_source=commons.wikimedia.org&utm_campaign=imageinfo&utm_content=thumbnail,https://commons.wikimedia.org/wiki/File:Geoffrey_Crawford_(cropped).jpg,Public domain,fjc_bulk,
Andre Birotte Jr.,cacd,district,Barack Obama,Democratic,2014-04-03,2014-07-22,2014-08-08,,,,,day,true,3556,false,false,https://upload.wikimedia.org/wikipedia/commons/0/0a/Birotteportrait.jpg?utm_source=commons.wikimedia.org&utm_campaign=imageinfo&utm_content=thumbnail_unscaled,https://commons.wikimedia.org/wiki/File:Birotteportrait.jpg,Public domain,fjc_bulk,
Jill Anne Pryor,ca11,circuit,Barack Obama,Democratic,2014-01-06,2014-09-08,2014-09-09,,,,,day,true,3560,false,false,https://upload.wikimedia.org/wikipedia/commons/thumb/d/dc/Jill_Pryor_%28Judge%29_%28cropped%29.jpg/330px-Jill_Pryor_%28Judge%29_%28cropped%29.jpg?utm_source=commons.wikimedia.org&utm_campaign=imageinfo&utm_content=thumbnail,https://commons.wikimedia.org/wiki/File:Jill_Pryor_(Judge)_(cropped).jpg,Public domain,fjc_bulk,
Randolph Daniel Moss,dcd,district,Barack Obama,Democratic,2014-04-03,2014-11-13,2014-11-14,,,,,day,true,3561,false,false,https://upload.wikimedia.org/wikipedia/commons/thumb/c/c0/Randolph_Moss_%28cropped%29.jpg/330px-Randolph_Moss_%28cropped%29.jpg?utm_source=commons.wikimedia.org&utm_campaign=imageinfo&utm_content=thumbnail,https://commons.wikimedia.org/wiki/File:Randolph_Moss_(cropped).jpg,Public domain,fjc_bulk,
Leigh Martin May,gand,district,Barack Obama,Democratic,2014-01-06,2014-11-13,2014-11-14,,,,,day,true,3562,false,false,https://upload.wikimedia.org/wikipedia/commons/thumb/1/19/Leigh_May.jpg/330px-Leigh_May.jpg?utm_source=commons.wikimedia.org&utm_campaign=imageinfo&utm_content=thumbnail,https://commons.wikimedia.org/wiki/File:Leigh_May.jpg,Public domain,fjc_bulk,
Leslie Abrams Gardner,gamd,district,Barack Obama,Democratic,2014-03-11,2014-11-18,2014-11-20,,,,,day,true,3563,false,false,https://upload.wikimedia.org/wikipedia/commons/thumb/7/7e/Leslie_Abrams_Gardner.jpg/330px-Leslie_Abrams_Gardner.jpg?utm_source=commons.wikimedia.org&utm_campaign=imageinfo&utm_content=thumbnail,https://commons.wikimedia.org/wiki/File:Leslie_Abrams_Gardner.jpg,Public domain,fjc_bulk,
Eleanor Louise Ross,gand,district,Barack Obama,Democratic,2014-01-06,2014-11-18,2014-11-20,,,,,day,true,3565,false,false,https://upload.wikimedia.org/wikipedia/commons/thumb/f/f6/ELR_Robe_Picture.png/330px-ELR_Robe_Picture.png?utm_source=commons.wikimedia.org&utm_campaign=imageinfo&utm_content=thumbnail,https://commons.wikimedia.org/wiki/File:ELR_Robe_Picture.png,CC BY-SA 4.0 — credit: Eleanorlross,fjc_bulk,
Mark Howard Cohen,gand,district,Barack Obama,Democratic,2014-01-06,2014-11-18,2014-11-20,,,,,day,true,3564,false,false,https://upload.wikimedia.org/wikipedia/commons/thumb/6/6d/Mark_Howard_Cohen.png/330px-Mark_Howard_Cohen.png?utm_source=commons.wikimedia.org&utm_campaign=imageinfo&utm_content=thumbnail,https://commons.wikimedia.org/wiki/File:Mark_Howard_Cohen.png,Public domain,fjc_bulk,
Victor Allen Bolden,ctd,district,Barack Obama,Democratic,2014-06-16,2014-11-20,2014-11-21,,,,,day,true,3570,false,false,https://upload.wikimedia.org/wikipedia/commons/thumb/c/cc/Victor_Bolden.jpg/330px-Victor_Bolden.jpg?utm_source=commons.wikimedia.org&utm_campaign=imageinfo&utm_content=thumbnail,https://commons.wikimedia.org/wiki/File:Victor_Bolden.jpg,Public domain,fjc_bulk,
Madeline Cox Arleo,njd,district,Barack Obama,Democratic,2014-06-26,2014-11-20,2014-11-21,,,,,day,true,3568,false,false,https://upload.wikimedia.org/wikipedia/commons/thumb/8/85/Madeline_C_Arleo.png/330px-Madeline_C_Arleo.png?utm_source=commons.wikimedia.org&utm_campaign=imageinfo&utm_content=thumbnail,https://commons.wikimedia.org/wiki/File:Madeline_C_Arleo.png,Public domain,fjc_bulk,
Brenda Kay Sannes,nynd,district,Barack Obama,Democratic,2014-05-08,2014-11-20,2014-11-21,,,,,day,true,3567,false,false,https://upload.wikimedia.org/wikipedia/commons/thumb/e/e8/Brenda_Sannes_1_%28cropped%29.jpg/330px-Brenda_Sannes_1_%28cropped%29.jpg?utm_source=commons.wikimedia.org&utm_campaign=imageinfo&utm_content=thumbnail,https://commons.wikimedia.org/wiki/File:Brenda_Sannes_1_(cropped).jpg,Public domain,fjc_bulk,
Wendy Beetlestone,paed,district,Barack Obama,Democratic,2014-06-16,2014-11-20,2014-11-21,,,,,day,true,3569,false,false,https://upload.wikimedia.org/wikipedia/commons/thumb/c/c4/Judge_Wendy_Beetlestone.png/330px-Judge_Wendy_Beetlestone.png?utm_source=commons.wikimedia.org&utm_campaign=imageinfo&utm_content=thumbnail,https://commons.wikimedia.org/wiki/File:Judge_Wendy_Beetlestone.png,Public domain,fjc_bulk,
Gerald John Pappert,paed,district,Barack Obama,Democratic,2014-06-16,2014-12-03,2014-12-04,,,,,day,true,3573,false,false,https://upload.wikimedia.org/wikipedia/commons/thumb/a/a3/Gerald_John_Pappert.jpg/330px-Gerald_John_Pappert.jpg?utm_source=commons.wikimedia.org&utm_campaign=imageinfo&utm_content=thumbnail,https://commons.wikimedia.org/wiki/File:Gerald_John_Pappert.jpg,Public domain,fjc_bulk,
Mark A. Kearney,paed,district,Barack Obama,Democratic,2014-06-16,2014-12-03,2014-12-04,,,,,day,true,3572,false,false,,,,fjc_bulk,
Gregory N. Stivers,kywd,district,Barack Obama,Democratic,2014-06-19,2014-12-04,2014-12-05,,,,,day,true,3575,false,false,https://upload.wikimedia.org/wikipedia/commons/thumb/9/95/Gregory_Stivers.jpg/330px-Gregory_Stivers.jpg?utm_source=commons.wikimedia.org&utm_campaign=imageinfo&utm_content=thumbnail,https://commons.wikimedia.org/wiki/File:Gregory_Stivers.jpg,Public domain,fjc_bulk,
Joseph F. Leeson Jr.,paed,district,Barack Obama,Democratic,2014-06-16,2014-12-04,2014-12-05,,,,,day,true,3574,false,false,https://upload.wikimedia.org/wikipedia/commons/thumb/d/d5/Joseph_Lesson_Jr.jpg/330px-Joseph_Lesson_Jr.jpg?utm_source=commons.wikimedia.org&utm_campaign=imageinfo&utm_content=thumbnail,https://commons.wikimedia.org/wiki/File:Joseph_Lesson_Jr.jpg,Public domain,fjc_bulk,
Pamela Pepper,wied,district,Barack Obama,Democratic,2014-05-01,2014-11-20,2014-12-08,,,,,day,true,3566,false,false,https://upload.wikimedia.org/wikipedia/commons/thumb/9/95/Pamela_Pepper_2020_%28cropped%29.jpg/330px-Pamela_Pepper_2020_%28cropped%29.jpg?utm_source=commons.wikimedia.org&utm_campaign=imageinfo&utm_content=thumbnail,https://commons.wikimedia.org/wiki/File:Pamela_Pepper_2020_(cropped).jpg,Public domain,fjc_bulk,
David Jason Hale,kywd,district,Barack Obama,Democratic,2014-06-19,2014-12-03,2014-12-10,,,,,day,true,3571,false,false,https://upload.wikimedia.org/wikipedia/commons/3/35/David_J._Hale.jpg?utm_source=commons.wikimedia.org&utm_campaign=imageinfo&utm_content=thumbnail_unscaled,https://commons.wikimedia.org/wiki/File:David_J._Hale.jpg,Public domain,fjc_bulk,
Haywood Stirling Gilliam Jr.,cand,district,Barack Obama,Democratic,2014-09-08,2014-12-16,2014-12-19,,,,,day,true,3583,false,false,https://upload.wikimedia.org/wikipedia/commons/thumb/3/3b/Haywood_S._Gilliam_Jr.%2C_U.S._District_Court_Judge.jpg/330px-Haywood_S._Gilliam_Jr.%2C_U.S._District_Court_Judge.jpg?utm_source=commons.wikimedia.org&utm_campaign=imageinfo&utm_content=thumbnail,"https://commons.wikimedia.org/wiki/File:Haywood_S._Gilliam_Jr.,_U.S._District_Court_Judge.jpg",Public domain,fjc_bulk,
Amit Priyavadan Mehta,dcd,district,Barack Obama,Democratic,2014-07-31,2014-12-16,2014-12-19,,,,,day,true,3585,false,false,https://upload.wikimedia.org/wikipedia/commons/c/c0/JudgeMehta102715_crop.jpg?utm_source=commons.wikimedia.org&utm_campaign=imageinfo&utm_content=thumbnail_unscaled,https://commons.wikimedia.org/wiki/File:JudgeMehta102715_crop.jpg,Public domain,fjc_bulk,
John Robert Blakey,ilnd,district,Barack Obama,Democratic,2014-08-05,2014-12-16,2014-12-19,,,,,day,true,3579,false,false,https://upload.wikimedia.org/wikipedia/commons/thumb/6/61/Blakeyofficialphoto.jpg/330px-Blakeyofficialphoto.jpg?utm_source=commons.wikimedia.org&utm_campaign=imageinfo&utm_content=thumbnail,https://commons.wikimedia.org/wiki/File:Blakeyofficialphoto.jpg,Public domain,fjc_bulk,
Jorge Luis Alonso,ilnd,district,Barack Obama,Democratic,2014-08-05,2014-12-16,2014-12-19,,,,,day,true,3576,false,false,https://upload.wikimedia.org/wikipedia/commons/thumb/a/ad/Jorge_Luis_Alonso.png/330px-Jorge_Luis_Alonso.png?utm_source=commons.wikimedia.org&utm_campaign=imageinfo&utm_content=thumbnail,https://commons.wikimedia.org/wiki/File:Jorge_Luis_Alonso.png,Public domain,fjc_bulk,
Allison Dale Burroughs,mad,district,Barack Obama,Democratic,2014-07-31,2014-12-16,2014-12-19,,,,,day,true,3581,false,false,https://upload.wikimedia.org/wikipedia/commons/thumb/a/ac/Allison_Burroughs.png/330px-Allison_Burroughs.png?utm_source=commons.wikimedia.org&utm_campaign=imageinfo&utm_content=thumbnail,https://commons.wikimedia.org/wiki/File:Allison_Burroughs.png,Public domain,fjc_bulk,
Stephen Rogers Bough,mowd,district,Barack Obama,Democratic,2014-01-16,2014-12-16,2014-12-19,,,,,day,true,3580,false,false,https://upload.wikimedia.org/wikipedia/commons/7/72/Judge_S._Bough.jpg?utm_source=commons.wikimedia.org&utm_campaign=imageinfo&utm_content=thumbnail_unscaled,https://commons.wikimedia.org/wiki/File:Judge_S._Bough.jpg,Public domain,fjc_bulk,
Loretta Copeland Biggs,ncmd,district,Barack Obama,Democratic,2014-09-18,2014-12-16,2014-12-19,,2024-12-31,,,day,true,3578,false,false,https://upload.wikimedia.org/wikipedia/commons/thumb/f/f6/Loretta_Biggs.jpg/330px-Loretta_Biggs.jpg?utm_source=commons.wikimedia.org&utm_campaign=imageinfo&utm_content=thumbnail,https://commons.wikimedia.org/wiki/File:Loretta_Biggs.jpg,Public domain,fjc_bulk,
Joan Marie Azrack,nyed,district,Barack Obama,Democratic,2014-09-18,2014-12-16,2014-12-19,,2024-12-19,,,day,true,3577,false,false,https://upload.wikimedia.org/wikipedia/commons/thumb/d/dc/Joan_Marie_Azrack.png/330px-Joan_Marie_Azrack.png?utm_source=commons.wikimedia.org&utm_campaign=imageinfo&utm_content=thumbnail,https://commons.wikimedia.org/wiki/File:Joan_Marie_Azrack.png,Public domain,fjc_bulk,
Amos Louis Mazzant III,txed,district,Barack Obama,Democratic,2014-06-26,2014-12-16,2014-12-19,,,,,day,true,3584,false,false,https://upload.wikimedia.org/wikipedia/commons/thumb/5/5b/Amos_Mazzant.jpg/330px-Amos_Mazzant.jpg?utm_source=commons.wikimedia.org&utm_campaign=imageinfo&utm_content=thumbnail,https://commons.wikimedia.org/wiki/File:Amos_Mazzant.jpg,Public domain,fjc_bulk,
Robert William Schroeder III,txed,district,Barack Obama,Democratic,2014-06-26,2014-12-16,2014-12-19,,,,,day,true,3587,false,false,https://upload.wikimedia.org/wikipedia/commons/thumb/9/9f/Robert_Schroeder.jpg/330px-Robert_Schroeder.jpg?utm_source=commons.wikimedia.org&utm_campaign=imageinfo&utm_content=thumbnail,https://commons.wikimedia.org/wiki/File:Robert_Schroeder.jpg,Public domain,fjc_bulk,
Robert Lee Pitman,txwd,district,Barack Obama,Democratic,2014-06-26,2014-12-16,2014-12-19,,,,,day,true,3586,false,false,https://upload.wikimedia.org/wikipedia/commons/a/ab/Robert_L_Pitman_US_Attorney.jpg?utm_source=commons.wikimedia.org&utm_campaign=imageinfo&utm_content=thumbnail_unscaled,https://commons.wikimedia.org/wiki/File:Robert_L_Pitman_US_Attorney.jpg,Public domain,fjc_bulk,
Elizabeth Kay Dillon,vawd,district,Barack Obama,Democratic,2014-09-18,2014-12-16,2014-12-19,,,,,day,true,3582,false,false,https://upload.wikimedia.org/wikipedia/commons/thumb/0/07/Elizabeth_Dillon.jpg/330px-Elizabeth_Dillon.jpg?utm_source=commons.wikimedia.org&utm_campaign=imageinfo&utm_content=thumbnail,https://commons.wikimedia.org/wiki/File:Elizabeth_Dillon.jpg,Public domain,fjc_bulk,
Alfred Homer Bennett,txsd,district,Barack Obama,Democratic,2015-01-07,2015-04-13,2015-04-15,,,,,day,true,3588,false,false,https://upload.wikimedia.org/wikipedia/commons/9/9b/Alfred_H_Bennett.jpg?utm_source=commons.wikimedia.org&utm_campaign=imageinfo&utm_content=thumbnail_unscaled,https://commons.wikimedia.org/wiki/File:Alfred_H_Bennett.jpg,Public domain,fjc_bulk,
George Carol Hanks Jr.,txsd,district,Barack Obama,Democratic,2015-01-07,2015-04-20,2015-04-22,,,,,day,true,3589,false,false,https://upload.wikimedia.org/wikipedia/commons/3/39/Judgegeorgehanks.png?utm_source=commons.wikimedia.org&utm_campaign=imageinfo&utm_content=thumbnail_unscaled,https://commons.wikimedia.org/wiki/File:Judgegeorgehanks.png,Public domain,fjc_bulk,
Kara Farnandez Stoll,cafc,circuit,Barack Obama,Democratic,2015-01-07,2015-07-07,2015-07-08,,,,,day,true,3592,false,false,https://upload.wikimedia.org/wikipedia/commons/thumb/a/a5/Kara_F._Stoll_%28cropped%29.jpg/330px-Kara_F._Stoll_%28cropped%29.jpg?utm_source=commons.wikimedia.org&utm_campaign=imageinfo&utm_content=thumbnail,https://commons.wikimedia.org/wiki/File:Kara_F._Stoll_(cropped).jpg,Public domain,fjc_bulk,
Jose Rolando Olvera Jr.,txsd,district,Barack Obama,Democratic,2015-01-07,2015-05-21,2015-08-04,,,,,day,true,3591,false,false,https://upload.wikimedia.org/wikipedia/commons/thumb/8/85/Jose_Olvera_Jr.jpg/330px-Jose_Olvera_Jr.jpg?utm_source=commons.wikimedia.org&utm_campaign=imageinfo&utm_content=thumbnail,https://commons.wikimedia.org/wiki/File:Jose_Olvera_Jr.jpg,Public domain,fjc_bulk,
Jill N. Parrish,utd,district,Barack Obama,Democratic,2015-01-07,2015-05-21,2015-08-17,,,,,day,true,3590,false,false,https://upload.wikimedia.org/wikipedia/commons/thumb/5/54/Jill_Parrish.jpg/330px-Jill_Parrish.jpg?utm_source=commons.wikimedia.org&utm_campaign=imageinfo&utm_content=thumbnail,https://commons.wikimedia.org/wiki/File:Jill_Parrish.jpg,Public domain,fjc_bulk,
Roseann Ambrosia Ketchmark,mowd,district,Barack Obama,Democratic,2015-01-07,2015-09-08,2015-09-14,,,,,day,true,3593,false,false,https://upload.wikimedia.org/wikipedia/commons/thumb/4/4f/JudgeKetchmark.jpg/330px-JudgeKetchmark.jpg?utm_source=commons.wikimedia.org&utm_campaign=imageinfo&utm_content=thumbnail,https://commons.wikimedia.org/wiki/File:JudgeKetchmark.jpg,Public domain,fjc_bulk,
Ann Marie Donnelly,nyed,district,Barack Obama,Democratic,2015-01-07,2015-10-20,2015-10-21,,,,,day,true,3595,false,false,https://upload.wikimedia.org/wikipedia/commons/thumb/8/84/Ann_Donnelly.jpg/330px-Ann_Donnelly.jpg?utm_source=commons.wikimedia.org&utm_campaign=imageinfo&utm_content=thumbnail,https://commons.wikimedia.org/wiki/File:Ann_Donnelly.jpg,Public domain,fjc_bulk,
Lawrence Joseph Vilardo,nywd,district,Barack Obama,Democratic,2015-02-04,2015-10-26,2015-10-29,,,,,day,true,3596,false,false,https://upload.wikimedia.org/wikipedia/commons/thumb/c/c3/Lawrence_Vilardo.jpg/330px-Lawrence_Vilardo.jpg?utm_source=commons.wikimedia.org&utm_campaign=imageinfo&utm_content=thumbnail,https://commons.wikimedia.org/wiki/File:Lawrence_Vilardo.jpg,Public domain,fjc_bulk,
Dale Alan Drozd,caed,district,Barack Obama,Democratic,2015-01-07,2015-10-05,2015-11-02,,,,,day,true,3594,false,false,https://upload.wikimedia.org/wikipedia/commons/2/20/Dale-Drozd.jpg?utm_source=commons.wikimedia.org&utm_campaign=imageinfo&utm_content=thumbnail_unscaled,https://commons.wikimedia.org/wiki/File:Dale-Drozd.jpg,Public domain,fjc_bulk,
LaShann Moutique DeArcy Hall,nyed,district,Barack Obama,Democratic,2015-01-07,2015-11-16,2015-11-17,,,,,day,true,3597,false,false,https://upload.wikimedia.org/wikipedia/commons/thumb/2/2c/LaShann_DeArcy_Hall.jpg/330px-LaShann_DeArcy_Hall.jpg?utm_source=commons.wikimedia.org&utm_campaign=imageinfo&utm_content=thumbnail,https://commons.wikimedia.org/wiki/File:LaShann_DeArcy_Hall.jpg,Public domain,fjc_bulk,
Travis Randall McDonough,tned,district,Barack Obama,Democratic,2015-01-07,2015-12-07,2015-12-10,,,,,day,true,3598,false,false,https://upload.wikimedia.org/wikipedia/commons/thumb/5/5d/Travis_Randall_McDonough.jpg/330px-Travis_Randall_McDonough.jpg?utm_source=commons.wikimedia.org&utm_campaign=imageinfo&utm_content=thumbnail,https://commons.wikimedia.org/wiki/File:Travis_Randall_McDonough.jpg,CC BY-SA 4.0 — credit: TupeloBilly,fjc_bulk,
Luis Felipe Restrepo,ca3,circuit,Barack Obama,Democratic,2015-01-07,2016-01-11,2016-01-13,,,,,day,true,3482,false,false,https://upload.wikimedia.org/wikipedia/commons/thumb/f/f2/L._Felipe_Restrepo.jpg/330px-L._Felipe_Restrepo.jpg?utm_source=commons.wikimedia.org&utm_campaign=imageinfo&utm_content=thumbnail,https://commons.wikimedia.org/wiki/File:L._Felipe_Restrepo.jpg,Public domain,fjc_bulk,
John Michael Vazquez,njd,district,Barack Obama,Democratic,2015-03-26,2016-01-27,2016-01-29,,,2023-09-08,Resignation,day,false,3600,,,,,,fjc_bulk,
Leonard Terry Strand,iand,district,Barack Obama,Democratic,2015-07-21,2016-02-11,2016-02-12,,,,,day,true,3602,false,false,https://upload.wikimedia.org/wikipedia/commons/thumb/9/9e/Leonard_Terry_Strand.jpg/330px-Leonard_Terry_Strand.jpg?utm_source=commons.wikimedia.org&utm_campaign=imageinfo&utm_content=thumbnail,https://commons.wikimedia.org/wiki/File:Leonard_Terry_Strand.jpg,Public domain,fjc_bulk,
Rebecca Goodgame Ebinger,iasd,district,Barack Obama,Democratic,2015-09-15,2016-02-08,2016-02-16,,,,,day,true,3601,false,false,https://upload.wikimedia.org/wikipedia/commons/thumb/7/79/Rebecca_Goodgame_Ebinger.jpg/330px-Rebecca_Goodgame_Ebinger.jpg?utm_source=commons.wikimedia.org&utm_campaign=imageinfo&utm_content=thumbnail,https://commons.wikimedia.org/wiki/File:Rebecca_Goodgame_Ebinger.jpg,Public domain,fjc_bulk,
Wilhelmina Marie Wright,mnd,district,Barack Obama,Democratic,2015-04-15,2016-01-19,2016-02-18,,2024-02-15,,,day,true,3599,false,false,https://upload.wikimedia.org/wikipedia/commons/thumb/1/14/Wilhelmina_Wright.jpg/330px-Wilhelmina_Wright.jpg?utm_source=commons.wikimedia.org&utm_campaign=imageinfo&utm_content=thumbnail,https://commons.wikimedia.org/wiki/File:Wilhelmina_Wright.jpg,CC BY 2.0 — credit: Mark Dayton,fjc_bulk,
Waverly David Crenshaw Jr.,tnmd,district,Barack Obama,Democratic,2015-02-04,2016-04-11,2016-04-12,,,,,day,true,3603,false,false,https://upload.wikimedia.org/wikipedia/commons/thumb/f/f3/Waverly_D._Crenshaw_Jr_%28cropped%29.jpg/330px-Waverly_D._Crenshaw_Jr_%28cropped%29.jpg?utm_source=commons.wikimedia.org&utm_campaign=imageinfo&utm_content=thumbnail,https://commons.wikimedia.org/wiki/File:Waverly_D._Crenshaw_Jr_(cropped).jpg,Public domain,fjc_bulk,
Paula Xinis,mdd,district,Barack Obama,Democratic,2015-03-26,2016-05-16,2016-05-18,,,,,day,true,3604,false,false,https://upload.wikimedia.org/wikipedia/commons/thumb/2/28/Paula_Xinis_-_Judge.jpg/330px-Paula_Xinis_-_Judge.jpg?utm_source=commons.wikimedia.org&utm_campaign=imageinfo&utm_content=thumbnail,https://commons.wikimedia.org/wiki/File:Paula_Xinis_-_Judge.jpg,Public domain,fjc_bulk,
Jennifer Choe Groves,cit,specialized,Barack Obama,Democratic,2015-07-30,2016-06-06,2016-06-08,,,,,day,true,3605,false,false,https://upload.wikimedia.org/wikipedia/commons/f/f5/Jennifer_Choe_Groves_Photo.jpg?utm_source=commons.wikimedia.org&utm_campaign=imageinfo&utm_content=thumbnail_unscaled,https://commons.wikimedia.org/wiki/File:Jennifer_Choe_Groves_Photo.jpg,CC BY-SA 4.0 — credit: CDKang,fjc_bulk,
Robert F. Rossiter Jr.,ned,district,Barack Obama,Democratic,2015-06-11,2016-06-27,2016-06-29,,,,,day,true,3607,false,false,https://upload.wikimedia.org/wikipedia/commons/thumb/a/ae/Robert_Rossiter_Jr.jpg/330px-Robert_Rossiter_Jr.jpg?utm_source=commons.wikimedia.org&utm_campaign=imageinfo&utm_content=thumbnail,https://commons.wikimedia.org/wiki/File:Robert_Rossiter_Jr.jpg,Public domain,fjc_bulk,
Brian R. Martinotti,njd,district,Barack Obama,Democratic,2015-06-11,2016-07-06,2016-07-11,,,,,day,true,3608,false,false,https://upload.wikimedia.org/wikipedia/commons/thumb/c/c9/Brian_Martinotti.jpg/330px-Brian_Martinotti.jpg?utm_source=commons.wikimedia.org&utm_campaign=imageinfo&utm_content=thumbnail,https://commons.wikimedia.org/wiki/File:Brian_Martinotti.jpg,Public domain,fjc_bulk,
Gary S. Katzmann,cit,specialized,Barack Obama,Democratic,2015-07-30,2016-06-06,2016-09-15,,,,,day,true,3606,false,false,https://upload.wikimedia.org/wikipedia/commons/thumb/3/35/Judge_Gary_Stephen_Katzmann.png/330px-Judge_Gary_Stephen_Katzmann.png?utm_source=commons.wikimedia.org&utm_campaign=imageinfo&utm_content=thumbnail,https://commons.wikimedia.org/wiki/File:Judge_Gary_Stephen_Katzmann.png,Public domain,fjc_bulk,
Neil M. Gorsuch,scotus,scotus,Donald J. Trump,Republican,2017-02-01,2017-04-07,2017-04-08,,,,,day,true,3125,true,false,https://upload.wikimedia.org/wikipedia/commons/thumb/9/97/Associate_Justice_Neil_Gorsuch_Official_Portrait.jpg/330px-Associate_Justice_Neil_Gorsuch_Official_Portrait.jpg?utm_source=commons.wikimedia.org&utm_campaign=imageinfo&utm_content=thumbnail,https://commons.wikimedia.org/wiki/File:Associate_Justice_Neil_Gorsuch_Official_Portrait.jpg,Public domain,fjc_bulk,
Amul Roger Thapar,ca6,circuit,Donald J. Trump,Republican,2017-03-21,2017-05-25,2017-05-25,,,,,day,true,3166,true,false,https://upload.wikimedia.org/wikipedia/commons/thumb/7/79/Amul_Thapar.jpg/330px-Amul_Thapar.jpg?utm_source=commons.wikimedia.org&utm_campaign=imageinfo&utm_content=thumbnail,https://commons.wikimedia.org/wiki/File:Amul_Thapar.jpg,Public domain,fjc_bulk,
David Charles Nye,idd,district,Donald J. Trump,Republican,2017-05-08,2017-07-12,2017-07-12,,,,,day,true,3015971,false,false,https://upload.wikimedia.org/wikipedia/commons/b/b4/Judge_David_Nye_official_photo.jpg?utm_source=commons.wikimedia.org&utm_campaign=imageinfo&utm_content=thumbnail_unscaled,https://commons.wikimedia.org/wiki/File:Judge_David_Nye_official_photo.jpg,Public domain,fjc_bulk,
John Kenneth Bush,ca6,circuit,Donald J. Trump,Republican,2017-05-08,2017-07-20,2017-07-21,,,,,day,true,3114866,true,false,https://upload.wikimedia.org/wikipedia/commons/thumb/b/bc/John_Kenneth_Bush.png/330px-John_Kenneth_Bush.png?utm_source=commons.wikimedia.org&utm_campaign=imageinfo&utm_content=thumbnail,https://commons.wikimedia.org/wiki/File:John_Kenneth_Bush.png,Public domain,fjc_bulk,
Kevin Christopher Newsom,ca11,circuit,Donald J. Trump,Republican,2017-05-08,2017-08-01,2017-08-02,,,,,day,true,3267886,true,false,https://upload.wikimedia.org/wikipedia/commons/thumb/3/31/Kevin_Christopher_Newsom_%28cropped%29.jpg/330px-Kevin_Christopher_Newsom_%28cropped%29.jpg?utm_source=commons.wikimedia.org&utm_campaign=imageinfo&utm_content=thumbnail,https://commons.wikimedia.org/wiki/File:Kevin_Christopher_Newsom_(cropped).jpg,Public domain,fjc_bulk,
Timothy James Kelly,dcd,district,Donald J. Trump,Republican,2017-06-07,2017-09-05,2017-09-08,,,,,day,true,3687506,true,false,https://upload.wikimedia.org/wikipedia/commons/thumb/0/07/Timothy_Kelly_%28Judge%29_%28cropped%29.jpg/330px-Timothy_Kelly_%28Judge%29_%28cropped%29.jpg?utm_source=commons.wikimedia.org&utm_campaign=imageinfo&utm_content=thumbnail,https://commons.wikimedia.org/wiki/File:Timothy_Kelly_(Judge)_(cropped).jpg,Public domain,fjc_bulk,
Ralph R. Erickson,ca8,circuit,Donald J. Trump,Republican,2017-06-07,2017-09-28,2017-10-12,,,,,day,true,2983,false,false,https://upload.wikimedia.org/wikipedia/commons/0/09/Erickson2017.jpg?utm_source=commons.wikimedia.org&utm_campaign=imageinfo&utm_content=thumbnail_unscaled,https://commons.wikimedia.org/wiki/File:Erickson2017.jpg,Public domain,fjc_bulk,
Trevor Neil McFadden,dcd,district,Donald J. Trump,Republican,2017-06-07,2017-10-30,2017-10-31,,,,,day,true,3975196,true,false,https://upload.wikimedia.org/wikipedia/commons/thumb/9/95/Trevor_N._McFadden%2C_U.S._District_Court_Judge.jpg/330px-Trevor_N._McFadden%2C_U.S._District_Court_Judge.jpg?utm_source=commons.wikimedia.org&utm_campaign=imageinfo&utm_content=thumbnail,"https://commons.wikimedia.org/wiki/File:Trevor_N._McFadden,_U.S._District_Court_Judge.jpg",Public domain,fjc_bulk,
Scott Lawrence Palk,okwd,district,Donald J. Trump,Republican,2017-05-08,2017-10-26,2017-10-31,,,,,day,true,3951691,false,false,https://upload.wikimedia.org/wikipedia/commons/thumb/5/5d/Scott_L._Palk_%28cropped%29.jpg/330px-Scott_L._Palk_%28cropped%29.jpg?utm_source=commons.wikimedia.org&utm_campaign=imageinfo&utm_content=thumbnail,https://commons.wikimedia.org/wiki/File:Scott_L._Palk_(cropped).jpg,Public domain,fjc_bulk,
Joan Louise Larsen,ca6,circuit,Donald J. Trump,Republican,2017-05-08,2017-11-01,2017-11-02,,,,,day,true,3984221,true,false,https://upload.wikimedia.org/wikipedia/commons/thumb/b/bf/Joan_L._Larsen_%28cropped%29.jpg/330px-Joan_L._Larsen_%28cropped%29.jpg?utm_source=commons.wikimedia.org&utm_campaign=imageinfo&utm_content=thumbnail,https://commons.wikimedia.org/wiki/File:Joan_L._Larsen_(cropped).jpg,Public domain,fjc_bulk,
Amy Coney Barrett,ca7,circuit,Donald J. Trump,Republican,2017-05-08,2017-10-31,2017-11-02,,,2020-10-26,Appointment to Another Judicial Position,day,false,3979311,,,https://upload.wikimedia.org/wikipedia/commons/thumb/f/f2/Amy_Coney_Barrett_official_portrait.jpg/330px-Amy_Coney_Barrett_official_portrait.jpg?utm_source=commons.wikimedia.org&utm_campaign=imageinfo&utm_content=thumbnail,https://commons.wikimedia.org/wiki/File:Amy_Coney_Barrett_official_portrait.jpg,Public domain,fjc_bulk,
Allison Hartwell Eid,ca10,circuit,Donald J. Trump,Republican,2017-06-07,2017-11-02,2017-11-03,,,,,day,true,3989726,true,false,https://upload.wikimedia.org/wikipedia/commons/thumb/f/f3/Allison_H._Eid_%28cropped%29.jpg/330px-Allison_H._Eid_%28cropped%29.jpg?utm_source=commons.wikimedia.org&utm_campaign=imageinfo&utm_content=thumbnail,https://commons.wikimedia.org/wiki/File:Allison_H._Eid_(cropped).jpg,Public domain,fjc_bulk,
Stephanos Bibas,ca3,circuit,Donald J. Trump,Republican,2017-06-19,2017-11-02,2017-11-20,,,,,day,true,3989731,true,false,https://upload.wikimedia.org/wikipedia/commons/thumb/b/b1/Stephanos_Bibas.png/330px-Stephanos_Bibas.png?utm_source=commons.wikimedia.org&utm_campaign=imageinfo&utm_content=thumbnail,https://commons.wikimedia.org/wiki/File:Stephanos_Bibas.png,Public domain,fjc_bulk,
Donald Cecil Coggins Jr.,scd,district,Donald J. Trump,Republican,2017-08-03,2017-11-16,2017-11-20,,,,,day,true,4020796,false,false,https://upload.wikimedia.org/wikipedia/commons/thumb/4/45/Donald_Coggins_Jr_%28cropped%29.jpg/330px-Donald_Coggins_Jr_%28cropped%29.jpg?utm_source=commons.wikimedia.org&utm_campaign=imageinfo&utm_content=thumbnail,https://commons.wikimedia.org/wiki/File:Donald_Coggins_Jr_(cropped).jpg,Public domain,fjc_bulk,
Dabney Langhorne Friedrich,dcd,district,Donald J. Trump,Republican,2017-06-07,2017-11-27,2017-12-01,,,,,day,true,4022586,false,false,https://upload.wikimedia.org/wikipedia/commons/9/99/Dabney_Friedrich.jpg?utm_source=commons.wikimedia.org&utm_campaign=imageinfo&utm_content=thumbnail_unscaled,https://commons.wikimedia.org/wiki/File:Dabney_Friedrich.jpg,Public domain,fjc_bulk,
Gregory George Katsas,cadc,circuit,Donald J. Trump,Republican,2017-09-07,2017-11-28,2017-12-08,,,,,day,true,4022736,true,false,https://upload.wikimedia.org/wikipedia/commons/5/5e/Greg_Katsas.jpg?utm_source=commons.wikimedia.org&utm_campaign=imageinfo&utm_content=thumbnail_unscaled,https://commons.wikimedia.org/wiki/File:Greg_Katsas.jpg,Public domain,fjc_bulk,
Don R. Willett,ca5,circuit,Donald J. Trump,Republican,2017-10-03,2017-12-13,2018-01-02,,,,,day,true,4025356,true,false,https://upload.wikimedia.org/wikipedia/commons/thumb/1/14/Don_Willett_%287004180446%29.jpg/330px-Don_Willett_%287004180446%29.jpg?utm_source=commons.wikimedia.org&utm_campaign=imageinfo&utm_content=thumbnail,https://commons.wikimedia.org/wiki/File:Don_Willett_(7004180446).jpg,"CC BY-SA 2.0 — credit: Gage Skidmore from Peoria, AZ, United States of America",fjc_bulk,
Leonard Steven Grasz,ca8,circuit,Donald J. Trump,Republican,2017-08-03,2017-12-12,2018-01-03,,,,,day,true,4025236,false,false,https://upload.wikimedia.org/wikipedia/commons/thumb/2/2f/L._Steven_Grasz.jpg/330px-L._Steven_Grasz.jpg?utm_source=commons.wikimedia.org&utm_campaign=imageinfo&utm_content=thumbnail,https://commons.wikimedia.org/wiki/File:L._Steven_Grasz.jpg,CC BY-SA 4.0 — credit: Cornstalker,fjc_bulk,
James C. Ho,ca5,circuit,Donald J. Trump,Republican,2017-10-16,2017-12-14,2018-01-04,,,,,day,true,4025386,true,false,https://upload.wikimedia.org/wikipedia/commons/thumb/5/55/James_Ho_%28Judge%29_%28cropped%29.jpg/330px-James_Ho_%28Judge%29_%28cropped%29.jpg?utm_source=commons.wikimedia.org&utm_campaign=imageinfo&utm_content=thumbnail,https://commons.wikimedia.org/wiki/File:James_Ho_(Judge)_(cropped).jpg,Public domain,fjc_bulk,
William Lynn Campbell Jr.,tnmd,district,Donald J. Trump,Republican,2017-07-13,2018-01-09,2018-01-12,,,,,day,true,4027846,false,false,https://upload.wikimedia.org/wikipedia/commons/thumb/6/6f/William_L_Campbell_Jr.png/330px-William_L_Campbell_Jr.png?utm_source=commons.wikimedia.org&utm_campaign=imageinfo&utm_content=thumbnail,https://commons.wikimedia.org/wiki/File:William_L_Campbell_Jr.png,Public domain,fjc_bulk,
Michael Lawrence Brown,gand,district,Donald J. Trump,Republican,2017-07-13,2018-01-11,2018-01-17,,,,,day,true,4028216,false,false,https://upload.wikimedia.org/wikipedia/commons/thumb/d/d1/Michael_L._Brown_%28judge%29.png/330px-Michael_L._Brown_%28judge%29.png?utm_source=commons.wikimedia.org&utm_campaign=imageinfo&utm_content=thumbnail,https://commons.wikimedia.org/wiki/File:Michael_L._Brown_(judge).png,Public domain,fjc_bulk,
Walter David Counts III,txwd,district,Donald J. Trump,Republican,2017-09-11,2018-01-11,2018-01-17,,,,,day,true,4028221,false,false,https://upload.wikimedia.org/wikipedia/commons/thumb/4/40/David_Counts_III_%28cropped%29.jpg/330px-David_Counts_III_%28cropped%29.jpg?utm_source=commons.wikimedia.org&utm_campaign=imageinfo&utm_content=thumbnail,https://commons.wikimedia.org/wiki/File:David_Counts_III_(cropped).jpg,Public domain,fjc_bulk,
Thomas Lee Robinson Parker,tnwd,district,Donald J. Trump,Republican,2017-07-13,2018-01-10,2018-01-30,,,,,day,true,4028131,false,false,https://upload.wikimedia.org/wikipedia/commons/thumb/a/a4/Thomas_Lee_R._Parker_%28cropped%29.jpg/330px-Thomas_Lee_R._Parker_%28cropped%29.jpg?utm_source=commons.wikimedia.org&utm_campaign=imageinfo&utm_content=thumbnail,https://commons.wikimedia.org/wiki/File:Thomas_Lee_R._Parker_(cropped).jpg,Public domain,fjc_bulk,
David Ryan Stras,ca8,circuit,Donald J. Trump,Republican,2018-01-08,2018-01-30,2018-01-31,,,,,day,true,4097796,true,false,https://upload.wikimedia.org/wikipedia/commons/thumb/0/07/Judge_David_Stras.png/330px-Judge_David_Stras.png?utm_source=commons.wikimedia.org&utm_campaign=imageinfo&utm_content=thumbnail,https://commons.wikimedia.org/wiki/File:Judge_David_Stras.png,Public domain,fjc_bulk,
A. Marvin Quattlebaum Jr.,scd,district,Donald J. Trump,Republican,2017-08-03,2018-03-01,2018-03-06,,,2018-09-06,Appointment to Another Judicial Position,day,false,4263096,,,https://upload.wikimedia.org/wikipedia/commons/9/9c/A._Marvin_Quattlebaum_Jr._%28cropped%29.jpg?utm_source=commons.wikimedia.org&utm_campaign=imageinfo&utm_content=thumbnail_unscaled,https://commons.wikimedia.org/wiki/File:A._Marvin_Quattlebaum_Jr._(cropped).jpg,Public domain,fjc_bulk,
Karen Gren Scholer,txnd,district,Donald J. Trump,Republican,2017-09-07,2018-03-05,2018-03-06,,,,,day,true,4268601,false,false,https://upload.wikimedia.org/wikipedia/commons/thumb/7/77/KGS_Swearing_In_Ceremony.jpg/330px-KGS_Swearing_In_Ceremony.jpg?utm_source=commons.wikimedia.org&utm_campaign=imageinfo&utm_content=thumbnail,https://commons.wikimedia.org/wiki/File:KGS_Swearing_In_Ceremony.jpg,CC BY-SA 4.0 — credit: VAE1126,fjc_bulk,
Tilman Eugene Self III,gamd,district,Donald J. Trump,Republican,2017-07-13,2018-03-05,2018-03-07,,,,,day,true,4268606,true,false,https://upload.wikimedia.org/wikipedia/commons/thumb/7/75/Tilman_E._Self_%28Judge%29_%28cropped%29.jpg/330px-Tilman_E._Self_%28Judge%29_%28cropped%29.jpg?utm_source=commons.wikimedia.org&utm_campaign=imageinfo&utm_content=thumbnail,https://commons.wikimedia.org/wiki/File:Tilman_E._Self_(Judge)_(cropped).jpg,Public domain,fjc_bulk,
Terry Alvin Doughty,lawd,district,Donald J. Trump,Republican,2017-08-03,2018-03-06,2018-03-07,,,,,day,true,4273111,false,false,https://upload.wikimedia.org/wikipedia/commons/thumb/5/59/Terry_Doughty_%28Judge%29_%28recropped%29.jpg/330px-Terry_Doughty_%28Judge%29_%28recropped%29.jpg?utm_source=commons.wikimedia.org&utm_campaign=imageinfo&utm_content=thumbnail,https://commons.wikimedia.org/wiki/File:Terry_Doughty_(Judge)_(recropped).jpg,Public domain,fjc_bulk,
Elizabeth Lee Branch,ca11,circuit,Donald J. Trump,Republican,2018-01-08,2018-02-27,2018-03-19,,,,,day,true,4237586,true,false,https://upload.wikimedia.org/wikipedia/commons/thumb/1/10/Branch-Public-Court-Photo.jpg/330px-Branch-Public-Court-Photo.jpg?utm_source=commons.wikimedia.org&utm_campaign=imageinfo&utm_content=thumbnail,https://commons.wikimedia.org/wiki/File:Branch-Public-Court-Photo.jpg,CC BY-SA 4.0 — credit: Hypotheticaljurisdiction,fjc_bulk,
Claria Horn Boom,kyed,district,Donald J. Trump,Republican,2017-06-12,2018-04-10,2018-04-11,,,,,day,true,4444651,false,false,https://upload.wikimedia.org/wikipedia/commons/thumb/8/84/Claria_Horn_Boom.jpg/330px-Claria_Horn_Boom.jpg?utm_source=commons.wikimedia.org&utm_campaign=imageinfo&utm_content=thumbnail,https://commons.wikimedia.org/wiki/File:Claria_Horn_Boom.jpg,Public domain,fjc_bulk,
Claria Horn Boom,kywd,district,Donald J. Trump,Republican,2017-06-12,2018-04-10,2018-04-11,,,,,day,true,4444651,false,false,https://upload.wikimedia.org/wikipedia/commons/thumb/8/84/Claria_Horn_Boom.jpg/330px-Claria_Horn_Boom.jpg?utm_source=commons.wikimedia.org&utm_campaign=imageinfo&utm_content=thumbnail,https://commons.wikimedia.org/wiki/File:Claria_Horn_Boom.jpg,Public domain,fjc_bulk,
John Wesley Broomes,ksd,district,Donald J. Trump,Republican,2017-09-07,2018-04-12,2018-04-16,,,,,day,true,4477666,false,false,https://upload.wikimedia.org/wikipedia/commons/5/58/John_W_Broomes.jpg?utm_source=commons.wikimedia.org&utm_campaign=imageinfo&utm_content=thumbnail_unscaled,https://commons.wikimedia.org/wiki/File:John_W_Broomes.jpg,Public domain,fjc_bulk,
Rebecca Grady Jennings,kywd,district,Donald J. Trump,Republican,2017-09-07,2018-04-12,2018-04-19,,,,,day,true,4477671,false,false,https://upload.wikimedia.org/wikipedia/commons/thumb/e/e4/Rebecca_Jennings_%28Judge%29_%28cropped%29.jpg/330px-Rebecca_Jennings_%28Judge%29_%28cropped%29.jpg?utm_source=commons.wikimedia.org&utm_campaign=imageinfo&utm_content=thumbnail,https://commons.wikimedia.org/wiki/File:Rebecca_Jennings_(Judge)_(cropped).jpg,Public domain,fjc_bulk,
Stuart Kyle Duncan,ca5,circuit,Donald J. Trump,Republican,2018-01-08,2018-04-24,2018-05-01,,,,,day,true,4517676,true,false,https://upload.wikimedia.org/wikipedia/commons/thumb/a/a8/Stuart_Duncan_%28Judge%29_%28cropped%29.jpg/330px-Stuart_Duncan_%28Judge%29_%28cropped%29.jpg?utm_source=commons.wikimedia.org&utm_campaign=imageinfo&utm_content=thumbnail,https://commons.wikimedia.org/wiki/File:Stuart_Duncan_(Judge)_(cropped).jpg,Public domain,fjc_bulk,
Kurt Damian Engelhardt,ca5,circuit,Donald J. Trump,Republican,2018-01-08,2018-05-09,2018-05-10,,,,,day,true,2903,true,false,https://upload.wikimedia.org/wikipedia/commons/7/74/Kurt_D._Engelhardt.png?utm_source=commons.wikimedia.org&utm_campaign=imageinfo&utm_content=thumbnail_unscaled,https://commons.wikimedia.org/wiki/File:Kurt_D._Engelhardt.png,Public domain,fjc_bulk,
Michael Brian Brennan,ca7,circuit,Donald J. Trump,Republican,2018-01-08,2018-05-10,2018-05-11,,,,,day,true,4602991,true,false,https://upload.wikimedia.org/wikipedia/commons/thumb/5/5a/Michael_B_Brennan.png/330px-Michael_B_Brennan.png?utm_source=commons.wikimedia.org&utm_campaign=imageinfo&utm_content=thumbnail,https://commons.wikimedia.org/wiki/File:Michael_B_Brennan.png,Public domain,fjc_bulk,
Joel McElroy Carson III,ca10,circuit,Donald J. Trump,Republican,2017-12-20,2018-05-15,2018-05-17,,,,,day,true,4625001,false,false,https://upload.wikimedia.org/wikipedia/commons/thumb/3/32/Joel_M_Carson_III.png/330px-Joel_M_Carson_III.png?utm_source=commons.wikimedia.org&utm_campaign=imageinfo&utm_content=thumbnail,https://commons.wikimedia.org/wiki/File:Joel_M_Carson_III.png,Public domain,fjc_bulk,
John Baylor Nalbandian,ca6,circuit,Donald J. Trump,Republican,2018-01-24,2018-05-15,2018-05-17,,,,,day,true,4625006,true,false,https://upload.wikimedia.org/wikipedia/commons/6/64/John-Nalbandian1.jpg?utm_source=commons.wikimedia.org&utm_campaign=imageinfo&utm_content=thumbnail_unscaled,https://commons.wikimedia.org/wiki/File:John-Nalbandian1.jpg,Public domain,fjc_bulk,
Michael Yale Scudder Jr.,ca7,circuit,Donald J. Trump,Republican,2018-02-15,2018-05-14,2018-05-21,,,,,day,true,4622996,false,false,https://upload.wikimedia.org/wikipedia/commons/thumb/f/fc/Michael_Scudder_%28Judge%29_%28cropped%29.jpg/330px-Michael_Scudder_%28Judge%29_%28cropped%29.jpg?utm_source=commons.wikimedia.org&utm_campaign=imageinfo&utm_content=thumbnail,https://commons.wikimedia.org/wiki/File:Michael_Scudder_(Judge)_(cropped).jpg,Public domain,fjc_bulk,
Amy Joan St. Eve,ca7,circuit,Donald J. Trump,Republican,2018-02-15,2018-05-14,2018-05-23,,,,,day,true,2957,false,false,https://upload.wikimedia.org/wikipedia/commons/thumb/0/03/Amy_J._St._Eve_%28cropped%29.jpg/330px-Amy_J._St._Eve_%28cropped%29.jpg?utm_source=commons.wikimedia.org&utm_campaign=imageinfo&utm_content=thumbnail,https://commons.wikimedia.org/wiki/File:Amy_J._St._Eve_(cropped).jpg,Public domain,fjc_bulk,
Annemarie Carney Axon,alnd,district,Donald J. Trump,Republican,2018-01-08,2018-06-06,2018-06-12,,,,,day,true,4738061,false,false,https://upload.wikimedia.org/wikipedia/commons/thumb/6/64/Annemarie_Carney_Axon.png/330px-Annemarie_Carney_Axon.png?utm_source=commons.wikimedia.org&utm_campaign=imageinfo&utm_content=thumbnail,https://commons.wikimedia.org/wiki/File:Annemarie_Carney_Axon.png,Public domain,fjc_bulk,
Robert Earl Wier,kyed,district,Donald J. Trump,Republican,2017-08-03,2018-06-05,2018-06-12,,,,,day,true,4733051,false,false,https://upload.wikimedia.org/wikipedia/commons/thumb/6/63/Robert_Wier_%28Judge%29_%28cropped%29.jpg/330px-Robert_Wier_%28Judge%29_%28cropped%29.jpg?utm_source=commons.wikimedia.org&utm_campaign=imageinfo&utm_content=thumbnail,https://commons.wikimedia.org/wiki/File:Robert_Wier_(Judge)_(cropped).jpg,Public domain,fjc_bulk,
Fernando Rodriguez Jr.,txsd,district,Donald J. Trump,Republican,2017-09-07,2018-06-05,2018-06-12,,,,,day,true,4733056,false,false,https://upload.wikimedia.org/wikipedia/commons/thumb/8/8b/Fernando_Rodriguez_Jr._%28Judge%29_%28cropped%29.jpg/330px-Fernando_Rodriguez_Jr._%28Judge%29_%28cropped%29.jpg?utm_source=commons.wikimedia.org&utm_campaign=imageinfo&utm_content=thumbnail,https://commons.wikimedia.org/wiki/File:Fernando_Rodriguez_Jr._(Judge)_(cropped).jpg,Public domain,fjc_bulk,
Mark Jeremy Bennett,ca9,circuit,Donald J. Trump,Republican,2018-02-15,2018-07-10,2018-07-13,,,,,day,true,4908101,true,false,https://upload.wikimedia.org/wikipedia/commons/4/4e/Bennett2019.png?utm_source=commons.wikimedia.org&utm_campaign=imageinfo&utm_content=thumbnail_unscaled,https://commons.wikimedia.org/wiki/File:Bennett2019.png,Public domain,fjc_bulk,
Andrew Stephen Oldham,ca5,circuit,Donald J. Trump,Republican,2018-02-15,2018-07-18,2018-07-19,,,,,day,true,4947641,true,false,https://upload.wikimedia.org/wikipedia/commons/thumb/e/e9/Andrew_S._Oldham_%28cropped%29.jpg/330px-Andrew_S._Oldham_%28cropped%29.jpg?utm_source=commons.wikimedia.org&utm_campaign=imageinfo&utm_content=thumbnail,https://commons.wikimedia.org/wiki/File:Andrew_S._Oldham_(cropped).jpg,Public domain,fjc_bulk,
Emily Coody Marks,almd,district,Donald J. Trump,Republican,2018-01-08,2018-08-01,2018-08-03,,,,,day,true,5018796,true,false,https://upload.wikimedia.org/wikipedia/commons/thumb/1/17/EmilyCoodyMarksOfficial.jpg/330px-EmilyCoodyMarksOfficial.jpg?utm_source=commons.wikimedia.org&utm_campaign=imageinfo&utm_content=thumbnail,https://commons.wikimedia.org/wiki/File:EmilyCoodyMarksOfficial.jpg,Public domain,fjc_bulk,
Jeffrey Uhlman Beaverstock,alsd,district,Donald J. Trump,Republican,2018-01-08,2018-08-01,2018-08-03,,,,,day,true,5018781,false,false,https://upload.wikimedia.org/wikipedia/commons/thumb/6/6d/Jeffrey_Uhlman_Beaverstock.png/330px-Jeffrey_Uhlman_Beaverstock.png?utm_source=commons.wikimedia.org&utm_campaign=imageinfo&utm_content=thumbnail,https://commons.wikimedia.org/wiki/File:Jeffrey_Uhlman_Beaverstock.png,Public domain,fjc_bulk,
Britt Cagle Grant,ca11,circuit,Donald J. Trump,Republican,2018-04-10,2018-07-31,2018-08-03,,,,,day,true,5014276,true,false,https://upload.wikimedia.org/wikipedia/commons/thumb/f/f4/Britt_Grant.jpg/330px-Britt_Grant.jpg?utm_source=commons.wikimedia.org&utm_campaign=imageinfo&utm_content=thumbnail,https://commons.wikimedia.org/wiki/File:Britt_Grant.jpg,Public domain,fjc_bulk,
Colm Felix Connolly,ded,district,Donald J. Trump,Republican,2017-12-20,2018-08-01,2018-08-03,,,,,day,true,5018791,false,false,https://upload.wikimedia.org/wikipedia/commons/9/9e/JudgeColmFConnolly_%28cropped%29.jpg?utm_source=commons.wikimedia.org&utm_campaign=imageinfo&utm_content=thumbnail_unscaled,https://commons.wikimedia.org/wiki/File:JudgeColmFConnolly_(cropped).jpg,Public domain,fjc_bulk,
Jill Aiko Otake,hid,district,Donald J. Trump,Republican,2017-12-21,2018-08-01,2018-08-03,,,,,day,true,5019306,false,false,https://upload.wikimedia.org/wikipedia/commons/4/47/Jill_A._Otake%2C_U.S._District_Court_Judge.jpg?utm_source=commons.wikimedia.org&utm_campaign=imageinfo&utm_content=thumbnail_unscaled,"https://commons.wikimedia.org/wiki/File:Jill_A._Otake,_U.S._District_Court_Judge.jpg",Public domain,fjc_bulk,
Holly Lou Teeter,ksd,district,Donald J. Trump,Republican,2018-01-08,2018-08-01,2018-08-03,,,,,day,true,5019311,false,false,https://upload.wikimedia.org/wikipedia/commons/thumb/6/66/Holly_Lou_Teeter_official_photo.jpg/330px-Holly_Lou_Teeter_official_photo.jpg?utm_source=commons.wikimedia.org&utm_campaign=imageinfo&utm_content=thumbnail,https://commons.wikimedia.org/wiki/File:Holly_Lou_Teeter_official_photo.jpg,Public domain,fjc_bulk,
Maryellen Noreika,ded,district,Donald J. Trump,Republican,2017-12-20,2018-08-01,2018-08-09,,,,,day,true,5019301,false,false,https://upload.wikimedia.org/wikipedia/commons/thumb/6/6b/JudgeMaryellenNoreika.jpg/330px-JudgeMaryellenNoreika.jpg?utm_source=commons.wikimedia.org&utm_campaign=imageinfo&utm_content=thumbnail,https://commons.wikimedia.org/wiki/File:JudgeMaryellenNoreika.jpg,Public domain,fjc_bulk,
Julius Ness Richardson,ca4,circuit,Donald J. Trump,Republican,2018-05-07,2018-08-16,2018-08-20,,,,,day,true,5090921,true,false,https://upload.wikimedia.org/wikipedia/commons/8/88/Julius_N._Richardson_%28cropped%29.jpg?utm_source=commons.wikimedia.org&utm_campaign=imageinfo&utm_content=thumbnail_unscaled,https://commons.wikimedia.org/wiki/File:Julius_N._Richardson_(cropped).jpg,Public domain,fjc_bulk,
R. Stan Baker,gasd,district,Donald J. Trump,Republican,2017-09-07,2018-08-28,2018-08-30,,,,,day,true,5152936,true,false,https://upload.wikimedia.org/wikipedia/commons/thumb/f/f2/R._Stan_Baker.png/330px-R._Stan_Baker.png?utm_source=commons.wikimedia.org&utm_campaign=imageinfo&utm_content=thumbnail,https://commons.wikimedia.org/wiki/File:R._Stan_Baker.png,Public domain,fjc_bulk,
Barry Weldon Ashe,laed,district,Donald J. Trump,Republican,2018-01-08,2018-08-28,2018-08-30,,,,,day,true,5153446,true,false,https://upload.wikimedia.org/wikipedia/commons/0/04/Barry_W._Ashe.png?utm_source=commons.wikimedia.org&utm_campaign=imageinfo&utm_content=thumbnail_unscaled,https://commons.wikimedia.org/wiki/File:Barry_W._Ashe.png,Public domain,fjc_bulk,
Charles Barnes Goodwin,okwd,district,Donald J. Trump,Republican,2018-01-08,2018-08-28,2018-08-30,,,,,day,true,5153441,false,false,https://upload.wikimedia.org/wikipedia/commons/thumb/1/15/Charles_Barnes_Goodwin_%28Judge%29_%28cropped%29.jpg/330px-Charles_Barnes_Goodwin_%28Judge%29_%28cropped%29.jpg?utm_source=commons.wikimedia.org&utm_campaign=imageinfo&utm_content=thumbnail,https://commons.wikimedia.org/wiki/File:Charles_Barnes_Goodwin_(Judge)_(cropped).jpg,Public domain,fjc_bulk,
Terry Fitzgerald Moorer,alsd,district,Donald J. Trump,Republican,2018-01-08,2018-08-28,2018-09-04,,,,,day,true,5152931,false,false,https://upload.wikimedia.org/wikipedia/commons/e/e7/Terry_Fitzgerald_Moorer.png?utm_source=commons.wikimedia.org&utm_campaign=imageinfo&utm_content=thumbnail_unscaled,https://commons.wikimedia.org/wiki/File:Terry_Fitzgerald_Moorer.png,Public domain,fjc_bulk,
A. Marvin Quattlebaum Jr.,ca4,circuit,Donald J. Trump,Republican,2018-05-07,2018-08-16,2018-09-04,,,,,day,true,4263096,false,false,https://upload.wikimedia.org/wikipedia/commons/9/9c/A._Marvin_Quattlebaum_Jr._%28cropped%29.jpg?utm_source=commons.wikimedia.org&utm_campaign=imageinfo&utm_content=thumbnail_unscaled,https://commons.wikimedia.org/wiki/File:A._Marvin_Quattlebaum_Jr._(cropped).jpg,Public domain,fjc_bulk,
Dominic William Lanza,azd,district,Donald J. Trump,Republican,2018-01-24,2018-09-06,2018-09-10,,,,,day,true,5197986,true,false,https://upload.wikimedia.org/wikipedia/commons/5/51/DominicLanza.png?utm_source=commons.wikimedia.org&utm_campaign=imageinfo&utm_content=thumbnail_unscaled,https://commons.wikimedia.org/wiki/File:DominicLanza.png,Public domain,fjc_bulk,
William Frederic Jung,flmd,district,Donald J. Trump,Republican,2017-12-21,2018-09-06,2018-09-10,,,,,day,true,5197976,false,false,https://upload.wikimedia.org/wikipedia/commons/thumb/8/83/William_F._Jung_%28Judge%29_%28cropped%29.jpg/330px-William_F._Jung_%28Judge%29_%28cropped%29.jpg?utm_source=commons.wikimedia.org&utm_campaign=imageinfo&utm_content=thumbnail,https://commons.wikimedia.org/wiki/File:William_F._Jung_(Judge)_(cropped).jpg,Public domain,fjc_bulk,
Charles Joseph Williams,iand,district,Donald J. Trump,Republican,2018-02-15,2018-09-06,2018-09-10,,,,,day,true,5197991,false,false,https://upload.wikimedia.org/wikipedia/commons/4/47/JudgeCJW.png?utm_source=commons.wikimedia.org&utm_campaign=imageinfo&utm_content=thumbnail_unscaled,https://commons.wikimedia.org/wiki/File:JudgeCJW.png,Public domain,fjc_bulk,
Eric Christian Tostrud,mnd,district,Donald J. Trump,Republican,2018-02-15,2018-09-06,2018-09-10,,,,,day,true,5198501,true,false,https://upload.wikimedia.org/wikipedia/commons/2/27/Judge_Eric_C._Tostrud.jpg?utm_source=commons.wikimedia.org&utm_campaign=imageinfo&utm_content=thumbnail_unscaled,https://commons.wikimedia.org/wiki/File:Judge_Eric_C._Tostrud.jpg,CC BY-SA 4.0 — credit: US District Court,fjc_bulk,
Susan Paradise Baxter,pawd,district,Donald J. Trump,Republican,2017-12-20,2018-08-28,2018-09-10,,,,,day,true,5153456,false,false,https://upload.wikimedia.org/wikipedia/commons/thumb/4/41/JudgeBaxter.jpg/330px-JudgeBaxter.jpg?utm_source=commons.wikimedia.org&utm_campaign=imageinfo&utm_content=thumbnail,https://commons.wikimedia.org/wiki/File:JudgeBaxter.jpg,Public domain,fjc_bulk,
Alan D Albright,txwd,district,Donald J. Trump,Republican,2018-01-24,2018-09-06,2018-09-10,,,,,day,true,5198506,false,false,https://upload.wikimedia.org/wikipedia/commons/thumb/d/d8/Alan_D_Albright.png/330px-Alan_D_Albright.png?utm_source=commons.wikimedia.org&utm_campaign=imageinfo&utm_content=thumbnail,https://commons.wikimedia.org/wiki/File:Alan_D_Albright.png,Public domain,fjc_bulk,
Kari Anne Dooley,ctd,district,Donald J. Trump,Republican,2017-12-20,2018-09-06,2018-09-13,,,,,day,true,5197981,false,false,https://upload.wikimedia.org/wikipedia/commons/thumb/f/fa/Kari_Dooley_%28Judge%29_%28cropped%29.jpg/330px-Kari_Dooley_%28Judge%29_%28cropped%29.jpg?utm_source=commons.wikimedia.org&utm_campaign=imageinfo&utm_content=thumbnail,https://commons.wikimedia.org/wiki/File:Kari_Dooley_(Judge)_(cropped).jpg,Public domain,fjc_bulk,
James Russell Sweeney II,insd,district,Donald J. Trump,Republican,2017-11-01,2018-08-28,2018-09-13,,,,,day,true,5153451,false,false,https://upload.wikimedia.org/wikipedia/commons/thumb/8/8a/James_R._Sweeney_%28Judge%29_%28cropped%29.jpg/330px-James_R._Sweeney_%28Judge%29_%28cropped%29.jpg?utm_source=commons.wikimedia.org&utm_campaign=imageinfo&utm_content=thumbnail,https://commons.wikimedia.org/wiki/File:James_R._Sweeney_(Judge)_(cropped).jpg,Public domain,fjc_bulk,
Nancy Ellen Brasel,mnd,district,Donald J. Trump,Republican,2018-02-15,2018-08-28,2018-09-13,,,,,day,true,5153461,false,false,https://upload.wikimedia.org/wikipedia/commons/thumb/9/98/NEB_official_photo.jpg/330px-NEB_official_photo.jpg?utm_source=commons.wikimedia.org&utm_campaign=imageinfo&utm_content=thumbnail,https://commons.wikimedia.org/wiki/File:NEB_official_photo.jpg,CC BY-SA 4.0 — credit: RLSP2020,fjc_bulk,
Robert Rees Summerhays,lawd,district,Donald J. Trump,Republican,2018-01-24,2018-09-06,2018-09-19,,,,,day,true,5197996,true,false,https://upload.wikimedia.org/wikipedia/commons/thumb/7/79/Robert_R._Summerhays.jpg/330px-Robert_R._Summerhays.jpg?utm_source=commons.wikimedia.org&utm_campaign=imageinfo&utm_content=thumbnail,https://commons.wikimedia.org/wiki/File:Robert_R._Summerhays.jpg,Public domain,fjc_bulk,
Marilyn Jean Horan,pawd,district,Donald J. Trump,Republican,2017-12-20,2018-09-06,2018-09-19,,,,,day,true,5197971,false,false,https://upload.wikimedia.org/wikipedia/commons/thumb/2/29/JudgeHoran.jpg/330px-JudgeHoran.jpg?utm_source=commons.wikimedia.org&utm_campaign=imageinfo&utm_content=thumbnail,https://commons.wikimedia.org/wiki/File:JudgeHoran.jpg,Public domain,fjc_bulk,
Brett M. Kavanaugh,scotus,scotus,Donald J. Trump,Republican,2018-07-10,2018-10-06,2018-10-06,,,,,day,true,3114,true,false,https://upload.wikimedia.org/wikipedia/commons/thumb/a/a2/Associate_Justice_Brett_Kavanaugh_Official_Portrait.jpg/330px-Associate_Justice_Brett_Kavanaugh_Official_Portrait.jpg?utm_source=commons.wikimedia.org&utm_campaign=imageinfo&utm_content=thumbnail,https://commons.wikimedia.org/wiki/File:Associate_Justice_Brett_Kavanaugh_Official_Portrait.jpg,Public domain,fjc_bulk,
David James Porter,ca3,circuit,Donald J. Trump,Republican,2018-04-12,2018-10-11,2018-10-15,,,,,day,true,5373046,false,false,https://upload.wikimedia.org/wikipedia/commons/thumb/a/a1/David_Porter_%28cropped%29.jpg/330px-David_Porter_%28cropped%29.jpg?utm_source=commons.wikimedia.org&utm_campaign=imageinfo&utm_content=thumbnail,https://commons.wikimedia.org/wiki/File:David_Porter_(cropped).jpg,Public domain,fjc_bulk,
Liles Clifton Burke,alnd,district,Donald J. Trump,Republican,2018-01-08,2018-10-11,2018-10-17,,,,,day,true,5373561,false,false,https://upload.wikimedia.org/wikipedia/commons/7/72/Judge-Liles-C-Burke.jpg?utm_source=commons.wikimedia.org&utm_campaign=imageinfo&utm_content=thumbnail_unscaled,https://commons.wikimedia.org/wiki/File:Judge-Liles-C-Burke.jpg,CC BY-SA 4.0 — credit: Alndsystems,fjc_bulk,
Richard Joseph Sullivan,ca2,circuit,Donald J. Trump,Republican,2018-05-07,2018-10-11,2018-10-17,,,,,day,true,3149,true,false,https://upload.wikimedia.org/wikipedia/commons/thumb/4/44/Richard_J._Sullivan.jpg/330px-Richard_J._Sullivan.jpg?utm_source=commons.wikimedia.org&utm_campaign=imageinfo&utm_content=thumbnail,https://commons.wikimedia.org/wiki/File:Richard_J._Sullivan.jpg,CC BY-SA 3.0 — credit: Richard J. Sullivan,fjc_bulk,
Michael Joseph Juneau,lawd,district,Donald J. Trump,Republican,2018-01-08,2018-10-11,2018-10-17,,2022-02-01,2023-05-12,Death,day,false,5373566,,,,,,fjc_bulk,
Lance Edward Walker,med,district,Donald J. Trump,Republican,2018-04-10,2018-10-11,2018-10-17,,,,,day,true,5375111,true,false,https://upload.wikimedia.org/wikipedia/commons/thumb/c/c4/Lance_E._Walker.jpg/330px-Lance_E._Walker.jpg?utm_source=commons.wikimedia.org&utm_campaign=imageinfo&utm_content=thumbnail,https://commons.wikimedia.org/wiki/File:Lance_E._Walker.jpg,Public domain,fjc_bulk,
Peter Joseph Phipps,pawd,district,Donald J. Trump,Republican,2018-02-15,2018-10-11,2018-10-17,,,2019-07-22,Appointment to Another Judicial Position,day,false,5374591,,,https://upload.wikimedia.org/wikipedia/commons/thumb/e/ec/JudgePPhipps.jpg/330px-JudgePPhipps.jpg?utm_source=commons.wikimedia.org&utm_campaign=imageinfo&utm_content=thumbnail,https://commons.wikimedia.org/wiki/File:JudgePPhipps.jpg,Public domain,fjc_bulk,
Ryan Douglas Nelson,ca9,circuit,Donald J. Trump,Republican,2018-05-15,2018-10-11,2018-10-18,,,,,day,true,5373051,true,false,https://upload.wikimedia.org/wikipedia/commons/8/83/R.Nelson.png?utm_source=commons.wikimedia.org&utm_campaign=imageinfo&utm_content=thumbnail_unscaled,https://commons.wikimedia.org/wiki/File:R.Nelson.png,Public domain,fjc_bulk,
Eli Jeremy Richardson,tnmd,district,Donald J. Trump,Republican,2018-01-08,2018-10-11,2018-10-18,,,,,day,true,5374576,false,false,https://upload.wikimedia.org/wikipedia/commons/thumb/9/9c/Eli_J._Richardson_%28Judge%29_%28cropped%29.jpg/330px-Eli_J._Richardson_%28Judge%29_%28cropped%29.jpg?utm_source=commons.wikimedia.org&utm_campaign=imageinfo&utm_content=thumbnail,https://commons.wikimedia.org/wiki/File:Eli_J._Richardson_(Judge)_(cropped).jpg,Public domain,fjc_bulk,
Susan Marie Brnovich,azd,district,Donald J. Trump,Republican,2018-01-24,2018-10-11,2018-10-23,,,,,day,true,5375096,true,false,https://upload.wikimedia.org/wikipedia/commons/thumb/9/9e/Susan_Brnovich_by_Gage_Skidmore.jpg/330px-Susan_Brnovich_by_Gage_Skidmore.jpg?utm_source=commons.wikimedia.org&utm_campaign=imageinfo&utm_content=thumbnail,https://commons.wikimedia.org/wiki/File:Susan_Brnovich_by_Gage_Skidmore.jpg,CC BY-SA 3.0 — credit: Gage Skidmore,fjc_bulk,
Chad Francis Kenney Sr.,paed,district,Donald J. Trump,Republican,2017-12-20,2018-10-11,2018-10-24,,,,,day,true,5375101,false,false,https://upload.wikimedia.org/wikipedia/commons/thumb/5/5d/Chad_F._Kenney_%28Judge%29_%28cropped%29.jpg/330px-Chad_F._Kenney_%28Judge%29_%28cropped%29.jpg?utm_source=commons.wikimedia.org&utm_campaign=imageinfo&utm_content=thumbnail,https://commons.wikimedia.org/wiki/File:Chad_F._Kenney_(Judge)_(cropped).jpg,Public domain,fjc_bulk,
William McCrary Ray II,gand,district,Donald J. Trump,Republican,2018-01-08,2018-10-11,2018-10-25,,,,,day,true,5373556,false,false,https://upload.wikimedia.org/wikipedia/commons/thumb/b/ba/William_M._Ray_II.png/330px-William_M._Ray_II.png?utm_source=commons.wikimedia.org&utm_campaign=imageinfo&utm_content=thumbnail,https://commons.wikimedia.org/wiki/File:William_M._Ray_II.png,Public domain,fjc_bulk,
Jeremy Daniel Kernodle,txed,district,Donald J. Trump,Republican,2018-01-23,2018-10-11,2018-11-02,,,,,day,true,5374586,false,false,https://upload.wikimedia.org/wikipedia/commons/thumb/9/95/Jeremy_Kernodle_%28Judge%29_%28cropped%29.jpg/330px-Jeremy_Kernodle_%28Judge%29_%28cropped%29.jpg?utm_source=commons.wikimedia.org&utm_campaign=imageinfo&utm_content=thumbnail,https://commons.wikimedia.org/wiki/File:Jeremy_Kernodle_(Judge)_(cropped).jpg,Public domain,fjc_bulk,
James Patrick Hanlon,insd,district,Donald J. Trump,Republican,2018-04-12,2018-10-11,2018-11-05,,,,,day,true,5375106,false,false,https://upload.wikimedia.org/wikipedia/commons/thumb/c/ce/James_Patrick_Hanlon.jpg/330px-James_Patrick_Hanlon.jpg?utm_source=commons.wikimedia.org&utm_campaign=imageinfo&utm_content=thumbnail,https://commons.wikimedia.org/wiki/File:James_Patrick_Hanlon.jpg,Public domain,fjc_bulk,
Thomas Shawn Kleeh,wvnd,district,Donald J. Trump,Republican,2018-02-15,2018-10-11,2018-11-05,,,,,day,true,5374581,false,false,https://upload.wikimedia.org/wikipedia/commons/thumb/8/81/Thomas_Kleeh_%28Judge%29_%28cropped%29.jpg/330px-Thomas_Kleeh_%28Judge%29_%28cropped%29.jpg?utm_source=commons.wikimedia.org&utm_campaign=imageinfo&utm_content=thumbnail,https://commons.wikimedia.org/wiki/File:Thomas_Kleeh_(Judge)_(cropped).jpg,Public domain,fjc_bulk,
Mark Saalfield Norris Sr.,tnwd,district,Donald J. Trump,Republican,2018-01-08,2018-10-11,2018-11-08,,,,,day,true,5374071,false,false,https://upload.wikimedia.org/wikipedia/commons/thumb/8/8a/Mark_Norris_Sr._%28Judge%29_%28cropped%29.jpg/330px-Mark_Norris_Sr._%28Judge%29_%28cropped%29.jpg?utm_source=commons.wikimedia.org&utm_campaign=imageinfo&utm_content=thumbnail,https://commons.wikimedia.org/wiki/File:Mark_Norris_Sr._(Judge)_(cropped).jpg,Public domain,fjc_bulk,
Jonathan Allen Kobes,ca8,circuit,Donald J. Trump,Republican,2018-06-11,2018-12-11,2018-12-12,,,,,day,true,5675191,true,false,https://upload.wikimedia.org/wikipedia/commons/thumb/2/2a/Jonathan_Kobes_%28Judge%29_%28cropped%29.jpg/330px-Jonathan_Kobes_%28Judge%29_%28cropped%29.jpg?utm_source=commons.wikimedia.org&utm_campaign=imageinfo&utm_content=thumbnail,https://commons.wikimedia.org/wiki/File:Jonathan_Kobes_(Judge)_(cropped).jpg,Public domain,fjc_bulk,
Eric David Miller,ca9,circuit,Donald J. Trump,Republican,2019-01-23,2019-02-26,2019-03-04,,,,,day,true,6063776,true,false,https://upload.wikimedia.org/wikipedia/commons/thumb/b/b0/EDMiller.jpg/330px-EDMiller.jpg?utm_source=commons.wikimedia.org&utm_campaign=imageinfo&utm_content=thumbnail,https://commons.wikimedia.org/wiki/File:EDMiller.jpg,Public domain,fjc_bulk,
Chad Andrew Readler,ca6,circuit,Donald J. Trump,Republican,2019-01-23,2019-03-06,2019-03-07,,,,,day,true,6103361,true,false,https://upload.wikimedia.org/wikipedia/commons/4/48/Chad_A._Readler.jpg?utm_source=commons.wikimedia.org&utm_campaign=imageinfo&utm_content=thumbnail_unscaled,https://commons.wikimedia.org/wiki/File:Chad_A._Readler.jpg,Public domain,fjc_bulk,
Eric Earl Murphy,ca6,circuit,Donald J. Trump,Republican,2019-01-23,2019-03-07,2019-03-11,,,,,day,true,6105366,true,false,https://upload.wikimedia.org/wikipedia/commons/thumb/5/54/Eric_E._Murphy_%28cropped%29.jpg/330px-Eric_E._Murphy_%28cropped%29.jpg?utm_source=commons.wikimedia.org&utm_campaign=imageinfo&utm_content=thumbnail,https://commons.wikimedia.org/wiki/File:Eric_E._Murphy_(cropped).jpg,Public domain,fjc_bulk,
Paul Brian Matey,ca3,circuit,Donald J. Trump,Republican,2019-01-23,2019-03-12,2019-03-18,,,,,day,true,6130381,true,false,https://upload.wikimedia.org/wikipedia/commons/thumb/5/56/Honorable_Paul_Matey.jpg/330px-Honorable_Paul_Matey.jpg?utm_source=commons.wikimedia.org&utm_campaign=imageinfo&utm_content=thumbnail,https://commons.wikimedia.org/wiki/File:Honorable_Paul_Matey.jpg,CC BY-SA 4.0 — credit: ToddRothsteinphoto,fjc_bulk,
Neomi Jehangir Rao,cadc,circuit,Donald J. Trump,Republican,2019-01-23,2019-03-13,2019-03-18,,,,,day,true,6135386,true,false,https://upload.wikimedia.org/wikipedia/commons/thumb/2/2f/Neomi_Rao_%28Official%29.jpg/330px-Neomi_Rao_%28Official%29.jpg?utm_source=commons.wikimedia.org&utm_campaign=imageinfo&utm_content=thumbnail,https://commons.wikimedia.org/wiki/File:Neomi_Rao_(Official).jpg,CC BY-SA 4.0 — credit: Dcwonkywonk,fjc_bulk,
Allison Jones Rushing,ca4,circuit,Donald J. Trump,Republican,2019-01-23,2019-03-05,2019-03-21,,,,,day,true,6098356,true,false,https://upload.wikimedia.org/wikipedia/commons/thumb/1/1e/Allison_J._Rushing.jpg/330px-Allison_J._Rushing.jpg?utm_source=commons.wikimedia.org&utm_campaign=imageinfo&utm_content=thumbnail,https://commons.wikimedia.org/wiki/File:Allison_J._Rushing.jpg,Public domain,fjc_bulk,
Bridget Shelton Bade,ca9,circuit,Donald J. Trump,Republican,2019-01-23,2019-03-26,2019-04-01,,,,,day,true,6202901,false,false,https://upload.wikimedia.org/wikipedia/commons/2/2d/Bade2012.jpg?utm_source=commons.wikimedia.org&utm_campaign=imageinfo&utm_content=thumbnail_unscaled,https://commons.wikimedia.org/wiki/File:Bade2012.jpg,Public domain,fjc_bulk,
Roy Kalman Altman,flsd,district,Donald J. Trump,Republican,2019-01-23,2019-04-04,2019-04-09,,,,,day,true,6244926,true,false,https://upload.wikimedia.org/wikipedia/commons/b/b3/Roy_Altman.png?utm_source=commons.wikimedia.org&utm_campaign=imageinfo&utm_content=thumbnail_unscaled,https://commons.wikimedia.org/wiki/File:Roy_Altman.png,Public domain,fjc_bulk,
Patrick Robert Wyrick,okwd,district,Donald J. Trump,Republican,2019-01-23,2019-04-09,2019-04-10,,,,,day,true,6273451,true,false,https://upload.wikimedia.org/wikipedia/commons/thumb/b/b5/Patrick_Wyrick_%28Judge%29_%28cropped%29.jpg/330px-Patrick_Wyrick_%28Judge%29_%28cropped%29.jpg?utm_source=commons.wikimedia.org&utm_campaign=imageinfo&utm_content=thumbnail,https://commons.wikimedia.org/wiki/File:Patrick_Wyrick_(Judge)_(cropped).jpg,Public domain,fjc_bulk,
Holly Ann Brady,innd,district,Donald J. Trump,Republican,2019-01-23,2019-04-10,2019-04-16,,,,,day,true,6278456,false,false,https://upload.wikimedia.org/wikipedia/commons/thumb/5/50/Holly_A_Brady.png/330px-Holly_A_Brady.png?utm_source=commons.wikimedia.org&utm_campaign=imageinfo&utm_content=thumbnail,https://commons.wikimedia.org/wiki/File:Holly_A_Brady.png,Public domain,fjc_bulk,
David Steven Morales,txsd,district,Donald J. Trump,Republican,2019-01-23,2019-04-10,2019-04-25,,,,,day,true,6278461,false,false,https://upload.wikimedia.org/wikipedia/commons/thumb/a/ac/David_Steven_Morales_%28Judge%29.jpg/330px-David_Steven_Morales_%28Judge%29.jpg?utm_source=commons.wikimedia.org&utm_campaign=imageinfo&utm_content=thumbnail,https://commons.wikimedia.org/wiki/File:David_Steven_Morales_(Judge).jpg,Public domain,fjc_bulk,
Andrew Lynn Brasher,almd,district,Donald J. Trump,Republican,2019-01-23,2019-05-01,2019-05-03,,,2020-06-30,Appointment to Another Judicial Position,day,false,6383991,,,https://upload.wikimedia.org/wikipedia/commons/thumb/f/fc/Andrew_Brasher_%28cropped%29.jpg/330px-Andrew_Brasher_%28cropped%29.jpg?utm_source=commons.wikimedia.org&utm_campaign=imageinfo&utm_content=thumbnail,https://commons.wikimedia.org/wiki/File:Andrew_Brasher_(cropped).jpg,Public domain,fjc_bulk,
Rodolfo Armando Ruiz II,flsd,district,Donald J. Trump,Republican,2019-01-23,2019-05-02,2019-05-03,,,,,day,true,6384996,true,false,https://upload.wikimedia.org/wikipedia/commons/thumb/1/10/Rodolfo_Armando_Ruiz_II_%28cropped%29.jpg/330px-Rodolfo_Armando_Ruiz_II_%28cropped%29.jpg?utm_source=commons.wikimedia.org&utm_campaign=imageinfo&utm_content=thumbnail,https://commons.wikimedia.org/wiki/File:Rodolfo_Armando_Ruiz_II_(cropped).jpg,Public domain,fjc_bulk,
J. Campbell Barker,txed,district,Donald J. Trump,Republican,2019-01-23,2019-05-01,2019-05-03,,,,,day,true,6379986,false,false,https://upload.wikimedia.org/wikipedia/commons/thumb/e/ea/J_Campbell_Barker.png/330px-J_Campbell_Barker.png?utm_source=commons.wikimedia.org&utm_campaign=imageinfo&utm_content=thumbnail,https://commons.wikimedia.org/wiki/File:J_Campbell_Barker.png,Public domain,fjc_bulk,
Daniel Desmond Domenico,cod,district,Donald J. Trump,Republican,2019-01-23,2019-04-09,2019-05-07,,,,,day,true,6273446,true,false,https://upload.wikimedia.org/wikipedia/commons/thumb/2/2c/Daniel_Domenico_%28Judge%29_%28cropped%29.jpg/330px-Daniel_Domenico_%28Judge%29_%28cropped%29.jpg?utm_source=commons.wikimedia.org&utm_campaign=imageinfo&utm_content=thumbnail,https://commons.wikimedia.org/wiki/File:Daniel_Domenico_(Judge)_(cropped).jpg,Public domain,fjc_bulk,
Joseph Frank Bianco,ca2,circuit,Donald J. Trump,Republican,2019-01-23,2019-05-08,2019-05-13,,,,,day,true,3095,true,false,https://upload.wikimedia.org/wikipedia/commons/b/b4/Joseph_Frank_Bianco.JPG?utm_source=commons.wikimedia.org&utm_campaign=imageinfo&utm_content=thumbnail_unscaled,https://commons.wikimedia.org/wiki/File:Joseph_Frank_Bianco.JPG,Public domain,fjc_bulk,
Michael Hun Park,ca2,circuit,Donald J. Trump,Republican,2019-01-23,2019-05-09,2019-05-13,,,,,day,true,6420566,true,false,https://upload.wikimedia.org/wikipedia/commons/thumb/2/21/Michael_H._Park_%28Judge%29_cropped.jpg/330px-Michael_H._Park_%28Judge%29_cropped.jpg?utm_source=commons.wikimedia.org&utm_campaign=imageinfo&utm_content=thumbnail,https://commons.wikimedia.org/wiki/File:Michael_H._Park_(Judge)_cropped.jpg,CC0,fjc_bulk,
Raúl Manuel Arias-Marxuach,prd,district,Donald J. Trump,Republican,2019-01-23,2019-05-02,2019-05-13,,,,,day,true,6385001,false,false,https://upload.wikimedia.org/wikipedia/commons/thumb/b/b7/Hon._Ra%C3%BAl_M._Arias-Marxuach.jpg/330px-Hon._Ra%C3%BAl_M._Arias-Marxuach.jpg?utm_source=commons.wikimedia.org&utm_campaign=imageinfo&utm_content=thumbnail,https://commons.wikimedia.org/wiki/File:Hon._Ra%C3%BAl_M._Arias-Marxuach.jpg,CC BY-SA 4.0 — credit: Japontelucena,fjc_bulk,
Michael Joseph Truncale,txed,district,Donald J. Trump,Republican,2019-01-23,2019-05-14,2019-05-16,,,,,day,true,6445071,false,false,https://upload.wikimedia.org/wikipedia/commons/thumb/1/13/Michael_J._Truncale_%28Judge%29_%28cropped%29.jpg/330px-Michael_J._Truncale_%28Judge%29_%28cropped%29.jpg?utm_source=commons.wikimedia.org&utm_campaign=imageinfo&utm_content=thumbnail,https://commons.wikimedia.org/wiki/File:Michael_J._Truncale_(Judge)_(cropped).jpg,Public domain,fjc_bulk,
Daniel Paul Collins,ca9,circuit,Donald J. Trump,Republican,2019-02-06,2019-05-21,2019-05-22,,,,,day,true,6480596,false,false,https://upload.wikimedia.org/wikipedia/commons/3/35/DanielPCollins.jpg?utm_source=commons.wikimedia.org&utm_campaign=imageinfo&utm_content=thumbnail_unscaled,https://commons.wikimedia.org/wiki/File:DanielPCollins.jpg,Public domain,fjc_bulk,
Joshua David Wolson,paed,district,Donald J. Trump,Republican,2019-01-23,2019-05-02,2019-05-28,,,,,day,true,6385006,true,false,https://upload.wikimedia.org/wikipedia/commons/thumb/6/6b/Joshua_Wolson_%28Judge%29_%28cropped%29.jpg/330px-Joshua_Wolson_%28Judge%29_%28cropped%29.jpg?utm_source=commons.wikimedia.org&utm_campaign=imageinfo&utm_content=thumbnail,https://commons.wikimedia.org/wiki/File:Joshua_Wolson_(Judge)_(cropped).jpg,Public domain,fjc_bulk,
Wendy Baldwin Vitter,laed,district,Donald J. Trump,Republican,2019-01-23,2019-05-16,2019-05-29,,,,,day,true,6455091,false,false,https://upload.wikimedia.org/wikipedia/commons/thumb/a/ae/Wendy_B._Vitter%2C_U.S._District_Court_Judge.jpg/330px-Wendy_B._Vitter%2C_U.S._District_Court_Judge.jpg?utm_source=commons.wikimedia.org&utm_campaign=imageinfo&utm_content=thumbnail,"https://commons.wikimedia.org/wiki/File:Wendy_B._Vitter,_U.S._District_Court_Judge.jpg",Public domain,fjc_bulk,
Kenneth Kiyul Lee,ca9,circuit,Donald J. Trump,Republican,2019-02-06,2019-05-15,2019-06-12,,,,,day,true,6453086,true,false,https://upload.wikimedia.org/wikipedia/commons/5/58/KennethKLee.jpg?utm_source=commons.wikimedia.org&utm_campaign=imageinfo&utm_content=thumbnail_unscaled,https://commons.wikimedia.org/wiki/File:KennethKLee.jpg,Public domain,fjc_bulk,
Stephen Robert Clark Sr.,moed,district,Donald J. Trump,Republican,2019-01-23,2019-05-22,2019-06-12,,,,,day,true,6489106,true,false,https://upload.wikimedia.org/wikipedia/commons/thumb/c/c5/Stephen_R._Clark_Sr._-_SBD_-_Federalist_Society_-_Missouri-11_%2849451142871%29_%28cropped%29.jpg/330px-Stephen_R._Clark_Sr._-_SBD_-_Federalist_Society_-_Missouri-11_%2849451142871%29_%28cropped%29.jpg?utm_source=commons.wikimedia.org&utm_campaign=imageinfo&utm_content=thumbnail,https://commons.wikimedia.org/wiki/File:Stephen_R._Clark_Sr._-_SBD_-_Federalist_Society_-_Missouri-11_(49451142871)_(cropped).jpg,CC BY 2.0 — credit: US Department of Education,fjc_bulk,
Kenneth Davis Bell Sr.,ncwd,district,Donald J. Trump,Republican,2019-01-23,2019-05-22,2019-06-12,,,,,day,true,6489616,false,false,https://upload.wikimedia.org/wikipedia/commons/thumb/c/c0/Kenneth_D_Bell.png/330px-Kenneth_D_Bell.png?utm_source=commons.wikimedia.org&utm_campaign=imageinfo&utm_content=thumbnail,https://commons.wikimedia.org/wiki/File:Kenneth_D_Bell.png,Public domain,fjc_bulk,
"Hertling, Richard Alan",uscfc,specialized,Donald J. Trump,Republican,2019-01-23,2019-06-10,2019-06-12,,,,,day,true,,,,,,,fjc_html,
Howard Curtis Nielson Jr.,utd,district,Donald J. Trump,Republican,2019-01-23,2019-05-22,2019-06-12,,,,,day,true,6489101,true,false,https://upload.wikimedia.org/wikipedia/commons/thumb/2/24/Howard_Nielson_Jr._%28Judge%29_%28cropped%29.jpg/330px-Howard_Nielson_Jr._%28Judge%29_%28cropped%29.jpg?utm_source=commons.wikimedia.org&utm_campaign=imageinfo&utm_content=thumbnail,https://commons.wikimedia.org/wiki/File:Howard_Nielson_Jr._(Judge)_(cropped).jpg,Public domain,fjc_bulk,
Rossie David Alston Jr.,vaed,district,Donald J. Trump,Republican,2019-01-23,2019-06-10,2019-06-12,,,,,day,true,6586021,false,false,https://upload.wikimedia.org/wikipedia/commons/thumb/6/6c/Rossie_David_Alston_Jr.png/330px-Rossie_David_Alston_Jr.png?utm_source=commons.wikimedia.org&utm_campaign=imageinfo&utm_content=thumbnail,https://commons.wikimedia.org/wiki/File:Rossie_David_Alston_Jr.png,Public domain,fjc_bulk,
Rodney Smith,flsd,district,Donald J. Trump,Republican,2019-01-23,2019-06-12,2019-06-14,,,,,day,true,6595041,false,false,https://upload.wikimedia.org/wikipedia/commons/thumb/f/f7/Rodney_Smith_%28Judge%29_%28cropped%29.jpg/330px-Rodney_Smith_%28Judge%29_%28cropped%29.jpg?utm_source=commons.wikimedia.org&utm_campaign=imageinfo&utm_content=thumbnail,https://commons.wikimedia.org/wiki/File:Rodney_Smith_(Judge)_(cropped).jpg,Public domain,fjc_bulk,
Jean-Paul Boulee,gand,district,Donald J. Trump,Republican,2019-01-23,2019-06-12,2019-06-14,,,,,day,true,6595551,false,false,https://upload.wikimedia.org/wikipedia/commons/thumb/c/c9/J._P._Boulee.png/330px-J._P._Boulee.png?utm_source=commons.wikimedia.org&utm_campaign=imageinfo&utm_content=thumbnail,https://commons.wikimedia.org/wiki/File:J._P._Boulee.png,CC BY 3.0 — credit: Nydia Tisdale,fjc_bulk,
Sarah Daggett Morrison,ohsd,district,Donald J. Trump,Republican,2019-01-23,2019-06-11,2019-06-14,,,,,day,true,6589526,false,false,https://upload.wikimedia.org/wikipedia/commons/a/a8/Sarah_D._Morrison_%28cropped%29.jpg?utm_source=commons.wikimedia.org&utm_campaign=imageinfo&utm_content=thumbnail_unscaled,https://commons.wikimedia.org/wiki/File:Sarah_D._Morrison_(cropped).jpg,Public domain,fjc_bulk,
Corey Landon Maze,alnd,district,Donald J. Trump,Republican,2019-01-23,2019-06-12,2019-06-18,,,,,day,true,6594536,true,false,https://upload.wikimedia.org/wikipedia/commons/thumb/f/f5/Corey_Maze_%28Judge%29_%28cropped%29.jpg/330px-Corey_Maze_%28Judge%29_%28cropped%29.jpg?utm_source=commons.wikimedia.org&utm_campaign=imageinfo&utm_content=thumbnail,https://commons.wikimedia.org/wiki/File:Corey_Maze_(Judge)_(cropped).jpg,Public domain,fjc_bulk,
Pamela Ann Barker,ohnd,district,Donald J. Trump,Republican,2019-01-23,2019-06-12,2019-06-18,,,,,day,true,6594531,false,false,https://upload.wikimedia.org/wikipedia/commons/thumb/1/15/Pamela_A_Barker.png/330px-Pamela_A_Barker.png?utm_source=commons.wikimedia.org&utm_campaign=imageinfo&utm_content=thumbnail,https://commons.wikimedia.org/wiki/File:Pamela_A_Barker.png,Public domain,fjc_bulk,
Allen Cothrel Winsor,flnd,district,Donald J. Trump,Republican,2019-01-23,2019-06-19,2019-06-21,,,,,day,true,6631561,true,false,https://upload.wikimedia.org/wikipedia/commons/thumb/e/ee/Allen_Winsor_%28cropped%29.jpg/330px-Allen_Winsor_%28cropped%29.jpg?utm_source=commons.wikimedia.org&utm_campaign=imageinfo&utm_content=thumbnail,https://commons.wikimedia.org/wiki/File:Allen_Winsor_(cropped).jpg,Public domain,fjc_bulk,
Greg Gerard Guidry,laed,district,Donald J. Trump,Republican,2019-01-17,2019-06-19,2019-06-21,,,,,day,true,6631571,false,false,https://upload.wikimedia.org/wikipedia/commons/thumb/e/ee/Greg_G._Guidry%2C_U.S._District_Court_Judge.jpg/330px-Greg_G._Guidry%2C_U.S._District_Court_Judge.jpg?utm_source=commons.wikimedia.org&utm_campaign=imageinfo&utm_content=thumbnail,"https://commons.wikimedia.org/wiki/File:Greg_G._Guidry,_U.S._District_Court_Judge.jpg",Public domain,fjc_bulk,
Matthew Joseph Kacsmaryk,txnd,district,Donald J. Trump,Republican,2019-01-23,2019-06-19,2019-06-21,,,,,day,true,6631056,true,false,https://upload.wikimedia.org/wikipedia/commons/thumb/c/c4/Matthew_Kacsmaryk_%28Judge%29_%28cropped%29.jpg/330px-Matthew_Kacsmaryk_%28Judge%29_%28cropped%29.jpg?utm_source=commons.wikimedia.org&utm_campaign=imageinfo&utm_content=thumbnail,https://commons.wikimedia.org/wiki/File:Matthew_Kacsmaryk_(Judge)_(cropped).jpg,Public domain,fjc_bulk,
Carl John Nichols,dcd,district,Donald J. Trump,Republican,2019-01-23,2019-05-22,2019-06-25,,,,,day,true,6489111,true,false,https://upload.wikimedia.org/wikipedia/commons/thumb/f/f1/NicholsPic.jpg/330px-NicholsPic.jpg?utm_source=commons.wikimedia.org&utm_campaign=imageinfo&utm_content=thumbnail,https://commons.wikimedia.org/wiki/File:NicholsPic.jpg,Public domain,fjc_bulk,
James David Cain Jr.,lawd,district,Donald J. Trump,Republican,2019-01-23,2019-06-19,2019-06-25,,,,,day,true,6631566,false,false,https://upload.wikimedia.org/wikipedia/commons/c/ca/Judge_Cain.jpg?utm_source=commons.wikimedia.org&utm_campaign=imageinfo&utm_content=thumbnail_unscaled,https://commons.wikimedia.org/wiki/File:Judge_Cain.jpg,Public domain,fjc_bulk,
Thomas Patrick Barber,flmd,district,Donald J. Trump,Republican,2019-01-23,2019-06-12,2019-07-11,,,,,day,true,6595046,false,false,https://upload.wikimedia.org/wikipedia/commons/c/c7/Thomas_Barber.jpg?utm_source=commons.wikimedia.org&utm_campaign=imageinfo&utm_content=thumbnail_unscaled,https://commons.wikimedia.org/wiki/File:Thomas_Barber.jpg,Public domain,fjc_bulk,
"Holte, Ryan Thomas",uscfc,specialized,Donald J. Trump,Republican,2019-01-23,2019-06-10,2019-07-11,,,,,day,true,,,,,,,fjc_html,
T. Kent Wetherell II,flnd,district,Donald J. Trump,Republican,2019-01-23,2019-07-10,2019-07-12,,,,,day,true,6731081,false,false,https://upload.wikimedia.org/wikipedia/commons/9/9b/Judge_T._Kent_Wetherell_II.jpg?utm_source=commons.wikimedia.org&utm_campaign=imageinfo&utm_content=thumbnail_unscaled,https://commons.wikimedia.org/wiki/File:Judge_T._Kent_Wetherell_II.jpg,Public domain,fjc_bulk,
J. Nicholas Ranjan,pawd,district,Donald J. Trump,Republican,2019-01-23,2019-07-10,2019-07-12,,,,,day,true,6731086,false,false,https://upload.wikimedia.org/wikipedia/commons/thumb/e/e8/Judge_Ranjan.jpg/330px-Judge_Ranjan.jpg?utm_source=commons.wikimedia.org&utm_campaign=imageinfo&utm_content=thumbnail,https://commons.wikimedia.org/wiki/File:Judge_Ranjan.jpg,Public domain,fjc_bulk,
Peter Joseph Phipps,ca3,circuit,Donald J. Trump,Republican,2019-05-13,2019-07-16,2019-07-17,,,,,day,true,5374591,false,false,https://upload.wikimedia.org/wikipedia/commons/thumb/e/ec/JudgePPhipps.jpg/330px-JudgePPhipps.jpg?utm_source=commons.wikimedia.org&utm_campaign=imageinfo&utm_content=thumbnail,https://commons.wikimedia.org/wiki/File:JudgePPhipps.jpg,Public domain,fjc_bulk,
Clifton Leland Corker,tned,district,Donald J. Trump,Republican,2019-01-23,2019-07-18,2019-07-22,,,,,day,true,6770606,false,false,https://upload.wikimedia.org/wikipedia/commons/thumb/a/af/Clifton_Corker_%28Judge%29_%28cropped%29.jpg/330px-Clifton_Corker_%28Judge%29_%28cropped%29.jpg?utm_source=commons.wikimedia.org&utm_campaign=imageinfo&utm_content=thumbnail,https://commons.wikimedia.org/wiki/File:Clifton_Corker_(Judge)_(cropped).jpg,Public domain,fjc_bulk,
Daniel Aaron Bress,ca9,circuit,Donald J. Trump,Republican,2019-02-06,2019-07-09,2019-07-26,,,,,day,true,6729576,true,false,https://upload.wikimedia.org/wikipedia/commons/3/3d/DanielABress.jpg?utm_source=commons.wikimedia.org&utm_campaign=imageinfo&utm_content=thumbnail_unscaled,https://commons.wikimedia.org/wiki/File:DanielABress.jpg,Public domain,fjc_bulk,
Damon Ray Leichty,innd,district,Donald J. Trump,Republican,2019-01-23,2019-07-10,2019-07-26,,,,,day,true,6731091,false,false,https://upload.wikimedia.org/wikipedia/commons/thumb/f/f8/Damon_Leichty_%28Judge%29_%28cropped%29.jpg/330px-Damon_Leichty_%28Judge%29_%28cropped%29.jpg?utm_source=commons.wikimedia.org&utm_campaign=imageinfo&utm_content=thumbnail,https://commons.wikimedia.org/wiki/File:Damon_Leichty_(Judge)_(cropped).jpg,Public domain,fjc_bulk,
Wendy Williams Berger,flmd,district,Donald J. Trump,Republican,2019-01-23,2019-07-24,2019-07-29,,,,,day,true,6801611,false,false,https://upload.wikimedia.org/wikipedia/commons/a/ad/Judge_Wendy_W._Berger.jpg?utm_source=commons.wikimedia.org&utm_campaign=imageinfo&utm_content=thumbnail_unscaled,https://commons.wikimedia.org/wiki/File:Judge_Wendy_W._Berger.jpg,Public domain,fjc_bulk,
Michael Thomas Liburdi,azd,district,Donald J. Trump,Republican,2019-01-17,2019-07-30,2019-08-05,,,,,day,true,6830641,true,false,https://upload.wikimedia.org/wikipedia/commons/7/71/Michael_T_Liburdi.jpg?utm_source=commons.wikimedia.org&utm_campaign=imageinfo&utm_content=thumbnail_unscaled,https://commons.wikimedia.org/wiki/File:Michael_T_Liburdi.jpg,Public domain,fjc_bulk,
Peter David Welte,ndd,district,Donald J. Trump,Republican,2019-01-17,2019-07-30,2019-08-05,,,,,day,true,6831146,false,false,https://upload.wikimedia.org/wikipedia/commons/thumb/8/8c/Peter_Welte_%28cropped%29.jpg/330px-Peter_Welte_%28cropped%29.jpg?utm_source=commons.wikimedia.org&utm_campaign=imageinfo&utm_content=thumbnail,https://commons.wikimedia.org/wiki/File:Peter_Welte_(cropped).jpg,Public domain,fjc_bulk,
Karin Johanna Immergut,ord,district,Donald J. Trump,Republican,2019-01-23,2019-07-31,2019-08-05,,,,,day,true,6839681,false,false,https://upload.wikimedia.org/wikipedia/commons/thumb/6/68/Karin_J._Immergut.jpg/330px-Karin_J._Immergut.jpg?utm_source=commons.wikimedia.org&utm_campaign=imageinfo&utm_content=thumbnail,https://commons.wikimedia.org/wiki/File:Karin_J._Immergut.jpg,CC BY-SA 4.0 — credit: Peregrin0149,fjc_bulk,
William Shaw Stickman IV,pawd,district,Donald J. Trump,Republican,2019-05-13,2019-07-31,2019-08-05,,,,,day,true,6840721,false,false,https://upload.wikimedia.org/wikipedia/commons/thumb/a/a6/Judge_Stickman.jpg/330px-Judge_Stickman.jpg?utm_source=commons.wikimedia.org&utm_campaign=imageinfo&utm_content=thumbnail,https://commons.wikimedia.org/wiki/File:Judge_Stickman.jpg,Public domain,fjc_bulk,
Mark Timothy Pittman,txnd,district,Donald J. Trump,Republican,2019-01-17,2019-07-31,2019-08-05,,,,,day,true,6840196,true,false,https://upload.wikimedia.org/wikipedia/commons/6/6a/Judge_Mark_T._Pittman.jpg?utm_source=commons.wikimedia.org&utm_campaign=imageinfo&utm_content=thumbnail_unscaled,https://commons.wikimedia.org/wiki/File:Judge_Mark_T._Pittman.jpg,Public domain,fjc_bulk,
Jason Kenneth Pulliam,txwd,district,Donald J. Trump,Republican,2019-03-05,2019-07-31,2019-08-05,,,,,day,true,6840711,false,false,https://upload.wikimedia.org/wikipedia/commons/thumb/8/84/Jason_Pulliam_%28Judge%29_%28cropped%29.jpg/330px-Jason_Pulliam_%28Judge%29_%28cropped%29.jpg?utm_source=commons.wikimedia.org&utm_campaign=imageinfo&utm_content=thumbnail,https://commons.wikimedia.org/wiki/File:Jason_Pulliam_(Judge)_(cropped).jpg,Public domain,fjc_bulk,
Brian Craig Buescher,ned,district,Donald J. Trump,Republican,2019-01-23,2019-07-24,2019-08-06,,,,,day,true,6801616,false,false,https://upload.wikimedia.org/wikipedia/commons/thumb/6/6b/Brian_C_Buescher.jpg/330px-Brian_C_Buescher.jpg?utm_source=commons.wikimedia.org&utm_campaign=imageinfo&utm_content=thumbnail,https://commons.wikimedia.org/wiki/File:Brian_C_Buescher.jpg,Public domain,fjc_bulk,
Brantley David Starr,txnd,district,Donald J. Trump,Republican,2019-03-11,2019-07-31,2019-08-06,,,,,day,true,6840706,true,false,https://upload.wikimedia.org/wikipedia/commons/thumb/0/0b/Brantley_Starr_%28Judge%29.jpg/330px-Brantley_Starr_%28Judge%29.jpg?utm_source=commons.wikimedia.org&utm_campaign=imageinfo&utm_content=thumbnail,https://commons.wikimedia.org/wiki/File:Brantley_Starr_(Judge).jpg,Public domain,fjc_bulk,
Timothy Mark Reif,cit,specialized,Donald J. Trump,Republican,2019-01-23,2019-08-01,2019-08-08,,,,,day,true,6841731,false,false,https://upload.wikimedia.org/wikipedia/commons/thumb/0/0b/Timothy_Reif_%28Judge%29_%28cropped%29.jpg/330px-Timothy_Reif_%28Judge%29_%28cropped%29.jpg?utm_source=commons.wikimedia.org&utm_campaign=imageinfo&utm_content=thumbnail,https://commons.wikimedia.org/wiki/File:Timothy_Reif_(Judge)_(cropped).jpg,Public domain,fjc_bulk,
James Wesley Hendrix,txnd,district,Donald J. Trump,Republican,2019-01-17,2019-07-30,2019-08-08,,,,,day,true,6831671,false,false,https://upload.wikimedia.org/wikipedia/commons/5/56/James_Wesley_Hendrix_headshot.jpg?utm_source=commons.wikimedia.org&utm_campaign=imageinfo&utm_content=thumbnail_unscaled,https://commons.wikimedia.org/wiki/File:James_Wesley_Hendrix_headshot.jpg,Public domain,fjc_bulk,
Martha Maria Pacold,ilnd,district,Donald J. Trump,Republican,2019-05-21,2019-07-31,2019-08-16,,,,,day,true,6840716,true,false,https://upload.wikimedia.org/wikipedia/commons/0/0d/Martha_Pacold%2C_cropped.png?utm_source=commons.wikimedia.org&utm_campaign=imageinfo&utm_content=thumbnail_unscaled,"https://commons.wikimedia.org/wiki/File:Martha_Pacold,_cropped.png",Public domain,fjc_bulk,
Mary Margaret Rowland,ilnd,district,Donald J. Trump,Republican,2019-05-21,2019-07-31,2019-08-20,,,,,day,true,6840191,false,false,https://upload.wikimedia.org/wikipedia/commons/b/bb/Mary_M._Rowland_%28cropped%29.jpg?utm_source=commons.wikimedia.org&utm_campaign=imageinfo&utm_content=thumbnail_unscaled,https://commons.wikimedia.org/wiki/File:Mary_M._Rowland_(cropped).jpg,Public domain,fjc_bulk,
John Milton Younge,paed,district,Donald J. Trump,Republican,2019-01-23,2019-07-31,2019-08-20,,,,,day,true,6839686,false,false,https://upload.wikimedia.org/wikipedia/commons/thumb/c/cb/John_M._Younge.jpg/330px-John_M._Younge.jpg?utm_source=commons.wikimedia.org&utm_campaign=imageinfo&utm_content=thumbnail,https://commons.wikimedia.org/wiki/File:John_M._Younge.jpg,Public domain,fjc_bulk,
Sean D. Jordan,txed,district,Donald J. Trump,Republican,2019-01-17,2019-07-30,2019-08-20,,,,,day,true,6834676,true,false,https://upload.wikimedia.org/wikipedia/commons/thumb/b/bf/Sean_D._Jordan_%28Judge%29_%28cropped%29.jpg/330px-Sean_D._Jordan_%28Judge%29_%28cropped%29.jpg?utm_source=commons.wikimedia.org&utm_campaign=imageinfo&utm_content=thumbnail,https://commons.wikimedia.org/wiki/File:Sean_D._Jordan_(Judge)_(cropped).jpg,Public domain,fjc_bulk,
Jeffrey Vincent Brown,txsd,district,Donald J. Trump,Republican,2019-03-11,2019-07-31,2019-09-04,,,,,day,true,6840201,false,false,https://upload.wikimedia.org/wikipedia/commons/thumb/2/2a/JeffBrown_2.jpg/330px-JeffBrown_2.jpg?utm_source=commons.wikimedia.org&utm_campaign=imageinfo&utm_content=thumbnail,https://commons.wikimedia.org/wiki/File:JeffBrown_2.jpg,Public domain,fjc_bulk,
Steven Daniel Grimberg,gand,district,Donald J. Trump,Republican,2019-04-04,2019-09-11,2019-09-13,,,,,day,true,7049561,true,false,https://upload.wikimedia.org/wikipedia/commons/thumb/9/90/Steven_D._Grimberg.jpg/330px-Steven_D._Grimberg.jpg?utm_source=commons.wikimedia.org&utm_campaign=imageinfo&utm_content=thumbnail,https://commons.wikimedia.org/wiki/File:Steven_D._Grimberg.jpg,Public domain,fjc_bulk,
Steven Charles Seeger,ilnd,district,Donald J. Trump,Republican,2019-05-21,2019-09-11,2019-09-13,,,,,day,true,7049771,false,false,https://upload.wikimedia.org/wikipedia/commons/thumb/6/6c/Steven_Seeger_%28Judge%29_%28cropped%29.jpg/330px-Steven_Seeger_%28Judge%29_%28cropped%29.jpg?utm_source=commons.wikimedia.org&utm_campaign=imageinfo&utm_content=thumbnail,https://commons.wikimedia.org/wiki/File:Steven_Seeger_(Judge)_(cropped).jpg,Public domain,fjc_bulk,
Stephanie Agli Gallagher,mdd,district,Donald J. Trump,Republican,2019-05-21,2019-09-11,2019-09-13,,,,,day,true,7049781,false,false,https://upload.wikimedia.org/wikipedia/commons/thumb/2/29/Stephanie_Gallagher_%28cropped%29.jpg/330px-Stephanie_Gallagher_%28cropped%29.jpg?utm_source=commons.wikimedia.org&utm_campaign=imageinfo&utm_content=thumbnail,https://commons.wikimedia.org/wiki/File:Stephanie_Gallagher_(cropped).jpg,Public domain,fjc_bulk,
Ada Elene Brown,txnd,district,Donald J. Trump,Republican,2019-03-26,2019-09-11,2019-09-13,,,,,day,true,7049261,true,false,https://upload.wikimedia.org/wikipedia/commons/thumb/1/14/Ada_E._Brown.jpg/330px-Ada_E._Brown.jpg?utm_source=commons.wikimedia.org&utm_campaign=imageinfo&utm_content=thumbnail,https://commons.wikimedia.org/wiki/File:Ada_E._Brown.jpg,Public domain,fjc_bulk,
Stephanie Lou Haines,pawd,district,Donald J. Trump,Republican,2019-03-05,2019-09-11,2019-09-30,,,,,day,true,7049256,false,false,https://upload.wikimedia.org/wikipedia/commons/thumb/a/ad/Stephanie_L._Haines%2C_U.S._District_Court_Judge.jpg/330px-Stephanie_L._Haines%2C_U.S._District_Court_Judge.jpg?utm_source=commons.wikimedia.org&utm_campaign=imageinfo&utm_content=thumbnail,"https://commons.wikimedia.org/wiki/File:Stephanie_L._Haines,_U.S._District_Court_Judge.jpg",Public domain,fjc_bulk,
Mary Susan McElroy,rid,district,Donald J. Trump,Republican,2019-05-21,2019-09-11,2019-09-30,,,,,day,true,7049776,false,false,https://upload.wikimedia.org/wikipedia/commons/thumb/8/8f/Judge_Mary_S._McElroy.jpg/330px-Judge_Mary_S._McElroy.jpg?utm_source=commons.wikimedia.org&utm_campaign=imageinfo&utm_content=thumbnail,https://commons.wikimedia.org/wiki/File:Judge_Mary_S._McElroy.jpg,Public domain,fjc_bulk,
Rachel Peter Kovner,nyed,district,Donald J. Trump,Republican,2019-05-21,2019-10-16,2019-10-17,,,,,day,true,7223861,false,false,https://upload.wikimedia.org/wikipedia/commons/thumb/2/2e/Rachel_Kovner_%28Judge%29_%28cropped%29.jpg/330px-Rachel_Kovner_%28Judge%29_%28cropped%29.jpg?utm_source=commons.wikimedia.org&utm_campaign=imageinfo&utm_content=thumbnail,https://commons.wikimedia.org/wiki/File:Rachel_Kovner_(Judge)_(cropped).jpg,Public domain,fjc_bulk,
Charles R. Eskridge III,txsd,district,Donald J. Trump,Republican,2019-05-13,2019-10-16,2019-10-17,,,,,day,true,7223866,true,false,https://upload.wikimedia.org/wikipedia/commons/thumb/7/7d/Charles_Eskridge%2C_U.S._District_Court_Judge.jpg/330px-Charles_Eskridge%2C_U.S._District_Court_Judge.jpg?utm_source=commons.wikimedia.org&utm_campaign=imageinfo&utm_content=thumbnail,"https://commons.wikimedia.org/wiki/File:Charles_Eskridge,_U.S._District_Court_Judge.jpg",Public domain,fjc_bulk,
David John Novak,vaed,district,Donald J. Trump,Republican,2019-03-26,2019-10-16,2019-10-17,,,,,day,true,7224376,false,false,https://upload.wikimedia.org/wikipedia/commons/thumb/a/a9/David_Novak_%28Judge%29_%28cropped%29.jpg/330px-David_Novak_%28Judge%29_%28cropped%29.jpg?utm_source=commons.wikimedia.org&utm_campaign=imageinfo&utm_content=thumbnail,https://commons.wikimedia.org/wiki/File:David_Novak_(Judge)_(cropped).jpg,Public domain,fjc_bulk,
Frank William Volk,wvsd,district,Donald J. Trump,Republican,2019-04-04,2019-10-16,2019-10-17,,,,,day,true,7223871,false,false,https://upload.wikimedia.org/wikipedia/commons/thumb/b/b6/Frank_Volk_%28Judge%29_%28cropped%29.jpg/330px-Frank_Volk_%28Judge%29_%28cropped%29.jpg?utm_source=commons.wikimedia.org&utm_campaign=imageinfo&utm_content=thumbnail,https://commons.wikimedia.org/wiki/File:Frank_Volk_(Judge)_(cropped).jpg,Public domain,fjc_bulk,
Justin Reed Walker,kywd,district,Donald J. Trump,Republican,2019-06-24,2019-10-24,2019-10-25,,,2020-09-02,Appointment to Another Judicial Position,day,false,7263221,,,https://upload.wikimedia.org/wikipedia/commons/thumb/2/22/Justin_R._Walker.jpg/330px-Justin_R._Walker.jpg?utm_source=commons.wikimedia.org&utm_campaign=imageinfo&utm_content=thumbnail,https://commons.wikimedia.org/wiki/File:Justin_R._Walker.jpg,Public domain,fjc_bulk,
Lee Philip Rudofsky,are,district,Donald J. Trump,Republican,2019-07-08,2019-11-07,2019-11-08,,,,,day,true,7330446,true,false,https://upload.wikimedia.org/wikipedia/commons/thumb/9/9f/Lee_Philip_Rudofsky.jpg/330px-Lee_Philip_Rudofsky.jpg?utm_source=commons.wikimedia.org&utm_campaign=imageinfo&utm_content=thumbnail,https://commons.wikimedia.org/wiki/File:Lee_Philip_Rudofsky.jpg,Public domain,fjc_bulk,
Jennifer Philpott Wilson,pamd,district,Donald J. Trump,Republican,2019-05-13,2019-11-07,2019-11-08,,,,,day,true,7330451,false,false,https://upload.wikimedia.org/wikipedia/commons/thumb/d/d7/Jennifer_P._Wilson_%28cropped%29.jpg/330px-Jennifer_P._Wilson_%28cropped%29.jpg?utm_source=commons.wikimedia.org&utm_campaign=imageinfo&utm_content=thumbnail,https://commons.wikimedia.org/wiki/File:Jennifer_P._Wilson_(cropped).jpg,Public domain,fjc_bulk,
Danielle Jo Forrest,ca9,circuit,Donald J. Trump,Republican,2019-09-19,2019-11-06,2019-11-12,,,,,day,true,7328941,true,false,https://upload.wikimedia.org/wikipedia/commons/thumb/6/6d/Forrest_Danielle_Official_PUB_0044.jpg/330px-Forrest_Danielle_Official_PUB_0044.jpg?utm_source=commons.wikimedia.org&utm_campaign=imageinfo&utm_content=thumbnail,https://commons.wikimedia.org/wiki/File:Forrest_Danielle_Official_PUB_0044.jpg,Public domain,fjc_bulk,
Steven James Menashi,ca2,circuit,Donald J. Trump,Republican,2019-09-09,2019-11-14,2019-11-14,,,,,day,true,7365461,false,false,https://upload.wikimedia.org/wikipedia/commons/thumb/c/c8/Steven-Menashi-Headshot.jpg/330px-Steven-Menashi-Headshot.jpg?utm_source=commons.wikimedia.org&utm_campaign=imageinfo&utm_content=thumbnail,https://commons.wikimedia.org/wiki/File:Steven-Menashi-Headshot.jpg,CC BY-SA 4.0 — credit: Hypotheticaljurisdiction,fjc_bulk,
William Joseph Nardini,ca2,circuit,Donald J. Trump,Republican,2019-09-19,2019-11-07,2019-11-14,,,,,day,true,7330456,false,false,https://upload.wikimedia.org/wikipedia/commons/thumb/b/b5/William_Nardini_%28Judge%29_%28cropped%29.jpg/330px-William_Nardini_%28Judge%29_%28cropped%29.jpg?utm_source=commons.wikimedia.org&utm_campaign=imageinfo&utm_content=thumbnail,https://commons.wikimedia.org/wiki/File:William_Nardini_(Judge)_(cropped).jpg,Public domain,fjc_bulk,
Robert Joshua Luck,ca11,circuit,Donald J. Trump,Republican,2019-10-15,2019-11-19,2019-11-19,,,,,day,true,7390466,false,false,https://upload.wikimedia.org/wikipedia/commons/thumb/a/ab/Florida-Supreme-Court-Justice-Robert-Luck-2019.jpg/330px-Florida-Supreme-Court-Justice-Robert-Luck-2019.jpg?utm_source=commons.wikimedia.org&utm_campaign=imageinfo&utm_content=thumbnail,https://commons.wikimedia.org/wiki/File:Florida-Supreme-Court-Justice-Robert-Luck-2019.jpg,Public domain,fjc_bulk,
"Tapp, David Austin",uscfc,specialized,Donald J. Trump,Republican,2019-03-05,2019-11-05,2019-11-19,,,,,day,true,,,,,,,fjc_html,
Sarah Elizabeth Pitlyk,moed,district,Donald J. Trump,Republican,2019-09-09,2019-12-04,2019-12-05,,,,,day,true,7465646,true,false,https://upload.wikimedia.org/wikipedia/commons/thumb/b/b0/Judge_Sarah_E._Pitlyk_%282019%29.jpg/330px-Judge_Sarah_E._Pitlyk_%282019%29.jpg?utm_source=commons.wikimedia.org&utm_campaign=imageinfo&utm_content=thumbnail,https://commons.wikimedia.org/wiki/File:Judge_Sarah_E._Pitlyk_(2019).jpg,Public domain,fjc_bulk,
Eric Ross Komitee,nyed,district,Donald J. Trump,Republican,2019-05-21,2019-12-03,2019-12-05,,,,,day,true,7460631,false,false,https://upload.wikimedia.org/wikipedia/commons/thumb/1/1e/Eric_Komitee_%28Judge%29_%28cropped%29.jpg/330px-Eric_Komitee_%28Judge%29_%28cropped%29.jpg?utm_source=commons.wikimedia.org&utm_campaign=imageinfo&utm_content=thumbnail,https://commons.wikimedia.org/wiki/File:Eric_Komitee_(Judge)_(cropped).jpg,Public domain,fjc_bulk,
John Leonard Sinatra Jr.,nywd,district,Donald J. Trump,Republican,2019-05-21,2019-12-04,2019-12-05,,,,,day,true,7465641,true,false,https://upload.wikimedia.org/wikipedia/commons/thumb/3/3c/John_L._Sinatra_Jr._%28Judge%29_%28cropped%29.jpg/330px-John_L._Sinatra_Jr._%28Judge%29_%28cropped%29.jpg?utm_source=commons.wikimedia.org&utm_campaign=imageinfo&utm_content=thumbnail,https://commons.wikimedia.org/wiki/File:John_L._Sinatra_Jr._(Judge)_(cropped).jpg,Public domain,fjc_bulk,
Douglas Russell Cole,ohsd,district,Donald J. Trump,Republican,2019-05-13,2019-12-04,2019-12-05,,,,,day,true,7465651,false,false,https://upload.wikimedia.org/wikipedia/commons/thumb/8/81/Douglas_R._Cole_%28cropped%29.jpg/330px-Douglas_R._Cole_%28cropped%29.jpg?utm_source=commons.wikimedia.org&utm_campaign=imageinfo&utm_content=thumbnail,https://commons.wikimedia.org/wiki/File:Douglas_R._Cole_(cropped).jpg,Public domain,fjc_bulk,
Barbara Lagoa,ca11,circuit,Donald J. Trump,Republican,2019-10-15,2019-11-20,2019-12-06,,,,,day,true,7395471,true,false,https://upload.wikimedia.org/wikipedia/commons/thumb/1/15/Florida-Supreme-Court-Justice-Barbara-Lagoa-2019.jpg/330px-Florida-Supreme-Court-Justice-Barbara-Lagoa-2019.jpg?utm_source=commons.wikimedia.org&utm_campaign=imageinfo&utm_content=thumbnail,https://commons.wikimedia.org/wiki/File:Florida-Supreme-Court-Justice-Barbara-Lagoa-2019.jpg,Public domain,fjc_bulk,
Richard Ernest Myers II,nced,district,Donald J. Trump,Republican,2019-09-09,2019-12-05,2019-12-10,,,,,day,true,7470666,true,false,https://upload.wikimedia.org/wikipedia/commons/thumb/5/55/Richard_E._Myers_II.png/330px-Richard_E._Myers_II.png?utm_source=commons.wikimedia.org&utm_campaign=imageinfo&utm_content=thumbnail,https://commons.wikimedia.org/wiki/File:Richard_E._Myers_II.png,Public domain,fjc_bulk,
Sherri Allen Lydon,scd,district,Donald J. Trump,Republican,2019-10-15,2019-12-05,2019-12-10,,,,,day,true,7470671,false,false,https://upload.wikimedia.org/wikipedia/commons/thumb/1/16/Sherri_A._Lydon_official_photo.jpg/330px-Sherri_A._Lydon_official_photo.jpg?utm_source=commons.wikimedia.org&utm_campaign=imageinfo&utm_content=thumbnail,https://commons.wikimedia.org/wiki/File:Sherri_A._Lydon_official_photo.jpg,Public domain,fjc_bulk,
R. Austin Huffaker Jr.,almd,district,Donald J. Trump,Republican,2019-07-08,2019-12-04,2019-12-12,,,,,day,true,7465656,false,false,https://upload.wikimedia.org/wikipedia/commons/thumb/0/0c/R._Austin_Huffaker_official.jpg/330px-R._Austin_Huffaker_official.jpg?utm_source=commons.wikimedia.org&utm_campaign=imageinfo&utm_content=thumbnail,https://commons.wikimedia.org/wiki/File:R._Austin_Huffaker_official.jpg,Public domain,fjc_bulk,
Patrick Joseph Bumatay,ca9,circuit,Donald J. Trump,Republican,2019-10-15,2019-12-10,2019-12-12,,,,,day,true,7499211,true,false,https://upload.wikimedia.org/wikipedia/commons/b/b5/PatrickBumatay.jpg?utm_source=commons.wikimedia.org&utm_campaign=imageinfo&utm_content=thumbnail_unscaled,https://commons.wikimedia.org/wiki/File:PatrickBumatay.jpg,Public domain,fjc_bulk,
M. Miller Baker,cit,specialized,Donald J. Trump,Republican,2019-01-23,2019-08-01,2019-12-18,,,,,day,true,6841726,true,false,https://upload.wikimedia.org/wikipedia/commons/thumb/f/f6/M_Miller_Baker.png/330px-M_Miller_Baker.png?utm_source=commons.wikimedia.org&utm_campaign=imageinfo&utm_content=thumbnail,https://commons.wikimedia.org/wiki/File:M_Miller_Baker.png,Public domain,fjc_bulk,
Anuraag Hari Singhal,flsd,district,Donald J. Trump,Republican,2019-09-09,2019-12-19,2019-12-20,,,,,day,true,7543926,true,false,https://upload.wikimedia.org/wikipedia/commons/f/f2/Judge_Anuraag_Singhal.jpg?utm_source=commons.wikimedia.org&utm_campaign=imageinfo&utm_content=thumbnail_unscaled,https://commons.wikimedia.org/wiki/File:Judge_Anuraag_Singhal.jpg,Public domain,fjc_bulk,
Mary Kay Vyskocil,nysd,district,Donald J. Trump,Republican,2019-05-21,2019-12-19,2019-12-20,,,,,day,true,7545456,true,false,https://upload.wikimedia.org/wikipedia/commons/thumb/2/28/Mary_Kay_Vyskocil_%28Judge%29_%28cropped%29.jpg/330px-Mary_Kay_Vyskocil_%28Judge%29_%28cropped%29.jpg?utm_source=commons.wikimedia.org&utm_campaign=imageinfo&utm_content=thumbnail,https://commons.wikimedia.org/wiki/File:Mary_Kay_Vyskocil_(Judge)_(cropped).jpg,Public domain,fjc_bulk,
Jodi Warmbrod Dishman,okwd,district,Donald J. Trump,Republican,2019-09-09,2019-12-19,2019-12-20,,,,,day,true,7544441,false,false,https://upload.wikimedia.org/wikipedia/commons/thumb/8/89/Jodi_Dishman_%28Judge%29_%28cropped%29.jpg/330px-Jodi_Dishman_%28Judge%29_%28cropped%29.jpg?utm_source=commons.wikimedia.org&utm_campaign=imageinfo&utm_content=thumbnail,https://commons.wikimedia.org/wiki/File:Jodi_Dishman_(Judge)_(cropped).jpg,Public domain,fjc_bulk,
Karen Spencer Marston,paed,district,Donald J. Trump,Republican,2019-09-09,2019-12-19,2019-12-20,,,,,day,true,7543931,true,false,https://upload.wikimedia.org/wikipedia/commons/thumb/8/88/Karen_Marston_%28Judge%29_%28cropped%29.jpg/330px-Karen_Marston_%28Judge%29_%28cropped%29.jpg?utm_source=commons.wikimedia.org&utm_campaign=imageinfo&utm_content=thumbnail,https://commons.wikimedia.org/wiki/File:Karen_Marston_(Judge)_(cropped).jpg,Public domain,fjc_bulk,
Stephanie Dawkins Davis,mied,district,Donald J. Trump,Republican,2019-03-11,2019-12-19,2019-12-31,,,2022-06-14,Appointment to Another Judicial Position,day,false,7545481,,,https://upload.wikimedia.org/wikipedia/commons/thumb/c/ce/Stephanie_Davis_%28Judge%29.jpg/330px-Stephanie_Davis_%28Judge%29.jpg?utm_source=commons.wikimedia.org&utm_campaign=imageinfo&utm_content=thumbnail,https://commons.wikimedia.org/wiki/File:Stephanie_Davis_(Judge).jpg,Public domain,fjc_bulk,
Kea Whetzal Riggs,nmd,district,Donald J. Trump,Republican,2019-05-13,2019-12-19,2019-12-31,,,,,day,true,7545461,false,false,https://upload.wikimedia.org/wikipedia/commons/thumb/a/ae/Kea_Riggs_%28cropped%29.jpg/330px-Kea_Riggs_%28cropped%29.jpg?utm_source=commons.wikimedia.org&utm_campaign=imageinfo&utm_content=thumbnail,https://commons.wikimedia.org/wiki/File:Kea_Riggs_(cropped).jpg,Public domain,fjc_bulk,
Gary Richard Brown,nyed,district,Donald J. Trump,Republican,2019-05-21,2019-12-19,2019-12-31,,,,,day,true,7545476,false,false,https://upload.wikimedia.org/wikipedia/commons/thumb/4/4d/Gary_R_Brown.png/330px-Gary_R_Brown.png?utm_source=commons.wikimedia.org&utm_campaign=imageinfo&utm_content=thumbnail,https://commons.wikimedia.org/wiki/File:Gary_R_Brown.png,Public domain,fjc_bulk,
Lewis Jeffrey Liman,nysd,district,Donald J. Trump,Republican,2019-05-21,2019-12-19,2019-12-31,,,,,day,true,7545471,false,false,https://upload.wikimedia.org/wikipedia/commons/thumb/a/a5/Lewis_Liman_%28Judge%29_%28cropped%29.jpg/330px-Lewis_Liman_%28Judge%29_%28cropped%29.jpg?utm_source=commons.wikimedia.org&utm_campaign=imageinfo&utm_content=thumbnail,https://commons.wikimedia.org/wiki/File:Lewis_Liman_(Judge)_(cropped).jpg,Public domain,fjc_bulk,
Matthew Walden McFarland,ohsd,district,Donald J. Trump,Republican,2019-01-23,2019-12-18,2019-12-31,,,,,day,true,7539421,true,false,https://upload.wikimedia.org/wikipedia/commons/2/24/Matthew_W._McFarland%2C_U.S._District_Court_Judge.png?utm_source=commons.wikimedia.org&utm_campaign=imageinfo&utm_content=thumbnail_unscaled,"https://commons.wikimedia.org/wiki/File:Matthew_W._McFarland,_U.S._District_Court_Judge.png",Public domain,fjc_bulk,
Bernard M. Jones,okwd,district,Donald J. Trump,Republican,2019-10-17,2019-12-19,2019-12-31,,,,,day,true,7544951,false,false,https://upload.wikimedia.org/wikipedia/commons/thumb/1/19/Bernard_M._Jones_%28Judge%29.jpg/330px-Bernard_M._Jones_%28Judge%29.jpg?utm_source=commons.wikimedia.org&utm_campaign=imageinfo&utm_content=thumbnail,https://commons.wikimedia.org/wiki/File:Bernard_M._Jones_(Judge).jpg,Public domain,fjc_bulk,
John Michael Gallagher,paed,district,Donald J. Trump,Republican,2019-10-15,2019-12-19,2019-12-31,,,,,day,true,7544446,false,false,https://upload.wikimedia.org/wikipedia/commons/thumb/9/98/John_M._Gallagher_%28Judge%29_%28cropped%29.jpg/330px-John_M._Gallagher_%28Judge%29_%28cropped%29.jpg?utm_source=commons.wikimedia.org&utm_campaign=imageinfo&utm_content=thumbnail,https://commons.wikimedia.org/wiki/File:John_M._Gallagher_(Judge)_(cropped).jpg,Public domain,fjc_bulk,
Robert John Colville,pawd,district,Donald J. Trump,Republican,2019-03-05,2019-12-19,2019-12-31,,,,,day,true,7545466,false,false,https://upload.wikimedia.org/wikipedia/commons/thumb/9/9d/Robert_Colville_%28cropped%29.jpg/330px-Robert_Colville_%28cropped%29.jpg?utm_source=commons.wikimedia.org&utm_campaign=imageinfo&utm_content=thumbnail,https://commons.wikimedia.org/wiki/File:Robert_Colville_(cropped).jpg,Public domain,fjc_bulk,
Lawrence James Christopher VanDyke,ca9,circuit,Donald J. Trump,Republican,2019-10-15,2019-12-11,2020-01-02,,,,,day,true,7504281,true,false,https://upload.wikimedia.org/wikipedia/commons/a/a3/Lawrence_VanDyke.jpg?utm_source=commons.wikimedia.org&utm_campaign=imageinfo&utm_content=thumbnail_unscaled,https://commons.wikimedia.org/wiki/File:Lawrence_VanDyke.jpg,Public domain,fjc_bulk,
David Bruce Barlow,utd,district,Donald J. Trump,Republican,2019-06-12,2019-12-04,2020-01-06,,,,,day,true,7465661,false,false,https://upload.wikimedia.org/wikipedia/commons/thumb/8/8d/David_B._Barlow_US_Attorney.jpg/330px-David_B._Barlow_US_Attorney.jpg?utm_source=commons.wikimedia.org&utm_campaign=imageinfo&utm_content=thumbnail,https://commons.wikimedia.org/wiki/File:David_B._Barlow_US_Attorney.jpg,Public domain,fjc_bulk,
Daniel Mack Traynor,ndd,district,Donald J. Trump,Republican,2019-09-19,2019-12-19,2020-01-13,,,,,day,true,7544351,true,false,https://upload.wikimedia.org/wikipedia/commons/thumb/6/65/Daniel_Traynor_%28Judge%29_%28cropped%29.jpg/330px-Daniel_Traynor_%28Judge%29_%28cropped%29.jpg?utm_source=commons.wikimedia.org&utm_campaign=imageinfo&utm_content=thumbnail,https://commons.wikimedia.org/wiki/File:Daniel_Traynor_(Judge)_(cropped).jpg,Public domain,fjc_bulk,
"Solomson, Matthew Hillel",uscfc,specialized,Donald J. Trump,Republican,2019-03-05,2020-01-08,2020-02-03,,,,,day,true,,,,,,,fjc_html,
Joshua Michael Kindred,akd,district,Donald J. Trump,Republican,2020-01-03,2020-02-12,2020-02-18,,,2024-07-08,Resignation,day,false,7815626,,,,,,fjc_bulk,
John Fitzgerald Kness,ilnd,district,Donald J. Trump,Republican,2019-06-24,2020-02-12,2020-02-18,,,,,day,true,7815636,true,false,https://upload.wikimedia.org/wikipedia/commons/thumb/f/f6/John_Kness_%28Judge%29_%28cropped%29.jpg/330px-John_Kness_%28Judge%29_%28cropped%29.jpg?utm_source=commons.wikimedia.org&utm_campaign=imageinfo&utm_content=thumbnail,https://commons.wikimedia.org/wiki/File:John_Kness_(Judge)_(cropped).jpg,Public domain,fjc_bulk,
Philip Morgan Halpern,nysd,district,Donald J. Trump,Republican,2019-01-23,2020-02-12,2020-02-21,,,,,day,true,7815641,false,false,https://upload.wikimedia.org/wikipedia/commons/f/f5/Phillip_Halpern_%28Judge%29_%28cropped%29.jpg?utm_source=commons.wikimedia.org&utm_campaign=imageinfo&utm_content=thumbnail_unscaled,https://commons.wikimedia.org/wiki/File:Phillip_Halpern_(Judge)_(cropped).jpg,Public domain,fjc_bulk,
"Roumel, Eleni Maria",uscfc,specialized,Donald J. Trump,Republican,2019-06-24,2020-01-08,2020-02-24,,,,,day,true,,,,,,,fjc_html,
Silvia Luisa Carreño-Coll,prd,district,Donald J. Trump,Republican,2019-10-15,2020-02-25,2020-02-26,,,,,day,true,7883206,false,false,https://upload.wikimedia.org/wikipedia/commons/thumb/3/38/Hon-Silvia-Carreno-Coll.jpg/330px-Hon-Silvia-Carreno-Coll.jpg?utm_source=commons.wikimedia.org&utm_campaign=imageinfo&utm_content=thumbnail,https://commons.wikimedia.org/wiki/File:Hon-Silvia-Carreno-Coll.jpg,CC BY-SA 4.0 — credit: Japontelucena,fjc_bulk,
Robert A. Molloy,vid,district,Donald Trump,Republican,2019-06-12,2020-02-25,2020-04-27,,,,,day,true,,false,false,https://upload.wikimedia.org/wikipedia/commons/thumb/b/b1/Robert_A._Molloy.jpg/330px-Robert_A._Molloy.jpg?utm_source=commons.wikimedia.org&utm_campaign=imageinfo&utm_content=thumbnail,https://commons.wikimedia.org/wiki/File:Robert_A._Molloy.jpg,Public domain,territorial_manual,Current judges only; no systematic historical source for this court.
Anna Marie Manasco,alnd,district,Donald J. Trump,Republican,2020-02-04,2020-05-20,2020-05-27,,,,,day,true,8307866,false,false,https://upload.wikimedia.org/wikipedia/commons/thumb/3/34/Anna_Manasco_%28cropped%29.jpg/330px-Anna_Manasco_%28cropped%29.jpg?utm_source=commons.wikimedia.org&utm_campaign=imageinfo&utm_content=thumbnail,https://commons.wikimedia.org/wiki/File:Anna_Manasco_(cropped).jpg,Public domain,fjc_bulk,
Scott Hugh Rash,azd,district,Donald J. Trump,Republican,2019-10-15,2020-05-19,2020-05-27,,,,,day,true,8299341,true,false,https://upload.wikimedia.org/wikipedia/commons/d/d8/Scott_H._Rash.jpg?utm_source=commons.wikimedia.org&utm_campaign=imageinfo&utm_content=thumbnail_unscaled,https://commons.wikimedia.org/wiki/File:Scott_H._Rash.jpg,Public domain,fjc_bulk,
John Frederick Heil III,oked,district,Donald J. Trump,Republican,2020-01-06,2020-05-20,2020-05-27,,,,,day,true,8307871,false,false,https://upload.wikimedia.org/wikipedia/commons/c/cc/John_Heil_%28cropped%29.jpg?utm_source=commons.wikimedia.org&utm_campaign=imageinfo&utm_content=thumbnail_unscaled,https://commons.wikimedia.org/wiki/File:John_Heil_(cropped).jpg,Public domain,fjc_bulk,
John Frederick Heil III,oknd,district,Donald J. Trump,Republican,2020-01-06,2020-05-20,2020-05-27,,,,,day,true,8307871,false,false,https://upload.wikimedia.org/wikipedia/commons/c/cc/John_Heil_%28cropped%29.jpg?utm_source=commons.wikimedia.org&utm_campaign=imageinfo&utm_content=thumbnail_unscaled,https://commons.wikimedia.org/wiki/File:John_Heil_(cropped).jpg,Public domain,fjc_bulk,
John Frederick Heil III,okwd,district,Donald J. Trump,Republican,2020-01-06,2020-05-20,2020-05-27,,,,,day,true,8307871,false,false,https://upload.wikimedia.org/wikipedia/commons/c/cc/John_Heil_%28cropped%29.jpg?utm_source=commons.wikimedia.org&utm_campaign=imageinfo&utm_content=thumbnail_unscaled,https://commons.wikimedia.org/wiki/File:John_Heil_(cropped).jpg,Public domain,fjc_bulk,
John Leonard Badalamenti,flmd,district,Donald J. Trump,Republican,2020-02-04,2020-06-01,2020-06-04,,,,,day,true,8368391,true,false,https://upload.wikimedia.org/wikipedia/commons/8/8b/Judge_John_L._Badalamenti.jpg?utm_source=commons.wikimedia.org&utm_campaign=imageinfo&utm_content=thumbnail_unscaled,https://commons.wikimedia.org/wiki/File:Judge_John_L._Badalamenti.jpg,Public domain,fjc_bulk,
Drew Barnett Tipton,txsd,district,Donald J. Trump,Republican,2020-02-04,2020-06-03,2020-06-15,,,,,day,true,8377921,false,false,https://upload.wikimedia.org/wikipedia/commons/d/da/Judge-Drew-Tipton.jpg?utm_source=commons.wikimedia.org&utm_campaign=imageinfo&utm_content=thumbnail_unscaled,https://commons.wikimedia.org/wiki/File:Judge-Drew-Tipton.jpg,Public domain,fjc_bulk,
Andrew Lynn Brasher,ca11,circuit,Donald J. Trump,Republican,2020-01-03,2020-02-11,2020-06-30,,,,,day,true,6383991,true,false,https://upload.wikimedia.org/wikipedia/commons/thumb/f/fc/Andrew_Brasher_%28cropped%29.jpg/330px-Andrew_Brasher_%28cropped%29.jpg?utm_source=commons.wikimedia.org&utm_campaign=imageinfo&utm_content=thumbnail,https://commons.wikimedia.org/wiki/File:Andrew_Brasher_(cropped).jpg,Public domain,fjc_bulk,
Cory Todd Wilson,ca5,circuit,Donald J. Trump,Republican,2020-05-04,2020-06-24,2020-07-02,,,,,day,true,8479971,true,false,https://upload.wikimedia.org/wikipedia/commons/thumb/5/50/Cory_T._Wilson_%28cropped%29.jpg/330px-Cory_T._Wilson_%28cropped%29.jpg?utm_source=commons.wikimedia.org&utm_campaign=imageinfo&utm_content=thumbnail,https://commons.wikimedia.org/wiki/File:Cory_T._Wilson_(cropped).jpg,Public domain,fjc_bulk,
David Cleveland Joseph,lawd,district,Donald J. Trump,Republican,2020-01-06,2020-07-28,2020-07-31,,,,,day,true,8653141,false,false,https://upload.wikimedia.org/wikipedia/commons/thumb/1/1d/David_C._Joseph_official_photo.jpg/330px-David_C._Joseph_official_photo.jpg?utm_source=commons.wikimedia.org&utm_campaign=imageinfo&utm_content=thumbnail,https://commons.wikimedia.org/wiki/File:David_C._Joseph_official_photo.jpg,Public domain,fjc_bulk,
William Scott Hardy,pawd,district,Donald J. Trump,Republican,2020-01-06,2020-07-27,2020-07-31,,,,,day,true,8648136,false,false,https://upload.wikimedia.org/wikipedia/commons/thumb/5/5e/W._Scott_Hardy%2C_U.S._District_Court_Judge.jpg/330px-W._Scott_Hardy%2C_U.S._District_Court_Judge.jpg?utm_source=commons.wikimedia.org&utm_campaign=imageinfo&utm_content=thumbnail,"https://commons.wikimedia.org/wiki/File:W._Scott_Hardy,_U.S._District_Court_Judge.jpg",Public domain,fjc_bulk,
Matthew Thomas Schelp,moed,district,Donald J. Trump,Republican,2020-01-03,2020-02-12,2020-08-04,,,,,day,true,7815631,true,false,https://upload.wikimedia.org/wikipedia/commons/thumb/a/ad/Matthew_Schelp_%28Judge%29_%28cropped%29.jpg/330px-Matthew_Schelp_%28Judge%29_%28cropped%29.jpg?utm_source=commons.wikimedia.org&utm_campaign=imageinfo&utm_content=thumbnail,https://commons.wikimedia.org/wiki/File:Matthew_Schelp_(Judge)_(cropped).jpg,Public domain,fjc_bulk,
John Peter Cronan,nysd,district,Donald J. Trump,Republican,2020-02-27,2020-08-06,2020-08-10,,,,,day,true,8695161,true,false,https://upload.wikimedia.org/wikipedia/commons/thumb/f/fc/John_P._Cronan_official_photo.jpg/330px-John_P._Cronan_official_photo.jpg?utm_source=commons.wikimedia.org&utm_campaign=imageinfo&utm_content=thumbnail,https://commons.wikimedia.org/wiki/File:John_P._Cronan_official_photo.jpg,Public domain,fjc_bulk,
Justin Reed Walker,cadc,circuit,Donald J. Trump,Republican,2020-05-04,2020-06-18,2020-09-02,,,,,day,true,7263221,true,false,https://upload.wikimedia.org/wikipedia/commons/thumb/2/22/Justin_R._Walker.jpg/330px-Justin_R._Walker.jpg?utm_source=commons.wikimedia.org&utm_campaign=imageinfo&utm_content=thumbnail,https://commons.wikimedia.org/wiki/File:Justin_R._Walker.jpg,Public domain,fjc_bulk,
Brett Harry Ludwig,wied,district,Donald J. Trump,Republican,2020-03-03,2020-09-09,2020-09-10,,,,,day,true,8864776,false,false,https://upload.wikimedia.org/wikipedia/commons/thumb/1/18/Brett_Ludwig.jpg/330px-Brett_Ludwig.jpg?utm_source=commons.wikimedia.org&utm_campaign=imageinfo&utm_content=thumbnail,https://commons.wikimedia.org/wiki/File:Brett_Ludwig.jpg,Public domain,fjc_bulk,
Christy Criswell Wiegand,pawd,district,Donald J. Trump,Republican,2020-02-12,2020-09-09,2020-09-11,,,,,day,true,8865281,false,false,https://upload.wikimedia.org/wikipedia/commons/thumb/b/b2/Wiegand.jpg/330px-Wiegand.jpg?utm_source=commons.wikimedia.org&utm_campaign=imageinfo&utm_content=thumbnail,https://commons.wikimedia.org/wiki/File:Wiegand.jpg,Public domain,fjc_bulk,
Thomas Tullidge Cullen,vawd,district,Donald J. Trump,Republican,2020-02-04,2020-09-10,2020-09-15,,,,,day,true,8869816,false,false,https://upload.wikimedia.org/wikipedia/commons/thumb/f/f7/Thomas_T._Cullen_official_photo.jpg/330px-Thomas_T._Cullen_official_photo.jpg?utm_source=commons.wikimedia.org&utm_campaign=imageinfo&utm_content=thumbnail,https://commons.wikimedia.org/wiki/File:Thomas_T._Cullen_official_photo.jpg,Public domain,fjc_bulk,
John William Holcomb,cacd,district,Donald J. Trump,Republican,2020-02-13,2020-09-15,2020-09-18,,,,,day,true,8898346,false,false,https://upload.wikimedia.org/wikipedia/commons/2/2a/John_W._Holcomb.jpg?utm_source=commons.wikimedia.org&utm_campaign=imageinfo&utm_content=thumbnail_unscaled,https://commons.wikimedia.org/wiki/File:John_W._Holcomb.jpg,Public domain,fjc_bulk,
Mark Christopher Scarsi,cacd,district,Donald J. Trump,Republican,2020-01-09,2020-09-15,2020-09-18,,,,,day,true,8894336,true,false,https://upload.wikimedia.org/wikipedia/commons/f/f9/Mark_C._Scarsi.jpg?utm_source=commons.wikimedia.org&utm_campaign=imageinfo&utm_content=thumbnail_unscaled,https://commons.wikimedia.org/wiki/File:Mark_C._Scarsi.jpg,Public domain,fjc_bulk,
Stanley Blumenfeld Jr.,cacd,district,Donald J. Trump,Republican,2020-01-09,2020-09-15,2020-09-18,,,,,day,true,8895341,false,false,https://upload.wikimedia.org/wikipedia/commons/f/fa/Stanley_Blumenfeld.jpg?utm_source=commons.wikimedia.org&utm_campaign=imageinfo&utm_content=thumbnail_unscaled,https://commons.wikimedia.org/wiki/File:Stanley_Blumenfeld.jpg,Public domain,fjc_bulk,
Todd Wallace Robinson,casd,district,Donald J. Trump,Republican,2020-02-13,2020-09-16,2020-09-18,,,,,day,true,8900351,false,false,https://upload.wikimedia.org/wikipedia/commons/6/6f/Todd_W._Robinson.jpg?utm_source=commons.wikimedia.org&utm_campaign=imageinfo&utm_content=thumbnail_unscaled,https://commons.wikimedia.org/wiki/File:Todd_W._Robinson.jpg,Public domain,fjc_bulk,
Stephen Patrick McGlynn,ilsd,district,Donald J. Trump,Republican,2020-02-04,2020-09-16,2020-09-18,,,,,day,true,8900361,false,false,https://upload.wikimedia.org/wikipedia/commons/thumb/4/45/Steve_McGlynn.jpg/330px-Steve_McGlynn.jpg?utm_source=commons.wikimedia.org&utm_campaign=imageinfo&utm_content=thumbnail,https://commons.wikimedia.org/wiki/File:Steve_McGlynn.jpg,Public domain,fjc_bulk,
Diane Gujarati,nyed,district,Donald J. Trump,Republican,2019-05-21,2020-09-10,2020-09-18,,,,,day,true,8869821,false,false,https://upload.wikimedia.org/wikipedia/commons/thumb/9/9d/Diane_Gujarati_%28Judge%29_%28cropped%29.jpg/330px-Diane_Gujarati_%28Judge%29_%28cropped%29.jpg?utm_source=commons.wikimedia.org&utm_campaign=imageinfo&utm_content=thumbnail,https://commons.wikimedia.org/wiki/File:Diane_Gujarati_(Judge)_(cropped).jpg,Public domain,fjc_bulk,
Franklin Ulyses Valderrama,ilnd,district,Donald J. Trump,Republican,2020-02-12,2020-09-17,2020-09-23,,,,,day,true,8905366,false,false,https://upload.wikimedia.org/wikipedia/commons/b/b5/Franklin_U._Valderrama_%28cropped%29.jpg?utm_source=commons.wikimedia.org&utm_campaign=imageinfo&utm_content=thumbnail_unscaled,https://commons.wikimedia.org/wiki/File:Franklin_U._Valderrama_(cropped).jpg,Public domain,fjc_bulk,
Iain David Johnston,ilnd,district,Donald J. Trump,Republican,2020-02-12,2020-09-17,2020-09-23,,,,,day,true,8905371,true,false,https://upload.wikimedia.org/wikipedia/commons/thumb/e/e8/Iain_Johnston.jpg/330px-Iain_Johnston.jpg?utm_source=commons.wikimedia.org&utm_campaign=imageinfo&utm_content=thumbnail,https://commons.wikimedia.org/wiki/File:Iain_Johnston.jpg,Public domain,fjc_bulk,
David Wayne Dugan,ilsd,district,Donald J. Trump,Republican,2020-02-12,2020-09-16,2020-09-23,,,,,day,true,8900356,true,false,https://upload.wikimedia.org/wikipedia/commons/thumb/b/ba/David_Dugan.jpg/330px-David_Dugan.jpg?utm_source=commons.wikimedia.org&utm_campaign=imageinfo&utm_content=thumbnail,https://commons.wikimedia.org/wiki/File:David_Dugan.jpg,Public domain,fjc_bulk,
Hala Yalda Jarbou,miwd,district,Donald J. Trump,Republican,2020-03-18,2020-09-10,2020-09-23,,,,,day,true,8869811,false,false,https://upload.wikimedia.org/wikipedia/commons/thumb/a/a7/Hala_Jarbou.jpg/330px-Hala_Jarbou.jpg?utm_source=commons.wikimedia.org&utm_campaign=imageinfo&utm_content=thumbnail,https://commons.wikimedia.org/wiki/File:Hala_Jarbou.jpg,Public domain,fjc_bulk,
John Charles Hinderaker,azd,district,Donald J. Trump,Republican,2019-12-02,2020-09-23,2020-09-29,,,,,day,true,8938396,false,false,https://upload.wikimedia.org/wikipedia/commons/8/8b/John_C._Hinderaker.jpg?utm_source=commons.wikimedia.org&utm_campaign=imageinfo&utm_content=thumbnail_unscaled,https://commons.wikimedia.org/wiki/File:John_C._Hinderaker.jpg,Public domain,fjc_bulk,
Roderick Charles Young,vaed,district,Donald J. Trump,Republican,2020-05-21,2020-09-24,2020-09-29,,,,,day,true,8943911,false,false,https://upload.wikimedia.org/wikipedia/commons/thumb/e/eb/Roderick_Young_picture.jpg/330px-Roderick_Young_picture.jpg?utm_source=commons.wikimedia.org&utm_campaign=imageinfo&utm_content=thumbnail,https://commons.wikimedia.org/wiki/File:Roderick_Young_picture.jpg,CC BY-SA 4.0 — credit: Debatemaster123,fjc_bulk,
"Meyers, Edward Hulvey",uscfc,specialized,Donald J. Trump,Republican,2020-01-06,2020-09-22,2020-10-20,,,,,day,true,,,,,,,fjc_html,
Amy Coney Barrett,scotus,scotus,Donald J. Trump,Republican,2020-09-29,2020-10-26,2020-10-26,,,,,day,true,3979311,true,false,https://upload.wikimedia.org/wikipedia/commons/thumb/f/f2/Amy_Coney_Barrett_official_portrait.jpg/330px-Amy_Coney_Barrett_official_portrait.jpg?utm_source=commons.wikimedia.org&utm_campaign=imageinfo&utm_content=thumbnail,https://commons.wikimedia.org/wiki/File:Amy_Coney_Barrett_official_portrait.jpg,Public domain,fjc_bulk,
Michael Jay Newman,ohsd,district,Donald J. Trump,Republican,2020-03-03,2020-10-22,2020-11-10,,,,,day,true,9084011,true,false,https://upload.wikimedia.org/wikipedia/commons/0/0e/Michael_J._Newman%2C_U.S._District_Court_Judge.jpg?utm_source=commons.wikimedia.org&utm_campaign=imageinfo&utm_content=thumbnail_unscaled,"https://commons.wikimedia.org/wiki/File:Michael_J._Newman,_U.S._District_Court_Judge.jpg",Public domain,fjc_bulk,
Aileen Mercedes Cannon,flsd,district,Donald J. Trump,Republican,2020-05-21,2020-11-12,2020-11-13,,,,,day,true,9188596,true,false,https://upload.wikimedia.org/wikipedia/commons/thumb/7/79/Cannon2021_%28004%29.jpg/330px-Cannon2021_%28004%29.jpg?utm_source=commons.wikimedia.org&utm_campaign=imageinfo&utm_content=thumbnail,https://commons.wikimedia.org/wiki/File:Cannon2021_(004).jpg,Public domain,fjc_bulk,
James Ray Knepp II,ohnd,district,Donald J. Trump,Republican,2020-03-03,2020-11-10,2020-11-13,,,,,day,true,9175581,false,false,https://upload.wikimedia.org/wikipedia/commons/thumb/0/00/James_Knepp.jpg/330px-James_Knepp.jpg?utm_source=commons.wikimedia.org&utm_campaign=imageinfo&utm_content=thumbnail,https://commons.wikimedia.org/wiki/File:James_Knepp.jpg,Public domain,fjc_bulk,
Kathryn Kimball Mizelle,flmd,district,Donald J. Trump,Republican,2020-09-08,2020-11-18,2020-11-20,,,,,day,true,9219166,true,false,https://upload.wikimedia.org/wikipedia/commons/thumb/6/6f/Kathryn_Kimball_Mizelle_Portrait.jpg/330px-Kathryn_Kimball_Mizelle_Portrait.jpg?utm_source=commons.wikimedia.org&utm_campaign=imageinfo&utm_content=thumbnail,https://commons.wikimedia.org/wiki/File:Kathryn_Kimball_Mizelle_Portrait.jpg,Public domain,fjc_bulk,
Benjamin Joel Beaton,kywd,district,Donald J. Trump,Republican,2020-09-08,2020-11-17,2020-12-01,,,,,day,true,9210651,true,false,https://upload.wikimedia.org/wikipedia/commons/thumb/3/3e/Benjamin_J_Beaton.png/330px-Benjamin_J_Beaton.png?utm_source=commons.wikimedia.org&utm_campaign=imageinfo&utm_content=thumbnail,https://commons.wikimedia.org/wiki/File:Benjamin_J_Beaton.png,Public domain,fjc_bulk,
Kristi Haskins Johnson,mssd,district,Donald J. Trump,Republican,2020-05-04,2020-11-17,2020-12-01,,,,,day,true,9210646,true,false,https://upload.wikimedia.org/wikipedia/commons/thumb/5/5c/Kristi_Johnson_%28Judge%29_%28cropped%29.jpg/330px-Kristi_Johnson_%28Judge%29_%28cropped%29.jpg?utm_source=commons.wikimedia.org&utm_campaign=imageinfo&utm_content=thumbnail,https://commons.wikimedia.org/wiki/File:Kristi_Johnson_(Judge)_(cropped).jpg,Public domain,fjc_bulk,
Toby Jon Crouse,ksd,district,Donald J. Trump,Republican,2020-05-21,2020-11-17,2020-12-02,,,,,day,true,9214156,true,false,https://upload.wikimedia.org/wikipedia/commons/thumb/4/4d/Toby_Crouse.jpg/330px-Toby_Crouse.jpg?utm_source=commons.wikimedia.org&utm_campaign=imageinfo&utm_content=thumbnail,https://commons.wikimedia.org/wiki/File:Toby_Crouse.jpg,Public domain,fjc_bulk,
J. Philip Calabrese,ohnd,district,Donald J. Trump,Republican,2020-03-03,2020-12-01,2020-12-03,,,,,day,true,9280736,true,false,https://upload.wikimedia.org/wikipedia/commons/thumb/1/17/J_Philip_Calabrese.png/330px-J_Philip_Calabrese.png?utm_source=commons.wikimedia.org&utm_campaign=imageinfo&utm_content=thumbnail,https://commons.wikimedia.org/wiki/File:J_Philip_Calabrese.png,Public domain,fjc_bulk,
Taylor Brantley McNeel,mssd,district,Donald J. Trump,Republican,2020-07-02,2020-12-01,2020-12-14,,,,,day,true,9280216,true,false,https://upload.wikimedia.org/wikipedia/commons/thumb/b/b2/Taylor_McNeel_%28Judge%29.jpg/330px-Taylor_McNeel_%28Judge%29.jpg?utm_source=commons.wikimedia.org&utm_campaign=imageinfo&utm_content=thumbnail,https://commons.wikimedia.org/wiki/File:Taylor_McNeel_(Judge).jpg,Public domain,fjc_bulk,
"Davis, Kathryn Celia",uscfc,specialized,Donald J. Trump,Republican,2020-02-04,2020-12-02,2020-12-16,,,,,day,true,,,,,,,fjc_html,
Thomas Lee Kirsch II,ca7,circuit,Donald J. Trump,Republican,2020-11-16,2020-12-15,2020-12-17,,,,,day,true,9353346,false,false,https://upload.wikimedia.org/wikipedia/commons/thumb/f/f9/Thomas_L._Kirsch_II.jpg/330px-Thomas_L._Kirsch_II.jpg?utm_source=commons.wikimedia.org&utm_campaign=imageinfo&utm_content=thumbnail,https://commons.wikimedia.org/wiki/File:Thomas_L._Kirsch_II.jpg,Public domain,fjc_bulk,
Stephen Alexander Vaden,cit,specialized,Donald J. Trump,Republican,2020-01-03,2020-11-18,2020-12-21,,,2025-07-07,Resignation,day,false,9215661,,,,,,fjc_bulk,
Fernando Lazaro Aenlle-Rocha,cacd,district,Donald J. Trump,Republican,2020-01-09,2020-12-20,2020-12-22,,,,,day,true,9374881,false,false,https://upload.wikimedia.org/wikipedia/commons/6/6b/Fernando_L._Aenlle-Rocha.jpg?utm_source=commons.wikimedia.org&utm_campaign=imageinfo&utm_content=thumbnail_unscaled,https://commons.wikimedia.org/wiki/File:Fernando_L._Aenlle-Rocha.jpg,Public domain,fjc_bulk,
Joseph Dawson III,scd,district,Donald J. Trump,Republican,2020-10-23,2020-12-16,2020-12-22,,,,,day,true,9354856,false,false,https://upload.wikimedia.org/wikipedia/commons/thumb/5/5f/Joseph_Dawson_III_%28Judge%29.jpg/330px-Joseph_Dawson_III_%28Judge%29.jpg?utm_source=commons.wikimedia.org&utm_campaign=imageinfo&utm_content=thumbnail,https://commons.wikimedia.org/wiki/File:Joseph_Dawson_III_(Judge).jpg,Public domain,fjc_bulk,
Charles Edward Atchley Jr.,tned,district,Donald J. Trump,Republican,2020-09-22,2020-12-17,2020-12-22,,,,,day,true,9359861,false,false,https://upload.wikimedia.org/wikipedia/commons/thumb/4/44/Charles_Edward_Atchley_Jr.png/330px-Charles_Edward_Atchley_Jr.png?utm_source=commons.wikimedia.org&utm_campaign=imageinfo&utm_content=thumbnail,https://commons.wikimedia.org/wiki/File:Charles_Edward_Atchley_Jr.png,Public domain,fjc_bulk,
Katherine Amber Crytzer,tned,district,Donald J. Trump,Republican,2020-09-22,2020-12-16,2020-12-22,,,,,day,true,9354851,false,false,https://upload.wikimedia.org/wikipedia/commons/4/44/Katherine_A._Crytzer.jpg?utm_source=commons.wikimedia.org&utm_campaign=imageinfo&utm_content=thumbnail_unscaled,https://commons.wikimedia.org/wiki/File:Katherine_A._Crytzer.jpg,Public domain,fjc_bulk,
"Dietz, Thompson Michael",uscfc,specialized,Donald J. Trump,Republican,2020-07-02,2020-12-19,2020-12-22,,,,,day,true,,,,,,,fjc_html,
"Schwartz, Stephen Sidney",uscfc,specialized,Donald J. Trump,Republican,2020-01-09,2020-12-08,2020-12-22,,,,,day,true,,,,,,,fjc_html,
"Somers, Zachary Noah",uscfc,specialized,Donald J. Trump,Republican,2020-09-08,2020-12-17,2020-12-22,,,,,day,true,,,,,,,fjc_html,
Ketanji Brown Jackson,cadc,circuit,Joseph R. Biden,Democratic,2021-04-19,2021-06-14,2021-06-17,,,2022-06-29,Appointment to Another Judicial Position,day,false,3464,,,https://upload.wikimedia.org/wikipedia/commons/thumb/0/0e/Ketanji_Brown_Jackson_2020.jpeg/330px-Ketanji_Brown_Jackson_2020.jpeg?utm_source=commons.wikimedia.org&utm_campaign=imageinfo&utm_content=thumbnail,https://commons.wikimedia.org/wiki/File:Ketanji_Brown_Jackson_2020.jpeg,"CC BY-SA 4.0 — credit: File:Ketanji Brown Jackson at Loeb House (Harvard University, 2020).jpg: Rose Lincoln, Harvard University derivative wor",fjc_bulk,
Julien Xavier Neals,njd,district,Joseph R. Biden,Democratic,2021-04-19,2021-06-08,2021-06-22,,,,,day,true,10226111,false,false,https://upload.wikimedia.org/wikipedia/commons/thumb/c/c7/Julien_Neals.jpg/330px-Julien_Neals.jpg?utm_source=commons.wikimedia.org&utm_campaign=imageinfo&utm_content=thumbnail,https://commons.wikimedia.org/wiki/File:Julien_Neals.jpg,Public domain,fjc_bulk,
Zahid Nisar Quraishi,njd,district,Joseph R. Biden,Democratic,2021-04-19,2021-06-10,2021-06-22,,,,,day,true,10236621,false,false,https://upload.wikimedia.org/wikipedia/commons/thumb/5/50/Judge_Zahid_Quraishi.png/330px-Judge_Zahid_Quraishi.png?utm_source=commons.wikimedia.org&utm_campaign=imageinfo&utm_content=thumbnail,https://commons.wikimedia.org/wiki/File:Judge_Zahid_Quraishi.png,Public domain,fjc_bulk,
Deborah Lynn Boardman,mdd,district,Joseph R. Biden,Democratic,2021-04-19,2021-06-23,2021-06-25,,,,,day,true,10300021,false,false,https://upload.wikimedia.org/wikipedia/commons/thumb/d/d2/Judge_Deborah_Boardman.png/330px-Judge_Deborah_Boardman.png?utm_source=commons.wikimedia.org&utm_campaign=imageinfo&utm_content=thumbnail,https://commons.wikimedia.org/wiki/File:Judge_Deborah_Boardman.png,Public domain,fjc_bulk,
Candace Rae Jackson-Akiwumi,ca7,circuit,Joseph R. Biden,Democratic,2021-04-19,2021-06-24,2021-07-01,,,,,day,true,10300101,false,false,https://upload.wikimedia.org/wikipedia/commons/thumb/d/dd/Candace_Jackson_Akiwumi_%28Judge%29_%28cropped%29.jpg/330px-Candace_Jackson_Akiwumi_%28Judge%29_%28cropped%29.jpg?utm_source=commons.wikimedia.org&utm_campaign=imageinfo&utm_content=thumbnail,https://commons.wikimedia.org/wiki/File:Candace_Jackson_Akiwumi_(Judge)_(cropped).jpg,Public domain,fjc_bulk,
Regina Marie Rodriguez,cod,district,Joseph R. Biden,Democratic,2021-04-19,2021-06-08,2021-07-01,,,,,day,true,10229116,false,false,https://upload.wikimedia.org/wikipedia/commons/thumb/d/d4/Judge_Regina_Rodriguez.png/330px-Judge_Regina_Rodriguez.png?utm_source=commons.wikimedia.org&utm_campaign=imageinfo&utm_content=thumbnail,https://commons.wikimedia.org/wiki/File:Judge_Regina_Rodriguez.png,Public domain,fjc_bulk,
Lydia Kay Griggsby,mdd,district,Joseph R. Biden,Democratic,2021-04-19,2021-06-16,2021-07-20,,,,,day,true,10270716,false,false,https://upload.wikimedia.org/wikipedia/commons/c/c1/Lydia_Kay_Griggsby_%28cropped%29.jpg?utm_source=commons.wikimedia.org&utm_campaign=imageinfo&utm_content=thumbnail_unscaled,https://commons.wikimedia.org/wiki/File:Lydia_Kay_Griggsby_(cropped).jpg,Public domain,fjc_bulk,
Tiffany Patrice Cunningham,cafc,circuit,Joseph R. Biden,Democratic,2021-04-19,2021-07-19,2021-08-06,,,,,day,true,10376611,false,false,https://upload.wikimedia.org/wikipedia/commons/thumb/d/d0/Tiffany_Cunningham.jpg/330px-Tiffany_Cunningham.jpg?utm_source=commons.wikimedia.org&utm_campaign=imageinfo&utm_content=thumbnail,https://commons.wikimedia.org/wiki/File:Tiffany_Cunningham.jpg,Public domain,fjc_bulk,
Eunice Cheryl Lee,ca2,circuit,Joseph R. Biden,Democratic,2021-05-12,2021-08-07,2021-08-16,,,,,day,true,10534666,false,false,https://upload.wikimedia.org/wikipedia/commons/a/aa/Eunice_Lee.png?utm_source=commons.wikimedia.org&utm_campaign=imageinfo&utm_content=thumbnail_unscaled,https://commons.wikimedia.org/wiki/File:Eunice_Lee.png,Public domain,fjc_bulk,
Angel Kelley,mad,district,Joseph R. Biden,Democratic,2021-05-12,2021-09-14,2021-09-15,,,,,day,true,10719691,false,false,https://upload.wikimedia.org/wikipedia/commons/thumb/f/f2/DJ_Angel_Kelley_%28cropped2%29.jpg/330px-DJ_Angel_Kelley_%28cropped2%29.jpg?utm_source=commons.wikimedia.org&utm_campaign=imageinfo&utm_content=thumbnail,https://commons.wikimedia.org/wiki/File:DJ_Angel_Kelley_(cropped2).jpg,Public domain,fjc_bulk,
Florence Y. Pan,dcd,district,Joseph R. Biden,Democratic,2021-06-15,2021-09-23,2021-09-23,,,2022-09-28,Appointment to Another Judicial Position,day,false,10761211,,,https://upload.wikimedia.org/wikipedia/commons/9/92/JudgePan.jpg?utm_source=commons.wikimedia.org&utm_campaign=imageinfo&utm_content=thumbnail_unscaled,https://commons.wikimedia.org/wiki/File:JudgePan.jpg,Public domain,fjc_bulk,
Veronica Sophia Rossman,ca10,circuit,Joseph R. Biden,Democratic,2021-05-12,2021-09-20,2021-09-28,,,,,day,true,10749706,false,false,https://upload.wikimedia.org/wikipedia/commons/thumb/4/4c/Judge_Veronica_Rossman_%28cropped%29.png/330px-Judge_Veronica_Rossman_%28cropped%29.png?utm_source=commons.wikimedia.org&utm_campaign=imageinfo&utm_content=thumbnail,https://commons.wikimedia.org/wiki/File:Judge_Veronica_Rossman_(cropped).png,Public domain,fjc_bulk,
David Estudillo,wawd,district,Joseph R. Biden,Democratic,2021-04-29,2021-09-14,2021-10-07,,,,,day,true,10719696,false,false,https://upload.wikimedia.org/wikipedia/commons/thumb/0/06/David_Estudillo_%28Judge%29_%28cropped%29.jpg/330px-David_Estudillo_%28Judge%29_%28cropped%29.jpg?utm_source=commons.wikimedia.org&utm_campaign=imageinfo&utm_content=thumbnail,https://commons.wikimedia.org/wiki/File:David_Estudillo_(Judge)_(cropped).jpg,Public domain,fjc_bulk,
Sarah Ann Leilani Merriam,ctd,district,Joseph R. Biden,Democratic,2021-06-15,2021-10-06,2021-10-08,,,2022-09-28,Appointment to Another Judicial Position,day,false,10826741,,,https://upload.wikimedia.org/wikipedia/commons/thumb/f/f4/Judge_Sarah_Merriam.png/330px-Judge_Sarah_Merriam.png?utm_source=commons.wikimedia.org&utm_campaign=imageinfo&utm_content=thumbnail,https://commons.wikimedia.org/wiki/File:Judge_Sarah_Merriam.png,Public domain,fjc_bulk,
Gustavo Antonio Gelpí Jr.,ca1,circuit,Joseph R. Biden,Democratic,2021-05-12,2021-10-18,2021-10-19,,,,,day,true,3124,false,false,https://upload.wikimedia.org/wikipedia/commons/thumb/5/5a/Judge_Gustavo_Gelp%C3%AD.jpg/330px-Judge_Gustavo_Gelp%C3%AD.jpg?utm_source=commons.wikimedia.org&utm_campaign=imageinfo&utm_content=thumbnail,https://commons.wikimedia.org/wiki/File:Judge_Gustavo_Gelp%C3%AD.jpg,Public domain,fjc_bulk,
Christine Patricia O'Hearn,njd,district,Joseph R. Biden,Democratic,2021-04-29,2021-10-19,2021-10-22,,,,,day,true,10894766,false,false,https://upload.wikimedia.org/wikipedia/commons/thumb/d/d9/Judge_Christine_O%27Hearn.png/330px-Judge_Christine_O%27Hearn.png?utm_source=commons.wikimedia.org&utm_campaign=imageinfo&utm_content=thumbnail,https://commons.wikimedia.org/wiki/File:Judge_Christine_O%27Hearn.png,Public domain,fjc_bulk,
Margaret Irene Strickland,nmd,district,Joseph R. Biden,Democratic,2021-04-19,2021-09-21,2021-10-22,,,,,day,true,10376616,false,false,https://upload.wikimedia.org/wikipedia/commons/thumb/d/d4/Margaret_Strickland_%28Judge%29_%28cropped%29.jpg/330px-Margaret_Strickland_%28Judge%29_%28cropped%29.jpg?utm_source=commons.wikimedia.org&utm_campaign=imageinfo&utm_content=thumbnail,https://commons.wikimedia.org/wiki/File:Margaret_Strickland_(Judge)_(cropped).jpg,Public domain,fjc_bulk,
Karen McGlashan Williams,njd,district,Joseph R. Biden,Democratic,2021-05-12,2021-10-26,2021-11-01,,,,,day,true,10929796,false,false,https://upload.wikimedia.org/wikipedia/commons/thumb/3/3c/Judge_Karen_Williams.png/330px-Judge_Karen_Williams.png?utm_source=commons.wikimedia.org&utm_campaign=imageinfo&utm_content=thumbnail,https://commons.wikimedia.org/wiki/File:Judge_Karen_Williams.png,Public domain,fjc_bulk,
Patricia Tolliver Giles,vaed,district,Joseph R. Biden,Democratic,2021-07-13,2021-10-26,2021-11-01,,,,,day,true,10929801,false,false,https://upload.wikimedia.org/wikipedia/commons/thumb/f/fb/Judge_Patricia_Tolliver_Giles.png/330px-Judge_Patricia_Tolliver_Giles.png?utm_source=commons.wikimedia.org&utm_campaign=imageinfo&utm_content=thumbnail,https://commons.wikimedia.org/wiki/File:Judge_Patricia_Tolliver_Giles.png,Public domain,fjc_bulk,
Toby Jay Heytens,ca4,circuit,Joseph R. Biden,Democratic,2021-07-13,2021-11-01,2021-11-02,,,,,day,true,10959846,false,false,https://upload.wikimedia.org/wikipedia/commons/thumb/f/f2/TJH_Professional_Photo.jpg/330px-TJH_Professional_Photo.jpg?utm_source=commons.wikimedia.org&utm_campaign=imageinfo&utm_content=thumbnail,https://commons.wikimedia.org/wiki/File:TJH_Professional_Photo.jpg,CC BY-SA 4.0 — credit: Mjc10,fjc_bulk,
Sarala Vidya Nagala,ctd,district,Joseph R. Biden,Democratic,2021-06-15,2021-10-27,2021-11-02,,,,,day,true,10931811,false,false,https://upload.wikimedia.org/wikipedia/commons/thumb/6/65/Judge_Sarala_Nagala.png/330px-Judge_Sarala_Nagala.png?utm_source=commons.wikimedia.org&utm_campaign=imageinfo&utm_content=thumbnail,https://commons.wikimedia.org/wiki/File:Judge_Sarala_Nagala.png,Public domain,fjc_bulk,
Michael Stefan Nachmanoff,vaed,district,Joseph R. Biden,Democratic,2021-07-13,2021-10-27,2021-11-02,,,,,day,true,10931806,false,false,https://upload.wikimedia.org/wikipedia/commons/e/e4/Michael_Nachmanoff_%28cropped%29.jpg?utm_source=commons.wikimedia.org&utm_campaign=imageinfo&utm_content=thumbnail_unscaled,https://commons.wikimedia.org/wiki/File:Michael_Nachmanoff_(cropped).jpg,Public domain,fjc_bulk,
Beth Robinson,ca2,circuit,Joseph R. Biden,Democratic,2021-08-05,2021-11-01,2021-11-05,,,,,day,true,10959341,false,false,https://upload.wikimedia.org/wikipedia/commons/thumb/0/03/Beth_Robinson_%28Judge%29_%28cropped%29.jpg/330px-Beth_Robinson_%28Judge%29_%28cropped%29.jpg?utm_source=commons.wikimedia.org&utm_campaign=imageinfo&utm_content=thumbnail,https://commons.wikimedia.org/wiki/File:Beth_Robinson_(Judge)_(cropped).jpg,Public domain,fjc_bulk,
Myrna Pérez,ca2,circuit,Joseph R. Biden,Democratic,2021-06-15,2021-10-25,2021-11-12,,,,,day,true,10924786,false,false,https://upload.wikimedia.org/wikipedia/commons/thumb/a/a3/Myrna_Perez_%28Judge%29_%28cropped%29.jpg/330px-Myrna_Perez_%28Judge%29_%28cropped%29.jpg?utm_source=commons.wikimedia.org&utm_campaign=imageinfo&utm_content=thumbnail,https://commons.wikimedia.org/wiki/File:Myrna_Perez_(Judge)_(cropped).jpg,Public domain,fjc_bulk,
Omar Antonio Williams,ctd,district,Joseph R. Biden,Democratic,2021-06-15,2021-10-28,2021-11-12,,,,,day,true,10935831,false,false,https://upload.wikimedia.org/wikipedia/commons/thumb/0/04/Judge_Omar_Williams.png/330px-Judge_Omar_Williams.png?utm_source=commons.wikimedia.org&utm_campaign=imageinfo&utm_content=thumbnail,https://commons.wikimedia.org/wiki/File:Judge_Omar_Williams.png,Public domain,fjc_bulk,
Jia Michelle Cobb,dcd,district,Joseph R. Biden,Democratic,2021-06-15,2021-10-26,2021-11-12,,,,,day,true,10929791,false,false,https://upload.wikimedia.org/wikipedia/commons/thumb/b/b7/JiaCobb.jpg/330px-JiaCobb.jpg?utm_source=commons.wikimedia.org&utm_campaign=imageinfo&utm_content=thumbnail,https://commons.wikimedia.org/wiki/File:JiaCobb.jpg,CC0,fjc_bulk,
Tana Lin,wawd,district,Joseph R. Biden,Democratic,2021-04-29,2021-10-21,2021-11-23,,,,,day,true,10904781,false,false,https://upload.wikimedia.org/wikipedia/commons/thumb/8/88/United_States_District_Judge_Tana_Lin%2C_Western_District_of_Washington.jpg/330px-United_States_District_Judge_Tana_Lin%2C_Western_District_of_Washington.jpg?utm_source=commons.wikimedia.org&utm_campaign=imageinfo&utm_content=thumbnail,"https://commons.wikimedia.org/wiki/File:United_States_District_Judge_Tana_Lin,_Western_District_of_Washington.jpg",Public domain,fjc_bulk,
Lauren Jennifer King,wawd,district,Joseph R. Biden,Democratic,2021-05-12,2021-10-05,2021-12-07,,,,,day,true,10824736,false,false,https://upload.wikimedia.org/wikipedia/commons/thumb/5/53/Judge_Lauren_King.png/330px-Judge_Lauren_King.png?utm_source=commons.wikimedia.org&utm_campaign=imageinfo&utm_content=thumbnail,https://commons.wikimedia.org/wiki/File:Judge_Lauren_King.png,Public domain,fjc_bulk,
Lucy Haeran Koh,ca9,circuit,Joseph R. Biden,Democratic,2021-09-20,2021-12-13,2021-12-14,,,,,day,true,3279,false,false,https://upload.wikimedia.org/wikipedia/commons/thumb/4/43/20151027_Hon._Lucy_Koh_ASA_9355_43_19_pp.jpg/330px-20151027_Hon._Lucy_Koh_ASA_9355_43_19_pp.jpg?utm_source=commons.wikimedia.org&utm_campaign=imageinfo&utm_content=thumbnail,https://commons.wikimedia.org/wiki/File:20151027_Hon._Lucy_Koh_ASA_9355_43_19_pp.jpg,CC BY-SA 4.0 — credit: Asa Mathat for Re/code,fjc_bulk,
Jennifer Sung,ca9,circuit,Joseph R. Biden,Democratic,2021-07-13,2021-12-15,2021-12-20,,,,,day,true,11201336,false,false,https://upload.wikimedia.org/wikipedia/commons/thumb/e/e5/Jennifer_Sung%2C_U.S._Court_of_Appeals_Judge.jpg/330px-Jennifer_Sung%2C_U.S._Court_of_Appeals_Judge.jpg?utm_source=commons.wikimedia.org&utm_campaign=imageinfo&utm_content=thumbnail,"https://commons.wikimedia.org/wiki/File:Jennifer_Sung,_U.S._Court_of_Appeals_Judge.jpg",Public domain,fjc_bulk,
Linda Lopez,casd,district,Joseph R. Biden,Democratic,2021-09-30,2021-12-17,2021-12-21,,,,,day,true,11225616,false,false,https://upload.wikimedia.org/wikipedia/commons/thumb/6/6a/Linda_Lopez_%28Judge%29_%28cropped%29.jpg/330px-Linda_Lopez_%28Judge%29_%28cropped%29.jpg?utm_source=commons.wikimedia.org&utm_campaign=imageinfo&utm_content=thumbnail,https://commons.wikimedia.org/wiki/File:Linda_Lopez_(Judge)_(cropped).jpg,Public domain,fjc_bulk,
Shalina Deborah Kumar,mied,district,Joseph R. Biden,Democratic,2021-07-13,2021-12-17,2021-12-21,,,,,day,true,11226141,false,false,https://upload.wikimedia.org/wikipedia/commons/thumb/1/17/Shalina_Kumar_%28Judge%29_%28cropped%29.jpg/330px-Shalina_Kumar_%28Judge%29_%28cropped%29.jpg?utm_source=commons.wikimedia.org&utm_campaign=imageinfo&utm_content=thumbnail,https://commons.wikimedia.org/wiki/File:Shalina_Kumar_(Judge)_(cropped).jpg,Public domain,fjc_bulk,
Jane Marie Beckering,miwd,district,Joseph R. Biden,Democratic,2021-07-13,2021-12-17,2021-12-21,,,,,day,true,11226136,false,false,https://upload.wikimedia.org/wikipedia/commons/thumb/a/a7/Jane_Beckering_%28Judge%29_%28cropped%29.jpg/330px-Jane_Beckering_%28Judge%29_%28cropped%29.jpg?utm_source=commons.wikimedia.org&utm_campaign=imageinfo&utm_content=thumbnail,https://commons.wikimedia.org/wiki/File:Jane_Beckering_(Judge)_(cropped).jpg,Public domain,fjc_bulk,
Katherine Marie Menendez,mnd,district,Joseph R. Biden,Democratic,2021-09-20,2021-12-18,2021-12-21,,,,,day,true,11226646,false,false,https://upload.wikimedia.org/wikipedia/commons/thumb/7/74/Judge_Kate_M._Menendez.jpg/330px-Judge_Kate_M._Menendez.jpg?utm_source=commons.wikimedia.org&utm_campaign=imageinfo&utm_content=thumbnail,https://commons.wikimedia.org/wiki/File:Judge_Kate_M._Menendez.jpg,CC BY-SA 4.0 — credit: RLSP2020,fjc_bulk,
Samantha Dowd Elliott,nhd,district,Joseph R. Biden,Democratic,2021-09-30,2021-12-15,2021-12-21,,,,,day,true,11201341,false,false,https://upload.wikimedia.org/wikipedia/commons/thumb/2/29/Samantha_D._Elliott.jpg/330px-Samantha_D._Elliott.jpg?utm_source=commons.wikimedia.org&utm_campaign=imageinfo&utm_content=thumbnail,https://commons.wikimedia.org/wiki/File:Samantha_D._Elliott.jpg,Public domain,fjc_bulk,
Mary Katherine Dimke,waed,district,Joseph R. Biden,Democratic,2021-08-05,2021-12-18,2021-12-21,,,,,day,true,11226656,false,false,https://upload.wikimedia.org/wikipedia/commons/thumb/5/52/Mary_Dimke_%28cropped%29.jpg/330px-Mary_Dimke_%28cropped%29.jpg?utm_source=commons.wikimedia.org&utm_campaign=imageinfo&utm_content=thumbnail,https://commons.wikimedia.org/wiki/File:Mary_Dimke_(cropped).jpg,Public domain,fjc_bulk,
Jennifer Leigh Thurston,caed,district,Joseph R. Biden,Democratic,2021-09-20,2021-12-17,2021-12-27,,,,,day,true,11226651,false,false,https://upload.wikimedia.org/wikipedia/commons/thumb/c/c3/Jennifer_L._Thurston%2C_U.S._District_Court_Judge.jpg/330px-Jennifer_L._Thurston%2C_U.S._District_Court_Judge.jpg?utm_source=commons.wikimedia.org&utm_campaign=imageinfo&utm_content=thumbnail,"https://commons.wikimedia.org/wiki/File:Jennifer_L._Thurston,_U.S._District_Court_Judge.jpg",Public domain,fjc_bulk,
Jinsook Ohta,casd,district,Joseph R. Biden,Democratic,2021-09-30,2021-12-17,2021-12-27,,,,,day,true,11225621,false,false,https://upload.wikimedia.org/wikipedia/commons/6/67/Jinsook_Ohta.jpg?utm_source=commons.wikimedia.org&utm_campaign=imageinfo&utm_content=thumbnail_unscaled,https://commons.wikimedia.org/wiki/File:Jinsook_Ohta.jpg,Public domain,fjc_bulk,
David Herrera Urias,nmd,district,Joseph R. Biden,Democratic,2021-09-20,2021-12-17,2022-01-14,,,,,day,true,11226126,false,false,https://upload.wikimedia.org/wikipedia/commons/thumb/4/4d/Judge_David_Urias.png/330px-Judge_David_Urias.png?utm_source=commons.wikimedia.org&utm_campaign=imageinfo&utm_content=thumbnail,https://commons.wikimedia.org/wiki/File:Judge_David_Urias.png,Public domain,fjc_bulk,
Gabriel Patrick Sanchez,ca9,circuit,Joseph R. Biden,Democratic,2021-09-20,2022-01-12,2022-01-24,,,,,day,true,11345676,false,false,https://upload.wikimedia.org/wikipedia/commons/thumb/8/88/Sanchez_Gabriel_official_photograph.jpg/330px-Sanchez_Gabriel_official_photograph.jpg?utm_source=commons.wikimedia.org&utm_campaign=imageinfo&utm_content=thumbnail,https://commons.wikimedia.org/wiki/File:Sanchez_Gabriel_official_photograph.jpg,Public domain,fjc_bulk,
Holly Aiyisha Thomas,ca9,circuit,Joseph R. Biden,Democratic,2021-09-20,2022-01-20,2022-01-24,,,,,day,true,11386196,false,false,https://upload.wikimedia.org/wikipedia/commons/thumb/a/a6/Holly_A._Thomas.png/330px-Holly_A._Thomas.png?utm_source=commons.wikimedia.org&utm_campaign=imageinfo&utm_content=thumbnail,https://commons.wikimedia.org/wiki/File:Holly_A._Thomas.png,Public domain,fjc_bulk,
Maame Ewusi-Mensah Frimpong,cacd,district,Joseph R. Biden,Democratic,2021-09-20,2021-12-17,2022-02-07,,,,,day,true,11226131,false,false,https://upload.wikimedia.org/wikipedia/commons/thumb/2/2c/Maame_Ewusi-Mensah_Frimpong_%28Judge%29_%28cropped%29.jpg/330px-Maame_Ewusi-Mensah_Frimpong_%28Judge%29_%28cropped%29.jpg?utm_source=commons.wikimedia.org&utm_campaign=imageinfo&utm_content=thumbnail,https://commons.wikimedia.org/wiki/File:Maame_Ewusi-Mensah_Frimpong_(Judge)_(cropped).jpg,Public domain,fjc_bulk,
Bridget Meehan Brennan,ohnd,district,Joseph R. Biden,Democratic,2022-01-03,2022-02-01,2022-02-08,,,,,day,true,11442236,false,false,https://upload.wikimedia.org/wikipedia/commons/7/70/Bridget_M._Brennan.jpg?utm_source=commons.wikimedia.org&utm_campaign=imageinfo&utm_content=thumbnail_unscaled,https://commons.wikimedia.org/wiki/File:Bridget_M._Brennan.jpg,Public domain,fjc_bulk,
Charles Esque Fleming,ohnd,district,Joseph R. Biden,Democratic,2022-01-03,2022-02-01,2022-02-08,,,,,day,true,11442241,false,false,https://upload.wikimedia.org/wikipedia/commons/thumb/7/75/Charles_Fleming_%28Judge%29_%28cropped%29.jpg/330px-Charles_Fleming_%28Judge%29_%28cropped%29.jpg?utm_source=commons.wikimedia.org&utm_campaign=imageinfo&utm_content=thumbnail,https://commons.wikimedia.org/wiki/File:Charles_Fleming_(Judge)_(cropped).jpg,Public domain,fjc_bulk,
David Augustin Ruiz,ohnd,district,Joseph R. Biden,Democratic,2022-01-03,2022-02-01,2022-02-08,,,,,day,true,11445751,false,false,https://upload.wikimedia.org/wikipedia/commons/thumb/f/ff/David_Ruiz_%28Judge%29_%28cropped%29.jpg/330px-David_Ruiz_%28Judge%29_%28cropped%29.jpg?utm_source=commons.wikimedia.org&utm_campaign=imageinfo&utm_content=thumbnail,https://commons.wikimedia.org/wiki/File:David_Ruiz_(Judge)_(cropped).jpg,Public domain,fjc_bulk,
"Bonilla, Armando Omar",uscfc,specialized,Joseph R. Biden,Democratic,2021-10-05,2021-12-18,2022-02-17,,,,,day,true,,,,,,,fjc_html,
"Lerner, Carolyn Nancy",uscfc,specialized,Joseph R. Biden,Democratic,2021-07-13,2021-12-18,2022-02-17,,,,,day,true,,,,,,,fjc_html,
Leonard Philip Stark,cafc,circuit,Joseph R. Biden,Democratic,2022-01-03,2022-02-09,2022-03-16,,,,,day,true,3291,false,false,https://upload.wikimedia.org/wikipedia/commons/9/95/LeonardPStark.jpg?utm_source=commons.wikimedia.org&utm_campaign=imageinfo&utm_content=thumbnail_unscaled,https://commons.wikimedia.org/wiki/File:LeonardPStark.jpg,Public domain,fjc_bulk,
Alison Julie Nathan,ca2,circuit,Joseph R. Biden,Democratic,2022-01-03,2022-03-23,2022-03-30,,,,,day,true,3393,false,false,https://upload.wikimedia.org/wikipedia/commons/thumb/f/f2/Hon.NathanPortrait_%28cropped%29.jpg/330px-Hon.NathanPortrait_%28cropped%29.jpg?utm_source=commons.wikimedia.org&utm_campaign=imageinfo&utm_content=thumbnail,https://commons.wikimedia.org/wiki/File:Hon.NathanPortrait_(cropped).jpg,CC BY-SA 4.0 — credit: 57nineteen,fjc_bulk,
Jacqueline Scott Corley,cand,district,Joseph R. Biden,Democratic,2022-01-03,2022-03-17,2022-03-30,,,,,day,true,11662361,false,false,https://upload.wikimedia.org/wikipedia/commons/9/94/Judge_Jacqueline_Corley.jpg?utm_source=commons.wikimedia.org&utm_campaign=imageinfo&utm_content=thumbnail_unscaled,https://commons.wikimedia.org/wiki/File:Judge_Jacqueline_Corley.jpg,Public domain,fjc_bulk,
Ruth Bermudez Montenegro,casd,district,Joseph R. Biden,Democratic,2022-01-03,2022-03-22,2022-03-30,,,,,day,true,11690371,false,false,https://upload.wikimedia.org/wikipedia/commons/0/0a/Judge_Montenegro.jpg?utm_source=commons.wikimedia.org&utm_campaign=imageinfo&utm_content=thumbnail_unscaled,https://commons.wikimedia.org/wiki/File:Judge_Montenegro.jpg,Public domain,fjc_bulk,
Julie Rebecca Rubin,mdd,district,Joseph R. Biden,Democratic,2022-01-03,2022-03-23,2022-03-30,,,,,day,true,11692381,false,false,https://upload.wikimedia.org/wikipedia/commons/thumb/7/71/Julie_Rubin_-_Judge_%28cropped%29.jpg/330px-Julie_Rubin_-_Judge_%28cropped%29.jpg?utm_source=commons.wikimedia.org&utm_campaign=imageinfo&utm_content=thumbnail,https://commons.wikimedia.org/wiki/File:Julie_Rubin_-_Judge_(cropped).jpg,Public domain,fjc_bulk,
John Hyungseung Chun,wawd,district,Joseph R. Biden,Democratic,2022-01-03,2022-03-23,2022-03-30,,,,,day,true,11695891,false,false,https://upload.wikimedia.org/wikipedia/commons/thumb/4/49/John_H._Chun.jpg/330px-John_H._Chun.jpg?utm_source=commons.wikimedia.org&utm_campaign=imageinfo&utm_content=thumbnail,https://commons.wikimedia.org/wiki/File:John_H._Chun.jpg,Public domain,fjc_bulk,
Victoria Marie Calvert,gand,district,Joseph R. Biden,Democratic,2022-01-03,2022-03-22,2022-04-05,,,,,day,true,11690376,false,false,https://upload.wikimedia.org/wikipedia/commons/thumb/b/b0/Victoria_Calvert_%28Judge%29_%28cropped%29.jpg/330px-Victoria_Calvert_%28Judge%29_%28cropped%29.jpg?utm_source=commons.wikimedia.org&utm_campaign=imageinfo&utm_content=thumbnail,https://commons.wikimedia.org/wiki/File:Victoria_Calvert_(Judge)_(cropped).jpg,Public domain,fjc_bulk,
Georgette Castner,njd,district,Joseph R. Biden,Democratic,2022-01-03,2022-03-31,2022-04-05,,,,,day,true,11732411,false,false,https://upload.wikimedia.org/wikipedia/commons/thumb/e/e4/Georgette_Castner_%28Judge%29_%28cropped%29.jpg/330px-Georgette_Castner_%28Judge%29_%28cropped%29.jpg?utm_source=commons.wikimedia.org&utm_campaign=imageinfo&utm_content=thumbnail,https://commons.wikimedia.org/wiki/File:Georgette_Castner_(Judge)_(cropped).jpg,Public domain,fjc_bulk,
Anne Rachel Traum,nvd,district,Joseph R. Biden,Democratic,2022-01-03,2022-03-23,2022-04-07,,,,,day,true,11696401,false,false,https://upload.wikimedia.org/wikipedia/commons/thumb/0/0f/Anne_R._Traum%2C_U.S._District_Court_Judge.jpg/330px-Anne_R._Traum%2C_U.S._District_Court_Judge.jpg?utm_source=commons.wikimedia.org&utm_campaign=imageinfo&utm_content=thumbnail,"https://commons.wikimedia.org/wiki/File:Anne_R._Traum,_U.S._District_Court_Judge.jpg",Public domain,fjc_bulk,
Cristina Dionne Silva,nvd,district,Joseph R. Biden,Democratic,2022-01-03,2022-03-23,2022-04-07,,,,,day,true,11695896,false,false,https://upload.wikimedia.org/wikipedia/commons/thumb/1/1f/Cristina_D._Silva%2C_U.S._District_Court_Judge.png/330px-Cristina_D._Silva%2C_U.S._District_Court_Judge.png?utm_source=commons.wikimedia.org&utm_campaign=imageinfo&utm_content=thumbnail,"https://commons.wikimedia.org/wiki/File:Cristina_D._Silva,_U.S._District_Court_Judge.png",Public domain,fjc_bulk,
Sarah Elisabeth Geraghty,gand,district,Joseph R. Biden,Democratic,2022-01-03,2022-03-31,2022-04-08,,,,,day,true,11732406,false,false,https://upload.wikimedia.org/wikipedia/commons/thumb/9/9b/Sarah_Geraghty_%28Judge%29_%28cropped%29.jpg/330px-Sarah_Geraghty_%28Judge%29_%28cropped%29.jpg?utm_source=commons.wikimedia.org&utm_campaign=imageinfo&utm_content=thumbnail,https://commons.wikimedia.org/wiki/File:Sarah_Geraghty_(Judge)_(cropped).jpg,Public domain,fjc_bulk,
Ketanji Brown Jackson,scotus,scotus,Joseph R. Biden,Democratic,2022-02-28,2022-04-07,2022-04-08,,,,,day,true,3464,false,false,https://upload.wikimedia.org/wikipedia/commons/thumb/0/0e/Ketanji_Brown_Jackson_2020.jpeg/330px-Ketanji_Brown_Jackson_2020.jpeg?utm_source=commons.wikimedia.org&utm_campaign=imageinfo&utm_content=thumbnail,https://commons.wikimedia.org/wiki/File:Ketanji_Brown_Jackson_2020.jpeg,"CC BY-SA 4.0 — credit: File:Ketanji Brown Jackson at Loeb House (Harvard University, 2020).jpg: Rose Lincoln, Harvard University derivative wor",fjc_bulk,
Hector Gonzalez,nyed,district,Joseph R. Biden,Democratic,2021-12-15,2022-03-23,2022-04-18,,,,,day,true,11695886,false,false,https://upload.wikimedia.org/wikipedia/commons/thumb/3/3f/Hector_Gonzalez_Judiciary_Committee.png/330px-Hector_Gonzalez_Judiciary_Committee.png?utm_source=commons.wikimedia.org&utm_campaign=imageinfo&utm_content=thumbnail,https://commons.wikimedia.org/wiki/File:Hector_Gonzalez_Judiciary_Committee.png,Public domain,fjc_bulk,
Fred Wallace Slaughter,cacd,district,Joseph R. Biden,Democratic,2021-12-15,2022-03-17,2022-04-19,,,,,day,true,11662366,false,false,https://upload.wikimedia.org/wikipedia/commons/thumb/c/c1/Fred_Slaughter_Judiciary_Committee.png/330px-Fred_Slaughter_Judiciary_Committee.png?utm_source=commons.wikimedia.org&utm_campaign=imageinfo&utm_content=thumbnail,https://commons.wikimedia.org/wiki/File:Fred_Slaughter_Judiciary_Committee.png,Public domain,fjc_bulk,
Jennifer Louise Rochon,nysd,district,Joseph R. Biden,Democratic,2021-12-15,2022-05-18,2022-06-13,,,,,day,true,11972521,false,false,https://upload.wikimedia.org/wikipedia/commons/thumb/6/67/Jennifer_L._Rochon.jpg/330px-Jennifer_L._Rochon.jpg?utm_source=commons.wikimedia.org&utm_campaign=imageinfo&utm_content=thumbnail,https://commons.wikimedia.org/wiki/File:Jennifer_L._Rochon.jpg,Public domain,fjc_bulk,
Stephanie Dawkins Davis,ca6,circuit,Joseph R. Biden,Democratic,2022-02-02,2022-05-24,2022-06-14,,,,,day,true,7545481,false,true,https://upload.wikimedia.org/wikipedia/commons/thumb/c/ce/Stephanie_Davis_%28Judge%29.jpg/330px-Stephanie_Davis_%28Judge%29.jpg?utm_source=commons.wikimedia.org&utm_campaign=imageinfo&utm_content=thumbnail,https://commons.wikimedia.org/wiki/File:Stephanie_Davis_(Judge).jpg,Public domain,fjc_bulk,
Sunshine Suzanne Sykes,cacd,district,Joseph R. Biden,Democratic,2021-12-15,2022-05-18,2022-06-14,,,,,day,true,11976531,false,false,https://upload.wikimedia.org/wikipedia/commons/thumb/b/b0/Sunshine_Sykes_%28Judge%29_%28cropped%29.jpg/330px-Sunshine_Sykes_%28Judge%29_%28cropped%29.jpg?utm_source=commons.wikimedia.org&utm_campaign=imageinfo&utm_content=thumbnail,https://commons.wikimedia.org/wiki/File:Sunshine_Sykes_(Judge)_(cropped).jpg,Public domain,fjc_bulk,
Robert Steven Huie,casd,district,Joseph R. Biden,Democratic,2022-01-19,2022-06-09,2022-06-14,,,,,day,true,12082561,false,false,https://upload.wikimedia.org/wikipedia/commons/0/09/Robert_S._Huie.jpg?utm_source=commons.wikimedia.org&utm_campaign=imageinfo&utm_content=thumbnail_unscaled,https://commons.wikimedia.org/wiki/File:Robert_S._Huie.jpg,Public domain,fjc_bulk,
Sherilyn Peace Garnett,cacd,district,Joseph R. Biden,Democratic,2021-12-15,2022-04-27,2022-06-24,,,,,day,true,11871476,false,false,https://upload.wikimedia.org/wikipedia/commons/thumb/b/b7/Sherilyn_Garnett_%28Judge%29_%28cropped%29.jpg/330px-Sherilyn_Garnett_%28Judge%29_%28cropped%29.jpg?utm_source=commons.wikimedia.org&utm_campaign=imageinfo&utm_content=thumbnail,https://commons.wikimedia.org/wiki/File:Sherilyn_Garnett_(Judge)_(cropped).jpg,Public domain,fjc_bulk,
Evelyn Padin,njd,district,Joseph R. Biden,Democratic,2021-12-15,2022-05-25,2022-06-24,,,,,day,true,12007536,false,false,https://upload.wikimedia.org/wikipedia/commons/thumb/1/10/Evelyn_Padin_%28Judge%29_%28cropped%29.jpg/330px-Evelyn_Padin_%28Judge%29_%28cropped%29.jpg?utm_source=commons.wikimedia.org&utm_campaign=imageinfo&utm_content=thumbnail,https://commons.wikimedia.org/wiki/File:Evelyn_Padin_(Judge)_(cropped).jpg,Public domain,fjc_bulk,
Ana Isabel de Alba,caed,district,Joseph R. Biden,Democratic,2022-01-19,2022-06-21,2022-07-07,,,2023-11-16,Appointment to Another Judicial Position,day,false,12145571,,,https://upload.wikimedia.org/wikipedia/commons/thumb/9/9d/Ana_deAlba.jpg/330px-Ana_deAlba.jpg?utm_source=commons.wikimedia.org&utm_campaign=imageinfo&utm_content=thumbnail,https://commons.wikimedia.org/wiki/File:Ana_deAlba.jpg,Public domain,fjc_bulk,
Charlotte Noelle Sweeney,cod,district,Joseph R. Biden,Democratic,2022-01-03,2022-05-25,2022-07-18,,,,,day,true,12007541,false,false,https://upload.wikimedia.org/wikipedia/commons/thumb/3/35/Charlotte_Sweeney_profile_2.jpg/330px-Charlotte_Sweeney_profile_2.jpg?utm_source=commons.wikimedia.org&utm_campaign=imageinfo&utm_content=thumbnail,https://commons.wikimedia.org/wiki/File:Charlotte_Sweeney_profile_2.jpg,CC BY-SA 4.0 — credit: Noot Noots,fjc_bulk,
Stephen Henley Locher,iasd,district,Joseph R. Biden,Democratic,2022-04-25,2022-07-14,2022-07-18,,,,,day,true,12261091,false,false,https://upload.wikimedia.org/wikipedia/commons/thumb/a/a3/Stephen_Locher_%28Judge%29_%28cropped%29.jpg/330px-Stephen_Locher_%28Judge%29_%28cropped%29.jpg?utm_source=commons.wikimedia.org&utm_campaign=imageinfo&utm_content=thumbnail,https://commons.wikimedia.org/wiki/File:Stephen_Locher_(Judge)_(cropped).jpg,Public domain,fjc_bulk,
Nina Nin-Yuen Wang,cod,district,Joseph R. Biden,Democratic,2022-01-19,2022-07-19,2022-07-22,,,,,day,true,12281596,false,false,https://upload.wikimedia.org/wikipedia/commons/thumb/6/6d/Nina_Yuen_Wang_%28Judge%29_%28cropped%29.jpg/330px-Nina_Yuen_Wang_%28Judge%29_%28cropped%29.jpg?utm_source=commons.wikimedia.org&utm_campaign=imageinfo&utm_content=thumbnail,https://commons.wikimedia.org/wiki/File:Nina_Yuen_Wang_(Judge)_(cropped).jpg,Public domain,fjc_bulk,
Julianna Michelle Childs,cadc,circuit,Joseph R. Biden,Democratic,2022-01-10,2022-07-19,2022-07-25,,,,,day,true,3290,false,false,https://upload.wikimedia.org/wikipedia/commons/6/64/Michelle-Childs-300x300.png?utm_source=commons.wikimedia.org&utm_campaign=imageinfo&utm_content=thumbnail_unscaled,https://commons.wikimedia.org/wiki/File:Michelle-Childs-300x300.png,Public domain,fjc_bulk,
Trina Lynn Thompson,cand,district,Joseph R. Biden,Democratic,2022-01-03,2022-05-18,2022-08-05,,,,,day,true,11976526,false,false,https://upload.wikimedia.org/wikipedia/commons/thumb/f/fe/Thompson7924crop.jpg/330px-Thompson7924crop.jpg?utm_source=commons.wikimedia.org&utm_campaign=imageinfo&utm_content=thumbnail,https://commons.wikimedia.org/wiki/File:Thompson7924crop.jpg,Public domain,fjc_bulk,
Elizabeth Wilson Hanes,vaed,district,Joseph R. Biden,Democratic,2022-05-19,2022-08-02,2022-08-05,,,,,day,true,12352111,false,false,https://upload.wikimedia.org/wikipedia/commons/thumb/2/2f/Elizabeth_Hanes_%28Judge%29_%28cropped%29.jpg/330px-Elizabeth_Hanes_%28Judge%29_%28cropped%29.jpg?utm_source=commons.wikimedia.org&utm_campaign=imageinfo&utm_content=thumbnail,https://commons.wikimedia.org/wiki/File:Elizabeth_Hanes_(Judge)_(cropped).jpg,Public domain,fjc_bulk,
Nancy Lee Maldonado,ilnd,district,Joseph R. Biden,Democratic,2022-04-25,2022-07-19,2022-08-10,,,2024-07-11,Appointment to Another Judicial Position,day,false,12282101,,,https://upload.wikimedia.org/wikipedia/commons/thumb/5/5a/Nancy_Maldonado_%28Judge%29_%28cropped%29.jpg/330px-Nancy_Maldonado_%28Judge%29_%28cropped%29.jpg?utm_source=commons.wikimedia.org&utm_campaign=imageinfo&utm_content=thumbnail,https://commons.wikimedia.org/wiki/File:Nancy_Maldonado_(Judge)_(cropped).jpg,Public domain,fjc_bulk,
Nina Rauh Morrison,nyed,district,Joseph R. Biden,Democratic,2021-12-15,2022-06-08,2022-08-11,,,,,day,true,12077556,false,false,https://upload.wikimedia.org/wikipedia/commons/thumb/1/18/Nina_Morrison_%28Judge%29_%28cropped%29.jpg/330px-Nina_Morrison_%28Judge%29_%28cropped%29.jpg?utm_source=commons.wikimedia.org&utm_campaign=imageinfo&utm_content=thumbnail,https://commons.wikimedia.org/wiki/File:Nina_Morrison_(Judge)_(cropped).jpg,Public domain,fjc_bulk,
Gregory Brian Williams,ded,district,Joseph R. Biden,Democratic,2022-04-25,2022-07-20,2022-09-01,,,,,day,true,12287106,false,false,https://upload.wikimedia.org/wikipedia/commons/thumb/4/43/Gregory_B._Williams_%28Judge%29_%28cropped%29.jpg/330px-Gregory_B._Williams_%28Judge%29_%28cropped%29.jpg?utm_source=commons.wikimedia.org&utm_campaign=imageinfo&utm_content=thumbnail,https://commons.wikimedia.org/wiki/File:Gregory_B._Williams_(Judge)_(cropped).jpg,Public domain,fjc_bulk,
John Zihun Lee,ca7,circuit,Joseph R. Biden,Democratic,2022-04-25,2022-09-07,2022-09-09,,,,,day,true,3428,false,false,https://upload.wikimedia.org/wikipedia/commons/thumb/1/12/John_Z._Lee_%28Judge%29_%28cropped%29.jpg/330px-John_Z._Lee_%28Judge%29_%28cropped%29.jpg?utm_source=commons.wikimedia.org&utm_campaign=imageinfo&utm_content=thumbnail,https://commons.wikimedia.org/wiki/File:John_Z._Lee_(Judge)_(cropped).jpg,Public domain,fjc_bulk,
Salvador Mendoza Jr.,ca9,circuit,Joseph R. Biden,Democratic,2022-04-25,2022-09-12,2022-09-15,,,,,day,true,3547,false,false,https://upload.wikimedia.org/wikipedia/commons/thumb/1/13/Salvador_Mendoza_Jr._%28Judge%29_%28cropped%29.jpg/330px-Salvador_Mendoza_Jr._%28Judge%29_%28cropped%29.jpg?utm_source=commons.wikimedia.org&utm_campaign=imageinfo&utm_content=thumbnail,https://commons.wikimedia.org/wiki/File:Salvador_Mendoza_Jr._(Judge)_(cropped).jpg,Public domain,fjc_bulk,
Lara Elizabeth Montecalvo,ca1,circuit,Joseph R. Biden,Democratic,2022-05-19,2022-09-14,2022-09-20,,,,,day,true,12588656,false,false,https://upload.wikimedia.org/wikipedia/commons/thumb/8/8e/Lara_Montecalvo_%28Judge%29_%28cropped%29.jpg/330px-Lara_Montecalvo_%28Judge%29_%28cropped%29.jpg?utm_source=commons.wikimedia.org&utm_campaign=imageinfo&utm_content=thumbnail,https://commons.wikimedia.org/wiki/File:Lara_Montecalvo_(Judge)_(cropped).jpg,Public domain,fjc_bulk,
Sarah Ann Leilani Merriam,ca2,circuit,Joseph R. Biden,Democratic,2022-05-19,2022-09-15,2022-09-23,,,,,day,true,10826741,false,false,https://upload.wikimedia.org/wikipedia/commons/thumb/f/f4/Judge_Sarah_Merriam.png/330px-Judge_Sarah_Merriam.png?utm_source=commons.wikimedia.org&utm_campaign=imageinfo&utm_content=thumbnail,https://commons.wikimedia.org/wiki/File:Judge_Sarah_Merriam.png,Public domain,fjc_bulk,
Florence Y. Pan,cadc,circuit,Joseph R. Biden,Democratic,2022-05-25,2022-09-20,2022-09-26,,,,,day,true,10761211,false,false,https://upload.wikimedia.org/wikipedia/commons/9/92/JudgePan.jpg?utm_source=commons.wikimedia.org&utm_campaign=imageinfo&utm_content=thumbnail_unscaled,https://commons.wikimedia.org/wiki/File:JudgePan.jpg,Public domain,fjc_bulk,
Andre Bernard Mathis,ca6,circuit,Joseph R. Biden,Democratic,2022-01-03,2022-09-08,2022-09-27,,,,,day,true,12588661,false,false,https://upload.wikimedia.org/wikipedia/commons/thumb/e/ee/Andre_Mathis_Judiciary_Committee.png/330px-Andre_Mathis_Judiciary_Committee.png?utm_source=commons.wikimedia.org&utm_campaign=imageinfo&utm_content=thumbnail,https://commons.wikimedia.org/wiki/File:Andre_Mathis_Judiciary_Committee.png,Public domain,fjc_bulk,
Roopali H. Desai,ca9,circuit,Joseph R. Biden,Democratic,2022-06-15,2022-08-04,2022-10-03,,,,,day,true,12484631,false,false,https://upload.wikimedia.org/wikipedia/commons/5/56/Judge_Roopali_Desai.jpg?utm_source=commons.wikimedia.org&utm_campaign=imageinfo&utm_content=thumbnail_unscaled,https://commons.wikimedia.org/wiki/File:Judge_Roopali_Desai.jpg,Public domain,fjc_bulk,
Jennifer Hutchison Rearden,nysd,district,Joseph R. Biden,Democratic,2022-01-19,2022-09-08,2022-10-07,,,,,day,true,12537146,false,false,https://upload.wikimedia.org/wikipedia/commons/thumb/3/35/Jennifer_Rearden_%28Judge%29.jpg/330px-Jennifer_Rearden_%28Judge%29.jpg?utm_source=commons.wikimedia.org&utm_campaign=imageinfo&utm_content=thumbnail,https://commons.wikimedia.org/wiki/File:Jennifer_Rearden_(Judge).jpg,Public domain,fjc_bulk,
Arianna Julia Freeman,ca3,circuit,Joseph R. Biden,Democratic,2022-01-19,2022-09-29,2022-10-20,,,,,day,true,12588691,false,false,https://upload.wikimedia.org/wikipedia/commons/thumb/3/36/Arianna_Freeman.jpg/330px-Arianna_Freeman.jpg?utm_source=commons.wikimedia.org&utm_campaign=imageinfo&utm_content=thumbnail,https://commons.wikimedia.org/wiki/File:Arianna_Freeman.jpg,Public domain,fjc_bulk,
María del R. Antongiorgi-Jordán,prd,district,Joseph R. Biden,Democratic,2022-06-15,2022-11-15,2022-12-01,,,,,day,true,12802356,false,false,https://upload.wikimedia.org/wikipedia/commons/thumb/0/05/Mar%C3%ADa_del_R._Antongiorgi-Jord%C3%A1n.jpg/330px-Mar%C3%ADa_del_R._Antongiorgi-Jord%C3%A1n.jpg?utm_source=commons.wikimedia.org&utm_campaign=imageinfo&utm_content=thumbnail,https://commons.wikimedia.org/wiki/File:Mar%C3%ADa_del_R._Antongiorgi-Jord%C3%A1n.jpg,Public domain,fjc_bulk,
Doris Lenea Pryor,ca7,circuit,Joseph R. Biden,Democratic,2022-05-25,2022-12-05,2022-12-09,,,,,day,true,12905966,false,false,https://upload.wikimedia.org/wikipedia/commons/thumb/a/a0/Doris_Pryor.jpg/330px-Doris_Pryor.jpg?utm_source=commons.wikimedia.org&utm_campaign=imageinfo&utm_content=thumbnail,https://commons.wikimedia.org/wiki/File:Doris_Pryor.jpg,Public domain,fjc_bulk,
Camille Lizette Vélez-Rivé,prd,district,Joseph R. Biden,Democratic,2022-06-15,2022-11-30,2022-12-09,,,,,day,true,12880456,false,false,https://upload.wikimedia.org/wikipedia/commons/thumb/1/1d/Camille_L._V%C3%A9lez-Riv%C3%A9.jpg/330px-Camille_L._V%C3%A9lez-Riv%C3%A9.jpg?utm_source=commons.wikimedia.org&utm_campaign=imageinfo&utm_content=thumbnail,https://commons.wikimedia.org/wiki/File:Camille_L._V%C3%A9lez-Riv%C3%A9.jpg,Public domain,fjc_bulk,
Frances Kay Behm,mied,district,Joseph R. Biden,Democratic,2022-07-11,2022-12-06,2022-12-15,,,,,day,true,12910976,false,false,https://upload.wikimedia.org/wikipedia/commons/thumb/3/39/%28Frances_Kay_Behm%29.jpg/330px-%28Frances_Kay_Behm%29.jpg?utm_source=commons.wikimedia.org&utm_campaign=imageinfo&utm_content=thumbnail,https://commons.wikimedia.org/wiki/File:(Frances_Kay_Behm).jpg,Public domain,fjc_bulk,
Dana Marie Douglas,ca5,circuit,Joseph R. Biden,Democratic,2022-06-15,2022-12-13,2022-12-16,,,,,day,true,12942526,false,false,https://upload.wikimedia.org/wikipedia/commons/thumb/3/37/%28Dana_Douglas%29.jpg/330px-%28Dana_Douglas%29.jpg?utm_source=commons.wikimedia.org&utm_campaign=imageinfo&utm_content=thumbnail,https://commons.wikimedia.org/wiki/File:(Dana_Douglas).jpg,Public domain,fjc_bulk,
Anne Marie Nardacci,nynd,district,Joseph R. Biden,Democratic,2022-05-19,2022-11-30,2022-12-16,,,,,day,true,12880961,false,false,https://upload.wikimedia.org/wikipedia/commons/thumb/3/3c/%28Anne_Nardacci%29.jpg/330px-%28Anne_Nardacci%29.jpg?utm_source=commons.wikimedia.org&utm_campaign=imageinfo&utm_content=thumbnail,https://commons.wikimedia.org/wiki/File:(Anne_Nardacci).jpg,Public domain,fjc_bulk,
Jeffery Paul Hopkins,ohsd,district,Joseph R. Biden,Democratic,2022-08-01,2022-12-08,2022-12-16,,,,,day,true,12917506,false,false,https://upload.wikimedia.org/wikipedia/commons/thumb/f/f6/Jeffery_P._Hopkins%2C_U.S._District_Court_Judge.jpg/330px-Jeffery_P._Hopkins%2C_U.S._District_Court_Judge.jpg?utm_source=commons.wikimedia.org&utm_campaign=imageinfo&utm_content=thumbnail,"https://commons.wikimedia.org/wiki/File:Jeffery_P._Hopkins,_U.S._District_Court_Judge.jpg",Public domain,fjc_bulk,
Mia Roberts Perez,paed,district,Joseph R. Biden,Democratic,2022-07-12,2022-12-07,2022-12-16,,,,,day,true,12912486,false,false,https://upload.wikimedia.org/wikipedia/commons/thumb/b/b6/Mia_Roberts_Perez.png/330px-Mia_Roberts_Perez.png?utm_source=commons.wikimedia.org&utm_campaign=imageinfo&utm_content=thumbnail,https://commons.wikimedia.org/wiki/File:Mia_Roberts_Perez.png,Public domain,fjc_bulk,
Jerry Wayne Blackwell,mnd,district,Joseph R. Biden,Democratic,2022-06-15,2022-12-07,2022-12-20,,,,,day,true,12916001,false,false,https://upload.wikimedia.org/wikipedia/commons/thumb/6/68/%28Jerry_W._Blackwell%29.jpg/330px-%28Jerry_W._Blackwell%29.jpg?utm_source=commons.wikimedia.org&utm_campaign=imageinfo&utm_content=thumbnail,https://commons.wikimedia.org/wiki/File:(Jerry_W._Blackwell).jpg,Public domain,fjc_bulk,
John Frank Murphy,paed,district,Joseph R. Biden,Democratic,2022-07-12,2022-12-07,2022-12-23,,,,,day,true,12912496,false,false,https://upload.wikimedia.org/wikipedia/commons/thumb/9/96/John_Frank_Murphy_-_Judge_in_Penn.png/330px-John_Frank_Murphy_-_Judge_in_Penn.png?utm_source=commons.wikimedia.org&utm_campaign=imageinfo&utm_content=thumbnail,https://commons.wikimedia.org/wiki/File:John_Frank_Murphy_-_Judge_in_Penn.png,Public domain,fjc_bulk,
Kelley Brisbon Hodge,paed,district,Joseph R. Biden,Democratic,2022-07-12,2022-12-06,2022-12-23,,,,,day,true,12911481,false,false,https://upload.wikimedia.org/wikipedia/commons/thumb/e/ec/Kelley_Brisbon_Hodge.png/330px-Kelley_Brisbon_Hodge.png?utm_source=commons.wikimedia.org&utm_campaign=imageinfo&utm_content=thumbnail,https://commons.wikimedia.org/wiki/File:Kelley_Brisbon_Hodge.png,Public domain,fjc_bulk,
Kai Niambi Scott,paed,district,Joseph R. Biden,Democratic,2022-07-12,2022-12-07,2023-01-18,,,,,day,true,12912491,false,false,https://upload.wikimedia.org/wikipedia/commons/thumb/0/03/Kai_N._Scott.png/330px-Kai_N._Scott.png?utm_source=commons.wikimedia.org&utm_campaign=imageinfo&utm_content=thumbnail,https://commons.wikimedia.org/wiki/File:Kai_N._Scott.png,Public domain,fjc_bulk,
Tamika Renee Montgomery-Reeves,ca3,circuit,Joseph R. Biden,Democratic,2022-07-11,2022-12-12,2023-02-07,,,,,day,true,12941021,false,false,https://upload.wikimedia.org/wikipedia/commons/thumb/f/fe/Tamika_Montgomery-Reeves.jpg/330px-Tamika_Montgomery-Reeves.jpg?utm_source=commons.wikimedia.org&utm_campaign=imageinfo&utm_content=thumbnail,https://commons.wikimedia.org/wiki/File:Tamika_Montgomery-Reeves.jpg,Public domain,fjc_bulk,
Cindy Kyounga Chung,ca3,circuit,Joseph R. Biden,Democratic,2023-01-03,2023-02-13,2023-02-21,,,,,day,true,13257261,false,false,https://upload.wikimedia.org/wikipedia/commons/thumb/6/60/Cindy_K._Chung%2C_U.S._Attorney_official.jpg/330px-Cindy_K._Chung%2C_U.S._Attorney_official.jpg?utm_source=commons.wikimedia.org&utm_campaign=imageinfo&utm_content=thumbnail,"https://commons.wikimedia.org/wiki/File:Cindy_K._Chung,_U.S._Attorney_official.jpg",Public domain,fjc_bulk,
DeAndrea Gist Benjamin,ca4,circuit,Joseph R. Biden,Democratic,2023-01-03,2023-02-09,2023-02-21,,,,,day,true,13233251,false,false,https://upload.wikimedia.org/wikipedia/commons/thumb/8/87/DeAndrea_Gist_Benjamin.jpg/330px-DeAndrea_Gist_Benjamin.jpg?utm_source=commons.wikimedia.org&utm_campaign=imageinfo&utm_content=thumbnail,https://commons.wikimedia.org/wiki/File:DeAndrea_Gist_Benjamin.jpg,Public domain,fjc_bulk,
Daniel Joe Powell Calabretta,caed,district,Joseph R. Biden,Democratic,2023-01-03,2023-02-16,2023-02-21,,,,,day,true,13268821,false,false,https://upload.wikimedia.org/wikipedia/commons/thumb/8/8b/Daniel_J._Calabretta%2C_U.S._District_Court_Judge.jpg/330px-Daniel_J._Calabretta%2C_U.S._District_Court_Judge.jpg?utm_source=commons.wikimedia.org&utm_campaign=imageinfo&utm_content=thumbnail,"https://commons.wikimedia.org/wiki/File:Daniel_J._Calabretta,_U.S._District_Court_Judge.jpg",Public domain,fjc_bulk,
Ana Cecilia Reyes,dcd,district,Joseph R. Biden,Democratic,2023-01-03,2023-02-15,2023-02-21,,,,,day,true,13263791,false,false,https://upload.wikimedia.org/wikipedia/commons/6/66/Ana_C._Reyes%2C_U.S._District_Court_Judge.jpg?utm_source=commons.wikimedia.org&utm_campaign=imageinfo&utm_content=thumbnail_unscaled,"https://commons.wikimedia.org/wiki/File:Ana_C._Reyes,_U.S._District_Court_Judge.jpg",Public domain,fjc_bulk,
Matthew Lane Garcia,nmd,district,Joseph R. Biden,Democratic,2023-01-03,2023-02-14,2023-02-21,,,,,day,true,13261776,false,false,https://upload.wikimedia.org/wikipedia/commons/thumb/0/0d/Matthew_L._Garcia.jpg/330px-Matthew_L._Garcia.jpg?utm_source=commons.wikimedia.org&utm_campaign=imageinfo&utm_content=thumbnail,https://commons.wikimedia.org/wiki/File:Matthew_L._Garcia.jpg,Public domain,fjc_bulk,
Adrienne Camille Nelson,ord,district,Joseph R. Biden,Democratic,2023-01-03,2023-02-15,2023-02-23,,,,,day,true,13263786,false,false,https://upload.wikimedia.org/wikipedia/commons/thumb/e/e0/Adrienne_C._Nelson.jpg/330px-Adrienne_C._Nelson.jpg?utm_source=commons.wikimedia.org&utm_campaign=imageinfo&utm_content=thumbnail,https://commons.wikimedia.org/wiki/File:Adrienne_C._Nelson.jpg,Public domain,fjc_bulk,
Lindsay Clayton Jenkins,ilnd,district,Joseph R. Biden,Democratic,2023-01-03,2023-02-14,2023-02-24,,,,,day,true,13258771,false,false,https://upload.wikimedia.org/wikipedia/commons/thumb/1/11/Lindsay_C._Jenkins.jpg/330px-Lindsay_C._Jenkins.jpg?utm_source=commons.wikimedia.org&utm_campaign=imageinfo&utm_content=thumbnail,https://commons.wikimedia.org/wiki/File:Lindsay_C._Jenkins.jpg,Public domain,fjc_bulk,
Gina Raquel Méndez-Miró,prd,district,Joseph R. Biden,Democratic,2023-01-03,2023-02-14,2023-02-24,,,,,day,true,13258766,false,false,https://upload.wikimedia.org/wikipedia/commons/thumb/9/9b/Official_Portrait_Judge_M%C3%A9ndez-Mir%C3%B3.jpg/330px-Official_Portrait_Judge_M%C3%A9ndez-Mir%C3%B3.jpg?utm_source=commons.wikimedia.org&utm_campaign=imageinfo&utm_content=thumbnail,https://commons.wikimedia.org/wiki/File:Official_Portrait_Judge_M%C3%A9ndez-Mir%C3%B3.jpg,CC BY-SA 4.0 — credit: Judicialreporting,fjc_bulk,
Araceli Martinez-Olguin,cand,district,Joseph R. Biden,Democratic,2023-01-03,2023-02-28,2023-03-03,,,,,day,true,13328856,false,true,https://upload.wikimedia.org/wikipedia/commons/thumb/c/c4/Araceli_Martinez-Olguin%2C_U.S._District_Court_Judge.jpg/330px-Araceli_Martinez-Olguin%2C_U.S._District_Court_Judge.jpg?utm_source=commons.wikimedia.org&utm_campaign=imageinfo&utm_content=thumbnail,"https://commons.wikimedia.org/wiki/File:Araceli_Martinez-Olguin,_U.S._District_Court_Judge.jpg",Public domain,fjc_bulk,
Margaret Rose Guzman,mad,district,Joseph R. Biden,Democratic,2023-01-03,2023-03-01,2023-03-03,,,,,day,true,13333861,false,false,https://upload.wikimedia.org/wikipedia/commons/thumb/3/3c/Margaret_R._Guzman.jpg/330px-Margaret_R._Guzman.jpg?utm_source=commons.wikimedia.org&utm_campaign=imageinfo&utm_content=thumbnail,https://commons.wikimedia.org/wiki/File:Margaret_R._Guzman.jpg,Public domain,fjc_bulk,
Jamar Kentrell Walker,vaed,district,Joseph R. Biden,Democratic,2023-01-03,2023-02-28,2023-03-03,,,,,day,true,13328846,false,false,https://upload.wikimedia.org/wikipedia/commons/thumb/6/6f/Jamar_K._Walker.jpg/330px-Jamar_K._Walker.jpg?utm_source=commons.wikimedia.org&utm_campaign=imageinfo&utm_content=thumbnail,https://commons.wikimedia.org/wiki/File:Jamar_K._Walker.jpg,Public domain,fjc_bulk,
Colleen Rae Lawless,ilcd,district,Joseph R. Biden,Democratic,2023-01-23,2023-03-02,2023-03-09,,,,,day,true,13338911,false,false,https://upload.wikimedia.org/wikipedia/commons/thumb/8/84/Colleen_R._Lawless.jpg/330px-Colleen_R._Lawless.jpg?utm_source=commons.wikimedia.org&utm_campaign=imageinfo&utm_content=thumbnail,https://commons.wikimedia.org/wiki/File:Colleen_R._Lawless.jpg,Public domain,fjc_bulk,
Jonathan James Canada Grey,mied,district,Joseph R. Biden,Democratic,2023-01-23,2023-03-02,2023-03-09,,,,,day,true,13338916,false,false,https://upload.wikimedia.org/wikipedia/commons/thumb/2/20/Jonathan_James_Canada_Grey.jpg/330px-Jonathan_James_Canada_Grey.jpg?utm_source=commons.wikimedia.org&utm_campaign=imageinfo&utm_content=thumbnail,https://commons.wikimedia.org/wiki/File:Jonathan_James_Canada_Grey.jpg,Public domain,fjc_bulk,
Robert Stewart Ballou,vawd,district,Joseph R. Biden,Democratic,2023-01-23,2023-03-07,2023-03-09,,,,,day,true,13363931,false,false,https://upload.wikimedia.org/wikipedia/commons/thumb/b/b8/Robert_Stewart_Ballou.jpg/330px-Robert_Stewart_Ballou.jpg?utm_source=commons.wikimedia.org&utm_campaign=imageinfo&utm_content=thumbnail,https://commons.wikimedia.org/wiki/File:Robert_Stewart_Ballou.jpg,Public domain,fjc_bulk,
Maria Araujo Kahn,ca2,circuit,Joseph R. Biden,Democratic,2023-01-03,2023-03-09,2023-03-10,,,,,day,true,13373966,false,false,https://upload.wikimedia.org/wikipedia/commons/thumb/4/49/Maria_A._Kahn_Nomination_Hearing.png/330px-Maria_A._Kahn_Nomination_Hearing.png?utm_source=commons.wikimedia.org&utm_campaign=imageinfo&utm_content=thumbnail,https://commons.wikimedia.org/wiki/File:Maria_A._Kahn_Nomination_Hearing.png,Public domain,fjc_bulk,
Andrew George Schopler,casd,district,Joseph R. Biden,Democratic,2023-01-23,2023-03-07,2023-03-10,,,,,day,true,13363936,false,false,https://upload.wikimedia.org/wikipedia/commons/a/a6/MJ-Andrew-G-Schopler.jpg?utm_source=commons.wikimedia.org&utm_campaign=imageinfo&utm_content=thumbnail_unscaled,https://commons.wikimedia.org/wiki/File:MJ-Andrew-G-Schopler.jpg,Public domain,fjc_bulk,
James Edward Simmons Jr.,casd,district,Joseph R. Biden,Democratic,2023-01-23,2023-03-09,2023-03-10,,,,,day,true,13373961,false,false,https://upload.wikimedia.org/wikipedia/commons/thumb/0/0e/James_Edward_Simmons%2C_Jr.jpg/330px-James_Edward_Simmons%2C_Jr.jpg?utm_source=commons.wikimedia.org&utm_campaign=imageinfo&utm_content=thumbnail,"https://commons.wikimedia.org/wiki/File:James_Edward_Simmons,_Jr.jpg",Public domain,fjc_bulk,
Jamal Norman Whitehead,wawd,district,Joseph R. Biden,Democratic,2023-01-03,2023-02-28,2023-03-14,,,,,day,true,13328851,false,false,https://upload.wikimedia.org/wikipedia/commons/thumb/e/ea/Jamal_Whitehead.jpg/330px-Jamal_Whitehead.jpg?utm_source=commons.wikimedia.org&utm_campaign=imageinfo&utm_content=thumbnail,https://commons.wikimedia.org/wiki/File:Jamal_Whitehead.jpg,Public domain,fjc_bulk,
Gordon Paul Gallagher,cod,district,Joseph R. Biden,Democratic,2023-01-23,2023-03-22,2023-03-24,,,,,day,true,13438481,false,false,https://upload.wikimedia.org/wikipedia/commons/thumb/0/0e/Gordon_Gallagher_%28cropped%29.jpg/330px-Gordon_Gallagher_%28cropped%29.jpg?utm_source=commons.wikimedia.org&utm_campaign=imageinfo&utm_content=thumbnail,https://commons.wikimedia.org/wiki/File:Gordon_Gallagher_(cropped).jpg,Public domain,fjc_bulk,
Matthew Paul Brookman,insd,district,Joseph R. Biden,Democratic,2023-01-03,2023-03-29,2023-03-31,,,,,day,true,13481986,false,false,https://upload.wikimedia.org/wikipedia/commons/thumb/b/bf/Matthew_P._Brookman.jpg/330px-Matthew_P._Brookman.jpg?utm_source=commons.wikimedia.org&utm_campaign=imageinfo&utm_content=thumbnail,https://commons.wikimedia.org/wiki/File:Matthew_P._Brookman.jpg,Public domain,fjc_bulk,
Arun Srinivas Subramanian,nysd,district,Joseph R. Biden,Democratic,2023-01-23,2023-03-07,2023-04-13,,,,,day,true,13367441,false,false,https://upload.wikimedia.org/wikipedia/commons/thumb/f/f2/Arun_Subramanian.jpg/330px-Arun_Subramanian.jpg?utm_source=commons.wikimedia.org&utm_campaign=imageinfo&utm_content=thumbnail,https://commons.wikimedia.org/wiki/File:Arun_Subramanian.jpg,Public domain,fjc_bulk,
Jessica Gloria Lynn Clarke,nysd,district,Joseph R. Biden,Democratic,2023-01-03,2023-03-16,2023-04-20,,,,,day,true,13408976,false,false,https://upload.wikimedia.org/wikipedia/commons/thumb/4/45/Jessica_G.L._Clarke.jpg/330px-Jessica_G.L._Clarke.jpg?utm_source=commons.wikimedia.org&utm_campaign=imageinfo&utm_content=thumbnail,https://commons.wikimedia.org/wiki/File:Jessica_G.L._Clarke.jpg,Public domain,fjc_bulk,
Anthony Devos Johnstone,ca9,circuit,Joseph R. Biden,Democratic,2023-01-03,2023-05-01,2023-05-05,,,,,day,true,13618506,true,true,https://upload.wikimedia.org/wikipedia/commons/thumb/a/a3/Anthony_Johnstone.jpg/330px-Anthony_Johnstone.jpg?utm_source=commons.wikimedia.org&utm_campaign=imageinfo&utm_content=thumbnail,https://commons.wikimedia.org/wiki/File:Anthony_Johnstone.jpg,Public domain,fjc_bulk,
Michael Etan Farbiarz,njd,district,Joseph R. Biden,Democratic,2023-01-03,2023-05-02,2023-05-05,,,,,day,true,13619511,false,false,https://upload.wikimedia.org/wikipedia/commons/thumb/b/bb/Michael_Farbiarz.jpg/330px-Michael_Farbiarz.jpg?utm_source=commons.wikimedia.org&utm_campaign=imageinfo&utm_content=thumbnail,https://commons.wikimedia.org/wiki/File:Michael_Farbiarz.jpg,Public domain,fjc_bulk,
Robert Andrew Kirsch,njd,district,Joseph R. Biden,Democratic,2023-01-03,2023-05-02,2023-05-08,,,,,day,true,13619516,false,false,https://upload.wikimedia.org/wikipedia/commons/thumb/2/2d/Robert_Kirsch.jpg/330px-Robert_Kirsch.jpg?utm_source=commons.wikimedia.org&utm_campaign=imageinfo&utm_content=thumbnail,https://commons.wikimedia.org/wiki/File:Robert_Kirsch.jpg,Public domain,fjc_bulk,
Wesley Liu Hsu,cacd,district,Joseph R. Biden,Democratic,2023-01-23,2023-05-03,2023-05-12,,,,,day,true,13621526,false,false,https://upload.wikimedia.org/wikipedia/commons/thumb/2/2a/Wesley_L._Hsu.jpg/330px-Wesley_L._Hsu.jpg?utm_source=commons.wikimedia.org&utm_campaign=imageinfo&utm_content=thumbnail,https://commons.wikimedia.org/wiki/File:Wesley_L._Hsu.jpg,Public domain,fjc_bulk,
Orelia Eleta Merchant,nyed,district,Joseph R. Biden,Democratic,2023-01-23,2023-05-03,2023-05-12,,,,,day,true,13620521,false,false,https://upload.wikimedia.org/wikipedia/commons/thumb/5/58/Orelia_Merchant.jpg/330px-Orelia_Merchant.jpg?utm_source=commons.wikimedia.org&utm_campaign=imageinfo&utm_content=thumbnail,https://commons.wikimedia.org/wiki/File:Orelia_Merchant.jpg,Public domain,fjc_bulk,
Bradley Nelson Garcia,cadc,circuit,Joseph R. Biden,Democratic,2023-01-03,2023-05-15,2023-05-16,,,,,day,true,13645541,false,false,https://upload.wikimedia.org/wikipedia/commons/thumb/2/2f/%28Bradley_N._Garcia%29.jpg/330px-%28Bradley_N._Garcia%29.jpg?utm_source=commons.wikimedia.org&utm_campaign=imageinfo&utm_content=thumbnail,https://commons.wikimedia.org/wiki/File:(Bradley_N._Garcia).jpg,Public domain,fjc_bulk,
Amanda Kathleen Brailsford,idd,district,Joseph R. Biden,Democratic,2023-01-31,2023-05-04,2023-05-17,,,,,day,true,13623536,false,false,https://upload.wikimedia.org/wikipedia/commons/thumb/6/64/Amanda_K._Brailsford%2C_U.S._District_Court_Judge.jpg/330px-Amanda_K._Brailsford%2C_U.S._District_Court_Judge.jpg?utm_source=commons.wikimedia.org&utm_campaign=imageinfo&utm_content=thumbnail,"https://commons.wikimedia.org/wiki/File:Amanda_K._Brailsford,_U.S._District_Court_Judge.jpg",Public domain,fjc_bulk,
Nancy Gbana Abudu,ca11,circuit,Joseph R. Biden,Democratic,2023-01-03,2023-05-18,2023-05-26,,,,,day,true,13651551,false,false,https://upload.wikimedia.org/wikipedia/commons/thumb/5/55/Nancy_Abudu_%28Judge%29.jpg/330px-Nancy_Abudu_%28Judge%29.jpg?utm_source=commons.wikimedia.org&utm_campaign=imageinfo&utm_content=thumbnail,https://commons.wikimedia.org/wiki/File:Nancy_Abudu_(Judge).jpg,Public domain,fjc_bulk,
LaShonda Annette Hunt,ilnd,district,Joseph R. Biden,Democratic,2023-01-31,2023-05-04,2023-05-26,,,,,day,true,13622031,false,false,https://upload.wikimedia.org/wikipedia/commons/thumb/c/cd/LaShonda_A._Hunt.jpg/330px-LaShonda_A._Hunt.jpg?utm_source=commons.wikimedia.org&utm_campaign=imageinfo&utm_content=thumbnail,https://commons.wikimedia.org/wiki/File:LaShonda_A._Hunt.jpg,Public domain,fjc_bulk,
Darrel James Papillion,laed,district,Joseph R. Biden,Democratic,2023-03-21,2023-05-30,2023-06-01,,,,,day,true,13675556,false,false,https://upload.wikimedia.org/wikipedia/commons/thumb/d/d6/Darrel_James_Papillion%2C_U.S._District_Court_Judge.jpg/330px-Darrel_James_Papillion%2C_U.S._District_Court_Judge.jpg?utm_source=commons.wikimedia.org&utm_campaign=imageinfo&utm_content=thumbnail,"https://commons.wikimedia.org/wiki/File:Darrel_James_Papillion,_U.S._District_Court_Judge.jpg",Public domain,fjc_bulk,
Jeremy Christen Daniel,ilnd,district,Joseph R. Biden,Democratic,2023-03-21,2023-05-17,2023-06-06,,,,,day,true,13648546,false,false,https://upload.wikimedia.org/wikipedia/commons/thumb/d/dd/Jeremy_C_Daniel.jpg/330px-Jeremy_C_Daniel.jpg?utm_source=commons.wikimedia.org&utm_campaign=imageinfo&utm_content=thumbnail,https://commons.wikimedia.org/wiki/File:Jeremy_C_Daniel.jpg,Public domain,fjc_bulk,
"Silfen, Molly Rebecca",uscfc,specialized,Joseph R. Biden,Democratic,2023-02-27,2023-06-08,2023-06-13,,,,,day,true,,,,,,,fjc_html,
Hernán Diego Vera,cacd,district,Joseph R. Biden,Democratic,2023-01-03,2023-06-13,2023-06-15,,,,,day,true,13704086,false,false,https://upload.wikimedia.org/wikipedia/commons/thumb/6/69/Hernan_D._Vera.png/330px-Hernan_D._Vera.png?utm_source=commons.wikimedia.org&utm_campaign=imageinfo&utm_content=thumbnail,https://commons.wikimedia.org/wiki/File:Hernan_D._Vera.png,Public domain,fjc_bulk,
Julie Rikelman,ca1,circuit,Joseph R. Biden,Democratic,2023-01-03,2023-06-20,2023-06-23,,,,,day,true,13718106,false,false,https://upload.wikimedia.org/wikipedia/commons/thumb/7/7b/Julie_Rikelman.jpg/330px-Julie_Rikelman.jpg?utm_source=commons.wikimedia.org&utm_campaign=imageinfo&utm_content=thumbnail,https://commons.wikimedia.org/wiki/File:Julie_Rikelman.jpg,Public domain,fjc_bulk,
Nusrat Jahan Choudhury,nyed,district,Joseph R. Biden,Democratic,2023-01-03,2023-06-15,2023-07-05,,,,,day,true,13706601,false,false,https://upload.wikimedia.org/wikipedia/commons/thumb/1/1d/Nursat_Choudhury_%28Judge%29.jpg/330px-Nursat_Choudhury_%28Judge%29.jpg?utm_source=commons.wikimedia.org&utm_campaign=imageinfo&utm_content=thumbnail,https://commons.wikimedia.org/wiki/File:Nursat_Choudhury_(Judge).jpg,Public domain,fjc_bulk,
Patrick Casey Pitts,cand,district,Joseph R. Biden,Democratic,2023-01-23,2023-06-14,2023-07-07,,,,,day,true,13705591,false,false,https://upload.wikimedia.org/wikipedia/commons/thumb/c/c6/P._Casey_Pitts%2C_U.S._District_Court_Judge_2.jpg/330px-P._Casey_Pitts%2C_U.S._District_Court_Judge_2.jpg?utm_source=commons.wikimedia.org&utm_campaign=imageinfo&utm_content=thumbnail,"https://commons.wikimedia.org/wiki/File:P._Casey_Pitts,_U.S._District_Court_Judge_2.jpg",Public domain,fjc_bulk,
Myong Jin Joun,mad,district,Joseph R. Biden,Democratic,2023-01-23,2023-07-12,2023-07-14,,,,,day,true,13760711,false,false,https://upload.wikimedia.org/wikipedia/commons/thumb/b/b4/Myong_J._Joun.jpg/330px-Myong_J._Joun.jpg?utm_source=commons.wikimedia.org&utm_campaign=imageinfo&utm_content=thumbnail,https://commons.wikimedia.org/wiki/File:Myong_J._Joun.jpg,Public domain,fjc_bulk,
Kymberly Kathryn Evanson,wawd,district,Joseph R. Biden,Democratic,2023-01-23,2023-07-11,2023-07-18,,,,,day,true,13759701,false,false,https://upload.wikimedia.org/wikipedia/commons/thumb/a/a4/Kymberly_Kathryn_Evanson.jpg/330px-Kymberly_Kathryn_Evanson.jpg?utm_source=commons.wikimedia.org&utm_campaign=imageinfo&utm_content=thumbnail,https://commons.wikimedia.org/wiki/File:Kymberly_Kathryn_Evanson.jpg,Public domain,fjc_bulk,
Tiffany Mae Cartwright,wawd,district,Joseph R. Biden,Democratic,2023-01-03,2023-07-12,2023-07-18,,,,,day,true,13760706,false,false,https://upload.wikimedia.org/wikipedia/commons/thumb/1/19/Tiffany_Cartwright_%28Judge%29.jpg/330px-Tiffany_Cartwright_%28Judge%29.jpg?utm_source=commons.wikimedia.org&utm_campaign=imageinfo&utm_content=thumbnail,https://commons.wikimedia.org/wiki/File:Tiffany_Cartwright_(Judge).jpg,Public domain,fjc_bulk,
Rachel Sarah Bloomekatz,ca6,circuit,Joseph R. Biden,Democratic,2023-01-03,2023-07-18,2023-07-20,,,,,day,true,13760736,false,false,https://upload.wikimedia.org/wikipedia/commons/thumb/6/6b/Rachel_Bloomekatz_%28Judge%29.jpg/330px-Rachel_Bloomekatz_%28Judge%29.jpg?utm_source=commons.wikimedia.org&utm_campaign=imageinfo&utm_content=thumbnail,https://commons.wikimedia.org/wiki/File:Rachel_Bloomekatz_(Judge).jpg,Public domain,fjc_bulk,
Natasha Clarise Merle,nyed,district,Joseph R. Biden,Democratic,2023-01-03,2023-06-21,2023-08-11,,,,,day,true,13720111,false,false,https://upload.wikimedia.org/wikipedia/commons/thumb/2/2b/Natasha_Merle_%28Judge%29.jpg/330px-Natasha_Merle_%28Judge%29.jpg?utm_source=commons.wikimedia.org&utm_campaign=imageinfo&utm_content=thumbnail,https://commons.wikimedia.org/wiki/File:Natasha_Merle_(Judge).jpg,Public domain,fjc_bulk,
Dale Edwin Ho,nysd,district,Joseph R. Biden,Democratic,2023-01-03,2023-06-14,2023-08-18,,,,,day,true,13705596,false,false,https://upload.wikimedia.org/wikipedia/commons/thumb/6/6a/Dale_Ho_%28Judge%29.jpg/330px-Dale_Ho_%28Judge%29.jpg?utm_source=commons.wikimedia.org&utm_campaign=imageinfo&utm_content=thumbnail,https://commons.wikimedia.org/wiki/File:Dale_Ho_(Judge).jpg,Public domain,fjc_bulk,
"Hadji, Philip S.",uscfc,specialized,Joseph R. Biden,Democratic,2023-06-08,2023-09-21,2023-09-28,,,,,day,true,,,,,,,fjc_html,
Rita Faye Lin,cand,district,Joseph R. Biden,Democratic,2023-01-23,2023-09-19,2023-10-04,,,,,day,true,13761006,false,false,https://upload.wikimedia.org/wikipedia/commons/thumb/4/46/Rita_F._Lin%2C_U.S._District_Court_Judge.jpg/330px-Rita_F._Lin%2C_U.S._District_Court_Judge.jpg?utm_source=commons.wikimedia.org&utm_campaign=imageinfo&utm_content=thumbnail,"https://commons.wikimedia.org/wiki/File:Rita_F._Lin,_U.S._District_Court_Judge.jpg",Public domain,fjc_bulk,
Brendan Abell Hurson,mdd,district,Joseph R. Biden,Democratic,2023-03-21,2023-10-04,2023-10-06,,,,,day,true,13761061,false,false,https://upload.wikimedia.org/wikipedia/commons/thumb/e/e9/Brendan_A_Hurson.jpg/330px-Brendan_A_Hurson.jpg?utm_source=commons.wikimedia.org&utm_campaign=imageinfo&utm_content=thumbnail,https://commons.wikimedia.org/wiki/File:Brendan_A_Hurson.jpg,Public domain,fjc_bulk,
Jeffrey Irvine Cummings,ilnd,district,Joseph R. Biden,Democratic,2023-01-31,2023-09-12,2023-10-10,,,,,day,true,13760981,false,false,https://upload.wikimedia.org/wikipedia/commons/thumb/0/02/Jeffrey_Cummings%2C_U.S._Magistrate_Judge.png/330px-Jeffrey_Cummings%2C_U.S._Magistrate_Judge.png?utm_source=commons.wikimedia.org&utm_campaign=imageinfo&utm_content=thumbnail,"https://commons.wikimedia.org/wiki/File:Jeffrey_Cummings,_U.S._Magistrate_Judge.png",Public domain,fjc_bulk,
Vernon Dion Oliver,ctd,district,Joseph R. Biden,Democratic,2023-05-04,2023-09-19,2023-10-18,,,,,day,true,13761001,false,false,https://upload.wikimedia.org/wikipedia/commons/thumb/b/b3/Vernon_D._Oliver.jpg/330px-Vernon_D._Oliver.jpg?utm_source=commons.wikimedia.org&utm_campaign=imageinfo&utm_content=thumbnail,https://commons.wikimedia.org/wiki/File:Vernon_D._Oliver.jpg,Public domain,fjc_bulk,
Matthew James Maddox,mdd,district,Joseph R. Biden,Democratic,2023-03-21,2023-10-31,2023-11-03,,,,,day,true,13761321,false,false,https://upload.wikimedia.org/wikipedia/commons/thumb/c/cb/Matthew_James_Maddox.jpg/330px-Matthew_James_Maddox.jpg?utm_source=commons.wikimedia.org&utm_campaign=imageinfo&utm_content=thumbnail,https://commons.wikimedia.org/wiki/File:Matthew_James_Maddox.jpg,Public domain,fjc_bulk,
Julia Kathleen Munley,pamd,district,Joseph R. Biden,Democratic,2023-05-04,2023-10-17,2023-11-07,,,,,day,true,13761086,false,false,https://upload.wikimedia.org/wikipedia/commons/thumb/c/c1/Julia_Munley.jpg/330px-Julia_Munley.jpg?utm_source=commons.wikimedia.org&utm_campaign=imageinfo&utm_content=thumbnail,https://commons.wikimedia.org/wiki/File:Julia_Munley.jpg,Public domain,fjc_bulk,
Susan Kim DeClercq,mied,district,Joseph R. Biden,Democratic,2023-05-04,2023-10-04,2023-11-09,,,,,day,true,13761066,false,false,https://upload.wikimedia.org/wikipedia/commons/thumb/1/1e/Susan_DeClercq.jpg/330px-Susan_DeClercq.jpg?utm_source=commons.wikimedia.org&utm_campaign=imageinfo&utm_content=thumbnail,https://commons.wikimedia.org/wiki/File:Susan_DeClercq.jpg,Public domain,fjc_bulk,
Julia Eleanor Kobick,mad,district,Joseph R. Biden,Democratic,2023-01-23,2023-11-07,2023-11-13,,,,,day,true,13761336,false,false,https://upload.wikimedia.org/wikipedia/commons/thumb/1/16/Julia_E._Kobick.jpg/330px-Julia_E._Kobick.jpg?utm_source=commons.wikimedia.org&utm_campaign=imageinfo&utm_content=thumbnail,https://commons.wikimedia.org/wiki/File:Julia_E._Kobick.jpg,Public domain,fjc_bulk,
Brandy Renée McMillion,mied,district,Joseph R. Biden,Democratic,2023-07-11,2023-11-09,2023-11-13,,,,,day,true,13761351,false,false,https://upload.wikimedia.org/wikipedia/commons/thumb/4/4f/Brandy_R._McMillion.jpg/330px-Brandy_R._McMillion.jpg?utm_source=commons.wikimedia.org&utm_campaign=imageinfo&utm_content=thumbnail,https://commons.wikimedia.org/wiki/File:Brandy_R._McMillion.jpg,CC BY-SA 4.0 — credit: 8planets,fjc_bulk,
Ramon Ernesto Reyes Jr.,nyed,district,Joseph R. Biden,Democratic,2023-01-23,2023-11-08,2023-11-13,,,,,day,true,13761341,false,false,https://upload.wikimedia.org/wikipedia/commons/thumb/e/ed/Ramon_Ernesto_Reyes%2C_Jr.jpg/330px-Ramon_Ernesto_Reyes%2C_Jr.jpg?utm_source=commons.wikimedia.org&utm_campaign=imageinfo&utm_content=thumbnail,"https://commons.wikimedia.org/wiki/File:Ramon_Ernesto_Reyes,_Jr.jpg",Public domain,fjc_bulk,
Ana Isabel de Alba,ca9,circuit,Joseph R. Biden,Democratic,2023-04-17,2023-11-13,2023-11-15,,,,,day,true,12145571,false,false,https://upload.wikimedia.org/wikipedia/commons/thumb/9/9d/Ana_deAlba.jpg/330px-Ana_deAlba.jpg?utm_source=commons.wikimedia.org&utm_campaign=imageinfo&utm_content=thumbnail,https://commons.wikimedia.org/wiki/File:Ana_deAlba.jpg,Public domain,fjc_bulk,
Kenly Kiya Kato,cacd,district,Joseph R. Biden,Democratic,2023-01-03,2023-11-07,2023-11-17,,,,,day,true,13761331,false,false,https://upload.wikimedia.org/wikipedia/commons/thumb/9/95/Kenly_Kiya_Kato.png/330px-Kenly_Kiya_Kato.png?utm_source=commons.wikimedia.org&utm_campaign=imageinfo&utm_content=thumbnail,https://commons.wikimedia.org/wiki/File:Kenly_Kiya_Kato.png,Public domain,fjc_bulk,
Monica Ramirez Almadani,cacd,district,Joseph R. Biden,Democratic,2023-01-23,2023-11-09,2023-11-21,,,,,day,true,13761346,false,false,https://upload.wikimedia.org/wikipedia/commons/thumb/c/c2/Monica_Ram%C3%ADrez_Almadani.png/330px-Monica_Ram%C3%ADrez_Almadani.png?utm_source=commons.wikimedia.org&utm_campaign=imageinfo&utm_content=thumbnail,https://commons.wikimedia.org/wiki/File:Monica_Ram%C3%ADrez_Almadani.png,Public domain,fjc_bulk,
Jeffrey Marc Bryan,mnd,district,Joseph R. Biden,Democratic,2023-07-27,2023-11-28,2023-11-30,,,,,day,true,13761356,false,false,https://upload.wikimedia.org/wikipedia/commons/thumb/a/a1/Jeffrey_Bryan.jpg/330px-Jeffrey_Bryan.jpg?utm_source=commons.wikimedia.org&utm_campaign=imageinfo&utm_content=thumbnail,https://commons.wikimedia.org/wiki/File:Jeffrey_Bryan.jpg,Public domain,fjc_bulk,
Jamel Ken Semper,njd,district,Joseph R. Biden,Democratic,2023-09-18,2023-11-29,2023-12-01,,,,,day,true,13761371,false,false,https://upload.wikimedia.org/wikipedia/commons/thumb/6/65/Jamel_Semper.jpg/330px-Jamel_Semper.jpg?utm_source=commons.wikimedia.org&utm_campaign=imageinfo&utm_content=thumbnail,https://commons.wikimedia.org/wiki/File:Jamel_Semper.jpg,Public domain,fjc_bulk,
Irma Carrillo Ramirez,ca5,circuit,Joseph R. Biden,Democratic,2023-04-17,2023-12-04,2023-12-08,,,,,day,true,13761386,false,false,https://upload.wikimedia.org/wikipedia/commons/thumb/f/f6/Irma_C_Ramirez.jpg/330px-Irma_C_Ramirez.jpg?utm_source=commons.wikimedia.org&utm_campaign=imageinfo&utm_content=thumbnail,https://commons.wikimedia.org/wiki/File:Irma_C_Ramirez.jpg,Public domain,fjc_bulk,
Richard Edward Neel Federico,ca10,circuit,Joseph R. Biden,Democratic,2023-07-27,2023-12-11,2023-12-13,,,,,day,true,13761401,false,false,https://upload.wikimedia.org/wikipedia/commons/f/f9/Richard_E._N._Federico.jpg,https://commons.wikimedia.org/wiki/File:Richard_E._N._Federico.jpg,Public domain — credit: U.S. Senate Judiciary Committee,fjc_bulk,
Loren Linn AliKhan,dcd,district,Joseph R. Biden,Democratic,2023-05-04,2023-12-05,2023-12-13,,,,,day,true,13761396,false,false,https://upload.wikimedia.org/wikipedia/commons/thumb/0/0b/Loren_AliKhan_%28cropped%29.jpg/330px-Loren_AliKhan_%28cropped%29.jpg?utm_source=commons.wikimedia.org&utm_campaign=imageinfo&utm_content=thumbnail,https://commons.wikimedia.org/wiki/File:Loren_AliKhan_(cropped).jpg,Public domain,fjc_bulk,
Brandon Scott Long,laed,district,Joseph R. Biden,Democratic,2023-06-08,2023-12-14,2023-12-19,,,,,day,true,13761411,false,false,https://upload.wikimedia.org/wikipedia/commons/thumb/8/80/Brandon_S._Long%2C_U.S._District_Court_Judge.jpg/330px-Brandon_S._Long%2C_U.S._District_Court_Judge.jpg?utm_source=commons.wikimedia.org&utm_campaign=imageinfo&utm_content=thumbnail,"https://commons.wikimedia.org/wiki/File:Brandon_S._Long,_U.S._District_Court_Judge.jpg",Public domain,fjc_bulk,
Jerry Edwards Jr.,lawd,district,Joseph R. Biden,Democratic,2023-06-08,2023-12-14,2023-12-22,,,,,day,true,13761406,false,false,https://upload.wikimedia.org/wikipedia/commons/thumb/8/82/Jerry_Edwards_Jr.jpg/330px-Jerry_Edwards_Jr.jpg?utm_source=commons.wikimedia.org&utm_campaign=imageinfo&utm_content=thumbnail,https://commons.wikimedia.org/wiki/File:Jerry_Edwards_Jr.jpg,Public domain,fjc_bulk,
Sara Elizabeth Hill,oknd,district,Joseph R. Biden,Democratic,2023-10-24,2023-12-19,2024-01-02,,,,,day,true,13761416,false,false,,,,fjc_bulk,
Jennifer Lynne Hall,ded,district,Joseph R. Biden,Democratic,2023-07-11,2023-10-17,2024-01-04,,,,,day,true,13761081,false,false,https://upload.wikimedia.org/wikipedia/commons/thumb/7/74/Jennifer_L._Hall%2C_U.S._Magistrate_Judge.jpg/330px-Jennifer_L._Hall%2C_U.S._Magistrate_Judge.jpg?utm_source=commons.wikimedia.org&utm_campaign=imageinfo&utm_content=thumbnail,"https://commons.wikimedia.org/wiki/File:Jennifer_L._Hall,_U.S._Magistrate_Judge.jpg",Public domain,fjc_bulk,
John David Russell,oknd,district,Joseph R. Biden,Democratic,2023-10-24,2023-12-19,2024-01-04,,,,,day,true,13761421,false,false,,,,fjc_bulk,
Margaret M. Garnett,nysd,district,Joseph R. Biden,Democratic,2023-07-11,2023-11-28,2024-01-09,,,,,day,true,13761361,false,false,https://upload.wikimedia.org/wikipedia/commons/thumb/c/c1/Margaret_M._Garnett.jpg/330px-Margaret_M._Garnett.jpg?utm_source=commons.wikimedia.org&utm_campaign=imageinfo&utm_content=thumbnail,https://commons.wikimedia.org/wiki/File:Margaret_M._Garnett.jpg,Public domain,fjc_bulk,
S. Kato Crews,cod,district,Joseph R. Biden,Democratic,2023-02-27,2024-01-10,2024-01-12,,,,,day,true,13761441,false,false,,,,fjc_bulk,
John Andrew Kazen,txsd,district,Joseph R. Biden,Democratic,2023-09-11,2024-01-09,2024-01-12,,,,,day,true,13761436,false,false,https://upload.wikimedia.org/wikipedia/commons/f/f8/John_Kazen.jpg,https://commons.wikimedia.org/wiki/File:John_Kazen.jpg,Public domain (PD-USGov-Congress) — credit: U.S. Senate Judiciary Committee,fjc_bulk,
Cristal C. Brisco,innd,district,Joseph R. Biden,Democratic,2024-01-08,2024-01-24,2024-01-26,,,,,day,true,13761456,false,false,https://upload.wikimedia.org/wikipedia/commons/thumb/1/11/Cristal_C._Brisco_Cropped.png/330px-Cristal_C._Brisco_Cropped.png?utm_source=commons.wikimedia.org&utm_campaign=imageinfo&utm_content=thumbnail,https://commons.wikimedia.org/wiki/File:Cristal_C._Brisco_Cropped.png,CC BY-SA 4.0 — credit: U.S. Senate Judiciary Committee,fjc_bulk,
Gretchen Suzanne Lund,innd,district,Joseph R. Biden,Democratic,2024-01-08,2024-01-25,2024-01-29,,,,,day,true,13761461,false,false,,,,fjc_bulk,
Jacquelyn Denise Austin,scd,district,Joseph R. Biden,Democratic,2023-11-06,2024-01-24,2024-01-29,,,,,day,true,13761451,false,false,https://upload.wikimedia.org/wikipedia/commons/thumb/8/82/Jacquelyn_D._Austin_2nd_Cropped.png/330px-Jacquelyn_D._Austin_2nd_Cropped.png?utm_source=commons.wikimedia.org&utm_campaign=imageinfo&utm_content=thumbnail,https://commons.wikimedia.org/wiki/File:Jacquelyn_D._Austin_2nd_Cropped.png,CC BY-SA 4.0 — credit: U.S. Senate Judiciary Committee,fjc_bulk,
Joshua Paul Kolar,ca7,circuit,Joseph R. Biden,Democratic,2024-01-08,2024-01-30,2024-01-31,,,,,day,true,13761466,false,false,https://upload.wikimedia.org/wikipedia/commons/e/e2/Joshua_Kolar.jpg,https://commons.wikimedia.org/wiki/File:Joshua_Kolar.jpg,Public domain — credit: U.S. Senate Judiciary Committee,fjc_bulk,
Micah William Janso Smith,hid,district,Joseph R. Biden,Democratic,2023-09-11,2023-11-29,2024-01-31,,,,,day,true,13761366,false,false,https://upload.wikimedia.org/wikipedia/commons/thumb/2/29/Micah_W._J._Smith%2C_U.S._District_Court_Judge.jpg/330px-Micah_W._J._Smith%2C_U.S._District_Court_Judge.jpg?utm_source=commons.wikimedia.org&utm_campaign=imageinfo&utm_content=thumbnail,"https://commons.wikimedia.org/wiki/File:Micah_W._J._Smith,_U.S._District_Court_Judge.jpg",Public domain,fjc_bulk,
Karoline Mehalchick,pamd,district,Joseph R. Biden,Democratic,2023-07-11,2024-01-31,2024-02-05,,,,,day,true,13761476,false,false,https://upload.wikimedia.org/wikipedia/commons/thumb/2/2b/Judge_Karoline_Mehalchick.png/330px-Judge_Karoline_Mehalchick.png?utm_source=commons.wikimedia.org&utm_campaign=imageinfo&utm_content=thumbnail,https://commons.wikimedia.org/wiki/File:Judge_Karoline_Mehalchick.png,Public domain,fjc_bulk,
Kirk Edward Sherriff,caed,district,Joseph R. Biden,Democratic,2024-01-08,2024-01-31,2024-02-07,,,,,day,true,13761471,false,false,https://upload.wikimedia.org/wikipedia/commons/thumb/e/ed/Kirk_Edward_Sherriff%2C_U.S._District_Court_Judge.jpg/330px-Kirk_Edward_Sherriff%2C_U.S._District_Court_Judge.jpg?utm_source=commons.wikimedia.org&utm_campaign=imageinfo&utm_content=thumbnail,"https://commons.wikimedia.org/wiki/File:Kirk_Edward_Sherriff,_U.S._District_Court_Judge.jpg",Public domain,fjc_bulk,
Lisa Wen-Jia Wang,cit,specialized,Joseph R. Biden,Democratic,2024-01-08,2024-02-01,2024-02-07,,,,,day,true,13761481,false,false,"https://upload.wikimedia.org/wikipedia/commons/9/9b/Lisa_Wang,_Assistant_Secretary_of_Commerce_official.jpg","https://commons.wikimedia.org/wiki/File:Lisa_Wang,_Assistant_Secretary_of_Commerce_official.jpg","Public domain — official portrait, U.S. Department of Commerce (prior role as Assistant Secretary), 17 U.S.C. §105",fjc_bulk,
Joseph A. Laroski Jr.,cit,specialized,Joseph R. Biden,Democratic,2024-01-08,2024-02-05,2024-02-14,,,,,day,true,13761491,false,false,"https://upload.wikimedia.org/wikipedia/commons/d/de/Joseph_A._Laroski,_Jr.jpg","https://commons.wikimedia.org/wiki/File:Joseph_A._Laroski,_Jr.jpg",Public domain — credit: U.S. Senate Judiciary Committee,fjc_bulk,
Jacqueline Becerra,flsd,district,Joseph R. Biden,Democratic,2024-01-08,2024-02-27,2024-02-29,,,,,day,true,13761516,false,false,https://upload.wikimedia.org/wikipedia/commons/6/6d/Jacqueline_Becerra_Cropped.png,https://commons.wikimedia.org/wiki/File:Jacqueline_Becerra_Cropped.png,CC BY-SA 4.0 — credit: U.S. Senate Judiciary Committee,fjc_bulk,
David Seymour Leibowitz,flsd,district,Joseph R. Biden,Democratic,2024-01-08,2024-02-27,2024-03-01,,,,,day,true,13761521,false,false,https://upload.wikimedia.org/wikipedia/commons/1/10/David_Seymour_Leibowitz_cropped.png,https://commons.wikimedia.org/wiki/File:David_Seymour_Leibowitz_cropped.png,CC BY-SA 4.0 — credit: U.S. Senate Judiciary Committee,fjc_bulk,
Julie Simone Sneed,flmd,district,Joseph R. Biden,Democratic,2024-01-08,2024-02-28,2024-03-04,,,,,day,true,13761526,false,false,https://upload.wikimedia.org/wikipedia/commons/6/6b/Julie_Simone_Sneed_cropped.png,https://commons.wikimedia.org/wiki/File:Julie_Simone_Sneed_cropped.png,CC BY-SA 4.0 — credit: U.S. Senate Judiciary Committee,fjc_bulk,
Melissa Damian,flsd,district,Joseph R. Biden,Democratic,2024-01-08,2024-02-28,2024-03-04,,,,,day,true,13761531,false,false,https://upload.wikimedia.org/wikipedia/commons/thumb/c/c6/Melissa_Damian_Cropped.png/330px-Melissa_Damian_Cropped.png?utm_source=commons.wikimedia.org&utm_campaign=imageinfo&utm_content=thumbnail,https://commons.wikimedia.org/wiki/File:Melissa_Damian_Cropped.png,CC BY-SA 4.0 — credit: U.S. Senate Judiciary Committee,fjc_bulk,
Kelly Harrison Rankin,wyd,district,Joseph R. Biden,Democratic,2024-01-10,2024-03-07,2024-03-12,,,,,day,true,13761536,false,false,,,,fjc_bulk,
Nicole Gina Berner,ca4,circuit,Joseph R. Biden,Democratic,2024-01-08,2024-03-19,2024-03-19,,,,,day,true,13761561,false,false,https://upload.wikimedia.org/wikipedia/commons/3/3d/Nicole_G_Berner.jpg,https://commons.wikimedia.org/wiki/File:Nicole_G_Berner.jpg,"Public domain (PD-USGov-Judiciary) — credit: Lisa McFarland, Fourth Circuit court photographer",fjc_bulk,
Sunil Ramesh Harjani,ilnd,district,Joseph R. Biden,Democratic,2024-02-01,2024-03-12,2024-03-20,,,,,day,true,13761551,false,false,https://upload.wikimedia.org/wikipedia/commons/thumb/8/88/Sunil-R.-Harjani-02-08-24.jpg/330px-Sunil-R.-Harjani-02-08-24.jpg?utm_source=commons.wikimedia.org&utm_campaign=imageinfo&utm_content=thumbnail,https://commons.wikimedia.org/wiki/File:Sunil-R.-Harjani-02-08-24.jpg,Public domain,fjc_bulk,
Edward Sunyol Kiel,njd,district,Joseph R. Biden,Democratic,2024-01-08,2024-03-20,2024-03-25,,,,,day,true,13761566,false,false,https://upload.wikimedia.org/wikipedia/commons/1/1a/Edward_Kiel.jpg,https://commons.wikimedia.org/wiki/File:Edward_Kiel.jpg,Public domain — credit: U.S. Senate Judiciary Committee,fjc_bulk,
Leon Schydlower,txwd,district,Joseph R. Biden,Democratic,2024-02-07,2024-03-22,2024-03-26,,,,,day,true,13761586,false,false,https://upload.wikimedia.org/wikipedia/commons/thumb/6/64/Leon_Schydlower-01-24-24.jpg/330px-Leon_Schydlower-01-24-24.jpg?utm_source=commons.wikimedia.org&utm_campaign=imageinfo&utm_content=thumbnail,https://commons.wikimedia.org/wiki/File:Leon_Schydlower-01-24-24.jpg,Public domain,fjc_bulk,
Ernest Gonzalez,txwd,district,Joseph R. Biden,Democratic,2024-02-07,2024-03-22,2024-04-09,,,,,day,true,13761581,false,false,,,,fjc_bulk,
Susan Mason Bazis,ned,district,Joseph R. Biden,Democratic,2024-01-10,2024-04-09,2024-04-10,,,,,day,true,13761616,false,false,https://upload.wikimedia.org/wikipedia/commons/thumb/9/91/Susan_M._Bazis%2C_U.S._District_Court_Judge.jpg/330px-Susan_M._Bazis%2C_U.S._District_Court_Judge.jpg?utm_source=commons.wikimedia.org&utm_campaign=imageinfo&utm_content=thumbnail,"https://commons.wikimedia.org/wiki/File:Susan_M._Bazis,_U.S._District_Court_Judge.jpg",Public domain,fjc_bulk,
Ann Marie McIff Allen,utd,district,Joseph R. Biden,Democratic,2024-01-10,2024-04-10,2024-04-12,,,,,day,true,13761626,false,false,https://upload.wikimedia.org/wikipedia/commons/thumb/a/a7/Ann_Marie_McIff_Allen_1-24-24.jpg/330px-Ann_Marie_McIff_Allen_1-24-24.jpg?utm_source=commons.wikimedia.org&utm_campaign=imageinfo&utm_content=thumbnail,https://commons.wikimedia.org/wiki/File:Ann_Marie_McIff_Allen_1-24-24.jpg,Public domain,fjc_bulk,
Robert Jerome White,mied,district,Joseph R. Biden,Democratic,2024-02-01,2024-04-09,2024-04-15,,,,,day,true,13761621,false,false,,,,fjc_bulk,
Ramona Villagomez Manglona,nmid,district,Joseph R. Biden,Democratic,2023-09-06,2024-04-18,2024-04-22,,,,,day,true,,false,false,https://upload.wikimedia.org/wikipedia/commons/thumb/3/34/Ramona_Villagomez_Manglona.JPG/330px-Ramona_Villagomez_Manglona.JPG?utm_source=commons.wikimedia.org&utm_campaign=imageinfo&utm_content=thumbnail,https://commons.wikimedia.org/wiki/File:Ramona_Villagomez_Manglona.JPG,Public domain,territorial_manual,Current judges only; no systematic historical source for this court.
Eumi Kim Lee,cand,district,Joseph R. Biden,Democratic,2024-01-08,2024-03-20,2024-05-07,,,,,day,true,13761571,false,false,https://upload.wikimedia.org/wikipedia/commons/thumb/0/0d/Eumi_K._Lee%2C_U.S._District_Court_Judge.jpg/330px-Eumi_K._Lee%2C_U.S._District_Court_Judge.jpg?utm_source=commons.wikimedia.org&utm_campaign=imageinfo&utm_content=thumbnail,"https://commons.wikimedia.org/wiki/File:Eumi_K._Lee,_U.S._District_Court_Judge.jpg",Public domain,fjc_bulk,
Seth Robert Aframe,ca1,circuit,Joseph R. Biden,Democratic,2024-01-08,2024-05-20,2024-05-23,,,,,day,true,13761681,false,false,https://upload.wikimedia.org/wikipedia/commons/3/3c/Seth_Aframe.jpg,https://commons.wikimedia.org/wiki/File:Seth_Aframe.jpg,Public domain (PD-USGov-Congress) — credit: U.S. Senate Judiciary Committee,fjc_bulk,
Krissa Marie Lanham,azd,district,Joseph R. Biden,Democratic,2024-02-27,2024-05-21,2024-06-03,,,,,day,true,13761686,false,false,,,,fjc_bulk,
Eric Claude Schulte,sdd,district,Joseph R. Biden,Democratic,2024-02-08,2024-05-15,2024-06-03,,,,,day,true,13761661,false,false,https://upload.wikimedia.org/wikipedia/commons/thumb/e/e5/Eric_C._Schulte.png/330px-Eric_C._Schulte.png?utm_source=commons.wikimedia.org&utm_campaign=imageinfo&utm_content=thumbnail,https://commons.wikimedia.org/wiki/File:Eric_C._Schulte.png,Public domain,fjc_bulk,
Camela Catherine Theeler,sdd,district,Joseph R. Biden,Democratic,2024-02-08,2024-05-16,2024-06-04,,,,,day,true,13761666,false,false,https://upload.wikimedia.org/wikipedia/commons/thumb/f/f3/Camela_C._Theeler.png/330px-Camela_C._Theeler.png?utm_source=commons.wikimedia.org&utm_campaign=imageinfo&utm_content=thumbnail,https://commons.wikimedia.org/wiki/File:Camela_C._Theeler.png,Public domain,fjc_bulk,
Angela Marie Martinez,azd,district,Joseph R. Biden,Democratic,2024-02-27,2024-05-22,2024-07-02,,,,,day,true,13761691,false,false,,,,fjc_bulk,
Jasmine Hyejung Yoon,vawd,district,Joseph R. Biden,Democratic,2024-02-01,2024-03-12,2024-07-08,,,,,day,true,13761546,false,false,,,,fjc_bulk,
Nancy Lee Maldonado,ca7,circuit,Joseph R. Biden,Democratic,2024-02-27,2024-07-08,2024-07-11,,,,,day,true,12282101,false,false,https://upload.wikimedia.org/wikipedia/commons/thumb/5/5a/Nancy_Maldonado_%28Judge%29_%28cropped%29.jpg/330px-Nancy_Maldonado_%28Judge%29_%28cropped%29.jpg?utm_source=commons.wikimedia.org&utm_campaign=imageinfo&utm_content=thumbnail,https://commons.wikimedia.org/wiki/File:Nancy_Maldonado_(Judge)_(cropped).jpg,Public domain,fjc_bulk,
Meredith Anne Vacca,nywd,district,Joseph R. Biden,Democratic,2024-05-14,2024-07-31,2024-08-01,,,,,day,true,13761811,false,false,https://upload.wikimedia.org/wikipedia/commons/thumb/4/4f/Judge_Meredith_A._Vacca.png/330px-Judge_Meredith_A._Vacca.png?utm_source=commons.wikimedia.org&utm_campaign=imageinfo&utm_content=thumbnail,https://commons.wikimedia.org/wiki/File:Judge_Meredith_A._Vacca.png,CC0,fjc_bulk,
Georgia Nick Alexakis,ilnd,district,Joseph R. Biden,Democratic,2024-02-27,2024-05-01,2024-08-02,,,,,day,true,13761646,false,false,https://upload.wikimedia.org/wikipedia/commons/thumb/2/25/Georgia_N._Alexakis-03-20-24.jpg/330px-Georgia_N._Alexakis-03-20-24.jpg?utm_source=commons.wikimedia.org&utm_campaign=imageinfo&utm_content=thumbnail,https://commons.wikimedia.org/wiki/File:Georgia_N._Alexakis-03-20-24.jpg,Public domain,fjc_bulk,
"Meriweather, Robin Michelle",uscfc,specialized,Joseph R. Biden,Democratic,2024-01-10,2024-07-11,2024-08-08,,,,,day,true,,,,,,,fjc_html,
Joseph Francis Saporito Jr.,pamd,district,Joseph R. Biden,Democratic,2024-05-14,2024-07-31,2024-08-13,,,,,day,true,13761816,false,false,,,,fjc_bulk,
Stacey Diane Neumann,med,district,Joseph R. Biden,Democratic,2024-04-30,2024-07-30,2024-08-22,,,,,day,true,13761806,false,false,,,,fjc_bulk,
Amy Margaret Baggio,ord,district,Joseph R. Biden,Democratic,2024-01-08,2024-02-06,2024-08-22,,,,,day,true,13761496,false,false,https://upload.wikimedia.org/wikipedia/commons/thumb/2/28/Amy_Margaret_Baggio_Cropped.png/330px-Amy_Margaret_Baggio_Cropped.png?utm_source=commons.wikimedia.org&utm_campaign=imageinfo&utm_content=thumbnail,https://commons.wikimedia.org/wiki/File:Amy_Margaret_Baggio_Cropped.png,CC BY-SA 4.0 — credit: U.S. Senate Judiciary Committee,fjc_bulk,
Adam Ben Abelson,mdd,district,Joseph R. Biden,Democratic,2024-05-14,2024-09-10,2024-09-12,,,,,day,true,13761857,false,false,https://upload.wikimedia.org/wikipedia/commons/thumb/f/f3/Adam_B._Abelson.png/330px-Adam_B._Abelson.png?utm_source=commons.wikimedia.org&utm_campaign=imageinfo&utm_content=thumbnail,https://commons.wikimedia.org/wiki/File:Adam_B._Abelson.png,CC0,fjc_bulk,
Mary Kay Lanthier,vtd,district,Joseph R. Biden,Democratic,2024-06-04,2024-09-11,2024-09-12,,,,,day,true,13761859,false,false,https://upload.wikimedia.org/wikipedia/commons/thumb/f/f6/Mary_Kay_Lanthier_6-20-24.jpg/330px-Mary_Kay_Lanthier_6-20-24.jpg?utm_source=commons.wikimedia.org&utm_campaign=imageinfo&utm_content=thumbnail,https://commons.wikimedia.org/wiki/File:Mary_Kay_Lanthier_6-20-24.jpg,Public domain,fjc_bulk,
Laura Margarete Provinzino,mnd,district,Joseph R. Biden,Democratic,2024-06-13,2024-09-12,2024-09-16,,,,,day,true,13761860,false,false,https://upload.wikimedia.org/wikipedia/commons/thumb/8/81/Judge_Laura_M._Provinzino.png/330px-Judge_Laura_M._Provinzino.png?utm_source=commons.wikimedia.org&utm_campaign=imageinfo&utm_content=thumbnail,https://commons.wikimedia.org/wiki/File:Judge_Laura_M._Provinzino.png,CC0,fjc_bulk,
Dena Michaela Coggins,caed,district,Joseph R. Biden,Democratic,2024-02-08,2024-05-22,2024-09-18,,,,,day,true,13761696,false,false,https://upload.wikimedia.org/wikipedia/commons/thumb/c/c5/Dena_Coggins%2C_U.S._District_Court_Judge_2.jpg/330px-Dena_Coggins%2C_U.S._District_Court_Judge_2.jpg?utm_source=commons.wikimedia.org&utm_campaign=imageinfo&utm_content=thumbnail,"https://commons.wikimedia.org/wiki/File:Dena_Coggins,_U.S._District_Court_Judge_2.jpg",Public domain,fjc_bulk,
Kevin Gafford Ritz,ca6,circuit,Joseph R. Biden,Democratic,2024-03-21,2024-09-16,2024-09-19,,,,,day,true,13761862,false,false,https://upload.wikimedia.org/wikipedia/commons/8/8a/Kevin_G._Ritz%2C_U.S._Attorney_2.jpg,"https://commons.wikimedia.org/wiki/File:Kevin_G._Ritz,_U.S._Attorney_2.jpg","Public domain — official DOJ portrait (U.S. Attorney, W.D. Tenn.), 17 U.S.C. §105",fjc_bulk,
Mary Kathleen Costello,paed,district,Joseph R. Biden,Democratic,2024-06-13,2024-09-17,2024-09-19,,,,,day,true,13761866,false,false,https://upload.wikimedia.org/wikipedia/commons/0/04/Mary_K._Costello.png,https://commons.wikimedia.org/wiki/File:Mary_K._Costello.png,CC0 1.0 — credit: U.S. Senate Judiciary Committee,fjc_bulk,
Shanlyn Alohakeao Souza Park,hid,district,Joseph R. Biden,Democratic,2023-09-27,2023-11-30,2024-10-15,,,,,day,true,13761376,false,false,https://upload.wikimedia.org/wikipedia/commons/thumb/8/8c/Shanlyn_Park.jpg/330px-Shanlyn_Park.jpg?utm_source=commons.wikimedia.org&utm_campaign=imageinfo&utm_content=thumbnail,https://commons.wikimedia.org/wiki/File:Shanlyn_Park.jpg,Public domain,fjc_bulk,
Byron Browning Conway,wied,district,Joseph R. Biden,Democratic,2024-07-08,2024-09-25,2024-11-04,,,,,day,true,13761869,false,false,,,,fjc_bulk,
Jeannette Anne Vargas,nysd,district,Joseph R. Biden,Democratic,2024-03-21,2024-09-10,2024-11-06,,,,,day,true,13761858,false,false,,,,fjc_bulk,
Michelle Williams Court,cacd,district,Joseph R. Biden,Democratic,2024-04-30,2024-09-18,2024-11-07,,,,,day,true,13761867,false,false,https://upload.wikimedia.org/wikipedia/commons/thumb/3/3d/Michelle_W._Court.png/330px-Michelle_W._Court.png?utm_source=commons.wikimedia.org&utm_campaign=imageinfo&utm_content=thumbnail,https://commons.wikimedia.org/wiki/File:Michelle_W._Court.png,CC0,fjc_bulk,
Jonathan Eugene Hawley,ilcd,district,Joseph R. Biden,Democratic,2024-07-08,2024-11-13,2024-11-15,,,,,day,true,13761886,false,false,https://upload.wikimedia.org/wikipedia/commons/thumb/9/9c/Jonathan_E._Hawley-7-31-24.jpg/330px-Jonathan_E._Hawley-7-31-24.jpg?utm_source=commons.wikimedia.org&utm_campaign=imageinfo&utm_content=thumbnail,https://commons.wikimedia.org/wiki/File:Jonathan_E._Hawley-7-31-24.jpg,Public domain,fjc_bulk,
April Michelle Perry,ilnd,district,Joseph R. Biden,Democratic,2024-07-11,2024-11-12,2024-11-20,,,,,day,true,13761884,false,false,https://upload.wikimedia.org/wikipedia/commons/a/aa/April_M._Perry-7-31-24.jpg,https://commons.wikimedia.org/wiki/File:April_M._Perry-7-31-24.jpg,Public domain — credit: U.S. Senate Committee on the Judiciary,fjc_bulk,
Amir Hatem Mahdy Ali,dcd,district,Joseph R. Biden,Democratic,2024-02-01,2024-11-20,2024-11-22,,,,,day,true,13761895,false,false,,,,fjc_bulk,
Mustafa Taher Kasubhai,ord,district,Joseph R. Biden,Democratic,2024-01-08,2024-11-19,2024-11-22,,,,,day,true,13761892,false,false,https://upload.wikimedia.org/wikipedia/commons/thumb/b/bf/Judge_Mustafa_T._Kasubhai.jpg/330px-Judge_Mustafa_T._Kasubhai.jpg?utm_source=commons.wikimedia.org&utm_campaign=imageinfo&utm_content=thumbnail,https://commons.wikimedia.org/wiki/File:Judge_Mustafa_T._Kasubhai.jpg,CC BY-SA 4.0 — credit: Wikilawcontributor,fjc_bulk,
Sarah French Russell,ctd,district,Joseph R. Biden,Democratic,2024-01-08,2024-11-19,2024-11-26,,,,,day,true,13761893,false,false,,,,fjc_bulk,
Anne Hwang,cacd,district,Joseph R. Biden,Democratic,2024-04-30,2024-12-02,2024-12-06,,,,,day,true,13761898,false,false,https://upload.wikimedia.org/wikipedia/commons/2/25/Judge_Anne_Hwang.png?utm_source=commons.wikimedia.org&utm_campaign=imageinfo&utm_content=thumbnail_unscaled,https://commons.wikimedia.org/wiki/File:Judge_Anne_Hwang.png,Public domain,fjc_bulk,
Brian Edward Murphy,mad,district,Joseph R. Biden,Democratic,2024-03-21,2024-12-02,2024-12-06,,,,,day,true,13761899,false,false,,,,fjc_bulk,
Catherine Henry,paed,district,Joseph R. Biden,Democratic,2024-06-04,2024-12-03,2024-12-06,,,,,day,true,13761901,false,false,https://upload.wikimedia.org/wikipedia/commons/3/31/Catherine-Henry-6-20-24.jpg,https://commons.wikimedia.org/wiki/File:Catherine-Henry-6-20-24.jpg,Public domain — credit: U.S. Senate Committee on the Judiciary,fjc_bulk,
Anthony Joseph Brindisi,nynd,district,Joseph R. Biden,Democratic,2024-07-31,2024-12-04,2024-12-09,,,,,day,true,13761903,false,false,"https://upload.wikimedia.org/wikipedia/commons/0/03/Anthony_Brindisi,_official_portrait,_116th_Congress_(3x4_cropped).jpg","https://commons.wikimedia.org/wiki/File:Anthony_Brindisi,_official_portrait,_116th_Congress_(3x4_cropped).jpg",Public domain (PD-USGov-Congress) — official 116th Congress portrait (prior role as U.S. Representative),fjc_bulk,
Elizabeth Cheryl Coombe,nynd,district,Joseph R. Biden,Democratic,2024-09-09,2024-12-04,2024-12-09,,,,,day,true,13761904,false,false,https://upload.wikimedia.org/wikipedia/commons/3/34/Elizabeth-C-Coombe-9-25-24.jpg,https://commons.wikimedia.org/wiki/File:Elizabeth-C-Coombe-9-25-24.jpg,Public domain (PD-USGov-Senate) — credit: U.S. Senate Judiciary Committee,fjc_bulk,
Rebecca Louise Pennell,waed,district,Joseph R. Biden,Democratic,2024-03-21,2024-11-20,2024-12-09,,,,,day,true,13761894,false,false,,,,fjc_bulk,
Cynthia Valenzuela Dixon,cacd,district,Joseph R. Biden,Democratic,2024-04-30,2024-12-10,2024-12-16,,,,,day,true,13761908,false,false,https://upload.wikimedia.org/wikipedia/commons/d/de/Judge_Cynthia_Dixon.png,https://commons.wikimedia.org/wiki/File:Judge_Cynthia_Dixon.png,Public domain — credit: U.S. Court of Appeals for the Ninth Circuit (2024 Annual Report),fjc_bulk,
Noël Wise,cand,district,Joseph R. Biden,Democratic,2024-06-13,2024-12-11,2024-12-19,,,,,day,true,13761909,false,false,,,,fjc_bulk,
Sanket Jayshukh Bulsara,nyed,district,Joseph R. Biden,Democratic,2024-02-08,2024-05-15,2024-12-20,,,,,day,true,13761656,false,false,https://upload.wikimedia.org/wikipedia/commons/thumb/3/34/Sanket_J._Bulsara.png/330px-Sanket_J._Bulsara.png?utm_source=commons.wikimedia.org&utm_campaign=imageinfo&utm_content=thumbnail,https://commons.wikimedia.org/wiki/File:Sanket_J._Bulsara.png,Public domain,fjc_bulk,
Embry Jerode Kidd,ca11,circuit,Joseph R. Biden,Democratic,2024-05-14,2024-11-18,2025-01-02,,,,,day,true,13761891,false,false,https://upload.wikimedia.org/wikipedia/commons/4/40/Embry_J_Kidd.png,https://commons.wikimedia.org/wiki/File:Embry_J_Kidd.png,Public domain — credit: U.S. Senate Judiciary Committee,fjc_bulk,
Sparkle Leah Sooknanan,dcd,district,Joseph R. Biden,Democratic,2024-02-27,2024-12-03,2025-01-02,,,,,day,true,13761900,false,false,,,,fjc_bulk,
Tiffany Rene Johnson,gand,district,Joseph R. Biden,Democratic,2024-07-31,2024-12-09,2025-01-02,,,,,day,true,13761906,false,false,https://upload.wikimedia.org/wikipedia/commons/9/9e/Tiffany-R-Johnson-9-25-24.jpg,https://commons.wikimedia.org/wiki/File:Tiffany-R-Johnson-9-25-24.jpg,Public domain (PD US Congress) — credit: U.S. Senate Judiciary Committee,fjc_bulk,
Gail Allison Weilheimer,paed,district,Joseph R. Biden,Democratic,2024-07-08,2024-12-03,2025-01-02,,,,,day,true,13761902,false,false,https://upload.wikimedia.org/wikipedia/commons/4/42/Gail_A._Weilheimer-7-31-24.jpg,https://commons.wikimedia.org/wiki/File:Gail_A._Weilheimer-7-31-24.jpg,Public domain — credit: U.S. Senate Committee on the Judiciary,fjc_bulk,
Melissa Raye DuBose,rid,district,Joseph R. Biden,Democratic,2024-02-01,2024-03-12,2025-01-02,,,,,day,true,13761556,false,false,https://upload.wikimedia.org/wikipedia/commons/thumb/c/c5/Melissa-R-DuBose-02-08-24.jpg/330px-Melissa-R-DuBose-02-08-24.jpg?utm_source=commons.wikimedia.org&utm_campaign=imageinfo&utm_content=thumbnail,https://commons.wikimedia.org/wiki/File:Melissa-R-DuBose-02-08-24.jpg,Public domain,fjc_bulk,
Sharad Harshad Desai,azd,district,Joseph R. Biden,Democratic,2024-09-09,2024-11-21,2025-01-07,,,,,day,true,13761896,false,false,,,,fjc_bulk,
Serena Raquel Murillo,cacd,district,Joseph R. Biden,Democratic,2024-11-18,2024-12-20,2025-01-09,,,,,day,true,13761912,false,false,https://upload.wikimedia.org/wikipedia/commons/4/47/Serena_Murillo.png,https://commons.wikimedia.org/wiki/File:Serena_Murillo.png,Public domain — credit: U.S. Court of Appeals for the Ninth Circuit (2025 Annual Report),fjc_bulk,
Benjamin Jerome Cheeks,casd,district,Joseph R. Biden,Democratic,2024-11-18,2024-12-20,2025-01-09,,,,,day,true,13761911,false,false,https://upload.wikimedia.org/wikipedia/commons/f/f3/Judge_Benjamin_Cheeks.png?utm_source=commons.wikimedia.org&utm_campaign=imageinfo&utm_content=thumbnail_unscaled,https://commons.wikimedia.org/wiki/File:Judge_Benjamin_Cheeks.png,Public domain,fjc_bulk,
Sarah Morgan Davenport,nmd,district,Joseph R. Biden,Democratic,2024-09-09,2024-12-05,2025-01-13,,,,,day,true,13761905,false,false,,,,fjc_bulk,
Keli Marie Neary,pamd,district,Joseph R. Biden,Democratic,2024-07-31,2024-12-10,2025-01-17,,,,,day,true,13761907,false,false,,,,fjc_bulk,
Whitney Downs Hermandorfer,ca6,circuit,Donald J. Trump,Republican,2025-05-12,2025-07-14,2025-07-17,,,,,day,true,13762030,false,false,https://upload.wikimedia.org/wikipedia/commons/d/dc/Whitney_Hermandorfer.png,https://commons.wikimedia.org/wiki/File:Whitney_Hermandorfer.png,Public domain — credit: U.S. Senate Judiciary Committee,fjc_bulk,
Cristian Matthew Stevens,moed,district,Donald J. Trump,Republican,2025-05-12,2025-07-22,2025-07-23,,,,,day,true,13762034,true,false,https://upload.wikimedia.org/wikipedia/commons/thumb/e/e2/Cristian_M._Stevens.png/330px-Cristian_M._Stevens.png?utm_source=commons.wikimedia.org&utm_campaign=imageinfo&utm_content=thumbnail,https://commons.wikimedia.org/wiki/File:Cristian_M._Stevens.png,Public domain,fjc_bulk,
Joshua Michael Divine,moed,district,Donald J. Trump,Republican,2025-05-12,2025-07-22,2025-07-24,,,,,day,true,13762033,true,false,https://upload.wikimedia.org/wikipedia/commons/thumb/f/f2/Joshua_M._Divine.png/330px-Joshua_M._Divine.png?utm_source=commons.wikimedia.org&utm_campaign=imageinfo&utm_content=thumbnail,https://commons.wikimedia.org/wiki/File:Joshua_M._Divine.png,Public domain,fjc_bulk,
Zachary Maxwell Bluestone,moed,district,Donald J. Trump,Republican,2025-05-12,2025-07-23,2025-07-24,,,,,day,true,13762035,false,false,,,,fjc_bulk,
Joshua Michael Divine,mowd,district,Donald J. Trump,Republican,2025-05-12,2025-07-22,2025-07-24,,,,,day,true,13762033,true,false,https://upload.wikimedia.org/wikipedia/commons/thumb/f/f2/Joshua_M._Divine.png/330px-Joshua_M._Divine.png?utm_source=commons.wikimedia.org&utm_campaign=imageinfo&utm_content=thumbnail,https://commons.wikimedia.org/wiki/File:Joshua_M._Divine.png,Public domain,fjc_bulk,
Emil Joseph Bove III,ca3,circuit,Donald J. Trump,Republican,2025-06-16,2025-07-29,2025-08-20,,,,,day,true,13762036,false,false,https://upload.wikimedia.org/wikipedia/commons/8/8b/Emil_Bove%2C_official_portrait_%282026%29.jpg,"https://commons.wikimedia.org/wiki/File:Emil_Bove,_official_portrait_(2026).jpg",Public domain (PD-USGov-Judiciary) — credit: U.S. Court of Appeals for the Third Circuit,fjc_bulk,
Edward L. Artau,flsd,district,Donald J. Trump,Republican,2025-06-16,2025-09-08,2025-09-09,,,,,day,true,13762047,false,false,https://upload.wikimedia.org/wikipedia/commons/d/df/Edward_L._Artau.png,https://commons.wikimedia.org/wiki/File:Edward_L._Artau.png,Public domain — credit: U.S. Senate Judiciary Committee,fjc_bulk,
Kyle Christopher Dudek,flmd,district,Donald J. Trump,Republican,2025-06-16,2025-09-09,2025-09-11,,,,,day,true,13762049,false,false,https://upload.wikimedia.org/wikipedia/commons/thumb/e/e5/Kyle_C._Dudek.png/330px-Kyle_C._Dudek.png?utm_source=commons.wikimedia.org&utm_campaign=imageinfo&utm_content=thumbnail,https://commons.wikimedia.org/wiki/File:Kyle_C._Dudek.png,Public domain,fjc_bulk,
Maria Ann Lanahan,moed,district,Donald J. Trump,Republican,2025-05-12,2025-09-09,2025-09-24,,,,,day,true,13762048,false,false,,,,fjc_bulk,
Jennifer Lee Mascott,ca3,circuit,Donald J. Trump,Republican,2025-09-02,2025-10-09,2025-10-10,,,,,day,true,13762064,false,false,https://upload.wikimedia.org/wikipedia/commons/e/e6/Jennifer_Mascott.png,https://commons.wikimedia.org/wiki/File:Jennifer_Mascott.png,Public domain (PD-USGov) — credit: U.S. Senate Judiciary Committee,fjc_bulk,
Harold Dean Mooty III,alnd,district,Donald J. Trump,Republican,2025-09-02,2025-10-21,2025-10-21,,,,,day,true,13762066,false,false,https://upload.wikimedia.org/wikipedia/commons/3/3a/Harold_D._Mooty.png,https://commons.wikimedia.org/wiki/File:Harold_D._Mooty.png,Public domain (PD-USGov) — credit: U.S. Senate Committee on the Judiciary,fjc_bulk,
Anne-Leigh Gaylord Moe,flmd,district,Donald J. Trump,Republican,2025-06-16,2025-10-21,2025-10-24,,,,,day,true,13762067,false,false,https://upload.wikimedia.org/wikipedia/commons/thumb/8/87/Anne-Leigh_Moe.png/330px-Anne-Leigh_Moe.png?utm_source=commons.wikimedia.org&utm_campaign=imageinfo&utm_content=thumbnail,https://commons.wikimedia.org/wiki/File:Anne-Leigh_Moe.png,Public domain,fjc_bulk,
Edmund Gerard LaCour Jr.,alnd,district,Donald J. Trump,Republican,2025-09-02,2025-10-29,2025-11-03,,,,,day,true,13762073,false,false,https://upload.wikimedia.org/wikipedia/commons/0/0b/Edmund_LaCour_Jr_(cropped).jpg,https://commons.wikimedia.org/wiki/File:Edmund_LaCour_Jr_(cropped).jpg,"Public domain — credit: U.S. Senate Judiciary Committee (2021 hearing, prior role as Alabama Solicitor General)",fjc_bulk,
Rebecca Liane Taibleson,ca7,circuit,Donald J. Trump,Republican,2025-09-15,2025-10-27,2025-11-03,,,,,day,true,13762070,false,false,https://upload.wikimedia.org/wikipedia/commons/2/2f/Rebecca_Taibleson.png,https://commons.wikimedia.org/wiki/File:Rebecca_Taibleson.png,Public domain — credit: U.S. Senate Judiciary Committee,fjc_bulk,
Jordan Emery Pratt,flmd,district,Donald J. Trump,Republican,2025-06-16,2025-10-28,2025-11-03,,,,,day,true,13762072,false,false,https://upload.wikimedia.org/wikipedia/commons/thumb/f/fd/Jordan_Pratt.png/330px-Jordan_Pratt.png?utm_source=commons.wikimedia.org&utm_campaign=imageinfo&utm_content=thumbnail,https://commons.wikimedia.org/wiki/File:Jordan_Pratt.png,Public domain,fjc_bulk,
Stephen Chad Meredith,kyed,district,Donald J. Trump,Republican,2025-06-23,2025-10-23,2025-11-03,,,,,day,true,13762069,false,false,,,,fjc_bulk,
Billy Wayne Lewis Jr.,almd,district,Donald J. Trump,Republican,2025-09-02,2025-10-27,2025-11-06,,,,,day,true,13762071,false,false,,,,fjc_bulk,
William Walter Mercer,mtd,district,Donald J. Trump,Republican,2025-07-15,2025-10-22,2025-11-06,,,,,day,true,13762068,false,false,,,,fjc_bulk,
Joshua Dale Dunlap,ca1,circuit,Donald J. Trump,Republican,2025-07-15,2025-11-04,2025-11-07,,,,,day,true,13762074,false,false,https://upload.wikimedia.org/wikipedia/commons/d/d5/Joshua_Dunlap.png,https://commons.wikimedia.org/wiki/File:Joshua_Dunlap.png,Public domain — credit: U.S. Senate Judiciary Committee,fjc_bulk,
Eric Chunyee Tung,ca9,circuit,Donald J. Trump,Republican,2025-07-15,2025-11-05,2025-11-07,,,,,day,true,13762075,false,false,https://upload.wikimedia.org/wikipedia/commons/7/75/Eric_Tung.png,https://commons.wikimedia.org/wiki/File:Eric_Tung.png,Public domain (PD-USGov) — credit: U.S. Senate Judiciary Committee,fjc_bulk,
Susan Courtwright Rodriguez,ncwd,district,Donald J. Trump,Republican,2025-09-15,2025-12-04,2025-12-06,,,,,day,true,13762092,false,false,,,,fjc_bulk,
David Alan Bragdon,ncmd,district,Donald J. Trump,Republican,2025-09-15,2025-12-02,2025-12-12,,,,,day,true,13762085,false,false,,,,fjc_bulk,
Matthew Emile Orso,ncwd,district,Donald J. Trump,Republican,2025-09-15,2025-12-03,2025-12-12,,,,,day,true,13762088,false,false,,,,fjc_bulk,
Robert Porter Chamberlin,msnd,district,Donald J. Trump,Republican,2025-09-02,2025-12-09,2025-12-16,,,,,day,true,13762093,false,false,,,,fjc_bulk,
James Donald Maxwell II,msnd,district,Donald J. Trump,Republican,2025-09-02,2025-12-09,2025-12-18,,,,,day,true,13762095,false,false,,,,fjc_bulk,
William Jerrol Crain,laed,district,Donald J. Trump,Republican,2025-10-21,2025-12-09,2025-12-19,,,,,day,true,13762094,false,false,,,,fjc_bulk,
Lindsey Ann Freeman,ncmd,district,Donald J. Trump,Republican,2025-09-15,2025-12-02,2025-12-19,,,,,day,true,13762086,false,false,,,,fjc_bulk,
Alexander Coker Van Hook,lawd,district,Donald J. Trump,Republican,2025-10-21,2026-01-08,2026-01-12,,,,,day,true,13762097,false,false,https://upload.wikimedia.org/wikipedia/commons/f/f1/First_Assistant_United_States_Attorney_for_the_Western_District_of_Louisiana_Alexander_Coker_Van_Hook.jpg,https://commons.wikimedia.org/wiki/File:First_Assistant_United_States_Attorney_for_the_Western_District_of_Louisiana_Alexander_Coker_Van_Hook.jpg,"Public domain (PD-USGov-DOJ) — official portrait, U.S. Department of Justice (as First Assistant U.S. Attorney, a prior role)",fjc_bulk,
David Clay Wilkerson Fowlkes,arw,district,Donald J. Trump,Republican,2026-01-05,2026-02-03,2026-02-06,,,,,day,true,13762104,false,false,,,,fjc_bulk,
Aaron Christian Peterson,akd,district,Donald J. Trump,Republican,2026-01-05,2026-02-04,2026-02-10,,,,,day,true,13762106,false,false,,,,fjc_bulk,
Megan Blair Benton,mowd,district,Donald J. Trump,Republican,2026-01-05,2026-02-04,2026-02-10,,,,,day,true,13762107,false,false,https://upload.wikimedia.org/wikipedia/commons/thumb/9/9c/Megan_Benton.png/330px-Megan_Benton.png?utm_source=commons.wikimedia.org&utm_campaign=imageinfo&utm_content=thumbnail,https://commons.wikimedia.org/wiki/File:Megan_Benton.png,Public domain,fjc_bulk,
Justin Ross Olson,insd,district,Donald J. Trump,Republican,2026-01-05,2026-02-05,2026-02-18,,,,,day,true,13762109,false,false,,,,fjc_bulk,
Brian Charles Lea,tnwd,district,Donald J. Trump,Republican,2026-01-05,2026-02-05,2026-03-02,,,,,day,true,13762108,false,false,,,,fjc_bulk,
Nicholas Jon Ganjei,txsd,district,Donald J. Trump,Republican,2026-01-05,2026-02-03,2026-03-10,,,,,day,true,13762105,false,false,https://upload.wikimedia.org/wikipedia/commons/2/21/Photo_of_Nicholas_Ganjei_at_press_conference_-_July_2025_-_1.jpg,https://commons.wikimedia.org/wiki/File:Photo_of_Nicholas_Ganjei_at_press_conference_-_July_2025_-_1.jpg,"CC0 1.0 — self-uploaded (uploader JDL6770, claimed as own work)",fjc_bulk,
Anna Elizabeth Wagner St. John,laed,district,Donald J. Trump,Republican,2026-01-29,2026-03-17,2026-04-13,,,,,day,true,13762116,false,false,,,,fjc_bulk,
John Thomas Shepherd,arw,district,Donald J. Trump,Republican,2026-01-29,2026-04-14,2026-04-23,,,,,day,true,13762120,false,false,,,,fjc_bulk,
Christopher Robert Wolfe,txwd,district,Donald J. Trump,Republican,2026-01-29,2026-04-14,2026-04-23,,,,,day,true,13762121,false,false,https://upload.wikimedia.org/wikipedia/commons/thumb/9/9e/Christopher_R._Wolfe.png/330px-Christopher_R._Wolfe.png?utm_source=commons.wikimedia.org&utm_campaign=imageinfo&utm_content=thumbnail,https://commons.wikimedia.org/wiki/File:Christopher_R._Wolfe.png,Public domain,fjc_bulk,
Andrew Bray Davis,txwd,district,Donald J. Trump,Republican,2026-01-29,2026-04-20,2026-04-30,,,,,day,true,13762122,false,false,,,,fjc_bulk,
Evan Rikhye,vid,district,Donald Trump,Republican,2026-03-02,2026-05-20,2026-05-20,,,,,day,true,,false,false,,,,territorial_manual,Current judges only; no systematic historical source for this court.
Justin Daniel Smith,ca8,circuit,Donald J. Trump,Republican,2026-03-02,2026-06-15,2026-06-18,,,,,day,true,13762133,false,false,https://upload.wikimedia.org/wikipedia/commons/1/1f/Justin_D._Smith.png,https://commons.wikimedia.org/wiki/File:Justin_D._Smith.png,Public domain (PD-USGov) — credit: U.S. Senate Judiciary Committee,fjc_bulk,
Anthony John Powell,ksd,district,Donald J. Trump,Republican,2026-03-02,2026-06-10,2026-06-18,,,,,day,true,13762132,false,false,,,,fjc_bulk,
Anthony Wayne Mattivi,ksd,district,Donald J. Trump,Republican,2026-03-02,2026-06-09,2026-06-18,,,,,day,true,13762131,false,false,,,,fjc_bulk,
Jeffrey Marion Kuhlman,ksd,district,Donald J. Trump,Republican,2026-03-02,2026-06-02,2026-06-18,,,,,day,true,13762129,false,false,,,,fjc_bulk,
Kathleen Smithgall Lane,mtd,district,Donald J. Trump,Republican,2026-03-02,2026-06-02,2026-06-18,,,,,day,true,13762128,false,false,,,,fjc_bulk,
Sheria Akins Clarke,scd,district,Donald J. Trump,Republican,2026-03-02,2026-05-19,2026-06-18,,,,,day,true,13762124,false,false,,,,fjc_bulk,
