cl_person_id,full_name,display_name,court_id,seat_id,status,is_chief,appointing_president,president_party,nomination_date,confirmation_date,commission_date,senior_date,term_expiration_date,jd_school,jd_year,aba_rating,cl_profile_url,photo_url,photo_source,photo_license,fedsoc_reported,fedsoc_basis,fedsoc_source,acs_reported,acs_basis,acs_source,data_verified,notes
1489,H[ezekiah] Russel Holland,Holland,akd,AKD0103,senior,false,Ronald Reagan,Republican,1984-03-06,1984-03-26,1984-07-16,2001-09-18,,University of Michigan Law School,1961,Qualified,https://www.courtlistener.com/person/1489/hezekiah-russel-holland/,https://upload.wikimedia.org/wikipedia/commons/thumb/f/f2/H._Russel_Holland.jpg/330px-H._Russel_Holland.jpg?utm_source=commons.wikimedia.org&utm_campaign=imageinfo&utm_content=thumbnail,https://commons.wikimedia.org/wiki/File:H._Russel_Holland.jpg,Public domain,false,,,false,,,false,Phase-2 sweep; FJC + CourtListener.
2979,James Keith Singleton Jr.,Singleton,akd,AKD0203,senior,false,George H.W. Bush,Republican,1990-01-24,1990-05-11,1990-05-14,2005-01-27,,"University of California, Berkeley, School of Law",1964,Well Qualified,https://www.courtlistener.com/person/2979/james-keith-singleton-jr/,https://upload.wikimedia.org/wikipedia/commons/thumb/f/fd/James_Keith_Singleton.jpg/330px-James_Keith_Singleton.jpg?utm_source=commons.wikimedia.org&utm_campaign=imageinfo&utm_content=thumbnail,https://commons.wikimedia.org/wiki/File:James_Keith_Singleton.jpg,Public domain,false,,,false,,,false,Phase-2 sweep; FJC + CourtListener.
2898,John W. Sedwick,Sedwick,akd,AKD0302,senior,false,George H.W. Bush,Republican,1992-07-02,1992-10-08,1992-10-09,2011-03-13,,Harvard Law School,1972,Well Qualified,https://www.courtlistener.com/person/2898/john-w-sedwick/,https://upload.wikimedia.org/wikipedia/commons/thumb/b/b8/John_Sedwick.jpg/330px-John_Sedwick.jpg?utm_source=commons.wikimedia.org&utm_campaign=imageinfo&utm_content=thumbnail,https://commons.wikimedia.org/wiki/File:John_Sedwick.jpg,Public domain,false,,,false,,,false,Phase-2 sweep; FJC + CourtListener.
236,Ralph R. Beistline,Beistline,akd,AKD0104,senior,false,George W. Bush,Republican,2001-11-08,2002-03-12,2002-03-19,2015-12-31,,University of Puget Sound School of Law (now Seattle University School of Law),1974,Qualified,https://www.courtlistener.com/person/236/ralph-r-beistline/,https://upload.wikimedia.org/wikipedia/commons/b/bf/Ralph_R._Beistline.jpg?utm_source=commons.wikimedia.org&utm_campaign=imageinfo&utm_content=thumbnail_unscaled,https://commons.wikimedia.org/wiki/File:Ralph_R._Beistline.jpg,Public domain,false,,,false,,,false,Phase-2 sweep; FJC + CourtListener.
466,Timothy Mark Burgess,Burgess,akd,AKD0204,senior,false,George W. Bush,Republican,2005-07-28,2005-12-21,2006-01-23,2021-12-31,,Northeastern University School of Law,1987,Qualified,https://www.courtlistener.com/person/466/timothy-mark-burgess/,https://upload.wikimedia.org/wikipedia/commons/thumb/a/af/Timothy_Burgess.jpg/330px-Timothy_Burgess.jpg?utm_source=commons.wikimedia.org&utm_campaign=imageinfo&utm_content=thumbnail,https://commons.wikimedia.org/wiki/File:Timothy_Burgess.jpg,Public domain,false,,,false,,,false,Phase-2 sweep; FJC + CourtListener.
1215,Sharon Louise Gleason,Gleason,akd,AKD0303,active,true,Barack Obama,Democratic,2011-04-06,2011-11-15,2012-01-04,,,"University of California, Davis, School of Law",1983,Well Qualified,https://www.courtlistener.com/person/1215/sharon-louise-gleason/,https://upload.wikimedia.org/wikipedia/commons/0/08/Judge_Sharon_L._Gleason.jpg?utm_source=commons.wikimedia.org&utm_campaign=imageinfo&utm_content=thumbnail_unscaled,https://commons.wikimedia.org/wiki/File:Judge_Sharon_L._Gleason.jpg,Public domain,false,,,false,,,false,Phase-2 sweep; FJC + CourtListener.
,Aaron Christian Peterson,Peterson,akd,AKD0205,active,false,Donald J. Trump,Republican,2026-01-05,2026-02-04,2026-02-10,,,Gonzaga University School of Law,2010,,,https://upload.wikimedia.org/wikipedia/commons/5/5d/Aaron_C._Peterson.png,https://commons.wikimedia.org/wiki/File:Aaron_C._Peterson.png,Public domain (PD-USGov) — credit: U.S. Senate Judiciary Committee,false,,,false,,,false,Phase-2 sweep; FJC + CourtListener.
3215,Myron Herbert Thompson,Thompson,almd,ALMD0111,senior,false,Jimmy Carter,Democratic,1980-09-17,1980-09-26,1980-09-29,2013-08-22,,Yale Law School,1972,Qualified,https://www.courtlistener.com/person/3215/myron-herbert-thompson/,https://upload.wikimedia.org/wikipedia/commons/b/b0/Myron_H._Thompson_official.jpg?utm_source=commons.wikimedia.org&utm_campaign=imageinfo&utm_content=thumbnail_unscaled,https://commons.wikimedia.org/wiki/File:Myron_H._Thompson_official.jpg,Public domain,false,,,false,,,false,Phase-2 sweep; FJC + CourtListener.
71,William Harold Albritton III,Albritton,almd,ALMD0303,senior,false,George H.W. Bush,Republican,1991-03-11,1991-05-09,1991-05-14,2004-05-17,,University of Alabama School of Law,1960,Well Qualified,https://www.courtlistener.com/person/71/william-harold-albritton-iii/,https://upload.wikimedia.org/wikipedia/commons/thumb/0/02/W._Harold_Albritton_III_official.jpg/330px-W._Harold_Albritton_III_official.jpg?utm_source=commons.wikimedia.org&utm_campaign=imageinfo&utm_content=thumbnail,https://commons.wikimedia.org/wiki/File:W._Harold_Albritton_III_official.jpg,Public domain,false,,,false,,,false,Phase-2 sweep; FJC + CourtListener.
3389,William Keith Watkins,Watkins,almd,ALMD0304,senior,false,George W. Bush,Republican,2005-09-28,2005-12-21,2005-12-27,2019-01-31,,University of Alabama School of Law,1976,Qualified,https://www.courtlistener.com/person/3389/william-keith-watkins/,https://upload.wikimedia.org/wikipedia/commons/1/18/William_Keith_Watkins_official.jpg?utm_source=commons.wikimedia.org&utm_campaign=imageinfo&utm_content=thumbnail_unscaled,https://commons.wikimedia.org/wiki/File:William_Keith_Watkins_official.jpg,Public domain,false,,,false,,,false,Phase-2 sweep; FJC + CourtListener.
8597,Emily Coody Marks,Marks,almd,ALMD0112,active,false,Donald J. Trump,Republican,2018-01-08,2018-08-01,2018-08-03,,,University of Alabama School of Law,1998,Qualified,https://www.courtlistener.com/person/8597/emily-coody-marks/,https://upload.wikimedia.org/wikipedia/commons/thumb/1/17/EmilyCoodyMarksOfficial.jpg/330px-EmilyCoodyMarksOfficial.jpg?utm_source=commons.wikimedia.org&utm_campaign=imageinfo&utm_content=thumbnail,https://commons.wikimedia.org/wiki/File:EmilyCoodyMarksOfficial.jpg,Public domain,true,member,https://en.wikipedia.org/w/index.php?title=Emily_C._Marks&oldid=1363346218,false,,,false,Phase-2 sweep; FJC + CourtListener.
,R. Austin Huffaker Jr.,Huffaker,almd,ALMD0305,active,true,Donald J. Trump,Republican,2019-07-08,2019-12-04,2019-12-12,,,University of Alabama School of Law,1999,Well Qualified,,https://upload.wikimedia.org/wikipedia/commons/thumb/0/0c/R._Austin_Huffaker_official.jpg/330px-R._Austin_Huffaker_official.jpg?utm_source=commons.wikimedia.org&utm_campaign=imageinfo&utm_content=thumbnail,https://commons.wikimedia.org/wiki/File:R._Austin_Huffaker_official.jpg,Public domain,false,,,false,,,false,Phase-2 sweep; FJC + CourtListener.
,Billy Wayne Lewis Jr.,Lewis,almd,ALMD0405,active,false,Donald J. Trump,Republican,2025-09-02,2025-10-27,2025-11-06,,,Cumberland School of Law,2003,Well Qualified,,https://upload.wikimedia.org/wikipedia/commons/f/ff/Bill_W._Lewis.png,https://commons.wikimedia.org/wiki/File:Bill_W._Lewis.png,Public domain (PD-USGov) — credit: U.S. Senate Judiciary Committee,false,,,false,,,false,Phase-2 sweep; FJC + CourtListener.
295,Sharon Lovelace Blackburn,Blackburn,alnd,ALND1001,senior,false,George H.W. Bush,Republican,1991-04-11,1991-05-24,1991-05-30,2015-05-08,,"Samford University, Cumberland School of Law",1977,Qualified,https://www.courtlistener.com/person/295/sharon-lovelace-blackburn/,https://upload.wikimedia.org/wikipedia/commons/a/ab/Sharon_Lovelace_Blackburn.jpg?utm_source=commons.wikimedia.org&utm_campaign=imageinfo&utm_content=thumbnail_unscaled,https://commons.wikimedia.org/wiki/File:Sharon_Lovelace_Blackburn.jpg,Public domain,false,,,false,,,false,Phase-2 sweep; FJC + CourtListener.
3002,Charles Lynwood Smith Jr.,Smith,alnd,ALND0702,senior,false,William J. Clinton,Democratic,1995-12-08,1995-12-22,1995-12-26,2013-08-31,,University of Alabama School of Law,1971,Well Qualified,https://www.courtlistener.com/person/3002/charles-lynwood-smith-jr/,,,,false,,,false,,,false,Phase-2 sweep; FJC + CourtListener.
1637,Inge Prytz Johnson,Johnson,alnd,ALND0304,senior,false,William J. Clinton,Democratic,1998-08-31,1998-10-08,1998-10-09,2012-10-24,,University of Alabama School of Law,1973,Qualified,https://www.courtlistener.com/person/1637/inge-prytz-johnson/,,,,false,,,false,,,false,Phase-2 sweep; FJC + CourtListener.
341,Karon O. Bowdre,Bowdre,alnd,ALND0602,senior,false,George W. Bush,Republican,2001-09-04,2001-11-06,2001-11-08,2020-04-25,,"Samford University, Cumberland School of Law",1981,Qualified,https://www.courtlistener.com/person/341/karon-o-bowdre/,,,,false,,,false,,,false,Phase-2 sweep; FJC + CourtListener.
2632,R. David Proctor,Proctor,alnd,ALND1101,senior,false,George W. Bush,Republican,2003-05-01,2003-09-17,2003-09-22,2026-01-01,,University of Tennessee College of Law,1986,Qualified,https://www.courtlistener.com/person/2632/r-david-proctor/,,,,false,,,false,,,false,Phase-2 sweep; FJC + CourtListener.
1515,Virginia Emerson Hopkins,Hopkins,alnd,ALND0504,senior,false,George W. Bush,Republican,2003-10-14,2004-06-15,2004-06-17,2018-06-22,,University of Virginia School of Law,1977,Qualified,https://www.courtlistener.com/person/1515/virginia-emerson-hopkins/,,,,false,,,false,,,false,Phase-2 sweep; FJC + CourtListener.
1323,Madeline Hughes Haikala,Haikala,alnd,ALND0305,active,true,Barack Obama,Democratic,2013-05-09,2013-10-14,2013-10-16,,,Tulane University Law School,1989,Well Qualified,https://www.courtlistener.com/person/1323/madeline-hughes-haikala/,https://upload.wikimedia.org/wikipedia/commons/thumb/4/4e/Madeline_Haikala_%28cropped%29.jpg/330px-Madeline_Haikala_%28cropped%29.jpg?utm_source=commons.wikimedia.org&utm_campaign=imageinfo&utm_content=thumbnail,https://commons.wikimedia.org/wiki/File:Madeline_Haikala_(cropped).jpg,Public domain,false,,,false,,,false,Phase-2 sweep; FJC + CourtListener.
8537,Annemarie Carney Axon,Axon,alnd,ALND1002,active,false,Donald J. Trump,Republican,2018-01-08,2018-06-06,2018-06-12,,,University of Alabama School of Law,1999,Qualified,https://www.courtlistener.com/person/8537/annemarie-carney-axon/,https://upload.wikimedia.org/wikipedia/commons/thumb/6/64/Annemarie_Carney_Axon.png/330px-Annemarie_Carney_Axon.png?utm_source=commons.wikimedia.org&utm_campaign=imageinfo&utm_content=thumbnail,https://commons.wikimedia.org/wiki/File:Annemarie_Carney_Axon.png,Public domain,false,,,false,,,false,Phase-2 sweep; FJC + CourtListener.
8557,Liles Clifton Burke,Burke,alnd,ALND0703,active,false,Donald J. Trump,Republican,2018-01-08,2018-10-11,2018-10-17,,,University of Alabama School of Law,1994,Qualified,https://www.courtlistener.com/person/8557/liles-clifton-burke/,https://upload.wikimedia.org/wikipedia/commons/7/72/Judge-Liles-C-Burke.jpg?utm_source=commons.wikimedia.org&utm_campaign=imageinfo&utm_content=thumbnail_unscaled,https://commons.wikimedia.org/wiki/File:Judge-Liles-C-Burke.jpg,CC BY-SA 4.0 — credit: Alndsystems,false,,,false,,,false,Phase-2 sweep; FJC + CourtListener.
8600,Corey Landon Maze,Maze,alnd,ALND0505,active,false,Donald J. Trump,Republican,2019-01-23,2019-06-12,2019-06-18,,,Georgetown University Law Center,2003,Well Qualified,https://www.courtlistener.com/person/8600/corey-landon-maze/,https://upload.wikimedia.org/wikipedia/commons/thumb/f/f5/Corey_Maze_%28Judge%29_%28cropped%29.jpg/330px-Corey_Maze_%28Judge%29_%28cropped%29.jpg?utm_source=commons.wikimedia.org&utm_campaign=imageinfo&utm_content=thumbnail,https://commons.wikimedia.org/wiki/File:Corey_Maze_(Judge)_(cropped).jpg,Public domain,true,member,https://en.wikipedia.org/w/index.php?title=Corey_L._Maze&oldid=1341342185,false,,,false,Phase-2 sweep; FJC + CourtListener.
15384,Anna Marie Manasco,Manasco,alnd,ALND0603,active,false,Donald J. Trump,Republican,2020-02-04,2020-05-20,2020-05-27,,,Yale Law School,2008,Qualified,https://www.courtlistener.com/person/15384/anna-marie-manasco/,https://upload.wikimedia.org/wikipedia/commons/thumb/3/34/Anna_Manasco_%28cropped%29.jpg/330px-Anna_Manasco_%28cropped%29.jpg?utm_source=commons.wikimedia.org&utm_campaign=imageinfo&utm_content=thumbnail,https://commons.wikimedia.org/wiki/File:Anna_Manasco_(cropped).jpg,Public domain,false,,,false,,,false,Phase-2 sweep; FJC + CourtListener.
,Harold Dean Mooty III,Mooty,alnd,ALND0903,active,false,Donald J. Trump,Republican,2025-09-02,2025-10-21,2025-10-21,,,University of Alabama School of Law,2008,Well Qualified,,https://upload.wikimedia.org/wikipedia/commons/3/3a/Harold_D._Mooty.png,https://commons.wikimedia.org/wiki/File:Harold_D._Mooty.png,Public domain (PD-USGov) — credit: U.S. Senate Committee on the Judiciary,false,,,false,,,false,Phase-2 sweep; FJC + CourtListener.
,Edmund Gerard LaCour Jr.,LaCour,alnd,ALND0804,active,false,Donald J. Trump,Republican,2025-09-02,2025-10-29,2025-11-03,,,Yale Law School,2011,Well Qualified,,https://upload.wikimedia.org/wikipedia/commons/0/0b/Edmund_LaCour_Jr_(cropped).jpg,https://commons.wikimedia.org/wiki/File:Edmund_LaCour_Jr_(cropped).jpg,"Public domain — credit: U.S. Senate Judiciary Committee (2021 hearing, prior role as Alabama Solicitor General)",false,,,false,,,false,Phase-2 sweep; FJC + CourtListener.
483,Charles Randolph Butler Jr.,Butler,alsd,ALSD0303,senior,false,Ronald Reagan,Republican,1988-04-28,1988-10-14,1988-10-17,2005-03-28,,University of Alabama School of Law,1966,Well Qualified,https://www.courtlistener.com/person/483/charles-randolph-butler-jr/,https://upload.wikimedia.org/wikipedia/commons/thumb/d/d7/Charles_R_Butler_Jr.jpg/330px-Charles_R_Butler_Jr.jpg?utm_source=commons.wikimedia.org&utm_campaign=imageinfo&utm_content=thumbnail,https://commons.wikimedia.org/wiki/File:Charles_R_Butler_Jr.jpg,Public domain,false,,,false,,,false,Phase-2 sweep; FJC + CourtListener.
1262,Callie V. Granade,Granade,alsd,ALSD0402,senior,false,George W. Bush,Republican,2001-09-04,2002-02-04,2002-02-12,2016-03-07,,University of Texas School of Law,1975,Well Qualified,https://www.courtlistener.com/person/1262/callie-v-granade/,,,,false,,,false,,,false,Phase-2 sweep; FJC + CourtListener.
3093,William H. Steele,Steele,alsd,ALSD0207,senior,false,George W. Bush,Republican,2003-01-07,2003-03-13,2003-03-14,2017-06-08,,University of Alabama School of Law,1980,Qualified,https://www.courtlistener.com/person/3093/william-h-steele/,,,,false,,,false,,,false,Phase-2 sweep; FJC + CourtListener.
926,Kristi DuBose,DuBose,alsd,ALSD0304,active,false,George W. Bush,Republican,2005-09-28,2005-12-21,2005-12-27,,,Emory University School of Law,1989,Well Qualified,https://www.courtlistener.com/person/926/kristi-dubose/,https://upload.wikimedia.org/wikipedia/commons/thumb/3/36/Kristi_DuBose_%28Judge%29.jpg/330px-Kristi_DuBose_%28Judge%29.jpg?utm_source=commons.wikimedia.org&utm_campaign=imageinfo&utm_content=thumbnail,https://commons.wikimedia.org/wiki/File:Kristi_DuBose_(Judge).jpg,Public domain,false,,,false,,,false,Phase-2 sweep; FJC + CourtListener.
8545,Jeffrey Uhlman Beaverstock,Beaverstock,alsd,ALSD0403,active,true,Donald J. Trump,Republican,2018-01-08,2018-08-01,2018-08-03,,,University of Alabama School of Law,1998,Qualified,https://www.courtlistener.com/person/8545/jeffrey-uhlman-beaverstock/,https://upload.wikimedia.org/wikipedia/commons/thumb/6/6d/Jeffrey_Uhlman_Beaverstock.png/330px-Jeffrey_Uhlman_Beaverstock.png?utm_source=commons.wikimedia.org&utm_campaign=imageinfo&utm_content=thumbnail,https://commons.wikimedia.org/wiki/File:Jeffrey_Uhlman_Beaverstock.png,Public domain,false,,,false,,,false,Phase-2 sweep; FJC + CourtListener.
8604,Terry Fitzgerald Moorer,Moorer,alsd,ALSD0208,active,false,Donald J. Trump,Republican,2018-01-08,2018-08-28,2018-09-04,,,University of Alabama School of Law,1986,Qualified,https://www.courtlistener.com/person/8604/terry-fitzgerald-moorer/,https://upload.wikimedia.org/wikipedia/commons/e/e7/Terry_Fitzgerald_Moorer.png?utm_source=commons.wikimedia.org&utm_campaign=imageinfo&utm_content=thumbnail_unscaled,https://commons.wikimedia.org/wiki/File:Terry_Fitzgerald_Moorer.png,Public domain,false,,,false,,,false,Phase-2 sweep; FJC + CourtListener.
3568,Susan Webber Wright,Wright,are,ARED0303,senior,false,George H.W. Bush,Republican,1989-09-21,1990-01-23,1990-01-24,2013-08-22,,University of Arkansas School of Law,1975,Qualified,https://www.courtlistener.com/person/3568/susan-webber-wright/,,,,false,,,false,,,false,Phase-2 sweep; FJC + CourtListener.
2249,Brian Stacy Miller,Miller,are,ARED0206,active,false,George W. Bush,Republican,2007-10-16,2008-04-10,2008-04-17,,,Vanderbilt University Law School,1995,Qualified,https://www.courtlistener.com/person/2249/brian-stacy-miller/,https://upload.wikimedia.org/wikipedia/commons/thumb/c/ca/Brian_Stacy_Miller_%28cropped%29.jpg/330px-Brian_Stacy_Miller_%28cropped%29.jpg?utm_source=commons.wikimedia.org&utm_campaign=imageinfo&utm_content=thumbnail,https://commons.wikimedia.org/wiki/File:Brian_Stacy_Miller_(cropped).jpg,Public domain,false,,,false,,,false,Phase-2 sweep; FJC + CourtListener.
2049,Denzil Price Marshall Jr.,Marshall,are,ARED0111,active,false,Barack Obama,Democratic,2009-12-03,2010-05-05,2010-05-06,,,Harvard Law School,1989,Well Qualified,https://www.courtlistener.com/person/2049/denzil-price-marshall-jr/,https://upload.wikimedia.org/wikipedia/commons/thumb/b/b0/Denzil_Price_Marshall%2C_Jr_%28cropped%29.jpg/330px-Denzil_Price_Marshall%2C_Jr_%28cropped%29.jpg?utm_source=commons.wikimedia.org&utm_campaign=imageinfo&utm_content=thumbnail,"https://commons.wikimedia.org/wiki/File:Denzil_Price_Marshall,_Jr_(cropped).jpg",Public domain,false,,,false,,,false,Phase-2 sweep; FJC + CourtListener.
154,Kristine Gerhard Baker,Baker,are,ARED0503,active,true,Barack Obama,Democratic,2011-11-02,2012-05-07,2012-05-08,,,University of Arkansas School of Law,1996,Well Qualified,https://www.courtlistener.com/person/154/kristine-gerhard-baker/,https://upload.wikimedia.org/wikipedia/commons/thumb/d/d2/Kristine_Gerhard_Baker.jpg/330px-Kristine_Gerhard_Baker.jpg?utm_source=commons.wikimedia.org&utm_campaign=imageinfo&utm_content=thumbnail,https://commons.wikimedia.org/wiki/File:Kristine_Gerhard_Baker.jpg,Public domain,false,,,false,,,false,Phase-2 sweep; FJC + CourtListener.
2289,James Maxwell Moody Jr.,Moody,are,ARED0304,active,false,Barack Obama,Democratic,2014-01-06,2014-02-25,2014-03-10,,,University of Arkansas Bowen School of Law,1989,Well Qualified,https://www.courtlistener.com/person/2289/james-maxwell-moody-jr/,https://upload.wikimedia.org/wikipedia/commons/thumb/1/13/Judge_Jay_Moody_Jr.jpg/330px-Judge_Jay_Moody_Jr.jpg?utm_source=commons.wikimedia.org&utm_campaign=imageinfo&utm_content=thumbnail,https://commons.wikimedia.org/wiki/File:Judge_Jay_Moody_Jr.jpg,Public domain,false,,,false,,,false,Phase-2 sweep; FJC + CourtListener.
,Lee Philip Rudofsky,Rudofsky,are,ARED0404,active,false,Donald J. Trump,Republican,2019-07-08,2019-11-07,2019-11-08,,,Harvard Law School,2005,Qualified,,https://upload.wikimedia.org/wikipedia/commons/thumb/9/9f/Lee_Philip_Rudofsky.jpg/330px-Lee_Philip_Rudofsky.jpg?utm_source=commons.wikimedia.org&utm_campaign=imageinfo&utm_content=thumbnail,https://commons.wikimedia.org/wiki/File:Lee_Philip_Rudofsky.jpg,Public domain,true,member,https://en.wikipedia.org/w/index.php?title=Lee_Rudofsky&oldid=1366622717,false,,,false,Phase-2 sweep; FJC + CourtListener.
1430,Jimm Larry Hendren,Hendren,arw,ARWD0601,senior,false,George H.W. Bush,Republican,1991-11-05,1992-03-13,1992-03-18,2012-12-31,,University of Arkansas School of Law,1965,Qualified,https://www.courtlistener.com/person/1430/jimm-larry-hendren/,,,,false,,,false,,,false,Phase-2 sweep; FJC + CourtListener.
832,Robert Toombs Dawson,Dawson,arw,ARWD0209,senior,false,William J. Clinton,Democratic,1997-11-07,1998-04-02,1998-04-07,2009-08-14,,University of Arkansas School of Law,1965,Qualified,https://www.courtlistener.com/person/832/robert-toombs-dawson/,,,,false,,,false,,,false,Phase-2 sweep; FJC + CourtListener.
1502,Paul Kinloch Holmes III,Holmes,arw,ARWD0210,senior,false,Barack Obama,Democratic,2011-01-05,2011-02-07,2011-02-08,2021-11-10,,University of Arkansas School of Law,1978,Well Qualified,https://www.courtlistener.com/person/1502/paul-kinloch-holmes-iii/,https://upload.wikimedia.org/wikipedia/commons/thumb/f/fa/Paul_Holmes_III_%28Judge%29.jpg/330px-Paul_Holmes_III_%28Judge%29.jpg?utm_source=commons.wikimedia.org&utm_campaign=imageinfo&utm_content=thumbnail,https://commons.wikimedia.org/wiki/File:Paul_Holmes_III_(Judge).jpg,Public domain,false,,,false,,,false,Phase-2 sweep; FJC + CourtListener.
1446,Susan Owens Hickey,Hickey,arw,ARWD0503,senior,false,Barack Obama,Democratic,2011-04-06,2011-10-13,2011-10-19,2026-04-14,,University of Arkansas School of Law,1981,Qualified,https://www.courtlistener.com/person/1446/susan-owens-hickey/,https://upload.wikimedia.org/wikipedia/commons/thumb/3/3c/Susan_Hickey_%28Judge%29.jpg/330px-Susan_Hickey_%28Judge%29.jpg?utm_source=commons.wikimedia.org&utm_campaign=imageinfo&utm_content=thumbnail,https://commons.wikimedia.org/wiki/File:Susan_Hickey_(Judge).jpg,Public domain,false,,,false,,,false,Phase-2 sweep; FJC + CourtListener.
410,Timothy Lloyd Brooks,Brooks,arw,ARWD0602,active,true,Barack Obama,Democratic,2014-01-06,2014-03-05,2014-03-07,,,University of Arkansas School of Law,1989,Well Qualified,https://www.courtlistener.com/person/410/timothy-lloyd-brooks/,https://upload.wikimedia.org/wikipedia/commons/thumb/8/81/Timothy_Brooks.png/330px-Timothy_Brooks.png?utm_source=commons.wikimedia.org&utm_campaign=imageinfo&utm_content=thumbnail,https://commons.wikimedia.org/wiki/File:Timothy_Brooks.png,Public domain,false,,,false,,,false,Phase-2 sweep; FJC + CourtListener.
,David Clay Wilkerson Fowlkes,Fowlkes,arw,ARWD0211,active,false,Donald J. Trump,Republican,2026-01-05,2026-02-03,2026-02-06,,,University of Arkansas School of Law,2003,Well Qualified,,https://upload.wikimedia.org/wikipedia/commons/f/fd/David_Clay_Fowlkes%2C_official_portrait_%282022%29.jpg,"https://commons.wikimedia.org/wiki/File:David_Clay_Fowlkes,_official_portrait_(2022).jpg","Public domain (PD-USGov) — credit: U.S. Attorney's Office, Western District of Arkansas",false,,,false,,,false,Phase-2 sweep; FJC + CourtListener.
,John Thomas Shepherd,Shepherd,arw,ARWD0504,active,false,Donald J. Trump,Republican,2026-01-29,2026-04-14,2026-04-23,,,University of Arkansas School of Law,2013,Qualified,,https://upload.wikimedia.org/wikipedia/commons/7/7d/John_Thomas_Shepherd.png,https://commons.wikimedia.org/wiki/File:John_Thomas_Shepherd.png,Public domain (PD-USGov) — credit: U.S. Senate Judiciary Committee,false,,,false,,,false,Phase-2 sweep; FJC + CourtListener.
2184,Stephen M. McNamee,McNamee,azd,AZD0304,senior,false,George H.W. Bush,Republican,1990-02-20,1990-05-11,1990-06-04,2007-10-01,,University of Arizona College of Law (now James E. Rogers College of Law),1969,Qualified,https://www.courtlistener.com/person/2184/stephen-m-mcnamee/,https://upload.wikimedia.org/wikipedia/commons/thumb/b/b8/Stephen_M._McNamee_by_Gage_Skidmore.jpg/330px-Stephen_M._McNamee_by_Gage_Skidmore.jpg?utm_source=commons.wikimedia.org&utm_campaign=imageinfo&utm_content=thumbnail,https://commons.wikimedia.org/wiki/File:Stephen_M._McNamee_by_Gage_Skidmore.jpg,CC BY-SA 3.0 — credit: Gage Skidmore,false,,,false,,,false,Phase-2 sweep; FJC + CourtListener.
2967,Roslyn O. Silver,Silver,azd,AZD0702,senior,false,William J. Clinton,Democratic,1994-09-14,1994-10-07,1994-10-11,2013-09-03,,Arizona State University College of Law (now Sandra Day O’Connor College of Law),1971,Well Qualified,https://www.courtlistener.com/person/2967/roslyn-o-silver/,https://upload.wikimedia.org/wikipedia/commons/f/f6/Roslyn_O._Silver.JPG?utm_source=commons.wikimedia.org&utm_campaign=imageinfo&utm_content=thumbnail_unscaled,https://commons.wikimedia.org/wiki/File:Roslyn_O._Silver.JPG,Public domain,false,,,false,,,false,Phase-2 sweep; FJC + CourtListener.
3593,Frank R. Zapata,Zapata,azd,AZD0503,senior,false,William J. Clinton,Democratic,1996-03-29,1996-07-31,1996-08-01,2010-08-03,,University of Arizona College of Law (now James E. Rogers College of Law),1973,Well Qualified,https://www.courtlistener.com/person/3593/frank-r-zapata/,https://upload.wikimedia.org/wikipedia/commons/0/02/Frank_R._Zapata_District_Judge.jpg?utm_source=commons.wikimedia.org&utm_campaign=imageinfo&utm_content=thumbnail_unscaled,https://commons.wikimedia.org/wiki/File:Frank_R._Zapata_District_Judge.jpg,Public domain,false,,,false,,,false,Phase-2 sweep; FJC + CourtListener.
683,Raner Christercunean Collins,Collins,azd,AZD0108,senior,false,William J. Clinton,Democratic,1998-05-11,1998-07-31,1998-08-03,2019-03-04,,University of Arizona College of Law (now James E. Rogers College of Law),1975,Qualified,https://www.courtlistener.com/person/683/raner-christercunean-collins/,https://upload.wikimedia.org/wikipedia/commons/thumb/d/d3/Raner_Collins_%28cropped%29.jpg/330px-Raner_Collins_%28cropped%29.jpg?utm_source=commons.wikimedia.org&utm_campaign=imageinfo&utm_content=thumbnail,https://commons.wikimedia.org/wiki/File:Raner_Collins_(cropped).jpg,Public domain,false,,,false,,,false,Phase-2 sweep; FJC + CourtListener.
322,Susan Ritchie Bolton,Bolton,azd,AZD0902,senior,false,William J. Clinton,Democratic,2000-07-21,2000-10-03,2000-10-13,2016-09-01,,University of Iowa College of Law,1975,Well Qualified,https://www.courtlistener.com/person/322/susan-ritchie-bolton/,https://upload.wikimedia.org/wikipedia/commons/c/c2/Susan_R._Bolton.jpg?utm_source=commons.wikimedia.org&utm_campaign=imageinfo&utm_content=thumbnail_unscaled,https://commons.wikimedia.org/wiki/File:Susan_R._Bolton.jpg,Public domain,false,,,false,,,false,Phase-2 sweep; FJC + CourtListener.
3186,James A. Teilborg,Teilborg,azd,AZD1001,senior,false,William J. Clinton,Democratic,2000-07-21,2000-10-03,2000-10-13,2013-01-30,,University of Arizona College of Law (now James E. Rogers College of Law),1966,Qualified,https://www.courtlistener.com/person/3186/james-a-teilborg/,https://upload.wikimedia.org/wikipedia/commons/7/72/James_A._Teilborg.JPG?utm_source=commons.wikimedia.org&utm_campaign=imageinfo&utm_content=thumbnail_unscaled,https://commons.wikimedia.org/wiki/File:James_A._Teilborg.JPG,Public domain,false,,,false,,,false,Phase-2 sweep; FJC + CourtListener.
2070,Frederick J. Martone,Martone,azd,AZD0205,senior,false,George W. Bush,Republican,2001-09-10,2001-12-13,2001-12-21,2013-01-30,,Notre Dame Law School,1972,Qualified,https://www.courtlistener.com/person/2070/frederick-j-martone/,https://upload.wikimedia.org/wikipedia/commons/7/7e/Frederick_J._Martone_District_Judge.jpg?utm_source=commons.wikimedia.org&utm_campaign=imageinfo&utm_content=thumbnail_unscaled,https://commons.wikimedia.org/wiki/File:Frederick_J._Martone_District_Judge.jpg,Public domain,false,,,false,,,false,Phase-2 sweep; FJC + CourtListener.
1681,Cindy K. Jorgenson,Jorgenson,azd,AZD1201,senior,false,George W. Bush,Republican,2001-09-10,2002-02-26,2002-03-06,2018-04-06,,University of Arizona College of Law (now James E. Rogers College of Law),1977,Well Qualified,https://www.courtlistener.com/person/1681/cindy-k-jorgenson/,https://upload.wikimedia.org/wikipedia/commons/9/9c/Cindy_K._Jorgenson_District_Judge.jpg?utm_source=commons.wikimedia.org&utm_campaign=imageinfo&utm_content=thumbnail_unscaled,https://commons.wikimedia.org/wiki/File:Cindy_K._Jorgenson_District_Judge.jpg,Public domain,false,,,false,,,false,Phase-2 sweep; FJC + CourtListener.
480,David C. Bury,Bury,azd,AZD1301,senior,false,George W. Bush,Republican,2001-09-10,2002-03-15,2002-03-19,2012-12-31,,University of Arizona College of Law (now James E. Rogers College of Law),1967,Qualified,https://www.courtlistener.com/person/480/david-c-bury/,https://upload.wikimedia.org/wikipedia/commons/e/e3/Judge_David_C._Bury.jpg?utm_source=commons.wikimedia.org&utm_campaign=imageinfo&utm_content=thumbnail_unscaled,https://commons.wikimedia.org/wiki/File:Judge_David_C._Bury.jpg,Public domain,false,,,false,,,false,Phase-2 sweep; FJC + CourtListener.
517,David G. Campbell,Campbell,azd,AZD1401,senior,false,George W. Bush,Republican,2003-03-13,2003-07-08,2003-07-15,2018-07-31,,University of Utah College of Law (now S.J. Quinney College of Law),1979,Well Qualified,https://www.courtlistener.com/person/517/david-g-campbell/,https://upload.wikimedia.org/wikipedia/commons/thumb/d/de/David_G_Campbell.jpg/330px-David_G_Campbell.jpg?utm_source=commons.wikimedia.org&utm_campaign=imageinfo&utm_content=thumbnail,https://commons.wikimedia.org/wiki/File:David_G_Campbell.jpg,CC BY-SA 4.0 — credit: Unknown authorUnknown author,false,,,false,,,false,Phase-2 sweep; FJC + CourtListener.
3034,G. Murray Snow,Snow,azd,AZD0305,senior,false,George W. Bush,Republican,2007-12-11,2008-06-26,2008-07-23,2024-10-21,,"Brigham Young University, J. Reuben Clark Law School",1987,Well Qualified,https://www.courtlistener.com/person/3034/grant-murray-snow/,https://upload.wikimedia.org/wikipedia/commons/e/e7/G._Murray_Snow_District_Judge.jpg?utm_source=commons.wikimedia.org&utm_campaign=imageinfo&utm_content=thumbnail_unscaled,https://commons.wikimedia.org/wiki/File:G._Murray_Snow_District_Judge.jpg,Public domain,false,,,false,,,false,Phase-2 sweep; FJC + CourtListener.
3598,Jennifer Guerin Zipps,Zipps,azd,AZD0803,active,true,Barack Obama,Democratic,2011-06-23,2011-10-03,2011-10-05,,,Georgetown University Law Center,1990,Well Qualified,https://www.courtlistener.com/person/3598/jennifer-guerin-zipps/,https://upload.wikimedia.org/wikipedia/commons/d/d3/Jennifer_C_Guerin_Magistrate_Judge.jpg?utm_source=commons.wikimedia.org&utm_campaign=imageinfo&utm_content=thumbnail_unscaled,https://commons.wikimedia.org/wiki/File:Jennifer_C_Guerin_Magistrate_Judge.jpg,Public domain,false,,,false,,,false,Phase-2 sweep; FJC + CourtListener.
1558,Diane Joyce Humetewa,Humetewa,azd,AZD1102,active,false,Barack Obama,Democratic,2014-01-06,2014-05-14,2014-05-16,,,Arizona State University College of Law (now Sandra Day O’Connor College of Law),1993,Qualified,https://www.courtlistener.com/person/1558/diane-joyce-humetewa/,https://upload.wikimedia.org/wikipedia/commons/b/b3/Diane_Humetewa.jpg?utm_source=commons.wikimedia.org&utm_campaign=imageinfo&utm_content=thumbnail_unscaled,https://commons.wikimedia.org/wiki/File:Diane_Humetewa.jpg,Public domain,false,,,false,,,false,Phase-2 sweep; FJC + CourtListener.
1957,Steven Paul Logan,Logan,azd,AZD1002,active,false,Barack Obama,Democratic,2014-01-06,2014-05-14,2014-05-16,,,University of Oklahoma College of Law,1992,Well Qualified,https://www.courtlistener.com/person/1957/steven-paul-logan/,https://upload.wikimedia.org/wikipedia/commons/thumb/5/56/Judge_Steven_Paul_Logan.jpg/330px-Judge_Steven_Paul_Logan.jpg?utm_source=commons.wikimedia.org&utm_campaign=imageinfo&utm_content=thumbnail,https://commons.wikimedia.org/wiki/File:Judge_Steven_Paul_Logan.jpg,CC BY-SA 4.0 — credit: InfoStar,false,,,false,,,false,Phase-2 sweep; FJC + CourtListener.
3271,John Joseph Tuchi,Tuchi,azd,AZD0703,active,false,Barack Obama,Democratic,2014-01-06,2014-05-14,2014-05-16,,,Arizona State University College of Law (now Sandra Day O’Connor College of Law),1994,Well Qualified,https://www.courtlistener.com/person/3271/john-joseph-tuchi/,https://upload.wikimedia.org/wikipedia/commons/8/85/JohnJTuchi2015.JPG?utm_source=commons.wikimedia.org&utm_campaign=imageinfo&utm_content=thumbnail_unscaled,https://commons.wikimedia.org/wiki/File:JohnJTuchi2015.JPG,Public domain,false,,,false,,,false,Phase-2 sweep; FJC + CourtListener.
2043,Rosemary Márquez,Márquez,azd,AZD0504,active,false,Barack Obama,Democratic,2014-01-06,2014-05-15,2014-05-19,,,University of Arizona College of Law (now James E. Rogers College of Law),1993,Qualified,https://www.courtlistener.com/person/2043/rosemary-marquez/,https://upload.wikimedia.org/wikipedia/commons/8/88/RosemaryMarquez2015.JPG?utm_source=commons.wikimedia.org&utm_campaign=imageinfo&utm_content=thumbnail_unscaled,https://commons.wikimedia.org/wiki/File:RosemaryMarquez2015.JPG,Public domain,false,,,false,,,false,Phase-2 sweep; FJC + CourtListener.
2666,Douglas Leroy Rayes,Rayes,azd,AZD0206,senior,false,Barack Obama,Democratic,2014-01-06,2014-05-15,2014-05-28,2024-06-01,,Arizona State University College of Law (now Sandra Day O’Connor College of Law),1978,Well Qualified,https://www.courtlistener.com/person/2666/douglas-leroy-rayes/,https://upload.wikimedia.org/wikipedia/commons/8/8e/DouglasLRayes2015.JPG?utm_source=commons.wikimedia.org&utm_campaign=imageinfo&utm_content=thumbnail_unscaled,https://commons.wikimedia.org/wiki/File:DouglasLRayes2015.JPG,Public domain,false,,,false,,,false,Phase-2 sweep; FJC + CourtListener.
3044,James Alan Soto,Soto,azd,AZD1302,senior,false,Barack Obama,Democratic,2014-01-06,2014-05-15,2014-06-09,2024-07-01,,Arizona State University College of Law (now Sandra Day O’Connor College of Law),1975,Qualified,https://www.courtlistener.com/person/3044/james-alan-soto/,https://upload.wikimedia.org/wikipedia/commons/1/11/JamesSoto2015.JPG?utm_source=commons.wikimedia.org&utm_campaign=imageinfo&utm_content=thumbnail_unscaled,https://commons.wikimedia.org/wiki/File:JamesSoto2015.JPG,Public domain,false,,,false,,,false,Phase-2 sweep; FJC + CourtListener.
8595,Dominic William Lanza,Lanza,azd,AZD0903,active,false,Donald J. Trump,Republican,2018-01-24,2018-09-06,2018-09-10,,,Harvard Law School,2002,Well Qualified,https://www.courtlistener.com/person/8595/dominic-william-lanza/,https://upload.wikimedia.org/wikipedia/commons/5/51/DominicLanza.png?utm_source=commons.wikimedia.org&utm_campaign=imageinfo&utm_content=thumbnail_unscaled,https://commons.wikimedia.org/wiki/File:DominicLanza.png,Public domain,true,member,https://en.wikipedia.org/w/index.php?title=Dominic_W._Lanza&oldid=1350476747,false,,,false,Phase-2 sweep; FJC + CourtListener.
8554,Susan Marie Brnovich,Brnovich,azd,AZD0404,active,false,Donald J. Trump,Republican,2018-01-24,2018-10-11,2018-10-23,,,University of Wisconsin Law School,1994,Well Qualified,https://www.courtlistener.com/person/8554/susan-marie-brnovich/,https://upload.wikimedia.org/wikipedia/commons/thumb/9/9e/Susan_Brnovich_by_Gage_Skidmore.jpg/330px-Susan_Brnovich_by_Gage_Skidmore.jpg?utm_source=commons.wikimedia.org&utm_campaign=imageinfo&utm_content=thumbnail,https://commons.wikimedia.org/wiki/File:Susan_Brnovich_by_Gage_Skidmore.jpg,CC BY-SA 3.0 — credit: Gage Skidmore,true,member,https://en.wikipedia.org/w/index.php?title=Susan_Brnovich&oldid=1368589947,false,,,false,Phase-2 sweep; FJC + CourtListener.
,Michael Thomas Liburdi,Liburdi,azd,AZD1402,active,false,Donald J. Trump,Republican,2019-01-17,2019-07-30,2019-08-05,,,Arizona State University College of Law (now Sandra Day O’Connor College of Law),2002,Qualified,,https://upload.wikimedia.org/wikipedia/commons/7/71/Michael_T_Liburdi.jpg?utm_source=commons.wikimedia.org&utm_campaign=imageinfo&utm_content=thumbnail_unscaled,https://commons.wikimedia.org/wiki/File:Michael_T_Liburdi.jpg,Public domain,true,member,https://en.wikipedia.org/w/index.php?title=Michael_T._Liburdi&oldid=1350746286,false,,,false,Phase-2 sweep; FJC + CourtListener.
,Scott Hugh Rash,Rash,azd,AZD1202,active,false,Donald J. Trump,Republican,2019-10-15,2020-05-19,2020-05-27,,,University of Arizona College of Law (now James E. Rogers College of Law),1991,Well Qualified,,https://upload.wikimedia.org/wikipedia/commons/d/d8/Scott_H._Rash.jpg?utm_source=commons.wikimedia.org&utm_campaign=imageinfo&utm_content=thumbnail_unscaled,https://commons.wikimedia.org/wiki/File:Scott_H._Rash.jpg,Public domain,true,member,https://en.wikipedia.org/w/index.php?title=Scott_H._Rash&oldid=1350792530,false,,,false,Phase-2 sweep; FJC + CourtListener.
15399,John Charles Hinderaker,Hinderaker,azd,AZD0109,active,false,Donald J. Trump,Republican,2019-12-02,2020-09-23,2020-09-29,,,University of Arizona College of Law (now James E. Rogers College of Law),1996,Well Qualified,https://www.courtlistener.com/person/15399/john-charles-hinderaker/,https://upload.wikimedia.org/wikipedia/commons/8/8b/John_C._Hinderaker.jpg?utm_source=commons.wikimedia.org&utm_campaign=imageinfo&utm_content=thumbnail_unscaled,https://commons.wikimedia.org/wiki/File:John_C._Hinderaker.jpg,Public domain,false,,,false,,,false,Phase-2 sweep; FJC + CourtListener.
,Krissa Marie Lanham,Lanham,azd,AZD0207,active,false,Joseph R. Biden,Democratic,2024-02-27,2024-05-21,2024-06-03,,,Yale Law School,2007,Well Qualified,,https://upload.wikimedia.org/wikipedia/commons/4/49/Krissa_M._Lanham-03-20-24.jpg,https://commons.wikimedia.org/wiki/File:Krissa_M._Lanham-03-20-24.jpg,Public domain (PD-USGov) — credit: U.S. Senate Judiciary Committee,false,,,false,,,false,Phase-2 sweep; FJC + CourtListener.
,Angela Marie Martinez,Martinez,azd,AZD1303,active,false,Joseph R. Biden,Democratic,2024-02-27,2024-05-22,2024-07-02,,,University of Arizona James E. Rogers College of Law,2000,Well Qualified,,https://upload.wikimedia.org/wikipedia/commons/8/8a/Angela_M._Martinez.png,https://commons.wikimedia.org/wiki/File:Angela_M._Martinez.png,Public domain — credit: U.S. Court of Appeals for the Ninth Circuit (2023 Annual Report),false,,,false,,,false,Phase-2 sweep; FJC + CourtListener.
,Sharad Harshad Desai,Desai,azd,AZD0306,active,false,Joseph R. Biden,Democratic,2024-09-09,2024-11-21,2025-01-07,,,New York University School of Law,2006,Qualified,,https://upload.wikimedia.org/wikipedia/commons/d/dd/Sharad_H._Desai.png,https://commons.wikimedia.org/wiki/File:Sharad_H._Desai.png,CC0 1.0 — credit: U.S. Senate Judiciary Committee,false,,,false,,,false,Phase-2 sweep; FJC + CourtListener.
521,Levin Hicks Campbell,Campbell,ca1,CA10105,senior,false,Richard M. Nixon,Republican,1972-06-15,1972-06-28,1972-06-30,1992-01-03,,Harvard Law School,1951,,https://www.courtlistener.com/person/521/levin-hicks-campbell/,https://upload.wikimedia.org/wikipedia/commons/e/e0/1963_Levin_Hicks_Campbell_Massachusetts_House_of_Representatives.png?utm_source=commons.wikimedia.org&utm_campaign=imageinfo&utm_content=thumbnail_unscaled,https://commons.wikimedia.org/wiki/File:1963_Levin_Hicks_Campbell_Massachusetts_House_of_Representatives.png,Public domain,false,,,false,,,false,Phase-2 sweep; FJC + CourtListener. [[note]] No ABA rating on file for this (1st Cir.) appointment in FJC's data. His prior D. Mass. appointment (1971) was rated Qualified.
1997,Sandra Lea Lynch,Lynch,ca1,CA10402,senior,false,William J. Clinton,Democratic,1995-01-11,1995-03-17,1995-03-17,2022-12-31,,Boston University School of Law,1971,Well Qualified,https://www.courtlistener.com/person/1997/sandra-lea-lynch/,,,,false,,,false,,,false,Phase-2 sweep; FJC + CourtListener.
1944,Kermit Victor Lipez,Lipez,ca1,CA10310,senior,false,William J. Clinton,Democratic,1997-10-20,1998-04-02,1998-04-07,2011-12-31,,Yale Law School,1967,Well Qualified,https://www.courtlistener.com/person/1944/kermit-victor-lipez/,https://upload.wikimedia.org/wikipedia/commons/0/09/Kermit_Lipez_%28cropped%29.jpg?utm_source=commons.wikimedia.org&utm_campaign=imageinfo&utm_content=thumbnail_unscaled,https://commons.wikimedia.org/wiki/File:Kermit_Lipez_(cropped).jpg,Public domain,false,,,false,,,false,Phase-2 sweep; FJC + CourtListener.
1530,Jeffrey R. Howard,Howard,ca1,CA10209,senior,false,George W. Bush,Republican,2001-09-04,2002-04-23,2002-05-03,2022-03-31,,Georgetown University Law Center,1981,Qualified,https://www.courtlistener.com/person/1530/jeffrey-r-howard/,,,,false,,,false,,,false,Phase-2 sweep; FJC + CourtListener.
3216,Ojetta Rogeriee Thompson,Thompson,ca1,CA10602,senior,false,Barack Obama,Democratic,2009-10-06,2010-03-17,2010-03-30,2022-09-21,,Boston University School of Law,1976,Qualified,https://www.courtlistener.com/person/3216/ojetta-rogeriee-thompson/,,,,false,,,false,,,false,Phase-2 sweep; FJC + CourtListener.
1715,William Joseph Kayatta Jr.,Kayatta,ca1,CA10311,senior,false,Barack Obama,Democratic,2013-01-04,2013-02-13,2013-02-14,2024-10-31,,Harvard Law School,1979,Well Qualified,https://www.courtlistener.com/person/1715/william-joseph-kayatta-jr/,https://upload.wikimedia.org/wikipedia/commons/8/81/William_J._Kayatta_Jr.jpg?utm_source=commons.wikimedia.org&utm_campaign=imageinfo&utm_content=thumbnail_unscaled,https://commons.wikimedia.org/wiki/File:William_J._Kayatta_Jr.jpg,Public domain,false,,,false,,,false,Phase-2 sweep; FJC + CourtListener.
187,David Jeremiah Barron,Barron,ca1,CA10107,active,true,Barack Obama,Democratic,2014-01-06,2014-05-22,2014-05-23,,,Harvard Law School,1994,Well Qualified,https://www.courtlistener.com/person/187/david-jeremiah-barron/,https://upload.wikimedia.org/wikipedia/commons/thumb/8/88/David_Jeremiah_Barron.png/330px-David_Jeremiah_Barron.png?utm_source=commons.wikimedia.org&utm_campaign=imageinfo&utm_content=thumbnail,https://commons.wikimedia.org/wiki/File:David_Jeremiah_Barron.png,Public domain,false,,,false,,,false,Phase-2 sweep; FJC + CourtListener.
1172,Gustavo Antonio Gelpí Jr.,Gelpí,ca1,CA10502,active,false,Joseph R. Biden,Democratic,2021-05-12,2021-10-18,2021-10-19,,,Suffolk University Law School,1991,Well Qualified,https://www.courtlistener.com/person/1172/gustavo-antonio-gelpi-jr/,https://upload.wikimedia.org/wikipedia/commons/thumb/5/5a/Judge_Gustavo_Gelp%C3%AD.jpg/330px-Judge_Gustavo_Gelp%C3%AD.jpg?utm_source=commons.wikimedia.org&utm_campaign=imageinfo&utm_content=thumbnail,https://commons.wikimedia.org/wiki/File:Judge_Gustavo_Gelp%C3%AD.jpg,Public domain,false,,,false,,,false,Phase-2 sweep; FJC + CourtListener.
,Lara Elizabeth Montecalvo,Montecalvo,ca1,CA10603,active,false,Joseph R. Biden,Democratic,2022-05-19,2022-09-14,2022-09-20,,,Boston College Law School,2000,Well Qualified,,https://upload.wikimedia.org/wikipedia/commons/thumb/8/8e/Lara_Montecalvo_%28Judge%29_%28cropped%29.jpg/330px-Lara_Montecalvo_%28Judge%29_%28cropped%29.jpg?utm_source=commons.wikimedia.org&utm_campaign=imageinfo&utm_content=thumbnail,https://commons.wikimedia.org/wiki/File:Lara_Montecalvo_(Judge)_(cropped).jpg,Public domain,false,,,false,,,false,Phase-2 sweep; FJC + CourtListener.
,Julie Rikelman,Rikelman,ca1,CA10403,active,false,Joseph R. Biden,Democratic,2023-01-03,2023-06-20,2023-06-23,,,Harvard Law School,1997,Well Qualified,,https://upload.wikimedia.org/wikipedia/commons/thumb/7/7b/Julie_Rikelman.jpg/330px-Julie_Rikelman.jpg?utm_source=commons.wikimedia.org&utm_campaign=imageinfo&utm_content=thumbnail,https://commons.wikimedia.org/wiki/File:Julie_Rikelman.jpg,Public domain,false,,,false,,,false,Phase-2 sweep; FJC + CourtListener.
,Seth Robert Aframe,Aframe,ca1,CA10210,active,false,Joseph R. Biden,Democratic,2024-01-08,2024-05-20,2024-05-23,,,Georgetown University Law Center,1999,Well Qualified,,https://upload.wikimedia.org/wikipedia/commons/3/3c/Seth_Aframe.jpg,https://commons.wikimedia.org/wiki/File:Seth_Aframe.jpg,Public domain (PD-USGov-Congress) — credit: U.S. Senate Judiciary Committee,false,,,false,,,false,Phase-2 sweep; FJC + CourtListener.
,Joshua Dale Dunlap,Dunlap,ca1,CA10312,active,false,Donald J. Trump,Republican,2025-07-15,2025-11-04,2025-11-07,,,Notre Dame Law School,2008,Well Qualified,,https://upload.wikimedia.org/wikipedia/commons/d/d5/Joshua_Dunlap.png,https://commons.wikimedia.org/wiki/File:Joshua_Dunlap.png,Public domain — credit: U.S. Senate Judiciary Committee,false,,,false,,,false,Phase-2 sweep; FJC + CourtListener.
2918,Stephanie Kulp Seymour,Seymour,ca10,CA100801,senior,false,Jimmy Carter,Democratic,1979-08-28,1979-10-31,1979-11-02,2005-10-16,,Harvard Law School,1965,Qualified,https://www.courtlistener.com/person/2918/stephanie-kulp-seymour/,,,,false,,,false,,,false,Phase-2 sweep; FJC + CourtListener.
2599,John Carbone Porfilio,Porfilio,ca10,CA100406,senior,false,Ronald Reagan,Republican,1985-04-05,1985-05-03,1985-05-10,1999-10-15,,University of Denver College of Law (now Sturm College of Law),1959,Well Qualified,https://www.courtlistener.com/person/2599/john-carbone-porfilio/,,,,false,,,false,,,false,Phase-2 sweep; FJC + CourtListener.
110,Stephen Hale Anderson,Anderson,ca10,CA100901,senior,false,Ronald Reagan,Republican,1985-07-23,1985-10-16,1985-10-16,2000-01-01,,University of Utah College of Law (now S.J. Quinney College of Law),1960,Well Qualified,https://www.courtlistener.com/person/110/stephen-hale-anderson/,https://upload.wikimedia.org/wikipedia/commons/8/8f/Stephen-H-Anderson.jpg,https://commons.wikimedia.org/wiki/File:Stephen-H-Anderson.jpg,Free Art License — credit: orderinthecourt.org,false,,,false,,,false,Phase-2 sweep; FJC + CourtListener.
156,Bobby Ray Baldock,Baldock,ca10,CA100204,senior,false,Ronald Reagan,Republican,1985-10-07,1985-12-16,1985-12-17,2001-01-26,,University of Arizona College of Law (now James E. Rogers College of Law),1960,Qualified,https://www.courtlistener.com/person/156/bobby-ray-baldock/,https://upload.wikimedia.org/wikipedia/commons/3/3d/Bobby_R_Baldock.jpg?utm_source=commons.wikimedia.org&utm_campaign=imageinfo&utm_content=thumbnail_unscaled,https://commons.wikimedia.org/wiki/File:Bobby_R_Baldock.jpg,Public domain,false,,,false,,,false,Phase-2 sweep; FJC + CourtListener.
412,Wade Brorby,Brorby,ca10,CA100504,senior,false,Ronald Reagan,Republican,1987-08-07,1988-02-16,1988-02-17,2001-05-25,,University of Wyoming College of Law,1958,Well Qualified,https://www.courtlistener.com/person/412/wade-brorby/,https://upload.wikimedia.org/wikipedia/commons/thumb/8/8d/Wade_Brorby.png/330px-Wade_Brorby.png?utm_source=commons.wikimedia.org&utm_campaign=imageinfo&utm_content=thumbnail,https://commons.wikimedia.org/wiki/File:Wade_Brorby.png,Public domain,false,,,false,,,false,Phase-2 sweep; FJC + CourtListener.
963,David M. Ebel,Ebel,ca10,CA100104,senior,false,Ronald Reagan,Republican,1987-12-18,1988-04-19,1988-04-20,2006-01-16,,University of Michigan Law School,1965,Well Qualified,https://www.courtlistener.com/person/963/david-m-ebel/,,,,false,,,false,,,false,Phase-2 sweep; FJC + CourtListener.
1741,Paul Joseph Kelly Jr.,Kelly,ca10,CA101101,senior,false,George H.W. Bush,Republican,1991-11-19,1992-04-08,1992-04-13,2017-12-31,,Fordham University School of Law,1967,Well Qualified,https://www.courtlistener.com/person/1741/paul-joseph-kelly-jr/,https://upload.wikimedia.org/wikipedia/commons/d/da/Kelly_John.jpg?utm_source=commons.wikimedia.org&utm_campaign=imageinfo&utm_content=thumbnail_unscaled,https://commons.wikimedia.org/wiki/File:Kelly_John.jpg,CC BY-SA 4.0 — credit: Slowyourroll23,false,,,false,,,false,Phase-2 sweep; FJC + CourtListener.
394,Mary Beck Briscoe,Briscoe,ca10,CA100603,senior,false,William J. Clinton,Democratic,1995-03-14,1995-05-25,1995-05-26,2021-03-15,,University of Kansas School of Law,1973,Well Qualified,https://www.courtlistener.com/person/394/mary-beck-briscoe/,https://upload.wikimedia.org/wikipedia/commons/f/f3/Mary_Beck_Briscoe.jpg?utm_source=commons.wikimedia.org&utm_campaign=imageinfo&utm_content=thumbnail_unscaled,https://commons.wikimedia.org/wiki/File:Mary_Beck_Briscoe.jpg,Public domain,false,,,false,,,false,Phase-2 sweep; FJC + CourtListener.
1982,Carlos F. Lucero,Lucero,ca10,CA101201,senior,false,William J. Clinton,Democratic,1995-03-23,1995-06-30,1995-06-30,2021-02-01,,George Washington University Law School,1964,Well Qualified,https://www.courtlistener.com/person/1982/carlos-f-lucero/,,,,false,,,false,,,false,Phase-2 sweep; FJC + CourtListener.
2361,Michael R. Murphy,Murphy,ca10,CA100304,senior,false,William J. Clinton,Democratic,1995-07-25,1995-08-11,1995-08-14,2012-12-31,,University of Wyoming College of Law,1972,Well Qualified,https://www.courtlistener.com/person/2361/michael-r-murphy/,,,,false,,,false,,,false,Phase-2 sweep; FJC + CourtListener.
1383,Harris L. Hartz,Hartz,ca10,CA100205,active,false,George W. Bush,Republican,2001-09-04,2001-12-06,2001-12-10,,,Harvard Law School,1972,Well Qualified,https://www.courtlistener.com/person/1383/harris-l-hartz/,,,,false,,,false,,,false,Phase-2 sweep; FJC + CourtListener.
2442,Terrence L. O'Brien,O'Brien,ca10,CA100505,senior,false,George W. Bush,Republican,2001-09-04,2002-04-15,2002-04-16,2013-04-30,,University of Wyoming College of Law,1972,Well Qualified,https://www.courtlistener.com/person/2442/terrence-l-obrien/,,,,false,,,false,,,false,Phase-2 sweep; FJC + CourtListener.
3283,Timothy M. Tymkovich,Tymkovich,ca10,CA100407,active,false,George W. Bush,Republican,2003-01-07,2003-04-01,2003-04-01,,,University of Colorado Law School,1982,Qualified,https://www.courtlistener.com/person/3283/timothy-m-tymkovich/,https://upload.wikimedia.org/wikipedia/commons/3/3e/Timothy_M._Tymkovich.jpg?utm_source=commons.wikimedia.org&utm_campaign=imageinfo&utm_content=thumbnail_unscaled,https://commons.wikimedia.org/wiki/File:Timothy_M._Tymkovich.jpg,Public domain,false,,,false,,,false,Phase-2 sweep; FJC + CourtListener.
1500,Jerome A. Holmes,Holmes,ca10,CA100802,active,true,George W. Bush,Republican,2006-05-04,2006-07-25,2006-08-09,,,Georgetown University Law Center,1988,Qualified,https://www.courtlistener.com/person/1500/jerome-a-holmes/,https://upload.wikimedia.org/wikipedia/commons/thumb/e/e2/Jerome_Holmes.jpg/330px-Jerome_Holmes.jpg?utm_source=commons.wikimedia.org&utm_campaign=imageinfo&utm_content=thumbnail,https://commons.wikimedia.org/wiki/File:Jerome_Holmes.jpg,Public domain,false,,,false,,,false,Phase-2 sweep; FJC + CourtListener.
2076,Scott Milne Matheson Jr.,Matheson,ca10,CA100903,active,false,Barack Obama,Democratic,2010-03-03,2010-12-22,2010-12-27,,,Yale Law School,1980,Qualified,https://www.courtlistener.com/person/2076/scott-milne-matheson-jr/,https://upload.wikimedia.org/wikipedia/commons/0/08/Scott_Matheson.jpg?utm_source=commons.wikimedia.org&utm_campaign=imageinfo&utm_content=thumbnail_unscaled,https://commons.wikimedia.org/wiki/File:Scott_Matheson.jpg,Public domain,false,,,false,,,false,Phase-2 sweep; FJC + CourtListener.
146,Robert Edwin Bacharach,Bacharach,ca10,CA100703,active,false,Barack Obama,Democratic,2013-01-04,2013-02-25,2013-02-28,,,Washington University School of Law,1985,Well Qualified,https://www.courtlistener.com/person/146/robert-edwin-bacharach/,https://upload.wikimedia.org/wikipedia/commons/thumb/4/47/Robert_E_Bacharach.png/330px-Robert_E_Bacharach.png?utm_source=commons.wikimedia.org&utm_campaign=imageinfo&utm_content=thumbnail,https://commons.wikimedia.org/wiki/File:Robert_E_Bacharach.png,Public domain,false,,,false,,,false,Phase-2 sweep; FJC + CourtListener.
2554,Gregory Alan Phillips,Phillips,ca10,CA100506,active,false,Barack Obama,Democratic,2013-01-31,2013-07-08,2013-07-09,,,University of Wyoming College of Law,1987,Well Qualified,https://www.courtlistener.com/person/2554/gregory-alan-phillips/,https://upload.wikimedia.org/wikipedia/commons/3/36/Gregory_A._Phillips.jpg?utm_source=commons.wikimedia.org&utm_campaign=imageinfo&utm_content=thumbnail_unscaled,https://commons.wikimedia.org/wiki/File:Gregory_A._Phillips.jpg,Public domain,false,,,false,,,false,Phase-2 sweep; FJC + CourtListener.
2144,Carolyn Baldwin McHugh,McHugh,ca10,CA100305,active,false,Barack Obama,Democratic,2014-01-06,2014-03-12,2014-03-14,,,University of Utah College of Law (now S.J. Quinney College of Law),1982,Well Qualified,https://www.courtlistener.com/person/2144/carolyn-baldwin-mchugh/,https://upload.wikimedia.org/wikipedia/commons/thumb/2/2b/Carolyn_McHugh_%28Judge%29_%28cropped%29.jpg/330px-Carolyn_McHugh_%28Judge%29_%28cropped%29.jpg?utm_source=commons.wikimedia.org&utm_campaign=imageinfo&utm_content=thumbnail,https://commons.wikimedia.org/wiki/File:Carolyn_McHugh_(Judge)_(cropped).jpg,Public domain,false,,,false,,,false,Phase-2 sweep; FJC + CourtListener.
2312,Nancy Louise Moritz,Moritz,ca10,CA101002,active,false,Barack Obama,Democratic,2014-01-06,2014-05-05,2014-07-29,,,Washburn University School of Law,1985,Qualified,https://www.courtlistener.com/person/2312/nancy-louise-moritz/,https://upload.wikimedia.org/wikipedia/commons/thumb/b/bc/Nancy_Moritz_%28Judge%29_%28cropped%29.jpg/330px-Nancy_Moritz_%28Judge%29_%28cropped%29.jpg?utm_source=commons.wikimedia.org&utm_campaign=imageinfo&utm_content=thumbnail,https://commons.wikimedia.org/wiki/File:Nancy_Moritz_(Judge)_(cropped).jpg,Public domain,false,,,false,,,false,Phase-2 sweep; FJC + CourtListener.
3902,Allison Hartwell Eid,Eid,ca10,CA100106,active,false,Donald J. Trump,Republican,2017-06-07,2017-11-02,2017-11-03,,,University of Chicago Law School,1991,Well Qualified,https://www.courtlistener.com/person/3902/allison-h-eid/,https://upload.wikimedia.org/wikipedia/commons/thumb/f/f3/Allison_H._Eid_%28cropped%29.jpg/330px-Allison_H._Eid_%28cropped%29.jpg?utm_source=commons.wikimedia.org&utm_campaign=imageinfo&utm_content=thumbnail,https://commons.wikimedia.org/wiki/File:Allison_H._Eid_(cropped).jpg,Public domain,true,contributor,https://fedsoc.org/contributors/allison-eid-1,false,,,false,Phase-2 sweep; FJC + CourtListener.
8561,Joel McElroy Carson III,Carson,ca10,CA101102,active,false,Donald J. Trump,Republican,2017-12-20,2018-05-15,2018-05-17,,,University of New Mexico School of Law,1997,Well Qualified,https://www.courtlistener.com/person/8561/joel-mcelroy-carson-iii/,https://upload.wikimedia.org/wikipedia/commons/thumb/3/32/Joel_M_Carson_III.png/330px-Joel_M_Carson_III.png?utm_source=commons.wikimedia.org&utm_campaign=imageinfo&utm_content=thumbnail,https://commons.wikimedia.org/wiki/File:Joel_M_Carson_III.png,Public domain,false,,,false,,,false,Phase-2 sweep; FJC + CourtListener.
15364,Veronica Sophia Rossman,Rossman,ca10,CA101202,active,false,Joseph R. Biden,Democratic,2021-05-12,2021-09-20,2021-09-28,,,"University of California Hastings College of the Law (now UC College of the Law, San Francisco)",1997,Qualified,https://www.courtlistener.com/person/15364/veronica-sophia-rossman/,https://upload.wikimedia.org/wikipedia/commons/thumb/4/4c/Judge_Veronica_Rossman_%28cropped%29.png/330px-Judge_Veronica_Rossman_%28cropped%29.png?utm_source=commons.wikimedia.org&utm_campaign=imageinfo&utm_content=thumbnail,https://commons.wikimedia.org/wiki/File:Judge_Veronica_Rossman_(cropped).png,Public domain,false,,,false,,,false,Phase-2 sweep; FJC + CourtListener.
,Richard Edward Neel Federico,Federico,ca10,CA100604,active,false,Joseph R. Biden,Democratic,2023-07-27,2023-12-11,2023-12-13,,,University of Kansas School of Law,2002,Well Qualified,,https://upload.wikimedia.org/wikipedia/commons/f/f9/Richard_E._N._Federico.jpg,https://commons.wikimedia.org/wiki/File:Richard_E._N._Federico.jpg,Public domain — credit: U.S. Senate Judiciary Committee,false,,,false,,,false,Phase-2 sweep; FJC + CourtListener.
107,R[obert] Lanier Anderson III,Anderson,ca11,CA110901,senior,false,None (reassignment),None (reassignment),,,1981-10-01,2009-01-31,,Harvard Law School,1961,,https://www.courtlistener.com/person/107/robert-lanier-anderson-iii/,https://upload.wikimedia.org/wikipedia/commons/thumb/9/97/R_Lanier_Anderson_III.jpg/330px-R_Lanier_Anderson_III.jpg?utm_source=commons.wikimedia.org&utm_campaign=imageinfo&utm_content=thumbnail,https://commons.wikimedia.org/wiki/File:R_Lanier_Anderson_III.jpg,Public domain,false,,,false,,,false,"Phase-2 sweep; FJC + CourtListener. [[note]] No ABA rating or nomination/confirmation date for this seat: it's a 1981 statutory reassignment from the 5th Circuit (94 Stat. 1994, Fifth/Eleventh Circuit split), not a new nomination — FJC's own data has no such event for this seat. His most recent rated appointment was the 5th Circuit, 1979 (Well Qualified)."
3237,Gerald Bard Tjoflat,Tjoflat,ca11,CA110301,senior,false,None (reassignment),None (reassignment),,,1981-10-01,2019-11-19,,Duke University School of Law,1957,,https://www.courtlistener.com/person/3237/gerald-bard-tjoflat/,https://upload.wikimedia.org/wikipedia/commons/thumb/f/f0/Gerald_Tjoflat_%28cropped%29.jpg/330px-Gerald_Tjoflat_%28cropped%29.jpg?utm_source=commons.wikimedia.org&utm_campaign=imageinfo&utm_content=thumbnail,https://commons.wikimedia.org/wiki/File:Gerald_Tjoflat_(cropped).jpg,Public domain,false,,,false,,,false,"Phase-2 sweep; FJC + CourtListener. [[note]] No ABA rating or nomination/confirmation date for this seat: it's a 1981 statutory reassignment from the 5th Circuit (94 Stat. 1994, Fifth/Eleventh Circuit split), not a new nomination — FJC's own data has no such event for this seat. His most recent rated appointment was the 5th Circuit, 1975 (Well Qualified)."
972,James Larry Edmondson,Edmondson,ca11,CA111002,senior,false,Ronald Reagan,Republican,1986-03-26,1986-04-29,1986-05-07,2012-07-15,,University of Georgia School of Law,1971,Qualified,https://www.courtlistener.com/person/972/james-larry-edmondson/,,,,false,,,false,,,false,Phase-2 sweep; FJC + CourtListener.
924,Joel Fredrick Dubina,Dubina,ca11,CA110602,senior,false,George H.W. Bush,Republican,1990-06-07,1990-09-28,1990-10-01,2013-10-26,,"Samford University, Cumberland School of Law",1973,Well Qualified,https://www.courtlistener.com/person/924/joel-fredrick-dubina/,https://upload.wikimedia.org/wikipedia/commons/6/64/Joel_F._Dubina%2C_U.S._Court_of_Appeals_Judge.jpg?utm_source=commons.wikimedia.org&utm_campaign=imageinfo&utm_content=thumbnail_unscaled,"https://commons.wikimedia.org/wiki/File:Joel_F._Dubina,_U.S._Court_of_Appeals_Judge.jpg",Public domain,false,,,false,,,false,Phase-2 sweep; FJC + CourtListener.
291,Susan Harrell Black,Black,ca11,CA111202,senior,false,George H.W. Bush,Republican,1992-03-10,1992-08-11,1992-08-12,2011-02-25,,University of Florida College of Law (now Fredric G. Levin College of Law),1967,Well Qualified,https://www.courtlistener.com/person/291/susan-harrell-black/,https://upload.wikimedia.org/wikipedia/commons/thumb/0/08/Susan_H_Black.jpg/330px-Susan_H_Black.jpg?utm_source=commons.wikimedia.org&utm_campaign=imageinfo&utm_content=thumbnail,https://commons.wikimedia.org/wiki/File:Susan_H_Black.jpg,Public domain,false,,,false,,,false,Phase-2 sweep; FJC + CourtListener.
539,Edward Earl Carnes,E. Carnes,ca11,CA110802,senior,false,George H.W. Bush,Republican,1992-01-27,1992-09-09,1992-09-10,2020-06-30,,Harvard Law School,1975,Qualified,https://www.courtlistener.com/person/539/edward-earl-carnes/,https://upload.wikimedia.org/wikipedia/commons/8/8e/Ed_Carnes.jpg?utm_source=commons.wikimedia.org&utm_campaign=imageinfo&utm_content=thumbnail_unscaled,https://commons.wikimedia.org/wiki/File:Ed_Carnes.jpg,Public domain,false,,,false,,,false,Phase-2 sweep; FJC + CourtListener.
1556,Frank M. Hull,Hull,ca11,CA110702,senior,false,William J. Clinton,Democratic,1997-06-18,1997-09-04,1997-09-18,2017-12-31,,Emory University School of Law,1973,Well Qualified,https://www.courtlistener.com/person/1556/frank-m-hull/,https://upload.wikimedia.org/wikipedia/commons/thumb/d/dc/Judge-Hull.jpg/330px-Judge-Hull.jpg?utm_source=commons.wikimedia.org&utm_campaign=imageinfo&utm_content=thumbnail,https://commons.wikimedia.org/wiki/File:Judge-Hull.jpg,Public domain,false,,,false,,,false,Phase-2 sweep; FJC + CourtListener.
2036,Stanley Marcus,Marcus,ca11,CA110502,senior,false,William J. Clinton,Democratic,1997-09-25,1997-11-07,1997-11-12,2019-12-05,,Harvard Law School,1971,Well Qualified,https://www.courtlistener.com/person/2036/stanley-marcus/,,,,false,,,false,,,false,Phase-2 sweep; FJC + CourtListener.
3500,Charles R. Wilson,Wilson,ca11,CA111102,senior,false,William J. Clinton,Democratic,1999-05-27,1999-07-30,1999-08-09,2024-12-31,,Notre Dame Law School,1979,Well Qualified,https://www.courtlistener.com/person/3500/charles-r-wilson/,https://upload.wikimedia.org/wikipedia/commons/2/2c/Charles_R._Wilson_%28cropped%29.jpg?utm_source=commons.wikimedia.org&utm_campaign=imageinfo&utm_content=thumbnail_unscaled,https://commons.wikimedia.org/wiki/File:Charles_R._Wilson_(cropped).jpg,Public domain,false,,,false,,,false,Phase-2 sweep; FJC + CourtListener.
2636,William Holcombe Pryor Jr.,W. Pryor,ca11,CA110103,active,true,George W. Bush,Republican,2005-02-14,2005-06-09,2005-06-10,,,Tulane University Law School,1987,Qualified,https://www.courtlistener.com/person/2636/william-holcombe-pryor-jr/,https://upload.wikimedia.org/wikipedia/commons/thumb/a/ac/Portrait_of_US_federal_judge_William_H._Pryor%2C_Jr.jpg/330px-Portrait_of_US_federal_judge_William_H._Pryor%2C_Jr.jpg?utm_source=commons.wikimedia.org&utm_campaign=imageinfo&utm_content=thumbnail,"https://commons.wikimedia.org/wiki/File:Portrait_of_US_federal_judge_William_H._Pryor,_Jr.jpg",Public domain,true,contributor,https://en.wikipedia.org/w/index.php?title=William_H._Pryor_Jr.&oldid=1355357869,false,,,false,Phase-2 sweep; FJC + CourtListener.
1677,Adalberto Jose Jordan,Jordan,ca11,CA111203,active,false,Barack Obama,Democratic,2011-08-02,2012-02-15,2012-02-17,,,University of Miami School of Law,1987,Well Qualified,https://www.courtlistener.com/person/1677/adalberto-jose-jordan/,https://upload.wikimedia.org/wikipedia/commons/thumb/f/fd/Adalberto-Jordan.jpg/330px-Adalberto-Jordan.jpg?utm_source=commons.wikimedia.org&utm_campaign=imageinfo&utm_content=thumbnail,https://commons.wikimedia.org/wiki/File:Adalberto-Jordan.jpg,CC BY-SA 4.0 — credit: Miami Law Review,false,,,false,,,false,Phase-2 sweep; FJC + CourtListener.
2776,Robin Stacie Rosenbaum,Rosenbaum,ca11,CA110203,active,false,Barack Obama,Democratic,2014-01-06,2014-05-12,2014-06-02,,,University of Miami School of Law,1991,Well Qualified,https://www.courtlistener.com/person/2776/robin-stacie-rosenbaum/,https://upload.wikimedia.org/wikipedia/commons/thumb/6/67/Robin_Rosenbaum.jpg/330px-Robin_Rosenbaum.jpg?utm_source=commons.wikimedia.org&utm_campaign=imageinfo&utm_content=thumbnail,https://commons.wikimedia.org/wiki/File:Robin_Rosenbaum.jpg,Public domain,false,,,false,,,false,Phase-2 sweep; FJC + CourtListener.
540,Julie E. Carnes,J. Carnes,ca11,CA111003,senior,false,Barack Obama,Democratic,2014-01-06,2014-07-21,2014-07-31,2018-06-18,,University of Georgia School of Law,1975,Well Qualified,https://www.courtlistener.com/person/540/julie-e-carnes/,https://upload.wikimedia.org/wikipedia/commons/thumb/4/49/Julie_Carnes.jpg/330px-Julie_Carnes.jpg?utm_source=commons.wikimedia.org&utm_campaign=imageinfo&utm_content=thumbnail,https://commons.wikimedia.org/wiki/File:Julie_Carnes.jpg,Public domain,false,,,false,,,false,Phase-2 sweep; FJC + CourtListener.
2635,Jill Anne Pryor,J. Pryor,ca11,CA110403,active,false,Barack Obama,Democratic,2014-01-06,2014-09-08,2014-09-09,,,Yale Law School,1988,Well Qualified,https://www.courtlistener.com/person/2635/jill-anne-pryor/,https://upload.wikimedia.org/wikipedia/commons/thumb/d/dc/Jill_Pryor_%28Judge%29_%28cropped%29.jpg/330px-Jill_Pryor_%28Judge%29_%28cropped%29.jpg?utm_source=commons.wikimedia.org&utm_campaign=imageinfo&utm_content=thumbnail,https://commons.wikimedia.org/wiki/File:Jill_Pryor_(Judge)_(cropped).jpg,Public domain,false,,,false,,,false,Phase-2 sweep; FJC + CourtListener.
8610,Kevin Christopher Newsom,Newsom,ca11,CA110603,active,false,Donald J. Trump,Republican,2017-05-08,2017-08-01,2017-08-02,,,Harvard Law School,1997,Well Qualified,https://www.courtlistener.com/person/8610/kevin-christopher-newsom/,https://upload.wikimedia.org/wikipedia/commons/thumb/3/31/Kevin_Christopher_Newsom_%28cropped%29.jpg/330px-Kevin_Christopher_Newsom_%28cropped%29.jpg?utm_source=commons.wikimedia.org&utm_campaign=imageinfo&utm_content=thumbnail,https://commons.wikimedia.org/wiki/File:Kevin_Christopher_Newsom_(cropped).jpg,Public domain,true,member,https://en.wikipedia.org/w/index.php?title=Kevin_Newsom&oldid=1365771909,false,,,false,Phase-2 sweep; FJC + CourtListener.
7145,Elizabeth Lee Branch,Branch,ca11,CA110703,active,false,Donald J. Trump,Republican,2018-01-08,2018-02-27,2018-03-19,,,Emory University School of Law,1994,Well Qualified,https://www.courtlistener.com/person/7145/elizabeth-l-branch/,https://upload.wikimedia.org/wikipedia/commons/thumb/1/10/Branch-Public-Court-Photo.jpg/330px-Branch-Public-Court-Photo.jpg?utm_source=commons.wikimedia.org&utm_campaign=imageinfo&utm_content=thumbnail,https://commons.wikimedia.org/wiki/File:Branch-Public-Court-Photo.jpg,CC BY-SA 4.0 — credit: Hypotheticaljurisdiction,true,advisor,https://en.wikipedia.org/w/index.php?title=Elizabeth_L._Branch&oldid=1366395405,false,,,false,Phase-2 sweep; FJC + CourtListener.
8577,Britt Cagle Grant,Grant,ca11,CA111004,active,false,Donald J. Trump,Republican,2018-04-10,2018-07-31,2018-08-03,,,Stanford Law School,2007,Qualified,https://www.courtlistener.com/person/8577/britt-cagle-grant/,https://upload.wikimedia.org/wikipedia/commons/thumb/f/f4/Britt_Grant.jpg/330px-Britt_Grant.jpg?utm_source=commons.wikimedia.org&utm_campaign=imageinfo&utm_content=thumbnail,https://commons.wikimedia.org/wiki/File:Britt_Grant.jpg,Public domain,true,chapter_leader,https://en.wikipedia.org/w/index.php?title=Britt_Grant&oldid=1363343810,false,,,false,Phase-2 sweep; FJC + CourtListener.
,Robert Joshua Luck,Luck,ca11,CA110302,active,false,Donald J. Trump,Republican,2019-10-15,2019-11-19,2019-11-19,,,University of Florida Fredric G. Levin College of Law,2004,Well Qualified,,https://upload.wikimedia.org/wikipedia/commons/thumb/a/ab/Florida-Supreme-Court-Justice-Robert-Luck-2019.jpg/330px-Florida-Supreme-Court-Justice-Robert-Luck-2019.jpg?utm_source=commons.wikimedia.org&utm_campaign=imageinfo&utm_content=thumbnail,https://commons.wikimedia.org/wiki/File:Florida-Supreme-Court-Justice-Robert-Luck-2019.jpg,Public domain,false,,,false,,,false,Phase-2 sweep; FJC + CourtListener.
6958,Barbara Lagoa,Lagoa,ca11,CA110503,active,false,Donald J. Trump,Republican,2019-10-15,2019-11-20,2019-12-06,,,Columbia Law School,1992,Well Qualified,https://www.courtlistener.com/person/6958/barbara-lagoa/,https://upload.wikimedia.org/wikipedia/commons/thumb/1/15/Florida-Supreme-Court-Justice-Barbara-Lagoa-2019.jpg/330px-Florida-Supreme-Court-Justice-Barbara-Lagoa-2019.jpg?utm_source=commons.wikimedia.org&utm_campaign=imageinfo&utm_content=thumbnail,https://commons.wikimedia.org/wiki/File:Florida-Supreme-Court-Justice-Barbara-Lagoa-2019.jpg,Public domain,true,contributor,https://fedsoc.org/contributors/barbara-lagoa,false,,,false,Phase-2 sweep; FJC + CourtListener.
8552,Andrew Lynn Brasher,Brasher,ca11,CA110803,active,false,Donald J. Trump,Republican,2020-01-03,2020-02-11,2020-06-30,,,Harvard Law School,2006,Well Qualified,https://www.courtlistener.com/person/8552/andrew-lynn-brasher/,https://upload.wikimedia.org/wikipedia/commons/thumb/f/fc/Andrew_Brasher_%28cropped%29.jpg/330px-Andrew_Brasher_%28cropped%29.jpg?utm_source=commons.wikimedia.org&utm_campaign=imageinfo&utm_content=thumbnail,https://commons.wikimedia.org/wiki/File:Andrew_Brasher_(cropped).jpg,Public domain,true,member,https://en.wikipedia.org/w/index.php?title=Andrew_L._Brasher&oldid=1368801435,false,,,false,Phase-2 sweep; FJC + CourtListener.
,Nancy Gbana Abudu,Abudu,ca11,CA110903,active,false,Joseph R. Biden,Democratic,2023-01-03,2023-05-18,2023-05-26,,,Tulane University Law School,1999,Well Qualified,,https://upload.wikimedia.org/wikipedia/commons/thumb/5/55/Nancy_Abudu_%28Judge%29.jpg/330px-Nancy_Abudu_%28Judge%29.jpg?utm_source=commons.wikimedia.org&utm_campaign=imageinfo&utm_content=thumbnail,https://commons.wikimedia.org/wiki/File:Nancy_Abudu_(Judge).jpg,Public domain,false,,,false,,,false,Phase-2 sweep; FJC + CourtListener.
,Embry Jerode Kidd,Kidd,ca11,CA111103,active,false,Joseph R. Biden,Democratic,2024-05-14,2024-11-18,2025-01-02,,,Yale Law School,2008,Well Qualified,,https://upload.wikimedia.org/wikipedia/commons/4/40/Embry_J_Kidd.png,https://commons.wikimedia.org/wiki/File:Embry_J_Kidd.png,Public domain — credit: U.S. Senate Judiciary Committee,false,,,false,,,false,Phase-2 sweep; FJC + CourtListener.
1720,Amalya Lyle Kearse,Kearse,ca2,CA21301,senior,false,Jimmy Carter,Democratic,1979-05-03,1979-06-19,1979-06-21,2002-06-11,,University of Michigan Law School,1962,Well Qualified,https://www.courtlistener.com/person/1720/amalya-lyle-kearse/,,,,false,,,false,,,false,Phase-2 sweep; FJC + CourtListener.
2400,Jon Ormond Newman,Newman,ca2,CA21201,senior,false,Jimmy Carter,Democratic,1979-04-30,1979-06-19,1979-06-21,1997-07-01,,Yale Law School,1956,,https://www.courtlistener.com/person/2400/jon-ormond-newman/,https://upload.wikimedia.org/wikipedia/commons/b/bc/Jon_O._Newman.jpg?utm_source=commons.wikimedia.org&utm_campaign=imageinfo&utm_content=thumbnail_unscaled,https://commons.wikimedia.org/wiki/File:Jon_O._Newman.jpg,Public domain,false,,,false,,,false,Phase-2 sweep; FJC + CourtListener. [[note]] No ABA rating on file for this (2nd Cir.) appointment in FJC's data. His prior D. Conn. appointment (1971) was rated Qualified.
3344,John Mercer Walker Jr.,Walker,ca2,CA20902,senior,false,George H.W. Bush,Republican,1989-09-21,1989-11-22,1989-11-27,2006-09-30,,University of Michigan Law School,1966,Well Qualified,https://www.courtlistener.com/person/3344/john-mercer-walker-jr/,https://upload.wikimedia.org/wikipedia/commons/3/3f/John_M._Walker%2C_Jr..JPG?utm_source=commons.wikimedia.org&utm_campaign=imageinfo&utm_content=thumbnail_unscaled,"https://commons.wikimedia.org/wiki/File:John_M._Walker,_Jr..JPG",Public domain,false,,,false,,,false,Phase-2 sweep; FJC + CourtListener.
1614,Dennis G. Jacobs,Jacobs,ca2,CA21103,senior,false,George H.W. Bush,Republican,1992-03-20,1992-09-29,1992-10-02,2019-05-31,,New York University School of Law,1973,Qualified,https://www.courtlistener.com/person/1614/dennis-g-jacobs/,,,,false,,,false,,,false,Phase-2 sweep; FJC + CourtListener.
1916,Pierre Nelson Leval,Leval,ca2,CA20805,senior,false,William J. Clinton,Democratic,1993-08-06,1993-10-18,1993-10-20,2002-08-16,,Harvard Law School,1963,Well Qualified,https://www.courtlistener.com/person/1916/pierre-nelson-leval/,,,,false,,,false,,,false,Phase-2 sweep; FJC + CourtListener.
506,Guido Calabresi,Calabresi,ca2,CA20309,senior,false,William J. Clinton,Democratic,1994-02-09,1994-07-18,1994-07-21,2009-07-21,,Yale Law School,1958,Well Qualified,https://www.courtlistener.com/person/506/guido-calabresi/,,,,false,,,false,,,false,Phase-2 sweep; FJC + CourtListener.
497,José Alberto Cabranes,Cabranes,ca2,CA20208,senior,false,William J. Clinton,Democratic,1994-05-24,1994-08-09,1994-08-10,2023-03-09,,Yale Law School,1965,Well Qualified,https://www.courtlistener.com/person/497/jose-alberto-cabranes/,https://upload.wikimedia.org/wikipedia/commons/e/eb/JoseACabranes.jpg?utm_source=commons.wikimedia.org&utm_campaign=imageinfo&utm_content=thumbnail_unscaled,https://commons.wikimedia.org/wiki/File:JoseACabranes.jpg,Public domain,false,,,false,,,false,Phase-2 sweep; FJC + CourtListener.
2823,Robert David Sack,Sack,ca2,CA21402,senior,false,William J. Clinton,Democratic,1997-11-06,1998-06-15,1998-06-16,2009-08-06,,Columbia Law School,1963,Qualified,https://www.courtlistener.com/person/2823/robert-david-sack/,https://upload.wikimedia.org/wikipedia/commons/thumb/d/de/Judicial_Portrait_RDS.jpg/330px-Judicial_Portrait_RDS.jpg?utm_source=commons.wikimedia.org&utm_campaign=imageinfo&utm_content=thumbnail,https://commons.wikimedia.org/wiki/File:Judicial_Portrait_RDS.jpg,Public domain,false,,,false,,,false,Phase-2 sweep; FJC + CourtListener.
2499,Barrington Daniels Parker Jr.,Parker,ca2,CA20408,senior,false,George W. Bush,Republican,2001-09-04,2001-10-11,2001-10-16,2009-10-10,,Yale Law School,1969,Well Qualified,https://www.courtlistener.com/person/2499/barrington-daniels-parker-jr/,,,,false,,,false,,,false,Phase-2 sweep; FJC + CourtListener.
2649,Reena Raggi,Raggi,ca2,CA21302,senior,false,George W. Bush,Republican,2002-05-01,2002-09-20,2002-10-04,2018-08-31,,Harvard Law School,1976,Well Qualified,https://www.courtlistener.com/person/2649/reena-raggi/,https://upload.wikimedia.org/wikipedia/commons/a/a1/Judge_Reena_Raggi.jpg?utm_source=commons.wikimedia.org&utm_campaign=imageinfo&utm_content=thumbnail_unscaled,https://commons.wikimedia.org/wiki/File:Judge_Reena_Raggi.jpg,Public domain,false,,,false,,,false,Phase-2 sweep; FJC + CourtListener.
3427,Richard C. Wesley,Wesley,ca2,CA20806,senior,false,George W. Bush,Republican,2003-03-05,2003-06-11,2003-06-12,2016-08-01,,Cornell Law School,1974,Well Qualified,https://www.courtlistener.com/person/3427/richard-c-wesley/,https://upload.wikimedia.org/wikipedia/commons/thumb/8/86/Richard_C._Wesley.jpg/330px-Richard_C._Wesley.jpg?utm_source=commons.wikimedia.org&utm_campaign=imageinfo&utm_content=thumbnail,https://commons.wikimedia.org/wiki/File:Richard_C._Wesley.jpg,CC BY-SA 4.0 — credit: Photo courtesy of the University of Albany,false,,,false,,,false,Phase-2 sweep; FJC + CourtListener.
1951,Debra Ann Livingston,Livingston,ca2,CA20903,senior,false,George W. Bush,Republican,2007-01-09,2007-05-09,2007-05-17,2026-07-01,,Harvard Law School,1984,Well Qualified,https://www.courtlistener.com/person/1951/debra-ann-livingston/,https://upload.wikimedia.org/wikipedia/commons/1/16/Debra_Ann_Livingston.jpg?utm_source=commons.wikimedia.org&utm_campaign=imageinfo&utm_content=thumbnail_unscaled,https://commons.wikimedia.org/wiki/File:Debra_Ann_Livingston.jpg,Public domain,false,,,false,,,false,Phase-2 sweep; FJC + CourtListener.
1996,Gerard E. Lynch,Lynch,ca2,CA21006,senior,false,Barack Obama,Democratic,2009-04-02,2009-09-17,2009-09-18,2016-09-05,,Columbia Law School,1975,Well Qualified,https://www.courtlistener.com/person/1996/gerard-e-lynch/,https://upload.wikimedia.org/wikipedia/commons/5/58/Gerard_E._Lynch_%28cropped%29.jpg?utm_source=commons.wikimedia.org&utm_campaign=imageinfo&utm_content=thumbnail_unscaled,https://commons.wikimedia.org/wiki/File:Gerard_E._Lynch_(cropped).jpg,Public domain,false,,,false,,,false,Phase-2 sweep; FJC + CourtListener.
607,Denny Chin,Chin,ca2,CA21403,senior,false,Barack Obama,Democratic,2009-10-06,2010-04-22,2010-04-23,2021-06-01,,Fordham University School of Law,1978,Well Qualified,https://www.courtlistener.com/person/607/denny-chin/,https://upload.wikimedia.org/wikipedia/commons/thumb/7/71/Denny_Chin.jpg/330px-Denny_Chin.jpg?utm_source=commons.wikimedia.org&utm_campaign=imageinfo&utm_content=thumbnail,https://commons.wikimedia.org/wiki/File:Denny_Chin.jpg,CC BY-SA 3.0 — credit: Sue Kim,false,,,false,,,false,Phase-2 sweep; FJC + CourtListener.
1958,Raymond Joseph Lohier Jr.,Lohier,ca2,CA21503,active,true,Barack Obama,Democratic,2010-03-10,2010-12-19,2010-12-20,,,New York University School of Law,1991,Qualified,https://www.courtlistener.com/person/1958/raymond-joseph-lohier-jr/,https://upload.wikimedia.org/wikipedia/commons/2/27/Raymond_Lohier_%28cropped%29.jpg?utm_source=commons.wikimedia.org&utm_campaign=imageinfo&utm_content=thumbnail_unscaled,https://commons.wikimedia.org/wiki/File:Raymond_Lohier_(cropped).jpg,Public domain,false,,,false,,,false,Phase-2 sweep; FJC + CourtListener.
542,Susan Laura Carney,Carney,ca2,CA20409,senior,false,Barack Obama,Democratic,2011-01-05,2011-05-17,2011-05-17,2022-09-27,,Harvard Law School,1977,Qualified,https://www.courtlistener.com/person/542/susan-laura-carney/,https://upload.wikimedia.org/wikipedia/commons/thumb/6/6f/Susan_L_Carney.png/330px-Susan_L_Carney.png?utm_source=commons.wikimedia.org&utm_campaign=imageinfo&utm_content=thumbnail,https://commons.wikimedia.org/wiki/File:Susan_L_Carney.png,Public domain,false,,,false,,,false,Phase-2 sweep; FJC + CourtListener.
3138,Richard Joseph Sullivan,Sullivan,ca2,CA20807,active,false,Donald J. Trump,Republican,2018-05-07,2018-10-11,2018-10-17,,,Yale Law School,1990,Well Qualified,https://www.courtlistener.com/person/3138/richard-joseph-sullivan/,https://upload.wikimedia.org/wikipedia/commons/thumb/4/44/Richard_J._Sullivan.jpg/330px-Richard_J._Sullivan.jpg?utm_source=commons.wikimedia.org&utm_campaign=imageinfo&utm_content=thumbnail,https://commons.wikimedia.org/wiki/File:Richard_J._Sullivan.jpg,CC BY-SA 3.0 — credit: Richard J. Sullivan,true,member,https://en.wikipedia.org/w/index.php?title=Richard_J._Sullivan&oldid=1371304210,false,,,false,Phase-2 sweep; FJC + CourtListener.
268,Joseph Frank Bianco,Bianco,ca2,CA21303,active,false,Donald J. Trump,Republican,2019-01-23,2019-05-08,2019-05-13,,,Columbia Law School,1991,Well Qualified,https://www.courtlistener.com/person/268/joseph-frank-bianco/,https://upload.wikimedia.org/wikipedia/commons/b/b4/Joseph_Frank_Bianco.JPG?utm_source=commons.wikimedia.org&utm_campaign=imageinfo&utm_content=thumbnail_unscaled,https://commons.wikimedia.org/wiki/File:Joseph_Frank_Bianco.JPG,Public domain,true,member,https://en.wikipedia.org/w/index.php?title=Joseph_F._Bianco&oldid=1363344144,false,,,false,Phase-2 sweep; FJC + CourtListener.
8620,Michael Hun Park,Park,ca2,CA21007,active,false,Donald J. Trump,Republican,2019-01-23,2019-05-09,2019-05-13,,,Yale Law School,2001,Well Qualified,https://www.courtlistener.com/person/8620/michael-hun-park/,https://upload.wikimedia.org/wikipedia/commons/thumb/2/21/Michael_H._Park_%28Judge%29_cropped.jpg/330px-Michael_H._Park_%28Judge%29_cropped.jpg?utm_source=commons.wikimedia.org&utm_campaign=imageinfo&utm_content=thumbnail,https://commons.wikimedia.org/wiki/File:Michael_H._Park_(Judge)_cropped.jpg,CC0,true,member,https://en.wikipedia.org/w/index.php?title=Michael_H._Park&oldid=1371056305,false,,,false,Phase-2 sweep; FJC + CourtListener.
15376,Steven James Menashi,Menashi,ca2,CA21104,active,false,Donald J. Trump,Republican,2019-09-09,2019-11-14,2019-11-14,,,Stanford Law School,2008,Well Qualified,https://www.courtlistener.com/person/15376/steven-james-menashi/,https://upload.wikimedia.org/wikipedia/commons/thumb/c/c8/Steven-Menashi-Headshot.jpg/330px-Steven-Menashi-Headshot.jpg?utm_source=commons.wikimedia.org&utm_campaign=imageinfo&utm_content=thumbnail,https://commons.wikimedia.org/wiki/File:Steven-Menashi-Headshot.jpg,CC BY-SA 4.0 — credit: Hypotheticaljurisdiction,false,,,false,,,false,Phase-2 sweep; FJC + CourtListener.
14411,William Joseph Nardini,Nardini,ca2,CA20311,active,false,Donald J. Trump,Republican,2019-09-19,2019-11-07,2019-11-14,,,Yale Law School,1994,Well Qualified,https://www.courtlistener.com/person/14411/william-joseph-nardini/,https://upload.wikimedia.org/wikipedia/commons/thumb/b/b5/William_Nardini_%28Judge%29_%28cropped%29.jpg/330px-William_Nardini_%28Judge%29_%28cropped%29.jpg?utm_source=commons.wikimedia.org&utm_campaign=imageinfo&utm_content=thumbnail,https://commons.wikimedia.org/wiki/File:William_Nardini_(Judge)_(cropped).jpg,Public domain,false,,,false,,,false,Phase-2 sweep; FJC + CourtListener.
,Eunice Cheryl Lee,Lee,ca2,CA21203,active,false,Joseph R. Biden,Democratic,2021-05-12,2021-08-07,2021-08-16,,,Yale Law School,1996,Well Qualified,,https://upload.wikimedia.org/wikipedia/commons/a/aa/Eunice_Lee.png?utm_source=commons.wikimedia.org&utm_campaign=imageinfo&utm_content=thumbnail_unscaled,https://commons.wikimedia.org/wiki/File:Eunice_Lee.png,Public domain,false,,,false,,,false,Phase-2 sweep; FJC + CourtListener.
5909,Beth Robinson,Robinson,ca2,CA20706,active,false,Joseph R. Biden,Democratic,2021-08-05,2021-11-01,2021-11-05,,,University of Chicago Law School,1989,Well Qualified,https://www.courtlistener.com/person/5909/beth-robinson/,https://upload.wikimedia.org/wikipedia/commons/thumb/0/03/Beth_Robinson_%28Judge%29_%28cropped%29.jpg/330px-Beth_Robinson_%28Judge%29_%28cropped%29.jpg?utm_source=commons.wikimedia.org&utm_campaign=imageinfo&utm_content=thumbnail,https://commons.wikimedia.org/wiki/File:Beth_Robinson_(Judge)_(cropped).jpg,Public domain,false,,,false,,,false,Phase-2 sweep; FJC + CourtListener.
,Myrna Pérez,Pérez,ca2,CA21404,active,false,Joseph R. Biden,Democratic,2021-06-15,2021-10-25,2021-11-12,,,Columbia Law School,2003,Qualified,,https://upload.wikimedia.org/wikipedia/commons/thumb/a/a3/Myrna_Perez_%28Judge%29_%28cropped%29.jpg/330px-Myrna_Perez_%28Judge%29_%28cropped%29.jpg?utm_source=commons.wikimedia.org&utm_campaign=imageinfo&utm_content=thumbnail,https://commons.wikimedia.org/wiki/File:Myrna_Perez_(Judge)_(cropped).jpg,Public domain,false,,,false,,,false,Phase-2 sweep; FJC + CourtListener.
2374,Alison Julie Nathan,Nathan,ca2,CA20110,active,false,Joseph R. Biden,Democratic,2022-01-03,2022-03-23,2022-03-30,,,Cornell Law School,2000,Well Qualified,https://www.courtlistener.com/person/2374/alison-julie-nathan/,https://upload.wikimedia.org/wikipedia/commons/thumb/f/f2/Hon.NathanPortrait_%28cropped%29.jpg/330px-Hon.NathanPortrait_%28cropped%29.jpg?utm_source=commons.wikimedia.org&utm_campaign=imageinfo&utm_content=thumbnail,https://commons.wikimedia.org/wiki/File:Hon.NathanPortrait_(cropped).jpg,CC BY-SA 4.0 — credit: 57nineteen,false,,,false,,,false,Phase-2 sweep; FJC + CourtListener.
9129,Sarah Ann Leilani Merriam,Merriam,ca2,CA20410,active,false,Joseph R. Biden,Democratic,2022-05-19,2022-09-15,2022-09-23,,,Yale Law School,2000,Well Qualified,https://www.courtlistener.com/person/9129/sarah-al-merriam/,https://upload.wikimedia.org/wikipedia/commons/thumb/f/f4/Judge_Sarah_Merriam.png/330px-Judge_Sarah_Merriam.png?utm_source=commons.wikimedia.org&utm_campaign=imageinfo&utm_content=thumbnail,https://commons.wikimedia.org/wiki/File:Judge_Sarah_Merriam.png,Public domain,false,,,false,,,false,Phase-2 sweep; FJC + CourtListener.
,Maria Araujo Kahn,Kahn,ca2,CA20209,active,false,Joseph R. Biden,Democratic,2023-01-03,2023-03-09,2023-03-10,,,Fordham University School of Law,1989,Well Qualified,,https://upload.wikimedia.org/wikipedia/commons/thumb/4/49/Maria_A._Kahn_Nomination_Hearing.png/330px-Maria_A._Kahn_Nomination_Hearing.png?utm_source=commons.wikimedia.org&utm_campaign=imageinfo&utm_content=thumbnail,https://commons.wikimedia.org/wiki/File:Maria_A._Kahn_Nomination_Hearing.png,Public domain,false,,,false,,,false,Phase-2 sweep; FJC + CourtListener.
2883,Anthony Joseph Scirica,Scirica,ca3,CA30704,senior,false,Ronald Reagan,Republican,1987-06-26,1987-08-05,1987-08-06,2013-07-01,,University of Michigan Law School,1965,,https://www.courtlistener.com/person/2883/anthony-joseph-scirica/,https://upload.wikimedia.org/wikipedia/commons/1/1c/Anthony_J._Scirica_Circuit_Judge.jpg?utm_source=commons.wikimedia.org&utm_campaign=imageinfo&utm_content=thumbnail_unscaled,https://commons.wikimedia.org/wiki/File:Anthony_J._Scirica_Circuit_Judge.jpg,Public domain,false,,,false,,,false,Phase-2 sweep; FJC + CourtListener. [[note]] No ABA rating on file for this (3rd Cir.) appointment in FJC's data. His prior E.D. Pa. appointment (1984) was rated Well Qualified.
741,Robert E. Cowen,Cowen,ca3,CA30307,senior,false,Ronald Reagan,Republican,1987-08-07,1987-11-06,1987-11-09,1998-09-04,,Rutgers School of Law -- Newark,1958,Qualified,https://www.courtlistener.com/person/741/robert-e-cowen/,https://upload.wikimedia.org/wikipedia/commons/thumb/6/6f/Judge_Robert_E._Cowen_2020.jpg/330px-Judge_Robert_E._Cowen_2020.jpg?utm_source=commons.wikimedia.org&utm_campaign=imageinfo&utm_content=thumbnail,https://commons.wikimedia.org/wiki/File:Judge_Robert_E._Cowen_2020.jpg,CC BY-SA 4.0 — credit: Evecowen,false,,,false,,,false,Phase-2 sweep; FJC + CourtListener.
2439,Richard Lowell Nygaard,Nygaard,ca3,CA30107,senior,false,Ronald Reagan,Republican,1988-05-25,1988-10-14,1988-10-17,2005-07-09,,University of Michigan Law School,1971,Qualified,https://www.courtlistener.com/person/2439/richard-lowell-nygaard/,,,,false,,,false,,,false,Phase-2 sweep; FJC + CourtListener.
2794,Jane Richards Roth,Roth,ca3,CA30603,senior,false,George H.W. Bush,Republican,1991-05-16,1991-06-27,1991-07-02,2006-05-31,,Harvard Law School,1965,Well Qualified,https://www.courtlistener.com/person/2794/jane-richards-roth/,,,,false,,,false,,,false,Phase-2 sweep; FJC + CourtListener.
2151,Theodore Alexander McKee,McKee,ca3,CA30904,senior,false,William J. Clinton,Democratic,1994-03-22,1994-06-08,1994-06-09,2022-10-20,,Syracuse University College of Law,1975,Qualified,https://www.courtlistener.com/person/2151/theodore-alexander-mckee/,https://upload.wikimedia.org/wikipedia/commons/thumb/b/b0/Theodore.McKee424.jpg/330px-Theodore.McKee424.jpg?utm_source=commons.wikimedia.org&utm_campaign=imageinfo&utm_content=thumbnail,https://commons.wikimedia.org/wiki/File:Theodore.McKee424.jpg,CC BY-SA 3.0 — credit: SPDuffy527,false,,,false,,,false,Phase-2 sweep; FJC + CourtListener.
2697,Marjorie O. Rendell,Rendell,ca3,CA30210,senior,false,William J. Clinton,Democratic,1997-01-07,1997-09-26,1997-09-29,2015-07-01,,Villanova University School of Law,1973,Well Qualified,https://www.courtlistener.com/person/2697/marjorie-o-rendell/,https://upload.wikimedia.org/wikipedia/commons/7/74/Marjorie_Rendell.jpg,https://commons.wikimedia.org/wiki/File:Marjorie_Rendell.jpg,"CC BY 2.0 — credit: Flickr user “Cliff” (28567825@N03), Commons license-reviewed 2009-07-01",false,,,false,,,false,Phase-2 sweep; FJC + CourtListener.
94,Thomas L. Ambro,Ambro,ca3,CA31302,senior,false,William J. Clinton,Democratic,1999-09-28,2000-02-10,2000-02-16,2023-02-06,,Georgetown University Law Center,1975,Well Qualified,https://www.courtlistener.com/person/94/thomas-l-ambro/,https://upload.wikimedia.org/wikipedia/commons/thumb/6/60/Judge_Thomas_L._Ambro.jpg/330px-Judge_Thomas_L._Ambro.jpg?utm_source=commons.wikimedia.org&utm_campaign=imageinfo&utm_content=thumbnail,https://commons.wikimedia.org/wiki/File:Judge_Thomas_L._Ambro.jpg,Public domain,false,,,false,,,false,Phase-2 sweep; FJC + CourtListener.
1130,Julio M. Fuentes,Fuentes,ca3,CA30308,senior,false,William J. Clinton,Democratic,1999-03-08,2000-03-07,2000-03-09,2016-07-18,,State University of New York at Buffalo Law School,1975,Qualified,https://www.courtlistener.com/person/1130/julio-m-fuentes/,,,,false,,,false,,,false,Phase-2 sweep; FJC + CourtListener.
3003,D[avid] Brooks Smith,Smith,ca3,CA31402,senior,false,George W. Bush,Republican,2001-09-10,2002-07-31,2002-08-02,2021-12-04,,Dickinson School of Law (now Penn State Dickinson Law),1976,Well Qualified,https://www.courtlistener.com/person/3003/david-brooks-smith/,https://upload.wikimedia.org/wikipedia/commons/thumb/5/59/Judge_D._Brooks_Smith.jpg/330px-Judge_D._Brooks_Smith.jpg?utm_source=commons.wikimedia.org&utm_campaign=imageinfo&utm_content=thumbnail,https://commons.wikimedia.org/wiki/File:Judge_D._Brooks_Smith.jpg,Public domain,false,,,false,,,false,Phase-2 sweep; FJC + CourtListener.
1063,D. Michael Fisher,Fisher,ca3,CA31202,senior,false,George W. Bush,Republican,2003-05-01,2003-12-09,2003-12-11,2017-02-01,,Georgetown University Law Center,1969,Well Qualified,https://www.courtlistener.com/person/1063/dennis-michael-fisher/,https://upload.wikimedia.org/wikipedia/commons/b/b6/MikeFisher_%28cropped%29.jpg?utm_source=commons.wikimedia.org&utm_campaign=imageinfo&utm_content=thumbnail_unscaled,https://commons.wikimedia.org/wiki/File:MikeFisher_(cropped).jpg,Public domain,false,,,false,,,false,Phase-2 sweep; FJC + CourtListener.
583,Michael A. Chagares,Chagares,ca3,CA30806,active,true,George W. Bush,Republican,2006-01-25,2006-04-04,2006-04-20,,,Seton Hall University School of Law,1987,Well Qualified,https://www.courtlistener.com/person/583/michael-a-chagares/,https://upload.wikimedia.org/wikipedia/commons/9/97/Michael_A_Chagares.jpg?utm_source=commons.wikimedia.org&utm_campaign=imageinfo&utm_content=thumbnail_unscaled,https://commons.wikimedia.org/wiki/File:Michael_A_Chagares.jpg,Public domain,false,,,false,,,false,Phase-2 sweep; FJC + CourtListener.
1363,Thomas Michael Hardiman,Hardiman,ca3,CA30108,active,false,George W. Bush,Republican,2007-01-09,2007-03-15,2007-04-02,,,Georgetown University Law Center,1990,Well Qualified,https://www.courtlistener.com/person/1363/thomas-michael-hardiman/,https://upload.wikimedia.org/wikipedia/commons/6/62/Judge_Thomas_M._Hardiman.jpg?utm_source=commons.wikimedia.org&utm_campaign=imageinfo&utm_content=thumbnail_unscaled,https://commons.wikimedia.org/wiki/File:Judge_Thomas_M._Hardiman.jpg,Public domain,true,contributor,https://fedsoc.org/contributors/thomas-hardiman-1,false,,,false,Phase-2 sweep; FJC + CourtListener.
2961,Patty Shwartz,Shwartz,ca3,CA31503,active,false,Barack Obama,Democratic,2013-01-04,2013-04-09,2013-04-10,,,University of Pennsylvania Law School (now Carey Law School),1986,Well Qualified,https://www.courtlistener.com/person/2961/patty-shwartz/,https://upload.wikimedia.org/wikipedia/commons/c/c4/Patty_Shwartz.jpg?utm_source=commons.wikimedia.org&utm_campaign=imageinfo&utm_content=thumbnail_unscaled,https://commons.wikimedia.org/wiki/File:Patty_Shwartz.jpg,Public domain,false,,,false,,,false,Phase-2 sweep; FJC + CourtListener.
1820,Cheryl Ann Krause,Krause,ca3,CA31102,active,false,Barack Obama,Democratic,2014-02-06,2014-07-07,2014-07-09,,,Stanford Law School,1993,Well Qualified,https://www.courtlistener.com/person/1820/cheryl-ann-krause/,https://upload.wikimedia.org/wikipedia/commons/7/7f/Cheryl_Ann_Krause.jpg?utm_source=commons.wikimedia.org&utm_campaign=imageinfo&utm_content=thumbnail_unscaled,https://commons.wikimedia.org/wiki/File:Cheryl_Ann_Krause.jpg,Public domain,false,,,false,,,false,Phase-2 sweep; FJC + CourtListener.
2701,Luis Felipe Restrepo,Restrepo,ca3,CA30705,active,false,Barack Obama,Democratic,2015-01-07,2016-01-11,2016-01-13,,,Tulane University Law School,1986,Well Qualified,https://www.courtlistener.com/person/2701/luis-felipe-restrepo/,https://upload.wikimedia.org/wikipedia/commons/thumb/f/f2/L._Felipe_Restrepo.jpg/330px-L._Felipe_Restrepo.jpg?utm_source=commons.wikimedia.org&utm_campaign=imageinfo&utm_content=thumbnail,https://commons.wikimedia.org/wiki/File:L._Felipe_Restrepo.jpg,Public domain,false,,,false,,,false,Phase-2 sweep; FJC + CourtListener.
8548,Stephanos Bibas,Bibas,ca3,CA30211,active,false,Donald J. Trump,Republican,2017-06-19,2017-11-02,2017-11-20,,,Yale Law School,1994,Well Qualified,https://www.courtlistener.com/person/8548/stephanos-bibas/,https://upload.wikimedia.org/wikipedia/commons/thumb/b/b1/Stephanos_Bibas.png/330px-Stephanos_Bibas.png?utm_source=commons.wikimedia.org&utm_campaign=imageinfo&utm_content=thumbnail,https://commons.wikimedia.org/wiki/File:Stephanos_Bibas.png,Public domain,true,member,https://en.wikipedia.org/w/index.php?title=Stephanos_Bibas&oldid=1366132722,false,,,false,Phase-2 sweep; FJC + CourtListener.
8624,David James Porter,Porter,ca3,CA31203,active,false,Donald J. Trump,Republican,2018-04-12,2018-10-11,2018-10-15,,,George Mason University School of Law (now Antonin Scalia Law School),1992,Qualified,https://www.courtlistener.com/person/8624/david-james-porter/,https://upload.wikimedia.org/wikipedia/commons/thumb/a/a1/David_Porter_%28cropped%29.jpg/330px-David_Porter_%28cropped%29.jpg?utm_source=commons.wikimedia.org&utm_campaign=imageinfo&utm_content=thumbnail,https://commons.wikimedia.org/wiki/File:David_Porter_(cropped).jpg,Public domain,false,,,false,,,false,Phase-2 sweep; FJC + CourtListener.
8599,Paul Brian Matey,Matey,ca3,CA30309,active,false,Donald J. Trump,Republican,2019-01-23,2019-03-12,2019-03-18,,,Seton Hall University School of Law,2001,Qualified,https://www.courtlistener.com/person/8599/paul-brian-matey/,https://upload.wikimedia.org/wikipedia/commons/thumb/5/56/Honorable_Paul_Matey.jpg/330px-Honorable_Paul_Matey.jpg?utm_source=commons.wikimedia.org&utm_campaign=imageinfo&utm_content=thumbnail,https://commons.wikimedia.org/wiki/File:Honorable_Paul_Matey.jpg,CC BY-SA 4.0 — credit: ToddRothsteinphoto,true,member,https://en.wikipedia.org/w/index.php?title=Paul_Matey&oldid=1363936193,false,,,false,Phase-2 sweep; FJC + CourtListener.
8623,Peter Joseph Phipps,Phipps,ca3,CA31006,active,false,Donald J. Trump,Republican,2019-05-13,2019-07-16,2019-07-17,,,Stanford Law School,1998,Well Qualified,https://www.courtlistener.com/person/8623/peter-joseph-phipps/,https://upload.wikimedia.org/wikipedia/commons/thumb/e/ec/JudgePPhipps.jpg/330px-JudgePPhipps.jpg?utm_source=commons.wikimedia.org&utm_campaign=imageinfo&utm_content=thumbnail,https://commons.wikimedia.org/wiki/File:JudgePPhipps.jpg,Public domain,false,,,false,,,false,Phase-2 sweep; FJC + CourtListener.
,Arianna Julia Freeman,Freeman,ca3,CA30905,active,false,Joseph R. Biden,Democratic,2022-01-19,2022-09-29,2022-10-20,,,Yale Law School,2007,Well Qualified,,https://upload.wikimedia.org/wikipedia/commons/thumb/3/36/Arianna_Freeman.jpg/330px-Arianna_Freeman.jpg?utm_source=commons.wikimedia.org&utm_campaign=imageinfo&utm_content=thumbnail,https://commons.wikimedia.org/wiki/File:Arianna_Freeman.jpg,Public domain,false,,,false,,,false,Phase-2 sweep; FJC + CourtListener.
,Tamika Renee Montgomery-Reeves,Montgomery-Reeves,ca3,CA31303,active,false,Joseph R. Biden,Democratic,2022-07-11,2022-12-12,2023-02-07,,,University of Georgia School of Law,2006,Well Qualified,,https://upload.wikimedia.org/wikipedia/commons/thumb/f/fe/Tamika_Montgomery-Reeves.jpg/330px-Tamika_Montgomery-Reeves.jpg?utm_source=commons.wikimedia.org&utm_campaign=imageinfo&utm_content=thumbnail,https://commons.wikimedia.org/wiki/File:Tamika_Montgomery-Reeves.jpg,Public domain,false,,,false,,,false,Phase-2 sweep; FJC + CourtListener.
,Cindy Kyounga Chung,Chung,ca3,CA31403,active,false,Joseph R. Biden,Democratic,2023-01-03,2023-02-13,2023-02-21,,,Columbia Law School,2002,Well Qualified,,https://upload.wikimedia.org/wikipedia/commons/thumb/6/60/Cindy_K._Chung%2C_U.S._Attorney_official.jpg/330px-Cindy_K._Chung%2C_U.S._Attorney_official.jpg?utm_source=commons.wikimedia.org&utm_campaign=imageinfo&utm_content=thumbnail,"https://commons.wikimedia.org/wiki/File:Cindy_K._Chung,_U.S._Attorney_official.jpg",Public domain,false,,,false,,,false,Phase-2 sweep; FJC + CourtListener.
,Emil Joseph Bove III,Bove,ca3,CA30507,active,false,Donald J. Trump,Republican,2025-06-16,2025-07-29,2025-08-20,,,Georgetown University Law Center,2008,Well Qualified,,https://upload.wikimedia.org/wikipedia/commons/8/8b/Emil_Bove%2C_official_portrait_%282026%29.jpg,"https://commons.wikimedia.org/wiki/File:Emil_Bove,_official_portrait_(2026).jpg",Public domain (PD-USGov-Judiciary) — credit: U.S. Court of Appeals for the Third Circuit,false,,,false,,,false,Phase-2 sweep; FJC + CourtListener.
,Jennifer Lee Mascott,Mascott,ca3,CA30605,active,false,Donald J. Trump,Republican,2025-09-02,2025-10-09,2025-10-10,,,George Washington University Law School,2006,Qualified,,https://upload.wikimedia.org/wikipedia/commons/e/e6/Jennifer_Mascott.png,https://commons.wikimedia.org/wiki/File:Jennifer_Mascott.png,Public domain (PD-USGov) — credit: U.S. Senate Judiciary Committee,false,,,false,,,false,Phase-2 sweep; FJC + CourtListener.
3477,James Harvie Wilkinson III,Wilkinson,ca4,CA40603,active,false,Ronald Reagan,Republican,1984-01-30,1984-08-09,1984-08-13,,,University of Virginia School of Law,1972,Qualified,https://www.courtlistener.com/person/3477/james-harvie-wilkinson-iii/,https://upload.wikimedia.org/wikipedia/commons/1/16/Wilbeck.jpg?utm_source=commons.wikimedia.org&utm_campaign=imageinfo&utm_content=thumbnail_unscaled,https://commons.wikimedia.org/wiki/File:Wilbeck.jpg,Public domain,false,,,false,,,false,Phase-2 sweep; FJC + CourtListener.
2412,Paul Victor Niemeyer,Niemeyer,ca4,CA40702,active,false,George H.W. Bush,Republican,1990-05-11,1990-08-03,1990-08-07,,,Notre Dame Law School,1966,Well Qualified,https://www.courtlistener.com/person/2412/paul-victor-niemeyer/,https://upload.wikimedia.org/wikipedia/commons/f/fb/Paul_V._Niemeyer%2C_U.S._District_Court_Judge.jpg?utm_source=commons.wikimedia.org&utm_campaign=imageinfo&utm_content=thumbnail_unscaled,"https://commons.wikimedia.org/wiki/File:Paul_V._Niemeyer,_U.S._District_Court_Judge.jpg",Public domain,false,,,false,,,false,Phase-2 sweep; FJC + CourtListener.
2336,Diana Jane Gribbon Motz,Motz,ca4,CA41501,senior,false,William J. Clinton,Democratic,1994-01-27,1994-06-15,1994-06-16,2022-09-30,,University of Virginia School of Law,1968,Well Qualified,https://www.courtlistener.com/person/2336/diana-jane-gribbon-motz/,https://upload.wikimedia.org/wikipedia/commons/6/66/Diana_Gribbon_Motz_%28cropped%29.jpg?utm_source=commons.wikimedia.org&utm_campaign=imageinfo&utm_content=thumbnail_unscaled,https://commons.wikimedia.org/wiki/File:Diana_Gribbon_Motz_(cropped).jpg,Public domain,false,,,false,,,false,Phase-2 sweep; FJC + CourtListener.
3255,William Byrd Traxler Jr.,Traxler,ca4,CA40108,senior,false,William J. Clinton,Democratic,1998-07-10,1998-09-28,1998-10-01,2018-08-31,,University of South Carolina School of Law,1973,Well Qualified,https://www.courtlistener.com/person/3255/william-byrd-traxler-jr/,https://upload.wikimedia.org/wikipedia/commons/thumb/1/1f/Judge_William_Traxler.png/330px-Judge_William_Traxler.png?utm_source=commons.wikimedia.org&utm_campaign=imageinfo&utm_content=thumbnail,https://commons.wikimedia.org/wiki/File:Judge_William_Traxler.png,Public domain,false,,,false,,,false,Phase-2 sweep; FJC + CourtListener.
1780,Robert Bruce King,King,ca4,CA40207,active,false,William J. Clinton,Democratic,1998-06-24,1998-10-08,1998-10-09,,,West Virginia University College of Law,1968,Well Qualified,https://www.courtlistener.com/person/1780/robert-bruce-king/,https://upload.wikimedia.org/wikipedia/commons/5/56/Robert_Bruce_King_%28cropped%29.jpg?utm_source=commons.wikimedia.org&utm_campaign=imageinfo&utm_content=thumbnail_unscaled,https://commons.wikimedia.org/wiki/File:Robert_Bruce_King_(cropped).jpg,Public domain,false,,,false,,,false,Phase-2 sweep; FJC + CourtListener.
1281,Roger L. Gregory,Gregory,ca4,CA41601,active,false,William J. Clinton,Democratic,2001-05-09,2001-07-20,2001-07-25,,,University of Michigan Law School,1978,Qualified,https://www.courtlistener.com/person/1281/roger-l-gregory/,https://upload.wikimedia.org/wikipedia/commons/c/c9/Jrogergregory.jpg?utm_source=commons.wikimedia.org&utm_campaign=imageinfo&utm_content=thumbnail_unscaled,https://commons.wikimedia.org/wiki/File:Jrogergregory.jpg,Public domain,false,,,false,,,false,Phase-2 sweep; FJC + CourtListener.
64,G. Steven Agee,Agee,ca4,CA41402,active,false,George W. Bush,Republican,2008-03-13,2008-05-20,2008-07-01,,,University of Virginia School of Law,1977,Well Qualified,https://www.courtlistener.com/person/64/george-steven-agee/,https://upload.wikimedia.org/wikipedia/commons/f/f0/Judge_G._Steven_Agee.jpg?utm_source=commons.wikimedia.org&utm_campaign=imageinfo&utm_content=thumbnail_unscaled,https://commons.wikimedia.org/wiki/File:Judge_G._Steven_Agee.jpg,Public domain,false,,,false,,,false,Phase-2 sweep; FJC + CourtListener.
1725,Barbara Milano Keenan,Keenan,ca4,CA40503,senior,false,Barack Obama,Democratic,2009-09-14,2010-03-02,2010-03-09,2021-08-31,,George Washington University Law School,1974,Well Qualified,https://www.courtlistener.com/person/1725/barbara-milano-keenan/,https://upload.wikimedia.org/wikipedia/commons/thumb/9/95/Barbara_Keenan.jpg/330px-Barbara_Keenan.jpg?utm_source=commons.wikimedia.org&utm_campaign=imageinfo&utm_content=thumbnail,https://commons.wikimedia.org/wiki/File:Barbara_Keenan.jpg,CC BY 2.0 — credit: Warner_Keenan_Webb.jpg: Mark Warner derivative work: Athenchen (talk),false,,,false,,,false,Phase-2 sweep; FJC + CourtListener.
3574,James Andrew Wynn Jr.,Wynn,ca4,CA40803,active,false,Barack Obama,Democratic,2009-11-04,2010-08-05,2010-08-10,,,Marquette University Law School,1979,Well Qualified,https://www.courtlistener.com/person/3574/james-andrew-wynn-jr/,https://upload.wikimedia.org/wikipedia/commons/thumb/3/33/James_A._Wynn_Jr._of_the_NC_Supreme_Court.jpg/330px-James_A._Wynn_Jr._of_the_NC_Supreme_Court.jpg?utm_source=commons.wikimedia.org&utm_campaign=imageinfo&utm_content=thumbnail,https://commons.wikimedia.org/wiki/File:James_A._Wynn_Jr._of_the_NC_Supreme_Court.jpg,Public domain,false,,,false,,,false,Phase-2 sweep; FJC + CourtListener.
867,Albert Diaz,Diaz,ca4,CA41203,active,true,Barack Obama,Democratic,2009-11-04,2010-12-18,2010-12-22,,,New York University School of Law,1988,Well Qualified,https://www.courtlistener.com/person/867/albert-diaz/,https://upload.wikimedia.org/wikipedia/commons/1/17/Judge_Albert_Diaz_%28cropped%29.jpg?utm_source=commons.wikimedia.org&utm_campaign=imageinfo&utm_content=thumbnail_unscaled,https://commons.wikimedia.org/wiki/File:Judge_Albert_Diaz_(cropped).jpg,Public domain,false,,,false,,,false,Phase-2 sweep; FJC + CourtListener.
1080,Henry Franklin Floyd,Floyd,ca4,CA40407,senior,false,Barack Obama,Democratic,2011-01-26,2011-10-03,2011-10-05,2021-12-31,,University of South Carolina School of Law,1973,Well Qualified,https://www.courtlistener.com/person/1080/henry-franklin-floyd/,https://upload.wikimedia.org/wikipedia/commons/9/9e/Henry_F._Floyd_%28cropped%29.jpg?utm_source=commons.wikimedia.org&utm_campaign=imageinfo&utm_content=thumbnail_unscaled,https://commons.wikimedia.org/wiki/File:Henry_F._Floyd_(cropped).jpg,Public domain,false,,,false,,,false,Phase-2 sweep; FJC + CourtListener.
3194,Stephanie Dawn Thacker,Thacker,ca4,CA41003,active,false,Barack Obama,Democratic,2011-09-08,2012-04-16,2012-04-17,,,West Virginia University College of Law,1990,Well Qualified,https://www.courtlistener.com/person/3194/stephanie-dawn-thacker/,https://upload.wikimedia.org/wikipedia/commons/7/7f/Stephanie_Thacker_%28cropped%29.jpg?utm_source=commons.wikimedia.org&utm_campaign=imageinfo&utm_content=thumbnail_unscaled,https://commons.wikimedia.org/wiki/File:Stephanie_Thacker_(cropped).jpg,Public domain,false,,,false,,,false,Phase-2 sweep; FJC + CourtListener.
1376,Pamela Ann Harris,Harris,ca4,CA40903,active,false,Barack Obama,Democratic,2014-05-08,2014-07-28,2014-07-29,,,Yale Law School,1990,Well Qualified,https://www.courtlistener.com/person/1376/pamela-ann-harris/,https://upload.wikimedia.org/wikipedia/commons/thumb/5/58/Pamela_Harris_%28Judge%29_%28cropped%29.jpg/330px-Pamela_Harris_%28Judge%29_%28cropped%29.jpg?utm_source=commons.wikimedia.org&utm_campaign=imageinfo&utm_content=thumbnail,https://commons.wikimedia.org/wiki/File:Pamela_Harris_(Judge)_(cropped).jpg,Public domain,false,,,false,,,false,Phase-2 sweep; FJC + CourtListener.
8629,Julius Ness Richardson,Richardson,ca4,CA41303,active,false,Donald J. Trump,Republican,2018-05-07,2018-08-16,2018-08-20,,,University of Chicago Law School,2003,Well Qualified,https://www.courtlistener.com/person/8629/julius-ness-richardson/,https://upload.wikimedia.org/wikipedia/commons/8/88/Julius_N._Richardson_%28cropped%29.jpg?utm_source=commons.wikimedia.org&utm_campaign=imageinfo&utm_content=thumbnail_unscaled,https://commons.wikimedia.org/wiki/File:Julius_N._Richardson_(cropped).jpg,Public domain,true,member,https://en.wikipedia.org/w/index.php?title=Julius_N._Richardson&oldid=1370847560,false,,,false,Phase-2 sweep; FJC + CourtListener.
8625,A. Marvin Quattlebaum Jr.,Quattlebaum,ca4,CA40109,active,false,Donald J. Trump,Republican,2018-05-07,2018-08-16,2018-09-04,,,University of South Carolina School of Law,1989,Well Qualified,https://www.courtlistener.com/person/8625/a-marvin-quattlebaum-jr/,https://upload.wikimedia.org/wikipedia/commons/9/9c/A._Marvin_Quattlebaum_Jr._%28cropped%29.jpg?utm_source=commons.wikimedia.org&utm_campaign=imageinfo&utm_content=thumbnail_unscaled,https://commons.wikimedia.org/wiki/File:A._Marvin_Quattlebaum_Jr._(cropped).jpg,Public domain,false,,,false,,,false,Phase-2 sweep; FJC + CourtListener.
8522,Allison Jones Rushing,Rushing,ca4,CA41103,active,false,Donald J. Trump,Republican,2019-01-23,2019-03-05,2019-03-21,,,Duke University School of Law,2007,Qualified,https://www.courtlistener.com/person/8522/allison-jones-rushing/,https://upload.wikimedia.org/wikipedia/commons/thumb/1/1e/Allison_J._Rushing.jpg/330px-Allison_J._Rushing.jpg?utm_source=commons.wikimedia.org&utm_campaign=imageinfo&utm_content=thumbnail,https://commons.wikimedia.org/wiki/File:Allison_J._Rushing.jpg,Public domain,true,member,https://en.wikipedia.org/w/index.php?title=Allison_Jones_Rushing&oldid=1363344016,false,,,false,Phase-2 sweep; FJC + CourtListener.
16216,Toby Jay Heytens,Heytens,ca4,CA40504,active,false,Joseph R. Biden,Democratic,2021-07-13,2021-11-01,2021-11-02,,,University of Virginia School of Law,2000,Well Qualified,https://www.courtlistener.com/person/16216/toby-j-heytens/,https://upload.wikimedia.org/wikipedia/commons/thumb/f/f2/TJH_Professional_Photo.jpg/330px-TJH_Professional_Photo.jpg?utm_source=commons.wikimedia.org&utm_campaign=imageinfo&utm_content=thumbnail,https://commons.wikimedia.org/wiki/File:TJH_Professional_Photo.jpg,CC BY-SA 4.0 — credit: Mjc10,false,,,false,,,false,Phase-2 sweep; FJC + CourtListener.
,DeAndrea Gist Benjamin,Benjamin,ca4,CA40408,active,false,Joseph R. Biden,Democratic,2023-01-03,2023-02-09,2023-02-21,,,University of South Carolina School of Law,1997,Qualified,,https://upload.wikimedia.org/wikipedia/commons/thumb/8/87/DeAndrea_Gist_Benjamin.jpg/330px-DeAndrea_Gist_Benjamin.jpg?utm_source=commons.wikimedia.org&utm_campaign=imageinfo&utm_content=thumbnail,https://commons.wikimedia.org/wiki/File:DeAndrea_Gist_Benjamin.jpg,Public domain,false,,,false,,,false,Phase-2 sweep; FJC + CourtListener.
,Nicole Gina Berner,Berner,ca4,CA41502,active,false,Joseph R. Biden,Democratic,2024-01-08,2024-03-19,2024-03-19,,,"University of California, Berkeley, School of Law",1996,Well Qualified,,https://upload.wikimedia.org/wikipedia/commons/3/3d/Nicole_G_Berner.jpg,https://commons.wikimedia.org/wiki/File:Nicole_G_Berner.jpg,"Public domain (PD-USGov-Judiciary) — credit: Lisa McFarland, Fourth Circuit court photographer",false,,,false,,,false,Phase-2 sweep; FJC + CourtListener.
1776,Carolyn Dineen King,King,ca5,CA51901,senior,false,Jimmy Carter,Democratic,1979-04-30,1979-07-12,1979-07-13,2013-12-31,,Yale Law School,1962,Qualified,https://www.courtlistener.com/person/1776/carolyn-dineen-king/,https://upload.wikimedia.org/wikipedia/commons/2/26/Judge_Carolyn_Dineen_King.jpg?utm_source=commons.wikimedia.org&utm_campaign=imageinfo&utm_content=thumbnail_unscaled,https://commons.wikimedia.org/wiki/File:Judge_Carolyn_Dineen_King.jpg,Public domain,false,,,false,,,false,Phase-2 sweep; FJC + CourtListener.
1453,Patrick Errol Higginbotham,Higginbotham,ca5,CA50404,senior,false,Ronald Reagan,Republican,1982-07-01,1982-07-27,1982-07-30,2006-08-28,,University of Alabama School of Law,1961,,https://www.courtlistener.com/person/1453/patrick-errol-higginbotham/,https://upload.wikimedia.org/wikipedia/commons/6/6b/Higginbotham_Patrick_E.jpg?utm_source=commons.wikimedia.org&utm_campaign=imageinfo&utm_content=thumbnail_unscaled,https://commons.wikimedia.org/wiki/File:Higginbotham_Patrick_E.jpg,Public domain,false,,,false,,,false,Phase-2 sweep; FJC + CourtListener. [[note]] No ABA rating on file for this (5th Cir.) appointment in FJC's data. His prior N.D. Tex. appointment (1975) was rated Well Qualified.
826,W. Eugene Davis,Davis,ca5,CA51102,senior,false,Ronald Reagan,Republican,1983-11-01,1983-11-15,1983-11-16,2016-12-31,,Tulane University Law School,1960,Well Qualified,https://www.courtlistener.com/person/826/william-eugene-davis/,,,,false,,,false,,,false,Phase-2 sweep; FJC + CourtListener.
1655,Edith Hollan Jones,Jones,ca5,CA52701,active,false,Ronald Reagan,Republican,1985-02-27,1985-04-03,1985-04-04,,,University of Texas School of Law,1974,Qualified,https://www.courtlistener.com/person/1655/edith-hollan-jones/,https://upload.wikimedia.org/wikipedia/commons/3/39/Edith_Jones_in_Iraq_%28cropped%29.jpg,https://commons.wikimedia.org/wiki/File:Edith_Jones_in_Iraq_(cropped).jpg,Public domain,false,,,false,,,false,Phase-2 sweep; FJC + CourtListener.
3011,Jerry Edwin Smith,Smith,ca5,CA52801,active,false,Ronald Reagan,Republican,1987-06-02,1987-12-19,1987-12-21,,,Yale Law School,1972,Qualified,https://www.courtlistener.com/person/3011/jerry-edwin-smith/,https://upload.wikimedia.org/wikipedia/commons/thumb/4/42/Judge_Jerry_Edwin_Smith.jpg/330px-Judge_Jerry_Edwin_Smith.jpg?utm_source=commons.wikimedia.org&utm_campaign=imageinfo&utm_content=thumbnail,https://commons.wikimedia.org/wiki/File:Judge_Jerry_Edwin_Smith.jpg,Public domain,true,contributor,https://fedsoc.org/contributors/jerry-smith,false,,,false,Phase-2 sweep; FJC + CourtListener.
174,Rhesa Hawkins Barksdale,Barksdale,ca5,CA50108,senior,false,George H.W. Bush,Republican,1989-11-17,1990-03-09,1990-03-12,2009-08-08,,University of Mississippi School of Law,1972,Well Qualified,https://www.courtlistener.com/person/174/rhesa-hawkins-barksdale/,,,,false,,,false,,,false,Phase-2 sweep; FJC + CourtListener.
3463,Jacques Loeb Wiener Jr.,Wiener,ca5,CA50307,senior,false,George H.W. Bush,Republican,1989-11-17,1990-03-09,1990-03-12,2010-09-30,,Tulane University Law School,1961,Well Qualified,https://www.courtlistener.com/person/3463/jacques-loeb-wiener-jr/,,,,false,,,false,,,false,Phase-2 sweep; FJC + CourtListener.
3107,Carl E. Stewart,Stewart,ca5,CA52901,active,false,William J. Clinton,Democratic,1994-01-27,1994-05-06,1994-05-09,,,Loyola University New Orleans School of Law,1974,Qualified,https://www.courtlistener.com/person/3107/carl-e-stewart/,https://upload.wikimedia.org/wikipedia/commons/thumb/2/29/Carl_E._Stewart%2C_U.S._Court_of_Appeals_Judge.jpg/330px-Carl_E._Stewart%2C_U.S._Court_of_Appeals_Judge.jpg?utm_source=commons.wikimedia.org&utm_campaign=imageinfo&utm_content=thumbnail,"https://commons.wikimedia.org/wiki/File:Carl_E._Stewart,_U.S._Court_of_Appeals_Judge.jpg",Public domain,false,,,false,,,false,Phase-2 sweep; FJC + CourtListener.
858,James L. Dennis,Dennis,ca5,CA51303,senior,false,William J. Clinton,Democratic,1995-01-31,1995-09-28,1995-10-02,2022-12-16,,Louisiana State University Law School (now Paul M. Hebert Law Center),1962,Qualified,https://www.courtlistener.com/person/858/james-l-dennis/,,,,false,,,false,,,false,Phase-2 sweep; FJC + CourtListener.
647,Edith Brown Clement,Clement,ca5,CA52303,senior,false,George W. Bush,Republican,2001-09-04,2001-11-13,2001-11-26,2018-05-14,,Tulane University Law School,1973,Well Qualified,https://www.courtlistener.com/person/647/edith-brown-clement/,https://upload.wikimedia.org/wikipedia/commons/thumb/a/a0/Edith_Brown_Clement.jpg/330px-Edith_Brown_Clement.jpg?utm_source=commons.wikimedia.org&utm_campaign=imageinfo&utm_content=thumbnail,https://commons.wikimedia.org/wiki/File:Edith_Brown_Clement.jpg,Public domain,false,,,false,,,false,Phase-2 sweep; FJC + CourtListener.
2480,Priscilla Richman,Richman,ca5,CA52602,active,false,George W. Bush,Republican,2005-02-14,2005-05-25,2005-06-03,,,Baylor University School of Law,1977,Well Qualified,https://www.courtlistener.com/person/2480/priscilla-richman-owen/,https://upload.wikimedia.org/wikipedia/commons/6/6d/Priscilla_Owen.jpg?utm_source=commons.wikimedia.org&utm_campaign=imageinfo&utm_content=thumbnail_unscaled,https://commons.wikimedia.org/wiki/File:Priscilla_Owen.jpg,Public domain,true,advisor,https://en.wikipedia.org/w/index.php?title=Priscilla_Richman&oldid=1368792550,false,,,false,Phase-2 sweep; FJC + CourtListener.
992,Jennifer Walker Elrod,Elrod,ca5,CA50405,active,true,George W. Bush,Republican,2007-03-29,2007-10-04,2007-10-19,,,Harvard Law School,1992,Qualified,https://www.courtlistener.com/person/992/jennifer-walker-elrod/,https://upload.wikimedia.org/wikipedia/commons/2/2f/Judge_Jennifer_Walker_Elrod.jpg?utm_source=commons.wikimedia.org&utm_campaign=imageinfo&utm_content=thumbnail_unscaled,https://commons.wikimedia.org/wiki/File:Judge_Jennifer_Walker_Elrod.jpg,Public domain,true,contributor,https://fedsoc.org/contributors/jennifer-elrod,false,,,false,Phase-2 sweep; FJC + CourtListener.
3047,Leslie Southwick,Southwick,ca5,CA52003,active,false,George W. Bush,Republican,2007-01-09,2007-10-24,2007-10-29,,,University of Texas School of Law,1975,Well Qualified,https://www.courtlistener.com/person/3047/leslie-southwick/,https://upload.wikimedia.org/wikipedia/commons/c/c7/Judge_Leslie_H._Southwick.jpg?utm_source=commons.wikimedia.org&utm_campaign=imageinfo&utm_content=thumbnail_unscaled,https://commons.wikimedia.org/wiki/File:Judge_Leslie_H._Southwick.jpg,Public domain,false,,,false,,,false,Phase-2 sweep; FJC + CourtListener.
1405,Catharina Haynes,Haynes,ca5,CA51004,active,false,George W. Bush,Republican,2007-07-17,2008-04-10,2008-04-18,,,Emory University School of Law,1986,Well Qualified,https://www.courtlistener.com/person/1405/catharina-haynes/,https://upload.wikimedia.org/wikipedia/commons/5/52/Catharina_Haynes.jpg?utm_source=commons.wikimedia.org&utm_campaign=imageinfo&utm_content=thumbnail_unscaled,https://commons.wikimedia.org/wiki/File:Catharina_Haynes.jpg,Public domain,false,,,false,,,false,Phase-2 sweep; FJC + CourtListener.
1265,James Earl Graves Jr.,Graves,ca5,CA50109,active,false,Barack Obama,Democratic,2011-01-05,2011-02-14,2011-02-15,,,Syracuse University College of Law,1980,Qualified,https://www.courtlistener.com/person/1265/james-earl-graves-jr/,https://upload.wikimedia.org/wikipedia/commons/thumb/d/d5/JusticeGravesPhoto.jpg/330px-JusticeGravesPhoto.jpg?utm_source=commons.wikimedia.org&utm_campaign=imageinfo&utm_content=thumbnail,https://commons.wikimedia.org/wiki/File:JusticeGravesPhoto.jpg,CC BY-SA 3.0 — credit: JamesGraves at English Wikipedia,false,,,false,,,false,Phase-2 sweep; FJC + CourtListener.
1455,Stephen Andrew Higginson,Higginson,ca5,CA50308,active,false,Barack Obama,Democratic,2011-05-09,2011-10-31,2011-11-02,,,Yale Law School,1987,Well Qualified,https://www.courtlistener.com/person/1455/stephen-andrew-higginson/,https://upload.wikimedia.org/wikipedia/commons/thumb/5/57/Judge_Stephen_A._Higginson.jpg/330px-Judge_Stephen_A._Higginson.jpg?utm_source=commons.wikimedia.org&utm_campaign=imageinfo&utm_content=thumbnail,https://commons.wikimedia.org/wiki/File:Judge_Stephen_A._Higginson.jpg,Public domain,false,,,false,,,false,Phase-2 sweep; FJC + CourtListener.
8649,Don R. Willett,Willett,ca5,CA52203,active,false,Donald J. Trump,Republican,2017-10-03,2017-12-13,2018-01-02,,,Duke University School of Law,1992,Well Qualified,https://www.courtlistener.com/person/8649/don-r-willett/,https://upload.wikimedia.org/wikipedia/commons/thumb/1/14/Don_Willett_%287004180446%29.jpg/330px-Don_Willett_%287004180446%29.jpg?utm_source=commons.wikimedia.org&utm_campaign=imageinfo&utm_content=thumbnail,https://commons.wikimedia.org/wiki/File:Don_Willett_(7004180446).jpg,"CC BY-SA 2.0 — credit: Gage Skidmore from Peoria, AZ, United States of America",true,contributor,https://en.wikipedia.org/w/index.php?title=Don_Willett&oldid=1363343498,false,,,false,Phase-2 sweep; FJC + CourtListener.
8658,James C. Ho,Ho,ca5,CA51902,active,false,Donald J. Trump,Republican,2017-10-16,2017-12-14,2018-01-04,,,University of Chicago Law School,1999,Well Qualified,https://www.courtlistener.com/person/8658/james-c-ho/,https://upload.wikimedia.org/wikipedia/commons/thumb/5/55/James_Ho_%28Judge%29_%28cropped%29.jpg/330px-James_Ho_%28Judge%29_%28cropped%29.jpg?utm_source=commons.wikimedia.org&utm_campaign=imageinfo&utm_content=thumbnail,https://commons.wikimedia.org/wiki/File:James_Ho_(Judge)_(cropped).jpg,Public domain,true,member,https://en.wikipedia.org/w/index.php?title=James_Ho&oldid=1368802967,false,,,false,Phase-2 sweep; FJC + CourtListener.
8573,Stuart Kyle Duncan,Duncan,ca5,CA51103,active,false,Donald J. Trump,Republican,2018-01-08,2018-04-24,2018-05-01,,,"Louisiana State University, Paul M. Hebert Law Center",1997,Well Qualified,https://www.courtlistener.com/person/8573/stuart-kyle-duncan/,https://upload.wikimedia.org/wikipedia/commons/thumb/a/a8/Stuart_Duncan_%28Judge%29_%28cropped%29.jpg/330px-Stuart_Duncan_%28Judge%29_%28cropped%29.jpg?utm_source=commons.wikimedia.org&utm_campaign=imageinfo&utm_content=thumbnail,https://commons.wikimedia.org/wiki/File:Stuart_Duncan_(Judge)_(cropped).jpg,Public domain,true,member,https://en.wikipedia.org/w/index.php?title=Kyle_Duncan_%28judge%29&oldid=1367545762,false,,,false,Phase-2 sweep; FJC + CourtListener.
996,Kurt Damian Engelhardt,Engelhardt,ca5,CA52304,active,false,Donald J. Trump,Republican,2018-01-08,2018-05-09,2018-05-10,,,"Louisiana State University, Paul M. Hebert Law Center",1985,Well Qualified,https://www.courtlistener.com/person/996/kurt-d-engelhardt/,https://upload.wikimedia.org/wikipedia/commons/7/74/Kurt_D._Engelhardt.png?utm_source=commons.wikimedia.org&utm_campaign=imageinfo&utm_content=thumbnail_unscaled,https://commons.wikimedia.org/wiki/File:Kurt_D._Engelhardt.png,Public domain,true,member,https://en.wikipedia.org/w/index.php?title=Kurt_D._Engelhardt&oldid=1363342256,false,,,false,Phase-2 sweep; FJC + CourtListener.
8616,Andrew Stephen Oldham,Oldham,ca5,CA52404,active,false,Donald J. Trump,Republican,2018-02-15,2018-07-18,2018-07-19,,,Harvard Law School,2005,Well Qualified,https://www.courtlistener.com/person/8616/andrew-stephen-oldham/,https://upload.wikimedia.org/wikipedia/commons/thumb/e/e9/Andrew_S._Oldham_%28cropped%29.jpg/330px-Andrew_S._Oldham_%28cropped%29.jpg?utm_source=commons.wikimedia.org&utm_campaign=imageinfo&utm_content=thumbnail,https://commons.wikimedia.org/wiki/File:Andrew_S._Oldham_(cropped).jpg,Public domain,true,member,https://en.wikipedia.org/w/index.php?title=Andrew_Oldham&oldid=1363343788,false,,,false,Phase-2 sweep; FJC + CourtListener.
14470,Cory Todd Wilson,Wilson,ca5,CA50208,active,false,Donald J. Trump,Republican,2020-05-04,2020-06-24,2020-07-02,,,Yale Law School,1995,Well Qualified,https://www.courtlistener.com/person/14470/cory-todd-wilson/,https://upload.wikimedia.org/wikipedia/commons/thumb/5/50/Cory_T._Wilson_%28cropped%29.jpg/330px-Cory_T._Wilson_%28cropped%29.jpg?utm_source=commons.wikimedia.org&utm_campaign=imageinfo&utm_content=thumbnail,https://commons.wikimedia.org/wiki/File:Cory_T._Wilson_(cropped).jpg,Public domain,true,member,https://en.wikipedia.org/w/index.php?title=Cory_T._Wilson&oldid=1365536208,false,,,false,Phase-2 sweep; FJC + CourtListener.
9269,Dana Marie Douglas,Douglas,ca5,CA51304,active,false,Joseph R. Biden,Democratic,2022-06-15,2022-12-13,2022-12-16,,,Loyola University New Orleans School of Law,2000,Qualified,https://www.courtlistener.com/person/9269/dana-marie-douglas/,https://upload.wikimedia.org/wikipedia/commons/thumb/3/37/%28Dana_Douglas%29.jpg/330px-%28Dana_Douglas%29.jpg?utm_source=commons.wikimedia.org&utm_campaign=imageinfo&utm_content=thumbnail,https://commons.wikimedia.org/wiki/File:(Dana_Douglas).jpg,Public domain,false,,,false,,,false,Phase-2 sweep; FJC + CourtListener.
9570,Irma Carrillo Ramirez,Ramirez,ca5,CA51505,active,false,Joseph R. Biden,Democratic,2023-04-17,2023-12-04,2023-12-08,,,Southern Methodist University School of Law (now Dedman School of Law),1991,Well Qualified,https://www.courtlistener.com/person/9570/irma-c-ramirez/,https://upload.wikimedia.org/wikipedia/commons/thumb/f/f6/Irma_C_Ramirez.jpg/330px-Irma_C_Ramirez.jpg?utm_source=commons.wikimedia.org&utm_campaign=imageinfo&utm_content=thumbnail,https://commons.wikimedia.org/wiki/File:Irma_C_Ramirez.jpg,Public domain,false,,,false,,,false,Phase-2 sweep; FJC + CourtListener.
2815,James Leo Ryan,Ryan,ca6,CA60604,senior,false,Ronald Reagan,Republican,1985-09-09,1985-10-16,1985-10-17,2000-01-01,,University of Detroit Law School (now University of Detroit Mercy School of Law),1956,Well Qualified,https://www.courtlistener.com/person/2815/james-leo-ryan/,https://upload.wikimedia.org/wikipedia/commons/1/1b/James_L._Ryan.JPG?utm_source=commons.wikimedia.org&utm_campaign=imageinfo&utm_content=thumbnail_unscaled,https://commons.wikimedia.org/wiki/File:James_L._Ryan.JPG,Public domain,false,,,false,,,false,Phase-2 sweep; FJC + CourtListener.
317,Danny Julian Boggs,Boggs,ca6,CA61601,senior,false,Ronald Reagan,Republican,1986-01-29,1986-03-03,1986-03-25,2017-02-28,,University of Chicago Law School,1968,Well Qualified,https://www.courtlistener.com/person/317/danny-julian-boggs/,https://upload.wikimedia.org/wikipedia/commons/6/66/Danny_Boggs_Circuit_Judge.jpg?utm_source=commons.wikimedia.org&utm_campaign=imageinfo&utm_content=thumbnail_unscaled,https://commons.wikimedia.org/wiki/File:Danny_Boggs_Circuit_Judge.jpg,Public domain,false,,,false,,,false,Phase-2 sweep; FJC + CourtListener.
2427,Alan Eugene Norris,Norris,ca6,CA60506,senior,false,Ronald Reagan,Republican,1986-04-22,1986-06-06,1986-07-01,2001-07-01,,New York University School of Law,1960,Well Qualified,https://www.courtlistener.com/person/2427/alan-eugene-norris/,https://upload.wikimedia.org/wikipedia/commons/7/7a/Alan_E._Norris_-_59th_District_-_Ohio_House_of_Representatives_109th_General_Assembly_-_DPLA_-_5586be78567b1fe89fca76f0a79cfcb8_%28page_10%29_%28cropped%29.jpg?utm_source=commons.wikimedia.org&utm_campaign=imageinfo&utm_content=thumbnail_unscaled,https://commons.wikimedia.org/wiki/File:Alan_E._Norris_-_59th_District_-_Ohio_House_of_Representatives_109th_General_Assembly_-_DPLA_-_5586be78567b1fe89fca76f0a79cfcb8_(page_10)_(cropped).jpg,Public domain,false,,,false,,,false,Phase-2 sweep; FJC + CourtListener.
3131,Richard Fred Suhrheinrich,Suhrheinrich,ca6,CA60110,senior,false,George H.W. Bush,Republican,1990-04-18,1990-06-28,1990-07-10,2001-08-15,,Detroit College of Law (now Michigan State University College of Law),1963,Qualified,https://www.courtlistener.com/person/3131/richard-fred-suhrheinrich/,,,,false,,,false,,,false,Phase-2 sweep; FJC + CourtListener.
2966,Eugene Edward Siler Jr.,Siler,ca6,CA60705,senior,false,George H.W. Bush,Republican,1991-06-19,1991-09-12,1991-09-16,2001-12-31,,University of Virginia School of Law,1963,Well Qualified,https://www.courtlistener.com/person/2966/eugene-edward-siler-jr/,,,,false,,,false,,,false,Phase-2 sweep; FJC + CourtListener.
200,Alice Moore Batchelder,Batchelder,ca6,CA61003,senior,false,George H.W. Bush,Republican,1991-06-12,1991-11-27,1991-12-02,2019-03-07,,University of Akron School of Law,1971,Qualified,https://www.courtlistener.com/person/200/alice-moore-batchelder/,https://upload.wikimedia.org/wikipedia/commons/1/13/Alice_Batchelder_Circuit_Judge.jpg?utm_source=commons.wikimedia.org&utm_campaign=imageinfo&utm_content=thumbnail_unscaled,https://commons.wikimedia.org/wiki/File:Alice_Batchelder_Circuit_Judge.jpg,Public domain,false,,,false,,,false,Phase-2 sweep; FJC + CourtListener.
800,Martha Craig Daughtrey,Daughtrey,ca6,CA61701,senior,false,William J. Clinton,Democratic,1993-08-06,1993-11-20,1993-11-22,2009-01-01,,Vanderbilt University Law School,1968,Well Qualified,https://www.courtlistener.com/person/800/martha-craig-daughtrey/,https://upload.wikimedia.org/wikipedia/commons/c/cd/Martha_Craig_Daughtrey.jpg?utm_source=commons.wikimedia.org&utm_campaign=imageinfo&utm_content=thumbnail_unscaled,https://commons.wikimedia.org/wiki/File:Martha_Craig_Daughtrey.jpg,Public domain,false,,,false,,,false,Phase-2 sweep; FJC + CourtListener.
2296,Karen Nelson Moore,Moore,ca6,CA60309,active,false,William J. Clinton,Democratic,1995-01-24,1995-03-24,1995-03-24,,,Harvard Law School,1973,Qualified,https://www.courtlistener.com/person/2296/karen-nelson-moore/,https://upload.wikimedia.org/wikipedia/commons/thumb/3/31/Judge_Karen_Nelson_Moore.jpg/330px-Judge_Karen_Nelson_Moore.jpg?utm_source=commons.wikimedia.org&utm_campaign=imageinfo&utm_content=thumbnail,https://commons.wikimedia.org/wiki/File:Judge_Karen_Nelson_Moore.jpg,CC BY-SA 4.0,false,,,false,,,false,Phase-2 sweep; FJC + CourtListener.
672,Ransey Guy Cole Jr.,Cole,ca6,CA60803,senior,false,William J. Clinton,Democratic,1995-06-29,1995-12-22,1995-12-26,2023-01-09,,Yale Law School,1975,Well Qualified,https://www.courtlistener.com/person/672/ransey-guy-cole-jr/,https://upload.wikimedia.org/wikipedia/commons/thumb/d/dc/R._Guy_Cole_%28cropped%29.jpg/330px-R._Guy_Cole_%28cropped%29.jpg?utm_source=commons.wikimedia.org&utm_campaign=imageinfo&utm_content=thumbnail,https://commons.wikimedia.org/wiki/File:R._Guy_Cole_(cropped).jpg,Public domain,false,,,false,,,false,Phase-2 sweep; FJC + CourtListener.
642,Eric L. Clay,Clay,ca6,CA61502,active,false,William J. Clinton,Democratic,1997-01-07,1997-07-31,1997-08-01,,,Yale Law School,1972,Well Qualified,https://www.courtlistener.com/person/642/eric-l-clay/,https://upload.wikimedia.org/wikipedia/commons/5/51/Eric_Clay.jpg?utm_source=commons.wikimedia.org&utm_campaign=imageinfo&utm_content=thumbnail_unscaled,https://commons.wikimedia.org/wiki/File:Eric_Clay.jpg,Public domain,false,,,false,,,false,Phase-2 sweep; FJC + CourtListener.
1208,Ronald Lee Gilman,Gilman,ca6,CA61302,senior,false,William J. Clinton,Democratic,1997-07-16,1997-11-06,1997-11-07,2010-11-21,,Harvard Law School,1967,Well Qualified,https://www.courtlistener.com/person/1208/ronald-lee-gilman/,https://upload.wikimedia.org/wikipedia/commons/thumb/9/9b/Ronald_Lee_Gilman.JPG/330px-Ronald_Lee_Gilman.JPG?utm_source=commons.wikimedia.org&utm_campaign=imageinfo&utm_content=thumbnail,https://commons.wikimedia.org/wiki/File:Ronald_Lee_Gilman.JPG,Public domain,false,,,false,,,false,Phase-2 sweep; FJC + CourtListener.
1187,Julia Smith Gibbons,Gibbons,ca6,CA60208,senior,false,George W. Bush,Republican,2001-10-09,2002-07-29,2002-07-31,2024-09-17,,University of Virginia School of Law,1975,Well Qualified,https://www.courtlistener.com/person/1187/julia-smith-gibbons/,https://upload.wikimedia.org/wikipedia/commons/3/33/Julia_Gibbons_Circuit_Judge.jpg?utm_source=commons.wikimedia.org&utm_campaign=imageinfo&utm_content=thumbnail_unscaled,https://commons.wikimedia.org/wiki/File:Julia_Gibbons_Circuit_Judge.jpg,Public domain,false,,,false,,,false,Phase-2 sweep; FJC + CourtListener.
2762,John M. Rogers,Rogers,ca6,CA60706,senior,false,George W. Bush,Republican,2001-12-19,2002-11-14,2002-11-26,2018-05-15,,University of Michigan Law School,1974,Qualified,https://www.courtlistener.com/person/2762/john-m-rogers/,https://upload.wikimedia.org/wikipedia/commons/7/75/John_M_Rogers_Circuit_Judge.jpg?utm_source=commons.wikimedia.org&utm_campaign=imageinfo&utm_content=thumbnail_unscaled,https://commons.wikimedia.org/wiki/File:John_M_Rogers_Circuit_Judge.jpg,Public domain,false,,,false,,,false,Phase-2 sweep; FJC + CourtListener.
3142,Jeffrey S. Sutton,Sutton,ca6,CA61402,active,true,George W. Bush,Republican,2003-01-07,2003-04-29,2003-05-05,,,Ohio State University College of Law (now Michael E. Moritz College of Law),1990,Qualified,https://www.courtlistener.com/person/3142/jeffrey-s-sutton/,https://upload.wikimedia.org/wikipedia/commons/7/76/Jeffrey_Sutton_2006.jpg?utm_source=commons.wikimedia.org&utm_campaign=imageinfo&utm_content=thumbnail_unscaled,https://commons.wikimedia.org/wiki/File:Jeffrey_Sutton_2006.jpg,Public domain,true,contributor,https://fedsoc.org/contributors/jeffrey-sutton,false,,,false,Phase-2 sweep; FJC + CourtListener.
714,Deborah L. Cook,Cook,ca6,CA60507,senior,false,George W. Bush,Republican,2003-01-07,2003-05-05,2003-05-07,2019-03-06,,University of Akron School of Law,1978,Qualified,https://www.courtlistener.com/person/714/deborah-l-cook/,https://upload.wikimedia.org/wikipedia/commons/d/df/Deborah_Cook_Circuit_Judge.jpg?utm_source=commons.wikimedia.org&utm_campaign=imageinfo&utm_content=thumbnail_unscaled,https://commons.wikimedia.org/wiki/File:Deborah_Cook_Circuit_Judge.jpg,Public domain,false,,,false,,,false,Phase-2 sweep; FJC + CourtListener.
1287,Richard Allen Griffin,Griffin,ca6,CA60903,active,false,George W. Bush,Republican,2005-02-14,2005-06-09,2005-06-10,,,University of Michigan Law School,1977,Well Qualified,https://www.courtlistener.com/person/1287/richard-allen-griffin/,https://upload.wikimedia.org/wikipedia/commons/0/0f/Richard_Allen_Griffin.jpg?utm_source=commons.wikimedia.org&utm_campaign=imageinfo&utm_content=thumbnail_unscaled,https://commons.wikimedia.org/wiki/File:Richard_Allen_Griffin.jpg,Public domain,false,,,false,,,false,Phase-2 sweep; FJC + CourtListener.
2150,David William McKeague,McKeague,ca6,CA60111,senior,false,George W. Bush,Republican,2005-02-14,2005-06-09,2005-06-10,2017-11-01,,University of Michigan Law School,1971,Well Qualified,https://www.courtlistener.com/person/2150/david-william-mckeague/,https://upload.wikimedia.org/wikipedia/commons/thumb/b/b7/David_McKeague.jpg/330px-David_McKeague.jpg?utm_source=commons.wikimedia.org&utm_campaign=imageinfo&utm_content=thumbnail,https://commons.wikimedia.org/wiki/File:David_McKeague.jpg,Public domain,false,,,false,,,false,Phase-2 sweep; FJC + CourtListener.
1765,Raymond M. Kethledge,Kethledge,ca6,CA60605,active,false,George W. Bush,Republican,2007-03-19,2008-06-24,2008-07-07,,,University of Michigan Law School,1993,Well Qualified,https://www.courtlistener.com/person/1765/raymond-m-kethledge/,https://upload.wikimedia.org/wikipedia/commons/thumb/0/07/Raymond_Kethledge_in_2014.jpg/330px-Raymond_Kethledge_in_2014.jpg?utm_source=commons.wikimedia.org&utm_campaign=imageinfo&utm_content=thumbnail,https://commons.wikimedia.org/wiki/File:Raymond_Kethledge_in_2014.jpg,CC BY-SA 3.0 — credit: SPDuffy527,true,listed,http://www.fed-soc.org/experts/detail/raymond-kethledge,false,,,false,Phase-2 sweep; FJC + CourtListener.
3450,Helene N. White,White,ca6,CA61103,senior,false,George W. Bush,Republican,2008-04-15,2008-06-24,2008-08-08,2022-06-13,,University of Pennsylvania Law School (now Carey Law School),1978,Well Qualified,https://www.courtlistener.com/person/3450/helene-n-white/,https://upload.wikimedia.org/wikipedia/commons/5/59/Helene_White.JPG?utm_source=commons.wikimedia.org&utm_campaign=imageinfo&utm_content=thumbnail_unscaled,https://commons.wikimedia.org/wiki/File:Helene_White.JPG,Public domain,false,,,false,,,false,Phase-2 sweep; FJC + CourtListener.
3122,Jane Branstetter Stranch,Stranch,ca6,CA61702,senior,false,Barack Obama,Democratic,2009-08-06,2010-09-13,2010-09-15,2025-07-14,,Vanderbilt University Law School,1978,Qualified,https://www.courtlistener.com/person/3122/jane-branstetter-stranch/,https://upload.wikimedia.org/wikipedia/commons/thumb/d/dc/Judge_Jane_Stranch.jpg/330px-Judge_Jane_Stranch.jpg?utm_source=commons.wikimedia.org&utm_campaign=imageinfo&utm_content=thumbnail,https://commons.wikimedia.org/wiki/File:Judge_Jane_Stranch.jpg,Public domain,false,,,false,,,false,Phase-2 sweep; FJC + CourtListener.
3195,Amul Roger Thapar,Thapar,ca6,CA61202,active,false,Donald J. Trump,Republican,2017-03-21,2017-05-25,2017-05-25,,,"University of California, Berkeley, School of Law",1994,Well Qualified,https://www.courtlistener.com/person/3195/amul-roger-thapar/,https://upload.wikimedia.org/wikipedia/commons/thumb/7/79/Amul_Thapar.jpg/330px-Amul_Thapar.jpg?utm_source=commons.wikimedia.org&utm_campaign=imageinfo&utm_content=thumbnail,https://commons.wikimedia.org/wiki/File:Amul_Thapar.jpg,Public domain,true,speaker,https://en.wikipedia.org/w/index.php?title=Amul_Thapar&oldid=1363343207,false,,,false,Phase-2 sweep; FJC + CourtListener.
8558,John Kenneth Bush,Bush,ca6,CA61602,active,false,Donald J. Trump,Republican,2017-05-08,2017-07-20,2017-07-21,,,Harvard Law School,1989,Qualified,https://www.courtlistener.com/person/8558/john-kenneth-bush/,https://upload.wikimedia.org/wikipedia/commons/thumb/b/bc/John_Kenneth_Bush.png/330px-John_Kenneth_Bush.png?utm_source=commons.wikimedia.org&utm_campaign=imageinfo&utm_content=thumbnail,https://commons.wikimedia.org/wiki/File:John_Kenneth_Bush.png,Public domain,true,chapter_leader,https://en.wikipedia.org/w/index.php?title=John_K._Bush&oldid=1363343222,false,,,false,Phase-2 sweep; FJC + CourtListener.
8596,Joan Louise Larsen,Larsen,ca6,CA60112,active,false,Donald J. Trump,Republican,2017-05-08,2017-11-01,2017-11-02,,,Northwestern University School of Law (now Pritzker School of Law),1993,Well Qualified,https://www.courtlistener.com/person/8596/joan-louise-larsen/,https://upload.wikimedia.org/wikipedia/commons/thumb/b/bf/Joan_L._Larsen_%28cropped%29.jpg/330px-Joan_L._Larsen_%28cropped%29.jpg?utm_source=commons.wikimedia.org&utm_campaign=imageinfo&utm_content=thumbnail,https://commons.wikimedia.org/wiki/File:Joan_L._Larsen_(cropped).jpg,Public domain,true,contributor,https://fedsoc.org/contributors/joan-larsen-1,false,,,false,Phase-2 sweep; FJC + CourtListener.
8608,John Baylor Nalbandian,Nalbandian,ca6,CA60707,active,false,Donald J. Trump,Republican,2018-01-24,2018-05-15,2018-05-17,,,University of Virginia School of Law,1994,Well Qualified,https://www.courtlistener.com/person/8608/john-baylor-nalbandian/,https://upload.wikimedia.org/wikipedia/commons/6/64/John-Nalbandian1.jpg?utm_source=commons.wikimedia.org&utm_campaign=imageinfo&utm_content=thumbnail_unscaled,https://commons.wikimedia.org/wiki/File:John-Nalbandian1.jpg,Public domain,true,member,https://en.wikipedia.org/w/index.php?title=John_Nalbandian&oldid=1363343728,false,,,false,Phase-2 sweep; FJC + CourtListener.
8627,Chad Andrew Readler,Readler,ca6,CA60508,active,false,Donald J. Trump,Republican,2019-01-23,2019-03-06,2019-03-07,,,University of Michigan Law School,1997,Well Qualified,https://www.courtlistener.com/person/8627/chad-andrew-readler/,https://upload.wikimedia.org/wikipedia/commons/4/48/Chad_A._Readler.jpg?utm_source=commons.wikimedia.org&utm_campaign=imageinfo&utm_content=thumbnail_unscaled,https://commons.wikimedia.org/wiki/File:Chad_A._Readler.jpg,Public domain,true,member,https://en.wikipedia.org/w/index.php?title=Chad_Readler&oldid=1367663781,false,,,false,Phase-2 sweep; FJC + CourtListener.
8607,Eric Earl Murphy,Murphy,ca6,CA61004,active,false,Donald J. Trump,Republican,2019-01-23,2019-03-07,2019-03-11,,,University of Chicago Law School,2005,Qualified,https://www.courtlistener.com/person/8607/eric-earl-murphy/,https://upload.wikimedia.org/wikipedia/commons/thumb/5/54/Eric_E._Murphy_%28cropped%29.jpg/330px-Eric_E._Murphy_%28cropped%29.jpg?utm_source=commons.wikimedia.org&utm_campaign=imageinfo&utm_content=thumbnail,https://commons.wikimedia.org/wiki/File:Eric_E._Murphy_(cropped).jpg,Public domain,true,member,https://en.wikipedia.org/w/index.php?title=Eric_E._Murphy&oldid=1363343991,false,,,false,Phase-2 sweep; FJC + CourtListener.
9307,Stephanie Dawkins Davis,Davis,ca6,CA61104,active,false,Joseph R. Biden,Democratic,2022-02-02,2022-05-24,2022-06-14,,,Washington University School of Law,1992,Well Qualified,https://www.courtlistener.com/person/9307/stephanie-dawkins-davis/,https://upload.wikimedia.org/wikipedia/commons/thumb/c/ce/Stephanie_Davis_%28Judge%29.jpg/330px-Stephanie_Davis_%28Judge%29.jpg?utm_source=commons.wikimedia.org&utm_campaign=imageinfo&utm_content=thumbnail,https://commons.wikimedia.org/wiki/File:Stephanie_Davis_(Judge).jpg,Public domain,false,,,true,member,https://en.wikipedia.org/w/index.php?title=Stephanie_D._Davis&oldid=1363344838,false,Phase-2 sweep; FJC + CourtListener.
,Andre Bernard Mathis,Mathis,ca6,CA61304,active,false,Joseph R. Biden,Democratic,2022-01-03,2022-09-08,2022-09-27,,,University of Memphis Cecil C. Humphreys School of Law,2007,Well Qualified,,https://upload.wikimedia.org/wikipedia/commons/thumb/e/ee/Andre_Mathis_Judiciary_Committee.png/330px-Andre_Mathis_Judiciary_Committee.png?utm_source=commons.wikimedia.org&utm_campaign=imageinfo&utm_content=thumbnail,https://commons.wikimedia.org/wiki/File:Andre_Mathis_Judiciary_Committee.png,Public domain,false,,,false,,,false,Phase-2 sweep; FJC + CourtListener.
,Rachel Sarah Bloomekatz,Bloomekatz,ca6,CA60804,active,false,Joseph R. Biden,Democratic,2023-01-03,2023-07-18,2023-07-20,,,"University of California, Los Angeles, School of Law",2008,Well Qualified,,https://upload.wikimedia.org/wikipedia/commons/thumb/6/6b/Rachel_Bloomekatz_%28Judge%29.jpg/330px-Rachel_Bloomekatz_%28Judge%29.jpg?utm_source=commons.wikimedia.org&utm_campaign=imageinfo&utm_content=thumbnail,https://commons.wikimedia.org/wiki/File:Rachel_Bloomekatz_(Judge).jpg,Public domain,false,,,false,,,false,Phase-2 sweep; FJC + CourtListener.
,Kevin Gafford Ritz,Ritz,ca6,CA60209,active,false,Joseph R. Biden,Democratic,2024-03-21,2024-09-16,2024-09-19,,,University of Virginia School of Law,2004,Well Qualified,,https://upload.wikimedia.org/wikipedia/commons/8/8a/Kevin_G._Ritz%2C_U.S._Attorney_2.jpg,"https://commons.wikimedia.org/wiki/File:Kevin_G._Ritz,_U.S._Attorney_2.jpg","Public domain — official DOJ portrait (U.S. Attorney, W.D. Tenn.), 17 U.S.C. §105",false,,,false,,,false,Phase-2 sweep; FJC + CourtListener.
,Whitney Downs Hermandorfer,Hermandorfer,ca6,CA61703,active,false,Donald J. Trump,Republican,2025-05-12,2025-07-14,2025-07-17,,,George Washington University Law School,2015,Well Qualified,,https://upload.wikimedia.org/wikipedia/commons/d/dc/Whitney_Hermandorfer.png,https://commons.wikimedia.org/wiki/File:Whitney_Hermandorfer.png,Public domain — credit: U.S. Senate Judiciary Committee,false,,,false,,,false,Phase-2 sweep; FJC + CourtListener.
960,Frank Hoover Easterbrook,Easterbrook,ca7,CA71101,active,false,Ronald Reagan,Republican,1985-02-25,1985-04-03,1985-04-04,,,University of Chicago Law School,1973,Qualified,https://www.courtlistener.com/person/960/frank-hoover-easterbrook/,https://upload.wikimedia.org/wikipedia/commons/thumb/c/cd/JudgeEasterbrook.JPG/330px-JudgeEasterbrook.JPG?utm_source=commons.wikimedia.org&utm_campaign=imageinfo&utm_content=thumbnail,https://commons.wikimedia.org/wiki/File:JudgeEasterbrook.JPG,Public domain,false,,,false,,,false,Phase-2 sweep; FJC + CourtListener.
2727,Kenneth Francis Ripple,Ripple,ca7,CA71201,senior,false,Ronald Reagan,Republican,1985-04-01,1985-05-03,1985-05-10,2008-09-01,,University of Virginia School of Law,1968,Well Qualified,https://www.courtlistener.com/person/2727/kenneth-francis-ripple/,,,,false,,,false,,,false,Phase-2 sweep; FJC + CourtListener.
2797,Ilana Kara Diamond Rovner,Rovner,ca7,CA70605,senior,false,George H.W. Bush,Republican,1992-07-02,1992-08-12,1992-08-17,2024-07-10,,Chicago-Kent College of Law,1966,Well Qualified,https://www.courtlistener.com/person/2797/ilana-kara-diamond-rovner/,https://upload.wikimedia.org/wikipedia/commons/d/df/Ilana_Diamond_Rovner%2C_U.S._Court_of_Appeals_Judge.jpg,"https://commons.wikimedia.org/wiki/File:Ilana_Diamond_Rovner,_U.S._Court_of_Appeals_Judge.jpg","Public domain — credit: U.S. District Court for the Northern District of Illinois, 17 U.S.C. §105",false,,,false,,,false,Phase-2 sweep; FJC + CourtListener.
3156,Diane S. Sykes,Sykes,ca7,CA70108,senior,false,George W. Bush,Republican,2003-11-14,2004-06-24,2004-07-01,2025-10-01,,Marquette University Law School,1984,Well Qualified,https://www.courtlistener.com/person/3156/diane-s-sykes/,https://upload.wikimedia.org/wikipedia/commons/thumb/c/ce/Judge-Sykes.jpg/330px-Judge-Sykes.jpg?utm_source=commons.wikimedia.org&utm_campaign=imageinfo&utm_content=thumbnail,https://commons.wikimedia.org/wiki/File:Judge-Sykes.jpg,CC BY-SA 4.0 — credit: Avery3597,true,member,https://en.wikipedia.org/w/index.php?title=Diane_S._Sykes&oldid=1368575226,false,,,false,Phase-2 sweep; FJC + CourtListener.
1343,David Frank Hamilton,Hamilton,ca7,CA71202,senior,false,Barack Obama,Democratic,2009-03-17,2009-11-19,2009-11-23,2022-12-05,,Yale Law School,1983,Well Qualified,https://www.courtlistener.com/person/1343/david-frank-hamilton/,,,,false,,,false,,,false,Phase-2 sweep; FJC + CourtListener.
8553,Michael Brian Brennan,Brennan,ca7,CA71003,active,true,Donald J. Trump,Republican,2018-01-08,2018-05-10,2018-05-11,,,Northwestern University School of Law (now Pritzker School of Law),1989,Well Qualified,https://www.courtlistener.com/person/8553/michael-brian-brennan/,https://upload.wikimedia.org/wikipedia/commons/thumb/5/5a/Michael_B_Brennan.png/330px-Michael_B_Brennan.png?utm_source=commons.wikimedia.org&utm_campaign=imageinfo&utm_content=thumbnail,https://commons.wikimedia.org/wiki/File:Michael_B_Brennan.png,Public domain,true,chapter_leader,https://en.wikipedia.org/w/index.php?title=Michael_B._Brennan&oldid=1363342454,false,,,false,Phase-2 sweep; FJC + CourtListener.
8633,Michael Yale Scudder Jr.,Scudder,ca7,CA70706,active,false,Donald J. Trump,Republican,2018-02-15,2018-05-14,2018-05-21,,,Northwestern University School of Law (now Pritzker School of Law),1998,Well Qualified,https://www.courtlistener.com/person/8633/michael-yale-scudder-jr/,https://upload.wikimedia.org/wikipedia/commons/thumb/f/fc/Michael_Scudder_%28Judge%29_%28cropped%29.jpg/330px-Michael_Scudder_%28Judge%29_%28cropped%29.jpg?utm_source=commons.wikimedia.org&utm_campaign=imageinfo&utm_content=thumbnail,https://commons.wikimedia.org/wiki/File:Michael_Scudder_(Judge)_(cropped).jpg,Public domain,false,,,false,,,false,Phase-2 sweep; FJC + CourtListener.
3066,Amy Joan St. Eve,St. Eve,ca7,CA70903,active,false,Donald J. Trump,Republican,2018-02-15,2018-05-14,2018-05-23,,,Cornell Law School,1990,Well Qualified,https://www.courtlistener.com/person/3066/amy-j-st-eve/,https://upload.wikimedia.org/wikipedia/commons/thumb/0/03/Amy_J._St._Eve_%28cropped%29.jpg/330px-Amy_J._St._Eve_%28cropped%29.jpg?utm_source=commons.wikimedia.org&utm_campaign=imageinfo&utm_content=thumbnail,https://commons.wikimedia.org/wiki/File:Amy_J._St._Eve_(cropped).jpg,Public domain,false,,,false,,,false,Phase-2 sweep; FJC + CourtListener.
,Thomas Lee Kirsch II,Kirsch,ca7,CA70410,active,false,Donald J. Trump,Republican,2020-11-16,2020-12-15,2020-12-17,,,Harvard Law School,1999,Well Qualified,,https://upload.wikimedia.org/wikipedia/commons/thumb/f/f9/Thomas_L._Kirsch_II.jpg/330px-Thomas_L._Kirsch_II.jpg?utm_source=commons.wikimedia.org&utm_campaign=imageinfo&utm_content=thumbnail,https://commons.wikimedia.org/wiki/File:Thomas_L._Kirsch_II.jpg,Public domain,false,,,false,,,false,Phase-2 sweep; FJC + CourtListener.
,Candace Rae Jackson-Akiwumi,Jackson-Akiwumi,ca7,CA70209,active,false,Joseph R. Biden,Democratic,2021-04-19,2021-06-24,2021-07-01,,,Yale Law School,2005,Well Qualified,,https://upload.wikimedia.org/wikipedia/commons/thumb/d/dd/Candace_Jackson_Akiwumi_%28Judge%29_%28cropped%29.jpg/330px-Candace_Jackson_Akiwumi_%28Judge%29_%28cropped%29.jpg?utm_source=commons.wikimedia.org&utm_campaign=imageinfo&utm_content=thumbnail,https://commons.wikimedia.org/wiki/File:Candace_Jackson_Akiwumi_(Judge)_(cropped).jpg,Public domain,false,,,false,,,false,Phase-2 sweep; FJC + CourtListener.
1891,John Zihun Lee,Lee,ca7,CA70311,active,false,Joseph R. Biden,Democratic,2022-04-25,2022-09-07,2022-09-09,,,Harvard Law School,1992,Well Qualified,https://www.courtlistener.com/person/1891/john-zihun-lee/,https://upload.wikimedia.org/wikipedia/commons/thumb/1/12/John_Z._Lee_%28Judge%29_%28cropped%29.jpg/330px-John_Z._Lee_%28Judge%29_%28cropped%29.jpg?utm_source=commons.wikimedia.org&utm_campaign=imageinfo&utm_content=thumbnail,https://commons.wikimedia.org/wiki/File:John_Z._Lee_(Judge)_(cropped).jpg,Public domain,false,,,false,,,false,Phase-2 sweep; FJC + CourtListener.
9252,Doris Lenea Pryor,Pryor,ca7,CA71203,active,false,Joseph R. Biden,Democratic,2022-05-25,2022-12-05,2022-12-09,,,Indiana University School of Law -- Bloomington (now Maurer School of Law),2003,Qualified,https://www.courtlistener.com/person/9252/doris-l-pryor/,https://upload.wikimedia.org/wikipedia/commons/thumb/a/a0/Doris_Pryor.jpg/330px-Doris_Pryor.jpg?utm_source=commons.wikimedia.org&utm_campaign=imageinfo&utm_content=thumbnail,https://commons.wikimedia.org/wiki/File:Doris_Pryor.jpg,Public domain,false,,,false,,,false,Phase-2 sweep; FJC + CourtListener.
9245,Joshua Paul Kolar,Kolar,ca7,CA70804,active,false,Joseph R. Biden,Democratic,2024-01-08,2024-01-30,2024-01-31,,,Northwestern University School of Law (now Pritzker School of Law),2003,Well Qualified,https://www.courtlistener.com/person/9245/joshua-p-kolar/,https://upload.wikimedia.org/wikipedia/commons/e/e2/Joshua_Kolar.jpg,https://commons.wikimedia.org/wiki/File:Joshua_Kolar.jpg,Public domain — credit: U.S. Senate Judiciary Committee,false,,,false,,,false,Phase-2 sweep; FJC + CourtListener.
,Nancy Lee Maldonado,Maldonado,ca7,CA70606,active,false,Joseph R. Biden,Democratic,2024-02-27,2024-07-08,2024-07-11,,,Columbia Law School,2001,Well Qualified,,https://upload.wikimedia.org/wikipedia/commons/thumb/5/5a/Nancy_Maldonado_%28Judge%29_%28cropped%29.jpg/330px-Nancy_Maldonado_%28Judge%29_%28cropped%29.jpg?utm_source=commons.wikimedia.org&utm_campaign=imageinfo&utm_content=thumbnail,https://commons.wikimedia.org/wiki/File:Nancy_Maldonado_(Judge)_(cropped).jpg,Public domain,false,,,false,,,false,Phase-2 sweep; FJC + CourtListener.
,Rebecca Liane Taibleson,Taibleson,ca7,CA70109,active,false,Donald J. Trump,Republican,2025-09-15,2025-10-27,2025-11-03,,,Yale Law School,2010,Well Qualified,,https://upload.wikimedia.org/wikipedia/commons/2/2f/Rebecca_Taibleson.png,https://commons.wikimedia.org/wiki/File:Rebecca_Taibleson.png,Public domain — credit: U.S. Senate Judiciary Committee,false,,,false,,,false,Phase-2 sweep; FJC + CourtListener.
344,Pasco Middleton Bowman II,Bowman,ca8,CA80705,senior,false,Ronald Reagan,Republican,1983-05-24,1983-07-18,1983-07-19,2003-08-01,,New York University School of Law,1958,Qualified,https://www.courtlistener.com/person/344/pasco-middleton-bowman-ii/,https://upload.wikimedia.org/wikipedia/commons/thumb/0/0e/Pasco_M_Bowman.jpg/330px-Pasco_M_Bowman.jpg?utm_source=commons.wikimedia.org&utm_campaign=imageinfo&utm_content=thumbnail,https://commons.wikimedia.org/wiki/File:Pasco_M_Bowman.jpg,Public domain,false,,,false,,,false,Phase-2 sweep; FJC + CourtListener.
3531,Roger Leland Wollman,Wollman,ca8,CA81301,senior,false,Ronald Reagan,Republican,1985-06-25,1985-07-19,1985-07-22,2018-12-14,,University of South Dakota School of Law (now Knudson School of Law),1962,,https://www.courtlistener.com/person/3531/roger-leland-wollman/,https://upload.wikimedia.org/wikipedia/commons/thumb/5/56/Roger_Leland_Wollman.jpg/330px-Roger_Leland_Wollman.jpg?utm_source=commons.wikimedia.org&utm_campaign=imageinfo&utm_content=thumbnail,https://commons.wikimedia.org/wiki/File:Roger_Leland_Wollman.jpg,Public domain,false,,,false,,,false,"Phase-2 sweep; FJC + CourtListener. [[note]] FJC has no ABA rating on file for this appointment — checked (2026-08-25): it was his initial appointment (direct to the court of appeals, no prior rated judgeship to fall back on either). Confirmed gap, not an extraction bug."
1959,James B. Loken,Loken,ca8,CA81102,active,false,George H.W. Bush,Republican,1990-09-10,1990-10-12,1990-10-17,,,Harvard Law School,1965,Well Qualified,https://www.courtlistener.com/person/1959/james-b-loken/,https://upload.wikimedia.org/wikipedia/commons/b/b7/James_Loken_%28cropped%29.jpg?utm_source=commons.wikimedia.org&utm_campaign=imageinfo&utm_content=thumbnail_unscaled,https://commons.wikimedia.org/wiki/File:James_Loken_(cropped).jpg,Public domain,false,,,false,,,false,Phase-2 sweep; FJC + CourtListener.
1361,David Rasmussen Hansen,Hansen,ca8,CA81401,senior,false,George H.W. Bush,Republican,1991-07-30,1991-11-15,1991-11-18,2003-04-01,,George Washington University Law School,1963,Well Qualified,https://www.courtlistener.com/person/1361/david-rasmussen-hansen/,https://upload.wikimedia.org/wikipedia/commons/thumb/b/bf/David_R._Hansen_%28cropped%29.jpg/330px-David_R._Hansen_%28cropped%29.jpg?utm_source=commons.wikimedia.org&utm_campaign=imageinfo&utm_content=thumbnail,https://commons.wikimedia.org/wiki/File:David_R._Hansen_(cropped).jpg,Public domain,false,,,false,,,false,Phase-2 sweep; FJC + CourtListener.
127,Morris Sheppard Arnold,Arnold,ca8,CA80903,senior,false,George H.W. Bush,Republican,1991-11-06,1992-05-21,1992-05-26,2006-10-09,,University of Arkansas School of Law,1968,Well Qualified,https://www.courtlistener.com/person/127/morris-sheppard-arnold/,https://upload.wikimedia.org/wikipedia/commons/thumb/a/a9/Arnold%2Cmorris-portrait.gif/330px-Arnold%2Cmorris-portrait.gif?utm_source=commons.wikimedia.org&utm_campaign=imageinfo&utm_content=thumbnail,"https://commons.wikimedia.org/wiki/File:Arnold,morris-portrait.gif",Public domain,false,,,false,,,false,Phase-2 sweep; FJC + CourtListener.
2213,Michael Joseph Melloy,Melloy,ca8,CA80409,senior,false,George W. Bush,Republican,2001-09-04,2002-02-11,2002-02-14,2013-02-01,,University of Iowa College of Law,1974,Well Qualified,https://www.courtlistener.com/person/2213/michael-joseph-melloy/,https://upload.wikimedia.org/wikipedia/commons/7/7c/Bye_Loken_Melloy_%28cropped%29.jpg?utm_source=commons.wikimedia.org&utm_campaign=imageinfo&utm_content=thumbnail_unscaled,https://commons.wikimedia.org/wiki/File:Bye_Loken_Melloy_(cropped).jpg,Public domain,false,,,false,,,false,Phase-2 sweep; FJC + CourtListener.
3014,Lavenski R. Smith,L. Smith,ca8,CA81202,active,false,George W. Bush,Republican,2001-09-04,2002-07-15,2002-07-19,,,University of Arkansas School of Law,1987,Qualified,https://www.courtlistener.com/person/3014/lavenski-r-smith/,https://upload.wikimedia.org/wikipedia/commons/8/8b/Lavenski_Smith_%28cropped%29.jpg?utm_source=commons.wikimedia.org&utm_campaign=imageinfo&utm_content=thumbnail_unscaled,https://commons.wikimedia.org/wiki/File:Lavenski_Smith_(cropped).jpg,Public domain,false,,,false,,,false,Phase-2 sweep; FJC + CourtListener.
686,Steven M. Colloton,Colloton,ca8,CA81402,active,true,George W. Bush,Republican,2003-02-12,2003-09-04,2003-09-10,,,Yale Law School,1988,Qualified,https://www.courtlistener.com/person/686/steven-m-colloton/,https://upload.wikimedia.org/wikipedia/commons/b/bc/Judge_Steven_Colloton.jpg?utm_source=commons.wikimedia.org&utm_campaign=imageinfo&utm_content=thumbnail_unscaled,https://commons.wikimedia.org/wiki/File:Judge_Steven_Colloton.jpg,Public domain,false,,,false,,,false,Phase-2 sweep; FJC + CourtListener.
1299,Raymond W. Gruender,Gruender,ca8,CA80706,active,false,George W. Bush,Republican,2003-09-29,2004-05-20,2004-06-05,,,Washington University School of Law,1987,Qualified,https://www.courtlistener.com/person/1299/raymond-w-gruender/,https://upload.wikimedia.org/wikipedia/commons/5/5a/Raymond_Gruender_US_Attorney.jpg?utm_source=commons.wikimedia.org&utm_campaign=imageinfo&utm_content=thumbnail_unscaled,https://commons.wikimedia.org/wiki/File:Raymond_Gruender_US_Attorney.jpg,Public domain,false,,,false,,,false,Phase-2 sweep; FJC + CourtListener.
257,William Duane Benton,Benton,ca8,CA80309,senior,false,George W. Bush,Republican,2004-02-12,2004-06-24,2004-07-02,2026-06-21,,Yale Law School,1975,Well Qualified,https://www.courtlistener.com/person/257/william-duane-benton/,https://upload.wikimedia.org/wikipedia/commons/5/5e/Duane_Benton.png?utm_source=commons.wikimedia.org&utm_campaign=imageinfo&utm_content=thumbnail_unscaled,https://commons.wikimedia.org/wiki/File:Duane_Benton.png,Public domain,false,,,false,,,false,Phase-2 sweep; FJC + CourtListener.
2945,Bobby E. Shepherd,Shepherd,ca8,CA80904,active,false,George W. Bush,Republican,2006-05-18,2006-07-20,2006-10-10,,,University of Arkansas School of Law,1975,Well Qualified,https://www.courtlistener.com/person/2945/bobby-e-shepherd/,https://upload.wikimedia.org/wikipedia/commons/1/1c/Bobby_Shepherd_-_United_States_Court_of_Appeals_for_the_Eighth_Circuit_-_2010_%28cropped%29.jpg?utm_source=commons.wikimedia.org&utm_campaign=imageinfo&utm_content=thumbnail_unscaled,https://commons.wikimedia.org/wiki/File:Bobby_Shepherd_-_United_States_Court_of_Appeals_for_the_Eighth_Circuit_-_2010_(cropped).jpg,Public domain,false,,,false,,,false,Phase-2 sweep; FJC + CourtListener.
1738,Jane Louise Kelly,Kelly,ca8,CA80410,active,false,Barack Obama,Democratic,2013-01-31,2013-04-24,2013-04-25,,,Harvard Law School,1991,Qualified,https://www.courtlistener.com/person/1738/jane-louise-kelly/,https://upload.wikimedia.org/wikipedia/commons/thumb/c/cb/Judge_Jane_Kelly.jpg/330px-Judge_Jane_Kelly.jpg?utm_source=commons.wikimedia.org&utm_campaign=imageinfo&utm_content=thumbnail,https://commons.wikimedia.org/wiki/File:Judge_Jane_Kelly.jpg,Public domain,false,,,false,,,false,Phase-2 sweep; FJC + CourtListener.
1003,Ralph R. Erickson,Erickson,ca8,CA81007,active,false,Donald J. Trump,Republican,2017-06-07,2017-09-28,2017-10-12,,,University of North Dakota School of Law,1984,Well Qualified,https://www.courtlistener.com/person/1003/ralph-r-erickson/,https://upload.wikimedia.org/wikipedia/commons/0/09/Erickson2017.jpg?utm_source=commons.wikimedia.org&utm_campaign=imageinfo&utm_content=thumbnail_unscaled,https://commons.wikimedia.org/wiki/File:Erickson2017.jpg,Public domain,false,,,false,,,false,Phase-2 sweep; FJC + CourtListener.
8578,Leonard Steven Grasz,Grasz,ca8,CA80607,active,false,Donald J. Trump,Republican,2017-08-03,2017-12-12,2018-01-03,,,University of Nebraska College of Law,1989,Not Qualified,https://www.courtlistener.com/person/8578/leonard-steven-grasz/,https://upload.wikimedia.org/wikipedia/commons/thumb/2/2f/L._Steven_Grasz.jpg/330px-L._Steven_Grasz.jpg?utm_source=commons.wikimedia.org&utm_campaign=imageinfo&utm_content=thumbnail,https://commons.wikimedia.org/wiki/File:L._Steven_Grasz.jpg,CC BY-SA 4.0 — credit: Cornstalker,false,,,false,,,false,Phase-2 sweep; FJC + CourtListener.
8638,David Ryan Stras,Stras,ca8,CA80806,active,false,Donald J. Trump,Republican,2018-01-08,2018-01-30,2018-01-31,,,University of Kansas School of Law,1999,Well Qualified,https://www.courtlistener.com/person/8638/david-ryan-stras/,https://upload.wikimedia.org/wikipedia/commons/thumb/0/07/Judge_David_Stras.png/330px-Judge_David_Stras.png?utm_source=commons.wikimedia.org&utm_campaign=imageinfo&utm_content=thumbnail,https://commons.wikimedia.org/wiki/File:Judge_David_Stras.png,Public domain,true,member,https://en.wikipedia.org/w/index.php?title=David_Stras&oldid=1363343426,false,,,false,Phase-2 sweep; FJC + CourtListener.
8594,Jonathan Allen Kobes,Kobes,ca8,CA81302,active,false,Donald J. Trump,Republican,2018-06-11,2018-12-11,2018-12-12,,,Harvard Law School,2000,Not Qualified,https://www.courtlistener.com/person/8594/jonathan-allen-kobes/,https://upload.wikimedia.org/wikipedia/commons/thumb/2/2a/Jonathan_Kobes_%28Judge%29_%28cropped%29.jpg/330px-Jonathan_Kobes_%28Judge%29_%28cropped%29.jpg?utm_source=commons.wikimedia.org&utm_campaign=imageinfo&utm_content=thumbnail,https://commons.wikimedia.org/wiki/File:Jonathan_Kobes_(Judge)_(cropped).jpg,Public domain,true,member,https://en.wikipedia.org/w/index.php?title=Jonathan_A._Kobes&oldid=1363343969,false,,,false,Phase-2 sweep; FJC + CourtListener.
,Justin Daniel Smith,J. Smith,ca8,CA80310,active,false,Donald J. Trump,Republican,2026-03-02,2026-06-15,2026-06-18,,,University of Missouri School of Law,2010,Qualified,,https://upload.wikimedia.org/wikipedia/commons/1/1f/Justin_D._Smith.png,https://commons.wikimedia.org/wiki/File:Justin_D._Smith.png,Public domain (PD-USGov) — credit: U.S. Senate Judiciary Committee,false,,,false,,,false,Phase-2 sweep; FJC + CourtListener.
3351,John Clifford Wallace,Wallace,ca9,CA90904,senior,false,Richard M. Nixon,Republican,1972-05-22,1972-06-28,1972-06-28,1996-04-08,,"University of California, Berkeley, School of Law",1955,Well Qualified,https://www.courtlistener.com/person/3351/john-clifford-wallace/,https://upload.wikimedia.org/wikipedia/commons/thumb/f/f7/J._Clifford_Wallace_%28cropped%29.jpg/330px-J._Clifford_Wallace_%28cropped%29.jpg?utm_source=commons.wikimedia.org&utm_campaign=imageinfo&utm_content=thumbnail,https://commons.wikimedia.org/wiki/File:J._Clifford_Wallace_(cropped).jpg,Public domain,false,,,false,,,false,Phase-2 sweep; FJC + CourtListener.
2871,Mary Murphy Schroeder,Schroeder,ca9,CA91501,senior,false,Jimmy Carter,Democratic,1979-05-03,1979-09-25,1979-09-26,2011-12-31,,University of Chicago Law School,1965,Qualified,https://www.courtlistener.com/person/2871/mary-murphy-schroeder/,https://upload.wikimedia.org/wikipedia/commons/thumb/2/28/Judge_Mary_M._Schroeder_01-cropped.jpg/330px-Judge_Mary_M._Schroeder_01-cropped.jpg?utm_source=commons.wikimedia.org&utm_campaign=imageinfo&utm_content=thumbnail,https://commons.wikimedia.org/wiki/File:Judge_Mary_M._Schroeder_01-cropped.jpg,CC BY-SA 3.0 — credit: Joe Mabel,false,,,false,,,false,Phase-2 sweep; FJC + CourtListener.
2385,Dorothy Wright Nelson,D. Nelson,ca9,CA92301,senior,false,Jimmy Carter,Democratic,1979-09-28,1979-12-19,1979-12-20,1995-01-01,,"University of California, Los Angeles, School of Law",1953,Qualified,https://www.courtlistener.com/person/2385/dorothy-wright-nelson/,https://upload.wikimedia.org/wikipedia/commons/thumb/e/eb/Dorothy_Wright_Nelson_%28cropped%29.jpg/330px-Dorothy_Wright_Nelson_%28cropped%29.jpg?utm_source=commons.wikimedia.org&utm_campaign=imageinfo&utm_content=thumbnail,https://commons.wikimedia.org/wiki/File:Dorothy_Wright_Nelson_(cropped).jpg,Public domain,false,,,false,,,false,Phase-2 sweep; FJC + CourtListener.
528,William Cameron Canby Jr.,Canby,ca9,CA91402,senior,false,Jimmy Carter,Democratic,1980-04-02,1980-05-21,1980-05-23,1996-05-23,,University of Minnesota Law School,1956,Well Qualified,https://www.courtlistener.com/person/528/william-cameron-canby-jr/,https://upload.wikimedia.org/wikipedia/commons/thumb/6/66/William_C._Canby_Jr.jpg/330px-William_C._Canby_Jr.jpg?utm_source=commons.wikimedia.org&utm_campaign=imageinfo&utm_content=thumbnail,https://commons.wikimedia.org/wiki/File:William_C._Canby_Jr.jpg,Public domain,false,,,false,,,false,Phase-2 sweep; FJC + CourtListener.
2458,Diarmuid Fionntain O'Scannlain,O'Scannlain,ca9,CA91103,senior,false,Ronald Reagan,Republican,1986-08-11,1986-09-25,1986-09-26,2016-12-31,,Harvard Law School,1963,Qualified,https://www.courtlistener.com/person/2458/diarmuid-fionntain-oscannlain/,https://upload.wikimedia.org/wikipedia/commons/5/51/Diarmuid_O%27Scannlain_Circuit_Judge.png?utm_source=commons.wikimedia.org&utm_campaign=imageinfo&utm_content=thumbnail_unscaled,https://commons.wikimedia.org/wiki/File:Diarmuid_O%27Scannlain_Circuit_Judge.png,Public domain,true,contributor,https://fedsoc.org/contributors/diarmuid-o-scannlain,false,,,false,Phase-2 sweep; FJC + CourtListener.
3267,Stephen S. Trott,Trott,ca9,CA90605,senior,false,Ronald Reagan,Republican,1987-08-07,1988-03-24,1988-03-25,2004-12-31,,Harvard Law School,1965,Well Qualified,https://www.courtlistener.com/person/3267/stephen-s-trott/,https://upload.wikimedia.org/wikipedia/commons/c/c9/Stephen_S._Trott_Circuit_Judge.jpg?utm_source=commons.wikimedia.org&utm_campaign=imageinfo&utm_content=thumbnail_unscaled,https://commons.wikimedia.org/wiki/File:Stephen_S._Trott_Circuit_Judge.jpg,Public domain,false,,,false,,,false,Phase-2 sweep; FJC + CourtListener.
1045,Ferdinand Francis Fernandez,Fernandez,ca9,CA92102,senior,false,George H.W. Bush,Republican,1989-02-28,1989-05-18,1989-05-22,2002-06-01,,University of Southern California Law School (now Gould School of Law),1962,Well Qualified,https://www.courtlistener.com/person/1045/ferdinand-francis-fernandez/,,,,false,,,false,,,false,Phase-2 sweep; FJC + CourtListener.
1398,Michael Daly Hawkins,Hawkins,ca9,CA91003,senior,false,William J. Clinton,Democratic,1994-07-13,1994-09-14,1994-09-15,2010-02-12,,Arizona State University College of Law (now Sandra Day O’Connor College of Law),1970,Well Qualified,https://www.courtlistener.com/person/1398/michael-daly-hawkins/,https://upload.wikimedia.org/wikipedia/commons/a/a2/Michael_Daly_Hawkins.jpg?utm_source=commons.wikimedia.org&utm_campaign=imageinfo&utm_content=thumbnail_unscaled,https://commons.wikimedia.org/wiki/File:Michael_Daly_Hawkins.jpg,Public domain,false,,,false,,,false,Phase-2 sweep; FJC + CourtListener.
3172,Atsushi Wallace Tashima,Tashima,ca9,CA91902,senior,false,William J. Clinton,Democratic,1995-04-06,1996-01-02,1996-01-04,2004-06-30,,Harvard Law School,1961,Well Qualified,https://www.courtlistener.com/person/3172/atsushi-wallace-tashima/,https://upload.wikimedia.org/wikipedia/commons/thumb/a/ad/A._Wallace_Tashima_Circuit_Judge.jpg/330px-A._Wallace_Tashima_Circuit_Judge.jpg?utm_source=commons.wikimedia.org&utm_campaign=imageinfo&utm_content=thumbnail,https://commons.wikimedia.org/wiki/File:A._Wallace_Tashima_Circuit_Judge.jpg,Public domain,false,,,false,,,false,Phase-2 sweep; FJC + CourtListener.
3205,Sidney Runyan Thomas,S. Thomas,ca9,CA92302,senior,false,William J. Clinton,Democratic,1995-07-19,1996-01-02,1996-01-04,2023-05-04,,University of Montana School of Law,1978,Well Qualified,https://www.courtlistener.com/person/3205/sidney-runyan-thomas/,https://upload.wikimedia.org/wikipedia/commons/6/6e/Sidney_Runyan_Thomas_13.JPG?utm_source=commons.wikimedia.org&utm_campaign=imageinfo&utm_content=thumbnail_unscaled,https://commons.wikimedia.org/wiki/File:Sidney_Runyan_Thomas_13.JPG,Public domain,false,,,false,,,false,Phase-2 sweep; FJC + CourtListener.
2968,Barry G. Silverman,Silverman,ca9,CA91403,senior,false,William J. Clinton,Democratic,1997-11-08,1998-01-28,1998-02-04,2016-10-11,,Arizona State University College of Law (now Sandra Day O’Connor College of Law),1976,Qualified,https://www.courtlistener.com/person/2968/barry-g-silverman/,https://upload.wikimedia.org/wikipedia/commons/9/9b/Barry_G._Silverman.jpg?utm_source=commons.wikimedia.org&utm_campaign=imageinfo&utm_content=thumbnail_unscaled,https://commons.wikimedia.org/wiki/File:Barry_G._Silverman.jpg,Public domain,false,,,false,,,false,Phase-2 sweep; FJC + CourtListener.
1256,Susan Graber,Graber,ca9,CA91603,senior,false,William J. Clinton,Democratic,1997-07-30,1998-03-17,1998-03-19,2021-12-15,,Yale Law School,1972,Well Qualified,https://www.courtlistener.com/person/1256/susan-graber/,https://upload.wikimedia.org/wikipedia/commons/6/63/Susan_P._Graber.jpg?utm_source=commons.wikimedia.org&utm_campaign=imageinfo&utm_content=thumbnail_unscaled,https://commons.wikimedia.org/wiki/File:Susan_P._Graber.jpg,Public domain,false,,,false,,,false,Phase-2 sweep; FJC + CourtListener.
2157,M. Margaret McKeown,McKeown,ca9,CA91802,senior,false,William J. Clinton,Democratic,1997-01-07,1998-03-27,1998-04-08,2022-09-15,,Georgetown University Law Center,1975,Well Qualified,https://www.courtlistener.com/person/2157/mary-margaret-mckeown/,https://upload.wikimedia.org/wikipedia/commons/4/44/M-Margaret-McKeown-2009-US-Courts.jpg?utm_source=commons.wikimedia.org&utm_campaign=imageinfo&utm_content=thumbnail_unscaled,https://commons.wikimedia.org/wiki/File:M-Margaret-McKeown-2009-US-Courts.jpg,Public domain,false,,,false,,,false,Phase-2 sweep; FJC + CourtListener.
3371,Kim McLane Wardlaw,Wardlaw,ca9,CA90905,active,false,William J. Clinton,Democratic,1998-01-27,1998-07-31,1998-08-03,,,"University of California, Los Angeles, School of Law",1979,Qualified,https://www.courtlistener.com/person/3371/kim-mclane-wardlaw/,https://upload.wikimedia.org/wikipedia/commons/thumb/6/60/Kim_McLane_Wardlaw.jpg/330px-Kim_McLane_Wardlaw.jpg?utm_source=commons.wikimedia.org&utm_campaign=imageinfo&utm_content=thumbnail,https://commons.wikimedia.org/wiki/File:Kim_McLane_Wardlaw.jpg,Public domain,false,,,false,,,false,Phase-2 sweep; FJC + CourtListener.
1079,William A. Fletcher,Fletcher,ca9,CA90206,senior,false,William J. Clinton,Democratic,1997-01-07,1998-10-08,1998-10-09,2022-01-24,,Yale Law School,1975,Well Qualified,https://www.courtlistener.com/person/1079/william-a-fletcher/,https://upload.wikimedia.org/wikipedia/commons/3/3f/Judge_William_Fletcher_portrait.png?utm_source=commons.wikimedia.org&utm_campaign=imageinfo&utm_content=thumbnail_unscaled,https://commons.wikimedia.org/wiki/File:Judge_William_Fletcher_portrait.png,Public domain,false,,,false,,,false,Phase-2 sweep; FJC + CourtListener.
1254,Ronald Murray Gould,Gould,ca9,CA91203,active,false,William J. Clinton,Democratic,1999-01-26,1999-11-17,1999-11-22,,,University of Michigan Law School,1973,Well Qualified,https://www.courtlistener.com/person/1254/ronald-murray-gould/,https://upload.wikimedia.org/wikipedia/commons/thumb/f/fe/Ronald_M._Gould_%28Judge%29.jpg/330px-Ronald_M._Gould_%28Judge%29.jpg?utm_source=commons.wikimedia.org&utm_campaign=imageinfo&utm_content=thumbnail,https://commons.wikimedia.org/wiki/File:Ronald_M._Gould_(Judge).jpg,Public domain,false,,,false,,,false,Phase-2 sweep; FJC + CourtListener.
2487,Richard A. Paez,Paez,ca9,CA92202,senior,false,William J. Clinton,Democratic,1999-01-26,2000-03-09,2000-03-14,2021-12-13,,"University of California, Berkeley, School of Law",1972,Well Qualified,https://www.courtlistener.com/person/2487/richard-a-paez/,https://upload.wikimedia.org/wikipedia/commons/b/b8/Richard_A._Paez_13.JPG?utm_source=commons.wikimedia.org&utm_campaign=imageinfo&utm_content=thumbnail_unscaled,https://commons.wikimedia.org/wiki/File:Richard_A._Paez_13.JPG,Public domain,false,,,false,,,false,Phase-2 sweep; FJC + CourtListener.
264,Marsha Siegel Berzon,Berzon,ca9,CA92902,senior,false,William J. Clinton,Democratic,1999-01-26,2000-03-09,2000-03-16,2022-01-23,,"University of California, Berkeley, School of Law",1973,Well Qualified,https://www.courtlistener.com/person/264/marsha-siegel-berzon/,https://upload.wikimedia.org/wikipedia/commons/b/ba/Marsha_S_Berzon.jpg?utm_source=commons.wikimedia.org&utm_campaign=imageinfo&utm_content=thumbnail_unscaled,https://commons.wikimedia.org/wiki/File:Marsha_S_Berzon.jpg,Public domain,false,,,false,,,false,Phase-2 sweep; FJC + CourtListener.
3163,Richard C. Tallman,Tallman,ca9,CA91702,senior,false,William J. Clinton,Democratic,1999-10-20,2000-05-24,2000-05-25,2018-03-03,,Northwestern University School of Law (now Pritzker School of Law),1978,Well Qualified,https://www.courtlistener.com/person/3163/richard-c-tallman/,https://upload.wikimedia.org/wikipedia/commons/7/75/Richard-C-Tallman.jpg?utm_source=commons.wikimedia.org&utm_campaign=imageinfo&utm_content=thumbnail_unscaled,https://commons.wikimedia.org/wiki/File:Richard-C-Tallman.jpg,Public domain,false,,,false,,,false,Phase-2 sweep; FJC + CourtListener.
2664,Johnnie B. Rawlinson,Rawlinson,ca9,CA90506,active,false,William J. Clinton,Democratic,2000-02-22,2000-07-21,2000-07-26,,,"University of the Pacific, McGeorge School of Law",1979,Qualified,https://www.courtlistener.com/person/2664/johnnie-b-rawlinson/,https://upload.wikimedia.org/wikipedia/commons/9/96/J._B._Rawlinson.jpg?utm_source=commons.wikimedia.org&utm_campaign=imageinfo&utm_content=thumbnail_unscaled,https://commons.wikimedia.org/wiki/File:J._B._Rawlinson.jpg,Public domain,false,,,false,,,false,Phase-2 sweep; FJC + CourtListener.
654,Richard R. Clifton,Clifton,ca9,CA92602,senior,false,George W. Bush,Republican,2001-09-04,2002-07-18,2002-07-30,2016-12-31,,Yale Law School,1975,Qualified,https://www.courtlistener.com/person/654/richard-r-clifton/,https://upload.wikimedia.org/wikipedia/commons/4/4a/Richard_R._Clifton_Circuit_Judge.jpg?utm_source=commons.wikimedia.org&utm_campaign=imageinfo&utm_content=thumbnail_unscaled,https://commons.wikimedia.org/wiki/File:Richard_R._Clifton_Circuit_Judge.jpg,Public domain,false,,,false,,,false,Phase-2 sweep; FJC + CourtListener.
488,Jay S. Bybee,Bybee,ca9,CA90704,senior,false,George W. Bush,Republican,2003-01-07,2003-03-13,2003-03-21,2019-12-31,,"Brigham Young University, J. Reuben Clark Law School",1980,Well Qualified,https://www.courtlistener.com/person/488/jay-s-bybee/,https://upload.wikimedia.org/wikipedia/commons/a/ae/Assistant_Attorney_General_Jay_Bybee%2C_official_portrait.jpg?utm_source=commons.wikimedia.org&utm_campaign=imageinfo&utm_content=thumbnail_unscaled,"https://commons.wikimedia.org/wiki/File:Assistant_Attorney_General_Jay_Bybee,_official_portrait.jpg",Public domain,false,,,false,,,false,Phase-2 sweep; FJC + CourtListener.
512,Consuelo Maria Callahan,Callahan,ca9,CA92103,active,false,George W. Bush,Republican,2003-02-12,2003-05-22,2003-05-28,,,"University of the Pacific, McGeorge School of Law",1975,Well Qualified,https://www.courtlistener.com/person/512/consuelo-maria-callahan/,https://upload.wikimedia.org/wikipedia/commons/c/cb/Consuelo_Callahan.jpg?utm_source=commons.wikimedia.org&utm_campaign=imageinfo&utm_content=thumbnail_unscaled,https://commons.wikimedia.org/wiki/File:Consuelo_Callahan.jpg,Public domain,false,,,false,,,false,Phase-2 sweep; FJC + CourtListener.
215,Carlos T. Bea,Bea,ca9,CA92502,senior,false,George W. Bush,Republican,2003-04-11,2003-09-29,2003-10-01,2019-12-12,,Stanford Law School,1958,Qualified,https://www.courtlistener.com/person/215/carlos-t-bea/,https://upload.wikimedia.org/wikipedia/commons/d/de/Carlos_Bea_Circuit_Judge.jpg?utm_source=commons.wikimedia.org&utm_campaign=imageinfo&utm_content=thumbnail_unscaled,https://commons.wikimedia.org/wiki/File:Carlos_Bea_Circuit_Judge.jpg,Public domain,false,,,false,,,false,Phase-2 sweep; FJC + CourtListener.
3015,Milan Dale Smith Jr.,M. Smith,ca9,CA91903,active,false,George W. Bush,Republican,2006-02-14,2006-05-16,2006-05-18,,,University of Chicago Law School,1969,Well Qualified,https://www.courtlistener.com/person/3015/milan-dale-smith-jr/,https://upload.wikimedia.org/wikipedia/commons/thumb/c/c0/MDS_official_photo.jpg/330px-MDS_official_photo.jpg?utm_source=commons.wikimedia.org&utm_campaign=imageinfo&utm_content=thumbnail,https://commons.wikimedia.org/wiki/File:MDS_official_photo.jpg,CC BY-SA 4.0 — credit: Paulzmuda,false,,,false,,,false,Phase-2 sweep; FJC + CourtListener.
3016,N[orman] Randy Smith,N. Smith,ca9,CA90310,senior,false,George W. Bush,Republican,2007-01-16,2007-02-15,2007-03-19,2018-08-11,,"Brigham Young University, J. Reuben Clark Law School",1977,Well Qualified,https://www.courtlistener.com/person/3016/norman-randy-smith/,https://upload.wikimedia.org/wikipedia/commons/5/58/N._Randy_Smith_Circuit_Judge.jpg?utm_source=commons.wikimedia.org&utm_campaign=imageinfo&utm_content=thumbnail_unscaled,https://commons.wikimedia.org/wiki/File:N._Randy_Smith_Circuit_Judge.jpg,Public domain,false,,,false,,,false,Phase-2 sweep; FJC + CourtListener.
2352,Mary Helen Murguia,Murguia,ca9,CA91004,active,true,Barack Obama,Democratic,2010-03-25,2010-12-22,2011-01-04,,,University of Kansas School of Law,1985,Qualified,https://www.courtlistener.com/person/2352/mary-helen-murguia/,https://upload.wikimedia.org/wikipedia/commons/thumb/a/a0/Judge_Mary_Murguia.jpg/330px-Judge_Mary_Murguia.jpg?utm_source=commons.wikimedia.org&utm_campaign=imageinfo&utm_content=thumbnail,https://commons.wikimedia.org/wiki/File:Judge_Mary_Murguia.jpg,Public domain,false,,,false,,,false,Phase-2 sweep; FJC + CourtListener.
613,Morgan Christen,Christen,ca9,CA91304,active,false,Barack Obama,Democratic,2011-05-18,2011-12-15,2012-01-11,,,Golden Gate University School of Law,1986,Well Qualified,https://www.courtlistener.com/person/613/morgan-christen/,https://upload.wikimedia.org/wikipedia/commons/1/11/Judge_Morgan_Christen.jpg?utm_source=commons.wikimedia.org&utm_campaign=imageinfo&utm_content=thumbnail_unscaled,https://commons.wikimedia.org/wiki/File:Judge_Morgan_Christen.jpg,Public domain,false,,,false,,,false,Phase-2 sweep; FJC + CourtListener.
2403,Jacqueline Hong-Ngoc Nguyen,Nguyen,ca9,CA93001,active,false,Barack Obama,Democratic,2011-09-22,2012-05-07,2012-05-14,,,"University of California, Los Angeles, School of Law",1991,Qualified,https://www.courtlistener.com/person/2403/jacqueline-hong-ngoc-nguyen/,https://upload.wikimedia.org/wikipedia/commons/1/13/Judge_Jacqueline_Nguyen.jpg?utm_source=commons.wikimedia.org&utm_campaign=imageinfo&utm_content=thumbnail_unscaled,https://commons.wikimedia.org/wiki/File:Judge_Jacqueline_Nguyen.jpg,Public domain,false,,,false,,,false,Phase-2 sweep; FJC + CourtListener.
1577,Andrew David Hurwitz,Hurwitz,ca9,CA91502,senior,false,Barack Obama,Democratic,2011-11-02,2012-06-12,2012-06-27,2022-10-03,,Yale Law School,1972,Well Qualified,https://www.courtlistener.com/person/1577/andrew-david-hurwitz/,https://upload.wikimedia.org/wikipedia/commons/7/79/Judge_Andrew_D._Hurwitz.jpg?utm_source=commons.wikimedia.org&utm_campaign=imageinfo&utm_content=thumbnail_unscaled,https://commons.wikimedia.org/wiki/File:Judge_Andrew_D._Hurwitz.jpg,Public domain,false,,,false,,,false,Phase-2 sweep; FJC + CourtListener.
2482,John Byron Owens,Owens,ca9,CA90606,active,false,Barack Obama,Democratic,2014-01-06,2014-03-31,2014-04-02,,,Stanford Law School,1996,Well Qualified,https://www.courtlistener.com/person/2482/john-byron-owens/,https://upload.wikimedia.org/wikipedia/commons/thumb/5/55/Owens_Taking_Oath.jpg/330px-Owens_Taking_Oath.jpg?utm_source=commons.wikimedia.org&utm_campaign=imageinfo&utm_content=thumbnail,https://commons.wikimedia.org/wiki/File:Owens_Taking_Oath.jpg,Public domain,false,,,false,,,false,Phase-2 sweep; FJC + CourtListener.
1119,Michelle Taryn Friedland,Friedland,ca9,CA92803,active,false,Barack Obama,Democratic,2014-01-06,2014-04-28,2014-04-29,,,Stanford Law School,2000,Well Qualified,https://www.courtlistener.com/person/1119/michelle-taryn-friedland/,https://upload.wikimedia.org/wikipedia/commons/thumb/1/10/Friedland_Sitting_on_Bench.jpg/330px-Friedland_Sitting_on_Bench.jpg?utm_source=commons.wikimedia.org&utm_campaign=imageinfo&utm_content=thumbnail,https://commons.wikimedia.org/wiki/File:Friedland_Sitting_on_Bench.jpg,Public domain,false,,,false,,,false,Phase-2 sweep; FJC + CourtListener.
8547,Mark Jeremy Bennett,Bennett,ca9,CA92603,active,false,Donald J. Trump,Republican,2018-02-15,2018-07-10,2018-07-13,,,Cornell Law School,1979,Well Qualified,https://www.courtlistener.com/person/8547/mark-jeremy-bennett/,https://upload.wikimedia.org/wikipedia/commons/4/4e/Bennett2019.png?utm_source=commons.wikimedia.org&utm_campaign=imageinfo&utm_content=thumbnail_unscaled,https://commons.wikimedia.org/wiki/File:Bennett2019.png,Public domain,true,member,https://en.wikipedia.org/w/index.php?title=Mark_J._Bennett&oldid=1363343779,false,,,false,Phase-2 sweep; FJC + CourtListener.
8609,Ryan Douglas Nelson,R. Nelson,ca9,CA90311,active,false,Donald J. Trump,Republican,2018-05-15,2018-10-11,2018-10-18,,,"Brigham Young University, J. Reuben Clark Law School",1999,Qualified,https://www.courtlistener.com/person/8609/ryan-douglas-nelson/,https://upload.wikimedia.org/wikipedia/commons/8/83/R.Nelson.png?utm_source=commons.wikimedia.org&utm_campaign=imageinfo&utm_content=thumbnail_unscaled,https://commons.wikimedia.org/wiki/File:R.Nelson.png,Public domain,true,member,https://en.wikipedia.org/w/index.php?title=Ryan_D._Nelson&oldid=1369741167,false,,,false,Phase-2 sweep; FJC + CourtListener.
8603,Eric David Miller,Miller,ca9,CA91703,active,false,Donald J. Trump,Republican,2019-01-23,2019-02-26,2019-03-04,,,University of Chicago Law School,1999,Well Qualified,https://www.courtlistener.com/person/8603/eric-david-miller/,https://upload.wikimedia.org/wikipedia/commons/thumb/b/b0/EDMiller.jpg/330px-EDMiller.jpg?utm_source=commons.wikimedia.org&utm_campaign=imageinfo&utm_content=thumbnail,https://commons.wikimedia.org/wiki/File:EDMiller.jpg,Public domain,true,member,https://en.wikipedia.org/w/index.php?title=Eric_D._Miller&oldid=1363343974,false,,,false,Phase-2 sweep; FJC + CourtListener.
8538,Bridget Shelton Bade,Bade,ca9,CA91404,active,false,Donald J. Trump,Republican,2019-01-23,2019-03-26,2019-04-01,,,Arizona State University College of Law (now Sandra Day O’Connor College of Law),1990,Well Qualified,https://www.courtlistener.com/person/8538/bridget-shelton-bade/,https://upload.wikimedia.org/wikipedia/commons/2/2d/Bade2012.jpg?utm_source=commons.wikimedia.org&utm_campaign=imageinfo&utm_content=thumbnail_unscaled,https://commons.wikimedia.org/wiki/File:Bade2012.jpg,Public domain,false,,,false,,,false,Phase-2 sweep; FJC + CourtListener.
8564,Daniel Paul Collins,Collins,ca9,CA92002,active,false,Donald J. Trump,Republican,2019-02-06,2019-05-21,2019-05-22,,,Stanford Law School,1988,Well Qualified,https://www.courtlistener.com/person/8564/daniel-paul-collins/,https://upload.wikimedia.org/wikipedia/commons/3/35/DanielPCollins.jpg?utm_source=commons.wikimedia.org&utm_campaign=imageinfo&utm_content=thumbnail_unscaled,https://commons.wikimedia.org/wiki/File:DanielPCollins.jpg,Public domain,false,,,false,,,false,Phase-2 sweep; FJC + CourtListener.
8657,Kenneth Kiyul Lee,Lee,ca9,CA92402,active,false,Donald J. Trump,Republican,2019-02-06,2019-05-15,2019-06-12,,,Harvard Law School,2000,Well Qualified,https://www.courtlistener.com/person/8657/kenneth-kiyul-lee/,https://upload.wikimedia.org/wikipedia/commons/5/58/KennethKLee.jpg?utm_source=commons.wikimedia.org&utm_campaign=imageinfo&utm_content=thumbnail_unscaled,https://commons.wikimedia.org/wiki/File:KennethKLee.jpg,Public domain,true,speaker,https://en.wikipedia.org/w/index.php?title=Kenneth_K._Lee&oldid=1363344171,false,,,false,Phase-2 sweep; FJC + CourtListener.
14459,Daniel Aaron Bress,Bress,ca9,CA92702,active,false,Donald J. Trump,Republican,2019-02-06,2019-07-09,2019-07-26,,,University of Virginia School of Law,2005,Qualified,https://www.courtlistener.com/person/14459/daniel-aaron-bress/,https://upload.wikimedia.org/wikipedia/commons/3/3d/DanielABress.jpg?utm_source=commons.wikimedia.org&utm_campaign=imageinfo&utm_content=thumbnail_unscaled,https://commons.wikimedia.org/wiki/File:DanielABress.jpg,Public domain,true,member,https://en.wikipedia.org/w/index.php?title=Daniel_Bress&oldid=1363344242,false,,,false,Phase-2 sweep; FJC + CourtListener.
15395,Danielle Jo Forrest,Forrest,ca9,CA91104,active,false,Donald J. Trump,Republican,2019-09-19,2019-11-06,2019-11-12,,,University of Idaho College of Law,2004,Well Qualified,https://www.courtlistener.com/person/15395/danielle-jo-forrest/,https://upload.wikimedia.org/wikipedia/commons/thumb/6/6d/Forrest_Danielle_Official_PUB_0044.jpg/330px-Forrest_Danielle_Official_PUB_0044.jpg?utm_source=commons.wikimedia.org&utm_campaign=imageinfo&utm_content=thumbnail,https://commons.wikimedia.org/wiki/File:Forrest_Danielle_Official_PUB_0044.jpg,Public domain,true,member,https://en.wikipedia.org/w/index.php?title=Danielle_J._Forrest&oldid=1363885334,false,,,false,Phase-2 sweep; FJC + CourtListener.
15327,Patrick Joseph Bumatay,Bumatay,ca9,CA92503,active,false,Donald J. Trump,Republican,2019-10-15,2019-12-10,2019-12-12,,,Harvard Law School,2006,Qualified,https://www.courtlistener.com/person/15327/patrick-joseph-bumatay/,https://upload.wikimedia.org/wikipedia/commons/b/b5/PatrickBumatay.jpg?utm_source=commons.wikimedia.org&utm_campaign=imageinfo&utm_content=thumbnail_unscaled,https://commons.wikimedia.org/wiki/File:PatrickBumatay.jpg,Public domain,true,member,https://en.wikipedia.org/w/index.php?title=Patrick_J._Bumatay&oldid=1363344393,false,,,false,Phase-2 sweep; FJC + CourtListener.
15352,Lawrence James Christopher VanDyke,VanDyke,ca9,CA90705,active,false,Donald J. Trump,Republican,2019-10-15,2019-12-11,2020-01-02,,,Harvard Law School,2005,Not Qualified,https://www.courtlistener.com/person/15352/lawrence-james-christopher-vandyke/,https://upload.wikimedia.org/wikipedia/commons/a/a3/Lawrence_VanDyke.jpg?utm_source=commons.wikimedia.org&utm_campaign=imageinfo&utm_content=thumbnail_unscaled,https://commons.wikimedia.org/wiki/File:Lawrence_VanDyke.jpg,Public domain,true,member,https://en.wikipedia.org/w/index.php?title=Lawrence_VanDyke&oldid=1366268742,false,,,false,Phase-2 sweep; FJC + CourtListener.
1808,Lucy Haeran Koh,Koh,ca9,CA92203,active,false,Joseph R. Biden,Democratic,2021-09-20,2021-12-13,2021-12-14,,,Harvard Law School,1993,Well Qualified,https://www.courtlistener.com/person/1808/lucy-haeran-koh/,https://upload.wikimedia.org/wikipedia/commons/thumb/4/43/20151027_Hon._Lucy_Koh_ASA_9355_43_19_pp.jpg/330px-20151027_Hon._Lucy_Koh_ASA_9355_43_19_pp.jpg?utm_source=commons.wikimedia.org&utm_campaign=imageinfo&utm_content=thumbnail,https://commons.wikimedia.org/wiki/File:20151027_Hon._Lucy_Koh_ASA_9355_43_19_pp.jpg,CC BY-SA 4.0 — credit: Asa Mathat for Re/code,false,,,false,,,false,Phase-2 sweep; FJC + CourtListener.
,Jennifer Sung,Sung,ca9,CA91604,active,false,Joseph R. Biden,Democratic,2021-07-13,2021-12-15,2021-12-20,,,Yale Law School,2004,Well Qualified,,https://upload.wikimedia.org/wikipedia/commons/thumb/e/e5/Jennifer_Sung%2C_U.S._Court_of_Appeals_Judge.jpg/330px-Jennifer_Sung%2C_U.S._Court_of_Appeals_Judge.jpg?utm_source=commons.wikimedia.org&utm_campaign=imageinfo&utm_content=thumbnail,"https://commons.wikimedia.org/wiki/File:Jennifer_Sung,_U.S._Court_of_Appeals_Judge.jpg",Public domain,false,,,false,,,false,Phase-2 sweep; FJC + CourtListener.
14310,Gabriel Patrick Sanchez,Sanchez,ca9,CA92903,active,false,Joseph R. Biden,Democratic,2021-09-20,2022-01-12,2022-01-24,,,Yale Law School,2005,Well Qualified,https://www.courtlistener.com/person/14310/gabriel-p-sanchez/,https://upload.wikimedia.org/wikipedia/commons/thumb/8/88/Sanchez_Gabriel_official_photograph.jpg/330px-Sanchez_Gabriel_official_photograph.jpg?utm_source=commons.wikimedia.org&utm_campaign=imageinfo&utm_content=thumbnail,https://commons.wikimedia.org/wiki/File:Sanchez_Gabriel_official_photograph.jpg,Public domain,false,,,false,,,false,Phase-2 sweep; FJC + CourtListener.
14334,Holly Aiyisha Thomas,H. Thomas,ca9,CA90207,active,false,Joseph R. Biden,Democratic,2021-09-20,2022-01-20,2022-01-24,,,Yale University,2004,Qualified,https://www.courtlistener.com/person/14334/holly-aiyisha-thomas/,https://upload.wikimedia.org/wikipedia/commons/thumb/a/a6/Holly_A._Thomas.png/330px-Holly_A._Thomas.png?utm_source=commons.wikimedia.org&utm_campaign=imageinfo&utm_content=thumbnail,https://commons.wikimedia.org/wiki/File:Holly_A._Thomas.png,Public domain,false,,,false,,,false,Phase-2 sweep; FJC + CourtListener.
2218,Salvador Mendoza Jr.,Mendoza,ca9,CA91803,active,false,Joseph R. Biden,Democratic,2022-04-25,2022-09-12,2022-09-15,,,"University of California, Los Angeles, School of Law",1997,Well Qualified,https://www.courtlistener.com/person/2218/salvador-mendoza-jr/,https://upload.wikimedia.org/wikipedia/commons/thumb/1/13/Salvador_Mendoza_Jr._%28Judge%29_%28cropped%29.jpg/330px-Salvador_Mendoza_Jr._%28Judge%29_%28cropped%29.jpg?utm_source=commons.wikimedia.org&utm_campaign=imageinfo&utm_content=thumbnail,https://commons.wikimedia.org/wiki/File:Salvador_Mendoza_Jr._(Judge)_(cropped).jpg,Public domain,false,,,false,,,false,Phase-2 sweep; FJC + CourtListener.
,Roopali H. Desai,Desai,ca9,CA91503,active,false,Joseph R. Biden,Democratic,2022-06-15,2022-08-04,2022-10-03,,,University of Arizona James E. Rogers College of Law,2005,Qualified,,https://upload.wikimedia.org/wikipedia/commons/5/56/Judge_Roopali_Desai.jpg?utm_source=commons.wikimedia.org&utm_campaign=imageinfo&utm_content=thumbnail_unscaled,https://commons.wikimedia.org/wiki/File:Judge_Roopali_Desai.jpg,Public domain,false,,,false,,,false,Phase-2 sweep; FJC + CourtListener.
,Anthony Devos Johnstone,Johnstone,ca9,CA92303,active,false,Joseph R. Biden,Democratic,2023-01-03,2023-05-01,2023-05-05,,,University of Chicago Law School,1999,Well Qualified,,https://upload.wikimedia.org/wikipedia/commons/thumb/a/a3/Anthony_Johnstone.jpg/330px-Anthony_Johnstone.jpg?utm_source=commons.wikimedia.org&utm_campaign=imageinfo&utm_content=thumbnail,https://commons.wikimedia.org/wiki/File:Anthony_Johnstone.jpg,Public domain,true,member,https://en.wikipedia.org/w/index.php?title=Anthony_Johnstone&oldid=1363345186,true,member,https://en.wikipedia.org/w/index.php?title=Anthony_Johnstone&oldid=1363345186,false,Phase-2 sweep; FJC + CourtListener.
14291,Ana Isabel de Alba,de Alba,ca9,CA90806,active,false,Joseph R. Biden,Democratic,2023-04-17,2023-11-13,2023-11-15,,,"University of California, Berkeley, School of Law",2007,Qualified,https://www.courtlistener.com/person/14291/ana-isabel-de-alba/,https://upload.wikimedia.org/wikipedia/commons/thumb/9/9d/Ana_deAlba.jpg/330px-Ana_deAlba.jpg?utm_source=commons.wikimedia.org&utm_campaign=imageinfo&utm_content=thumbnail,https://commons.wikimedia.org/wiki/File:Ana_deAlba.jpg,Public domain,false,,,false,,,false,Phase-2 sweep; FJC + CourtListener.
,Eric Chunyee Tung,Tung,ca9,CA90109,active,false,Donald J. Trump,Republican,2025-07-15,2025-11-05,2025-11-07,,,University of Chicago Law School,2010,Well Qualified,,https://upload.wikimedia.org/wikipedia/commons/7/75/Eric_Tung.png,https://commons.wikimedia.org/wiki/File:Eric_Tung.png,Public domain (PD-USGov) — credit: U.S. Senate Judiciary Committee,false,,,false,,,false,Phase-2 sweep; FJC + CourtListener.
1395,Terry J. Hatter Jr.,Hatter,cacd,CACD1701,senior,false,Jimmy Carter,Democratic,1979-09-28,1979-12-19,1979-12-20,2005-04-22,,University of Chicago Law School,1960,Qualified,https://www.courtlistener.com/person/1395/terry-j-hatter-jr/,https://upload.wikimedia.org/wikipedia/commons/9/98/Terry_Hatter_District_Judge.jpg?utm_source=commons.wikimedia.org&utm_campaign=imageinfo&utm_content=thumbnail_unscaled,https://commons.wikimedia.org/wiki/File:Terry_Hatter_District_Judge.jpg,Public domain,false,,,false,,,false,Phase-2 sweep; FJC + CourtListener.
2048,Consuelo Bland Marshall,Marshall,cacd,CACD0403,senior,false,Jimmy Carter,Democratic,1980-06-20,1980-09-29,1980-09-30,2005-10-24,,Howard University School of Law,1961,Qualified,https://www.courtlistener.com/person/2048/consuelo-bland-marshall/,https://upload.wikimedia.org/wikipedia/commons/f/f0/Consuelo_B._Marshall_District_Judge.jpg?utm_source=commons.wikimedia.org&utm_campaign=imageinfo&utm_content=thumbnail_unscaled,https://commons.wikimedia.org/wiki/File:Consuelo_B._Marshall_District_Judge.jpg,Public domain,false,,,false,,,false,Phase-2 sweep; FJC + CourtListener.
3507,Stephen Victor Wilson,Wilson,cacd,CACD2001,active,false,Ronald Reagan,Republican,1985-09-09,1985-10-16,1985-10-17,,,Brooklyn Law School,1967,Well Qualified,https://www.courtlistener.com/person/3507/stephen-victor-wilson/,,,,false,,,false,,,false,Phase-2 sweep; FJC + CourtListener.
3035,Christina A. Snyder,Snyder,cacd,CACD0104,senior,false,William J. Clinton,Democratic,1997-01-07,1997-11-07,1997-11-10,2016-11-23,,Stanford Law School,1972,Qualified,https://www.courtlistener.com/person/3035/christina-a-snyder/,https://upload.wikimedia.org/wikipedia/commons/a/a3/Christina_A._Snyder.jpg?utm_source=commons.wikimedia.org&utm_campaign=imageinfo&utm_content=thumbnail_unscaled,https://commons.wikimedia.org/wiki/File:Christina_A._Snyder.jpg,Public domain,false,,,false,,,false,Phase-2 sweep; FJC + CourtListener.
553,David O. Carter,Carter,cacd,CACD1603,active,false,William J. Clinton,Democratic,1998-06-25,1998-10-21,1998-10-22,,,"University of California, Los Angeles, School of Law",1972,Qualified,https://www.courtlistener.com/person/553/david-o-carter/,,,,false,,,false,,,false,Phase-2 sweep; FJC + CourtListener.
2561,Virginia A. Phillips,Phillips,cacd,CACD1502,senior,false,William J. Clinton,Democratic,1999-01-26,1999-11-10,1999-11-15,2022-02-14,,"University of California, Berkeley, School of Law",1982,Well Qualified,https://www.courtlistener.com/person/2561/virginia-a-phillips/,,,,false,,,false,,,false,Phase-2 sweep; FJC + CourtListener.
106,Percy Anderson,Anderson,cacd,CACD0304,active,false,George W. Bush,Republican,2002-01-23,2002-04-25,2002-05-01,,,"University of California, Los Angeles, School of Law",1975,Well Qualified,https://www.courtlistener.com/person/106/percy-anderson/,https://upload.wikimedia.org/wikipedia/commons/6/61/Percy_Anderson_District_Judge.jpg?utm_source=commons.wikimedia.org&utm_campaign=imageinfo&utm_content=thumbnail_unscaled,https://commons.wikimedia.org/wiki/File:Percy_Anderson_District_Judge.jpg,Public domain,false,,,false,,,false,Phase-2 sweep; FJC + CourtListener.
3361,John F. Walter,Walter,cacd,CACD1304,active,false,George W. Bush,Republican,2002-01-23,2002-04-25,2002-05-01,,,"Loyola Law School, Los Angeles, California",1969,Well Qualified,https://www.courtlistener.com/person/3361/john-f-walter/,https://upload.wikimedia.org/wikipedia/commons/5/55/John_F._Walter.jpg?utm_source=commons.wikimedia.org&utm_campaign=imageinfo&utm_content=thumbnail_unscaled,https://commons.wikimedia.org/wiki/File:John_F._Walter.jpg,Public domain,false,,,false,,,false,Phase-2 sweep; FJC + CourtListener.
1790,Robert Gary Klausner,Klausner,cacd,CACD1802,active,false,George W. Bush,Republican,2002-07-18,2002-11-14,2002-11-15,,,"Loyola Law School, Los Angeles, California",1967,Well Qualified,https://www.courtlistener.com/person/1790/robert-g-klausner/,https://upload.wikimedia.org/wikipedia/commons/d/db/Robert_G._Klausner.jpg?utm_source=commons.wikimedia.org&utm_campaign=imageinfo&utm_content=thumbnail_unscaled,https://commons.wikimedia.org/wiki/File:Robert_G._Klausner.jpg,Public domain,false,,,false,,,false,Phase-2 sweep; FJC + CourtListener.
2903,James V. Selna,Selna,cacd,CACD2102,senior,false,George W. Bush,Republican,2003-01-29,2003-03-27,2003-03-27,2020-03-03,,Stanford Law School,1970,Well Qualified,https://www.courtlistener.com/person/2903/james-v-selna/,https://upload.wikimedia.org/wikipedia/commons/8/86/James_V._Selna_District_Judge.jpg?utm_source=commons.wikimedia.org&utm_campaign=imageinfo&utm_content=thumbnail_unscaled,https://commons.wikimedia.org/wiki/File:James_V._Selna_District_Judge.jpg,Public domain,false,,,false,,,false,Phase-2 sweep; FJC + CourtListener.
541,Cormac J. Carney,Carney,cacd,CACD0604,senior,false,George W. Bush,Republican,2003-01-07,2003-04-07,2003-04-09,2024-05-31,,Harvard Law School,1987,Qualified,https://www.courtlistener.com/person/541/cormac-j-carney/,https://upload.wikimedia.org/wikipedia/commons/0/05/Cormac_J._Carney_District_Judge.jpg?utm_source=commons.wikimedia.org&utm_campaign=imageinfo&utm_content=thumbnail_unscaled,https://commons.wikimedia.org/wiki/File:Cormac_J._Carney_District_Judge.jpg,Public domain,false,,,false,,,false,Phase-2 sweep; FJC + CourtListener.
1058,Dale S. Fischer,Fischer,cacd,CACD2801,senior,false,George W. Bush,Republican,2003-05-01,2003-10-27,2003-11-05,2024-05-01,,Harvard Law School,1980,Well Qualified,https://www.courtlistener.com/person/1058/dale-s-fischer/,https://upload.wikimedia.org/wikipedia/commons/3/35/Dale_Fischer_District_Judge.jpg?utm_source=commons.wikimedia.org&utm_campaign=imageinfo&utm_content=thumbnail_unscaled,https://commons.wikimedia.org/wiki/File:Dale_Fischer_District_Judge.jpg,Public domain,false,,,false,,,false,Phase-2 sweep; FJC + CourtListener.
1026,Valerie Baker Fairbank,Fairbank,cacd,CACD0404,senior,false,George W. Bush,Republican,2007-01-09,2007-02-01,2007-02-16,2012-03-01,,"University of California, Los Angeles, School of Law",1975,Well Qualified,https://www.courtlistener.com/person/1026/valerie-baker-fairbank/,https://upload.wikimedia.org/wikipedia/commons/a/ad/Valerie_Baker_Fairbank_District_Judge.jpg?utm_source=commons.wikimedia.org&utm_campaign=imageinfo&utm_content=thumbnail_unscaled,https://commons.wikimedia.org/wiki/File:Valerie_Baker_Fairbank_District_Judge.jpg,Public domain,false,,,false,,,false,Phase-2 sweep; FJC + CourtListener.
3566,Otis D. Wright II,Wright,cacd,CACD1903,active,false,George W. Bush,Republican,2007-01-09,2007-03-15,2007-04-16,,,Southwestern University School of Law,1980,Qualified,https://www.courtlistener.com/person/3566/otis-d-wright-ii/,https://upload.wikimedia.org/wikipedia/commons/3/3a/Otis_Wright_District_Judge.jpg?utm_source=commons.wikimedia.org&utm_campaign=imageinfo&utm_content=thumbnail_unscaled,https://commons.wikimedia.org/wiki/File:Otis_Wright_District_Judge.jpg,Public domain,false,,,false,,,false,Phase-2 sweep; FJC + CourtListener.
3569,George H. Wu,Wu,cacd,CACD0504,senior,false,George W. Bush,Republican,2007-01-09,2007-03-27,2007-04-17,2023-11-03,,University of Chicago Law School,1975,Well Qualified,https://www.courtlistener.com/person/3569/george-h-wu/,https://upload.wikimedia.org/wikipedia/commons/4/4a/George_H._Wu_District_Judge.jpg?utm_source=commons.wikimedia.org&utm_campaign=imageinfo&utm_content=thumbnail_unscaled,https://commons.wikimedia.org/wiki/File:George_H._Wu_District_Judge.jpg,Public domain,false,,,false,,,false,Phase-2 sweep; FJC + CourtListener.
1169,Dolly Maizie Gee,Gee,cacd,CACD2303,active,true,Barack Obama,Democratic,2009-08-06,2009-12-24,2010-01-04,,,"University of California, Los Angeles, School of Law",1984,Qualified,https://www.courtlistener.com/person/1169/dolly-maizie-gee/,https://upload.wikimedia.org/wikipedia/commons/b/bb/Dolly_M._Gee_District_Judge.jpg?utm_source=commons.wikimedia.org&utm_campaign=imageinfo&utm_content=thumbnail_unscaled,https://commons.wikimedia.org/wiki/File:Dolly_M._Gee_District_Judge.jpg,Public domain,false,,,false,,,false,Phase-2 sweep; FJC + CourtListener.
3087,Josephine L. Staton,Staton,cacd,CACD1403,active,false,Barack Obama,Democratic,2010-02-04,2010-06-21,2010-06-22,,,Harvard Law School,1986,Well Qualified,https://www.courtlistener.com/person/3087/josephine-l-staton/,https://upload.wikimedia.org/wikipedia/commons/thumb/9/91/Federal_District_Judge_Josephine_L._Staton.jpg/330px-Federal_District_Judge_Josephine_L._Staton.jpg?utm_source=commons.wikimedia.org&utm_campaign=imageinfo&utm_content=thumbnail,https://commons.wikimedia.org/wiki/File:Federal_District_Judge_Josephine_L._Staton.jpg,Public domain,false,,,false,,,false,Phase-2 sweep; FJC + CourtListener.
1827,John Arnold Kronstadt,Kronstadt,cacd,CACD2403,senior,false,Barack Obama,Democratic,2011-01-05,2011-04-12,2011-04-14,2022-04-01,,Yale Law School,1976,Qualified,https://www.courtlistener.com/person/1827/john-arnold-kronstadt/,https://upload.wikimedia.org/wikipedia/commons/c/c9/Judge_John_A._Kronstadt.jpg?utm_source=commons.wikimedia.org&utm_campaign=imageinfo&utm_content=thumbnail_unscaled,https://commons.wikimedia.org/wiki/File:Judge_John_A._Kronstadt.jpg,Public domain,false,,,false,,,false,Phase-2 sweep; FJC + CourtListener.
1069,Michael Walter Fitzgerald,Fitzgerald,cacd,CACD0904,active,false,Barack Obama,Democratic,2011-07-20,2012-03-15,2012-03-15,,,"University of California, Berkeley, School of Law",1985,Well Qualified,https://www.courtlistener.com/person/1069/michael-walter-fitzgerald/,https://upload.wikimedia.org/wikipedia/commons/4/4f/Judge_Michael_W._Fitzgerald.jpg?utm_source=commons.wikimedia.org&utm_campaign=imageinfo&utm_content=thumbnail_unscaled,https://commons.wikimedia.org/wiki/File:Judge_Michael_W._Fitzgerald.jpg,Public domain,false,,,false,,,false,Phase-2 sweep; FJC + CourtListener.
261,Jesus Gilberto Bernal,Bernal,cacd,CACD2603,active,false,Barack Obama,Democratic,2012-04-25,2012-12-11,2012-12-12,,,Stanford Law School,1989,Qualified,https://www.courtlistener.com/person/261/jesus-gilberto-bernal/,https://upload.wikimedia.org/wikipedia/commons/2/20/Judge_Jesus_G._Bernal.jpg?utm_source=commons.wikimedia.org&utm_campaign=imageinfo&utm_content=thumbnail_unscaled,https://commons.wikimedia.org/wiki/File:Judge_Jesus_G._Bernal.jpg,Public domain,false,,,false,,,false,Phase-2 sweep; FJC + CourtListener.
2465,Fernando Manzano Olguin,Olguin,cacd,CACD0705,active,false,Barack Obama,Democratic,2012-05-14,2012-12-17,2013-01-16,,,"University of California, Berkeley, School of Law",1989,Qualified,https://www.courtlistener.com/person/2465/fernando-manzano-olguin/,https://upload.wikimedia.org/wikipedia/commons/c/c5/Fernando_M._Olguin.JPG?utm_source=commons.wikimedia.org&utm_campaign=imageinfo&utm_content=thumbnail_unscaled,https://commons.wikimedia.org/wiki/File:Fernando_M._Olguin.JPG,Public domain,false,,,false,,,false,Phase-2 sweep; FJC + CourtListener.
282,Andre Birotte Jr.,Birotte,cacd,CACD0205,active,false,Barack Obama,Democratic,2014-04-03,2014-07-22,2014-08-08,,,Pepperdine University School of Law (now Rick J. Caruso School of Law),1991,Well Qualified,https://www.courtlistener.com/person/282/andre-birotte-jr/,https://upload.wikimedia.org/wikipedia/commons/0/0a/Birotteportrait.jpg?utm_source=commons.wikimedia.org&utm_campaign=imageinfo&utm_content=thumbnail_unscaled,https://commons.wikimedia.org/wiki/File:Birotteportrait.jpg,Public domain,false,,,false,,,false,Phase-2 sweep; FJC + CourtListener.
13373,Stanley Blumenfeld Jr.,Blumenfeld,cacd,CACD1005,active,false,Donald J. Trump,Republican,2020-01-09,2020-09-15,2020-09-18,,,"University of California, Los Angeles, School of Law",1988,Well Qualified,https://www.courtlistener.com/person/13373/stanley-blumenfeld-jr/,https://upload.wikimedia.org/wikipedia/commons/f/fa/Stanley_Blumenfeld.jpg?utm_source=commons.wikimedia.org&utm_campaign=imageinfo&utm_content=thumbnail_unscaled,https://commons.wikimedia.org/wiki/File:Stanley_Blumenfeld.jpg,Public domain,false,,,false,,,false,Phase-2 sweep; FJC + CourtListener.
,John William Holcomb,Holcomb,cacd,CACD1104,active,false,Donald J. Trump,Republican,2020-02-13,2020-09-15,2020-09-18,,,Harvard Law School,1993,Well Qualified,,https://upload.wikimedia.org/wikipedia/commons/2/2a/John_W._Holcomb.jpg?utm_source=commons.wikimedia.org&utm_campaign=imageinfo&utm_content=thumbnail_unscaled,https://commons.wikimedia.org/wiki/File:John_W._Holcomb.jpg,Public domain,false,,,false,,,false,Phase-2 sweep; FJC + CourtListener.
14468,Mark Christopher Scarsi,Scarsi,cacd,CACD2702,active,false,Donald J. Trump,Republican,2020-01-09,2020-09-15,2020-09-18,,,Georgetown University Law Center,1996,Well Qualified,https://www.courtlistener.com/person/14468/mark-christopher-scarsi/,https://upload.wikimedia.org/wikipedia/commons/f/f9/Mark_C._Scarsi.jpg?utm_source=commons.wikimedia.org&utm_campaign=imageinfo&utm_content=thumbnail_unscaled,https://commons.wikimedia.org/wiki/File:Mark_C._Scarsi.jpg,Public domain,true,member,https://en.wikipedia.org/w/index.php?title=Mark_C._Scarsi&oldid=1364470109,false,,,false,Phase-2 sweep; FJC + CourtListener.
14171,Fernando Lazaro Aenlle-Rocha,Aenlle-Rocha,cacd,CACD2503,active,false,Donald J. Trump,Republican,2020-01-09,2020-12-20,2020-12-22,,,"University of California, Berkeley, School of Law",1986,Well Qualified,https://www.courtlistener.com/person/14171/fernando-lazoro-aenlle-rocha/,https://upload.wikimedia.org/wikipedia/commons/6/6b/Fernando_L._Aenlle-Rocha.jpg?utm_source=commons.wikimedia.org&utm_campaign=imageinfo&utm_content=thumbnail_unscaled,https://commons.wikimedia.org/wiki/File:Fernando_L._Aenlle-Rocha.jpg,Public domain,false,,,false,,,false,Phase-2 sweep; FJC + CourtListener.
14083,Maame Ewusi-Mensah Frimpong,Frimpong,cacd,CACD0105,active,false,Joseph R. Biden,Democratic,2021-09-20,2021-12-17,2022-02-07,,,Yale Law School,2001,Well Qualified,https://www.courtlistener.com/person/14083/maame-ewusi-mensah-frimpong/,https://upload.wikimedia.org/wikipedia/commons/thumb/2/2c/Maame_Ewusi-Mensah_Frimpong_%28Judge%29_%28cropped%29.jpg/330px-Maame_Ewusi-Mensah_Frimpong_%28Judge%29_%28cropped%29.jpg?utm_source=commons.wikimedia.org&utm_campaign=imageinfo&utm_content=thumbnail,https://commons.wikimedia.org/wiki/File:Maame_Ewusi-Mensah_Frimpong_(Judge)_(cropped).jpg,Public domain,false,,,false,,,false,Phase-2 sweep; FJC + CourtListener.
13954,Fred Wallace Slaughter,Slaughter,cacd,CACD2203,active,false,Joseph R. Biden,Democratic,2021-12-15,2022-03-17,2022-04-19,,,"University of California, Los Angeles, School of Law",1999,Well Qualified,https://www.courtlistener.com/person/13954/fred-wallace-slaughter/,https://upload.wikimedia.org/wikipedia/commons/thumb/c/c1/Fred_Slaughter_Judiciary_Committee.png/330px-Fred_Slaughter_Judiciary_Committee.png?utm_source=commons.wikimedia.org&utm_campaign=imageinfo&utm_content=thumbnail,https://commons.wikimedia.org/wiki/File:Fred_Slaughter_Judiciary_Committee.png,Public domain,false,,,false,,,false,Phase-2 sweep; FJC + CourtListener.
13935,Sunshine Suzanne Sykes,Sykes,cacd,CACD2103,active,false,Joseph R. Biden,Democratic,2021-12-15,2022-05-18,2022-06-14,,,Stanford Law School,2001,Well Qualified,https://www.courtlistener.com/person/13935/sunshine-suzanne-sykes/,https://upload.wikimedia.org/wikipedia/commons/thumb/b/b0/Sunshine_Sykes_%28Judge%29_%28cropped%29.jpg/330px-Sunshine_Sykes_%28Judge%29_%28cropped%29.jpg?utm_source=commons.wikimedia.org&utm_campaign=imageinfo&utm_content=thumbnail,https://commons.wikimedia.org/wiki/File:Sunshine_Sykes_(Judge)_(cropped).jpg,Public domain,false,,,false,,,false,Phase-2 sweep; FJC + CourtListener.
13963,Sherilyn Peace Garnett,Garnett,cacd,CACD1202,active,false,Joseph R. Biden,Democratic,2021-12-15,2022-04-27,2022-06-24,,,Harvard Law School,1995,Well Qualified,https://www.courtlistener.com/person/13963/sherilyn-p-garnett/,https://upload.wikimedia.org/wikipedia/commons/thumb/b/b7/Sherilyn_Garnett_%28Judge%29_%28cropped%29.jpg/330px-Sherilyn_Garnett_%28Judge%29_%28cropped%29.jpg?utm_source=commons.wikimedia.org&utm_campaign=imageinfo&utm_content=thumbnail,https://commons.wikimedia.org/wiki/File:Sherilyn_Garnett_(Judge)_(cropped).jpg,Public domain,false,,,false,,,false,Phase-2 sweep; FJC + CourtListener.
14190,Wesley Liu Hsu,Hsu,cacd,CACD1503,active,false,Joseph R. Biden,Democratic,2023-01-23,2023-05-03,2023-05-12,,,Yale Law School,1996,Well Qualified,https://www.courtlistener.com/person/14190/wesley-liu-hsu/,https://upload.wikimedia.org/wikipedia/commons/thumb/2/2a/Wesley_L._Hsu.jpg/330px-Wesley_L._Hsu.jpg?utm_source=commons.wikimedia.org&utm_campaign=imageinfo&utm_content=thumbnail,https://commons.wikimedia.org/wiki/File:Wesley_L._Hsu.jpg,Public domain,false,,,false,,,false,Phase-2 sweep; FJC + CourtListener.
,Hernán Diego Vera,Vera,cacd,CACD0804,active,false,Joseph R. Biden,Democratic,2023-01-03,2023-06-13,2023-06-15,,,"University of California, Los Angeles, School of Law",1994,Well Qualified,,https://upload.wikimedia.org/wikipedia/commons/thumb/6/69/Hernan_D._Vera.png/330px-Hernan_D._Vera.png?utm_source=commons.wikimedia.org&utm_campaign=imageinfo&utm_content=thumbnail,https://commons.wikimedia.org/wiki/File:Hernan_D._Vera.png,Public domain,false,,,false,,,false,Phase-2 sweep; FJC + CourtListener.
9051,Kenly Kiya Kato,Kato,cacd,CACD0406,active,false,Joseph R. Biden,Democratic,2023-01-03,2023-11-07,2023-11-17,,,Harvard Law School,1996,Well Qualified,https://www.courtlistener.com/person/9051/kenly-kiya-kato/,https://upload.wikimedia.org/wikipedia/commons/thumb/9/95/Kenly_Kiya_Kato.png/330px-Kenly_Kiya_Kato.png?utm_source=commons.wikimedia.org&utm_campaign=imageinfo&utm_content=thumbnail,https://commons.wikimedia.org/wiki/File:Kenly_Kiya_Kato.png,Public domain,false,,,false,,,false,Phase-2 sweep; FJC + CourtListener.
,Monica Ramirez Almadani,Almadani,cacd,CACD2404,active,false,Joseph R. Biden,Democratic,2023-01-23,2023-11-09,2023-11-21,,,Stanford Law School,2004,Well Qualified,,https://upload.wikimedia.org/wikipedia/commons/thumb/c/c2/Monica_Ram%C3%ADrez_Almadani.png/330px-Monica_Ram%C3%ADrez_Almadani.png?utm_source=commons.wikimedia.org&utm_campaign=imageinfo&utm_content=thumbnail,https://commons.wikimedia.org/wiki/File:Monica_Ram%C3%ADrez_Almadani.png,Public domain,false,,,false,,,false,Phase-2 sweep; FJC + CourtListener.
13353,Michelle Williams Court,Court,cacd,CACD2802,active,false,Joseph R. Biden,Democratic,2024-04-30,2024-09-18,2024-11-07,,,"Loyola Law School, Los Angeles, California",1993,Well Qualified,https://www.courtlistener.com/person/13353/michelle-williams-court/,https://upload.wikimedia.org/wikipedia/commons/thumb/3/3d/Michelle_W._Court.png/330px-Michelle_W._Court.png?utm_source=commons.wikimedia.org&utm_campaign=imageinfo&utm_content=thumbnail,https://commons.wikimedia.org/wiki/File:Michelle_W._Court.png,CC0,false,,,false,,,false,Phase-2 sweep; FJC + CourtListener.
14346,Anne Hwang,Hwang,cacd,CACD0505,active,false,Joseph R. Biden,Democratic,2024-04-30,2024-12-02,2024-12-06,,,University of Southern California Gould School of Law,2002,Well Qualified,https://www.courtlistener.com/person/14346/anne-hwang/,https://upload.wikimedia.org/wikipedia/commons/2/25/Judge_Anne_Hwang.png?utm_source=commons.wikimedia.org&utm_campaign=imageinfo&utm_content=thumbnail_unscaled,https://commons.wikimedia.org/wiki/File:Judge_Anne_Hwang.png,Public domain,false,,,false,,,false,Phase-2 sweep; FJC + CourtListener.
,Cynthia Valenzuela Dixon,Valenzuela Dixon,cacd,CACD1703,active,false,Joseph R. Biden,Democratic,2024-04-30,2024-12-10,2024-12-16,,,"University of California, Los Angeles, School of Law",1995,Qualified,,https://upload.wikimedia.org/wikipedia/commons/d/de/Judge_Cynthia_Dixon.png,https://commons.wikimedia.org/wiki/File:Judge_Cynthia_Dixon.png,Public domain — credit: U.S. Court of Appeals for the Ninth Circuit (2024 Annual Report),false,,,false,,,false,Phase-2 sweep; FJC + CourtListener.
14012,Serena Raquel Murillo,Murillo,cacd,CACD0605,active,false,Joseph R. Biden,Democratic,2024-11-18,2024-12-20,2025-01-09,,,"Loyola Law School, Los Angeles, California",1996,Well Qualified,https://www.courtlistener.com/person/14012/serena-raquel-murillo/,https://upload.wikimedia.org/wikipedia/commons/4/47/Serena_Murillo.png,https://commons.wikimedia.org/wiki/File:Serena_Murillo.png,Public domain — credit: U.S. Court of Appeals for the Ninth Circuit (2025 Annual Report),false,,,false,,,false,Phase-2 sweep; FJC + CourtListener.
975,Harry Thomas Edwards,Edwards,cadc,CADC0802,senior,false,Jimmy Carter,Democratic,1979-12-06,1980-02-20,1980-02-20,2005-11-03,,University of Michigan Law School,1965,Well Qualified,https://www.courtlistener.com/person/975/harry-thomas-edwards/,https://upload.wikimedia.org/wikipedia/commons/thumb/3/31/Photo_of_Judge_Harry_T._Edwards.jpg/330px-Photo_of_Judge_Harry_T._Edwards.jpg?utm_source=commons.wikimedia.org&utm_campaign=imageinfo&utm_content=thumbnail,https://commons.wikimedia.org/wiki/File:Photo_of_Judge_Harry_T._Edwards.jpg,Public domain,false,,,false,,,false,Phase-2 sweep; FJC + CourtListener.
1212,Douglas Howard Ginsburg,Ginsburg,cadc,CADC0207,senior,false,Ronald Reagan,Republican,1986-09-23,1986-10-08,1986-10-14,2011-10-14,,University of Chicago Law School,1973,Qualified,https://www.courtlistener.com/person/1212/douglas-howard-ginsburg/,https://upload.wikimedia.org/wikipedia/commons/thumb/4/42/Ginsburg-Douglas.jpg/330px-Ginsburg-Douglas.jpg?utm_source=commons.wikimedia.org&utm_campaign=imageinfo&utm_content=thumbnail,https://commons.wikimedia.org/wiki/File:Ginsburg-Douglas.jpg,Public domain,false,,,false,,,false,Phase-2 sweep; FJC + CourtListener.
2905,David Bryan Sentelle,Sentelle,cadc,CADC0407,senior,false,Ronald Reagan,Republican,1987-02-02,1987-09-09,1987-09-11,2013-02-12,,University of North Carolina School of Law,1968,Well Qualified,https://www.courtlistener.com/person/2905/david-bryan-sentelle/,https://upload.wikimedia.org/wikipedia/commons/d/d2/David_B._Sentelle_Circuit_Judge.jpg?utm_source=commons.wikimedia.org&utm_campaign=imageinfo&utm_content=thumbnail_unscaled,https://commons.wikimedia.org/wiki/File:David_B._Sentelle_Circuit_Judge.jpg,Public domain,false,,,false,,,false,Phase-2 sweep; FJC + CourtListener.
1428,Karen LeCraft Henderson,Henderson,cadc,CADC0904,active,false,George H.W. Bush,Republican,1990-05-08,1990-06-28,1990-07-05,,,University of North Carolina School of Law,1969,Well Qualified,https://www.courtlistener.com/person/1428/karen-lecraft-henderson/,,,,false,,,false,,,false,Phase-2 sweep; FJC + CourtListener.
2660,Arthur Raymond Randolph,Randolph,cadc,CADC1003,senior,false,George H.W. Bush,Republican,1990-05-08,1990-07-13,1990-07-16,2008-11-01,,University of Pennsylvania Law School (now Carey Law School),1969,Qualified,https://www.courtlistener.com/person/2660/arthur-raymond-randolph/,https://upload.wikimedia.org/wikipedia/commons/thumb/c/ce/Arthur_Raymond_Randolph.jpg/330px-Arthur_Raymond_Randolph.jpg?utm_source=commons.wikimedia.org&utm_campaign=imageinfo&utm_content=thumbnail,https://commons.wikimedia.org/wiki/File:Arthur_Raymond_Randolph.jpg,Public domain,false,,,false,,,false,Phase-2 sweep; FJC + CourtListener.
2763,Judith Ann Wilson Rogers,Rogers,cadc,CADC0506,senior,false,William J. Clinton,Democratic,1993-11-17,1994-03-10,1994-03-11,2022-09-01,,Harvard Law School,1964,Well Qualified,https://www.courtlistener.com/person/2763/judith-ann-wilson-rogers/,https://upload.wikimedia.org/wikipedia/commons/thumb/0/0b/Portrait_of_Judith_Rogers_by_Simmie_Knox.jpg/330px-Portrait_of_Judith_Rogers_by_Simmie_Knox.jpg?utm_source=commons.wikimedia.org&utm_campaign=imageinfo&utm_content=thumbnail,https://commons.wikimedia.org/wiki/File:Portrait_of_Judith_Rogers_by_Simmie_Knox.jpg,Public domain,false,,,false,,,false,Phase-2 sweep; FJC + CourtListener.
3065,Srikanth Srinivasan,Srinivasan,cadc,CADC1004,active,true,Barack Obama,Democratic,2013-01-04,2013-05-23,2013-05-24,,,Stanford Law School,1995,Well Qualified,https://www.courtlistener.com/person/3065/srikanth-srinivasan/,https://upload.wikimedia.org/wikipedia/commons/thumb/0/0d/Sri_Srinivasan.jpg/330px-Sri_Srinivasan.jpg?utm_source=commons.wikimedia.org&utm_campaign=imageinfo&utm_content=thumbnail,https://commons.wikimedia.org/wiki/File:Sri_Srinivasan.jpg,Public domain,false,,,false,,,false,Phase-2 sweep; FJC + CourtListener.
2263,Patricia Ann Millett,Millett,cadc,CADC0608,active,false,Barack Obama,Democratic,2013-06-04,2013-12-10,2013-12-10,,,Harvard Law School,1988,Well Qualified,https://www.courtlistener.com/person/2263/patricia-ann-millett/,https://upload.wikimedia.org/wikipedia/commons/thumb/a/a7/Patricia_Millett_confimation_hearing_2_%28cropped%29.jpg/330px-Patricia_Millett_confimation_hearing_2_%28cropped%29.jpg?utm_source=commons.wikimedia.org&utm_campaign=imageinfo&utm_content=thumbnail,https://commons.wikimedia.org/wiki/File:Patricia_Millett_confimation_hearing_2_(cropped).jpg,CC BY 2.0 — credit: Mark Warner,false,,,false,,,false,Phase-2 sweep; FJC + CourtListener.
2569,Cornelia Thayer Livingston Pillard,Pillard,cadc,CADC0208,active,false,Barack Obama,Democratic,2013-06-04,2013-12-12,2013-12-17,,,Harvard Law School,1987,Well Qualified,https://www.courtlistener.com/person/2569/cornelia-thayer-livingston-pillard/,https://upload.wikimedia.org/wikipedia/commons/f/f3/Nina_Pillard.png?utm_source=commons.wikimedia.org&utm_campaign=imageinfo&utm_content=thumbnail_unscaled,https://commons.wikimedia.org/wiki/File:Nina_Pillard.png,Public domain,false,,,false,,,false,Phase-2 sweep; FJC + CourtListener.
3473,Robert Leon Wilkins,Wilkins,cadc,CADC0408,active,false,Barack Obama,Democratic,2013-06-04,2014-01-13,2014-01-15,,,Harvard Law School,1989,Well Qualified,https://www.courtlistener.com/person/3473/robert-leon-wilkins/,https://upload.wikimedia.org/wikipedia/commons/thumb/9/9a/Robert_Wilkins_1_%28cropped%29.jpg/330px-Robert_Wilkins_1_%28cropped%29.jpg?utm_source=commons.wikimedia.org&utm_campaign=imageinfo&utm_content=thumbnail,https://commons.wikimedia.org/wiki/File:Robert_Wilkins_1_(cropped).jpg,Public domain,false,,,false,,,false,Phase-2 sweep; FJC + CourtListener.
8588,Gregory George Katsas,Katsas,cadc,CADC0706,active,false,Donald J. Trump,Republican,2017-09-07,2017-11-28,2017-12-08,,,Harvard Law School,1989,Well Qualified,https://www.courtlistener.com/person/8588/gregory-george-katsas/,https://upload.wikimedia.org/wikipedia/commons/5/5e/Greg_Katsas.jpg?utm_source=commons.wikimedia.org&utm_campaign=imageinfo&utm_content=thumbnail_unscaled,https://commons.wikimedia.org/wiki/File:Greg_Katsas.jpg,Public domain,true,member,https://en.wikipedia.org/w/index.php?title=Gregory_G._Katsas&oldid=1363343372,false,,,false,Phase-2 sweep; FJC + CourtListener.
8626,Neomi Jehangir Rao,Rao,cadc,CADC1303,active,false,Donald J. Trump,Republican,2019-01-23,2019-03-13,2019-03-18,,,University of Chicago Law School,1999,Well Qualified,https://www.courtlistener.com/person/8626/neomi-jehangir-rao/,https://upload.wikimedia.org/wikipedia/commons/thumb/2/2f/Neomi_Rao_%28Official%29.jpg/330px-Neomi_Rao_%28Official%29.jpg?utm_source=commons.wikimedia.org&utm_campaign=imageinfo&utm_content=thumbnail,https://commons.wikimedia.org/wiki/File:Neomi_Rao_(Official).jpg,CC BY-SA 4.0 — credit: Dcwonkywonk,true,member,https://en.wikipedia.org/w/index.php?title=Neomi_Rao&oldid=1368227200,false,,,false,Phase-2 sweep; FJC + CourtListener.
14418,Justin Reed Walker,Walker,cadc,CADC1103,active,false,Donald J. Trump,Republican,2020-05-04,2020-06-18,2020-09-02,,,Harvard Law School,2009,Well Qualified,https://www.courtlistener.com/person/14418/justin-reed-walker/,https://upload.wikimedia.org/wikipedia/commons/thumb/2/22/Justin_R._Walker.jpg/330px-Justin_R._Walker.jpg?utm_source=commons.wikimedia.org&utm_campaign=imageinfo&utm_content=thumbnail,https://commons.wikimedia.org/wiki/File:Justin_R._Walker.jpg,Public domain,true,member,https://en.wikipedia.org/w/index.php?title=Justin_R._Walker&oldid=1363344456,false,,,false,Phase-2 sweep; FJC + CourtListener.
605,Julianna Michelle Childs,Childs,cadc,CADC0309,active,false,Joseph R. Biden,Democratic,2022-01-10,2022-07-19,2022-07-25,,,University of South Carolina School of Law,1991,Well Qualified,https://www.courtlistener.com/person/605/julianna-michelle-childs/,https://upload.wikimedia.org/wikipedia/commons/6/64/Michelle-Childs-300x300.png?utm_source=commons.wikimedia.org&utm_campaign=imageinfo&utm_content=thumbnail_unscaled,https://commons.wikimedia.org/wiki/File:Michelle-Childs-300x300.png,Public domain,false,,,false,,,false,Phase-2 sweep; FJC + CourtListener.
6791,Florence Y. Pan,Pan,cadc,CADC1204,active,false,Joseph R. Biden,Democratic,2022-05-25,2022-09-20,2022-09-26,,,Stanford Law School,1993,Well Qualified,https://www.courtlistener.com/person/6791/florence-y-pan/,https://upload.wikimedia.org/wikipedia/commons/9/92/JudgePan.jpg?utm_source=commons.wikimedia.org&utm_campaign=imageinfo&utm_content=thumbnail_unscaled,https://commons.wikimedia.org/wiki/File:JudgePan.jpg,Public domain,false,,,false,,,false,Phase-2 sweep; FJC + CourtListener.
,Bradley Nelson Garcia,Garcia,cadc,CADC0507,active,false,Joseph R. Biden,Democratic,2023-01-03,2023-05-15,2023-05-16,,,Harvard Law School,2011,Well Qualified,,https://upload.wikimedia.org/wikipedia/commons/thumb/2/2f/%28Bradley_N._Garcia%29.jpg/330px-%28Bradley_N._Garcia%29.jpg?utm_source=commons.wikimedia.org&utm_campaign=imageinfo&utm_content=thumbnail,https://commons.wikimedia.org/wiki/File:(Bradley_N._Garcia).jpg,Public domain,false,,,false,,,false,Phase-2 sweep; FJC + CourtListener.
2960,William B. Shubb,Shubb,caed,CAED0602,senior,false,George H.W. Bush,Republican,1990-08-03,1990-09-28,1990-10-01,2004-11-01,,"University of California, Berkeley, School of Law",1963,Well Qualified,https://www.courtlistener.com/person/2960/william-b-shubb/,https://upload.wikimedia.org/wikipedia/commons/thumb/9/9b/William_B._Shubb.JPG/330px-William_B._Shubb.JPG?utm_source=commons.wikimedia.org&utm_campaign=imageinfo&utm_content=thumbnail,https://commons.wikimedia.org/wiki/File:William_B._Shubb.JPG,Public domain,false,,,false,,,false,Phase-2 sweep; FJC + CourtListener.
476,Garland Ellis Burrell Jr.,Burrell,caed,CAED0701,senior,false,George H.W. Bush,Republican,1991-08-01,1992-02-27,1992-03-02,2012-07-04,,California Western School of Law,1976,Qualified,https://www.courtlistener.com/person/476/garland-ellis-burrell-jr/,https://upload.wikimedia.org/wikipedia/commons/thumb/3/3d/Garland_Ellis_Burrell%2C_Jr..JPG/330px-Garland_Ellis_Burrell%2C_Jr..JPG?utm_source=commons.wikimedia.org&utm_campaign=imageinfo&utm_content=thumbnail,"https://commons.wikimedia.org/wiki/File:Garland_Ellis_Burrell,_Jr..JPG",Public domain,false,,,false,,,false,Phase-2 sweep; FJC + CourtListener.
1599,Anthony W. Ishii,Ishii,caed,CAED0103,senior,false,William J. Clinton,Democratic,1997-02-12,1997-10-09,1997-10-14,2012-10-31,,"University of California, Berkeley, School of Law",1973,Well Qualified,https://www.courtlistener.com/person/1599/anthony-w-ishii/,https://upload.wikimedia.org/wikipedia/commons/thumb/5/56/Anthony_Wayne_Ishii.JPG/330px-Anthony_Wayne_Ishii.JPG?utm_source=commons.wikimedia.org&utm_campaign=imageinfo&utm_content=thumbnail,https://commons.wikimedia.org/wiki/File:Anthony_Wayne_Ishii.JPG,Public domain,false,,,false,,,false,Phase-2 sweep; FJC + CourtListener.
2456,Lawrence Joseph O'Neill,O'Neill,caed,CAED0403,senior,false,George W. Bush,Republican,2007-01-09,2007-02-01,2007-02-02,2020-02-02,,"University of California Hastings College of the Law (now UC College of the Law, San Francisco)",1979,Well Qualified,https://www.courtlistener.com/person/2456/lawrence-joseph-oneill/,https://upload.wikimedia.org/wikipedia/commons/thumb/8/83/Lawrence_Joseph_O%27Neill.JPG/330px-Lawrence_Joseph_O%27Neill.JPG?utm_source=commons.wikimedia.org&utm_campaign=imageinfo&utm_content=thumbnail,https://commons.wikimedia.org/wiki/File:Lawrence_Joseph_O%27Neill.JPG,Public domain,false,,,false,,,false,Phase-2 sweep; FJC + CourtListener.
2216,John A. Mendez,Mendez,caed,CAED0503,senior,false,George W. Bush,Republican,2007-09-06,2008-04-10,2008-04-17,2022-04-17,,Harvard Law School,1980,Well Qualified,https://www.courtlistener.com/person/2216/john-a-mendez/,https://upload.wikimedia.org/wikipedia/commons/thumb/f/ff/John_Anthony_Mendez.JPG/330px-John_Anthony_Mendez.JPG?utm_source=commons.wikimedia.org&utm_campaign=imageinfo&utm_content=thumbnail,https://commons.wikimedia.org/wiki/File:John_Anthony_Mendez.JPG,Public domain,false,,,false,,,false,Phase-2 sweep; FJC + CourtListener.
2438,Troy Lynne Nunley,Nunley,caed,CAED0702,active,true,Barack Obama,Democratic,2013-01-04,2013-03-23,2013-03-26,,,"University of California Hastings College of the Law (now UC College of the Law, San Francisco)",1990,Qualified,https://www.courtlistener.com/person/2438/troy-lynne-nunley/,https://upload.wikimedia.org/wikipedia/commons/thumb/8/83/Judge_Troy_L._Nunley.jpg/330px-Judge_Troy_L._Nunley.jpg?utm_source=commons.wikimedia.org&utm_campaign=imageinfo&utm_content=thumbnail,https://commons.wikimedia.org/wiki/File:Judge_Troy_L._Nunley.jpg,Public domain,false,,,false,,,false,Phase-2 sweep; FJC + CourtListener.
8572,Dale Alan Drozd,Drozd,caed,CAED0104,active,false,Barack Obama,Democratic,2015-01-07,2015-10-05,2015-11-02,,,"University of California, Los Angeles, School of Law",1980,Well Qualified,https://www.courtlistener.com/person/8572/dale-alan-drozd/,https://upload.wikimedia.org/wikipedia/commons/2/20/Dale-Drozd.jpg?utm_source=commons.wikimedia.org&utm_campaign=imageinfo&utm_content=thumbnail_unscaled,https://commons.wikimedia.org/wiki/File:Dale-Drozd.jpg,Public domain,false,,,false,,,false,Phase-2 sweep; FJC + CourtListener.
9084,Jennifer Leigh Thurston,Thurston,caed,CAED0404,active,false,Joseph R. Biden,Democratic,2021-09-20,2021-12-17,2021-12-27,,,California Pacific School of Law,1997,Well Qualified,https://www.courtlistener.com/person/9084/jennifer-l-thurston/,https://upload.wikimedia.org/wikipedia/commons/thumb/c/c3/Jennifer_L._Thurston%2C_U.S._District_Court_Judge.jpg/330px-Jennifer_L._Thurston%2C_U.S._District_Court_Judge.jpg?utm_source=commons.wikimedia.org&utm_campaign=imageinfo&utm_content=thumbnail,"https://commons.wikimedia.org/wiki/File:Jennifer_L._Thurston,_U.S._District_Court_Judge.jpg",Public domain,false,,,false,,,false,Phase-2 sweep; FJC + CourtListener.
,Daniel Joe Powell Calabretta,Calabretta,caed,CAED0504,active,false,Joseph R. Biden,Democratic,2023-01-03,2023-02-16,2023-02-21,,,University of Chicago Law School,2003,Well Qualified,,https://upload.wikimedia.org/wikipedia/commons/thumb/8/8b/Daniel_J._Calabretta%2C_U.S._District_Court_Judge.jpg/330px-Daniel_J._Calabretta%2C_U.S._District_Court_Judge.jpg?utm_source=commons.wikimedia.org&utm_campaign=imageinfo&utm_content=thumbnail,"https://commons.wikimedia.org/wiki/File:Daniel_J._Calabretta,_U.S._District_Court_Judge.jpg",Public domain,false,,,false,,,false,Phase-2 sweep; FJC + CourtListener.
,Kirk Edward Sherriff,Sherriff,caed,CAED0305,active,false,Joseph R. Biden,Democratic,2024-01-08,2024-01-31,2024-02-07,,,Harvard Law School,1995,Well Qualified,,https://upload.wikimedia.org/wikipedia/commons/thumb/e/ed/Kirk_Edward_Sherriff%2C_U.S._District_Court_Judge.jpg/330px-Kirk_Edward_Sherriff%2C_U.S._District_Court_Judge.jpg?utm_source=commons.wikimedia.org&utm_campaign=imageinfo&utm_content=thumbnail,"https://commons.wikimedia.org/wiki/File:Kirk_Edward_Sherriff,_U.S._District_Court_Judge.jpg",Public domain,false,,,false,,,false,Phase-2 sweep; FJC + CourtListener.
,Dena Michaela Coggins,Coggins,caed,CAED0206,active,false,Joseph R. Biden,Democratic,2024-02-08,2024-05-22,2024-09-18,,,"University of the Pacific, McGeorge School of Law",2006,Well Qualified,,https://upload.wikimedia.org/wikipedia/commons/thumb/c/c5/Dena_Coggins%2C_U.S._District_Court_Judge_2.jpg/330px-Dena_Coggins%2C_U.S._District_Court_Judge_2.jpg?utm_source=commons.wikimedia.org&utm_campaign=imageinfo&utm_content=thumbnail,"https://commons.wikimedia.org/wiki/File:Dena_Coggins,_U.S._District_Court_Judge_2.jpg",Public domain,false,,,false,,,false,Phase-2 sweep; FJC + CourtListener.
2401,Pauline Newman,Newman,cafc,CAFC0902,active,false,Ronald Reagan,Republican,1984-01-30,1984-02-27,1984-02-28,,,New York University School of Law,1958,Qualified,https://www.courtlistener.com/person/2401/pauline-newman/,https://upload.wikimedia.org/wikipedia/commons/thumb/0/08/Circuit_judge_newman.png/330px-Circuit_judge_newman.png?utm_source=commons.wikimedia.org&utm_campaign=imageinfo&utm_content=thumbnail,https://commons.wikimedia.org/wiki/File:Circuit_judge_newman.png,Public domain,false,,,false,,,false,Phase-2 sweep; FJC + CourtListener.
2090,Haldane Robert Mayer,Mayer,cafc,CAFC0702,senior,false,Ronald Reagan,Republican,1987-02-03,1987-06-11,1987-06-15,2010-06-30,,William and Mary Law School,1971,Well Qualified,https://www.courtlistener.com/person/2090/haldane-robert-mayer/,https://upload.wikimedia.org/wikipedia/commons/thumb/b/ba/Haldane_Robert_Mayer.jpg/330px-Haldane_Robert_Mayer.jpg?utm_source=commons.wikimedia.org&utm_campaign=imageinfo&utm_content=thumbnail,https://commons.wikimedia.org/wiki/File:Haldane_Robert_Mayer.jpg,CC BY-SA 4.0 — credit: BD2412,false,,,false,,,false,Phase-2 sweep; FJC + CourtListener.
2576,S. Jay Plager,Plager,cafc,CAFC0802,senior,false,George H.W. Bush,Republican,1989-09-12,1989-11-08,1989-11-11,2000-11-30,,University of Florida College of Law (now Fredric G. Levin College of Law),1958,Qualified,https://www.courtlistener.com/person/2576/sheldon-jay-plager/,https://upload.wikimedia.org/wikipedia/commons/thumb/e/e0/S._Jay_Plager_1987.jpg/330px-S._Jay_Plager_1987.jpg?utm_source=commons.wikimedia.org&utm_campaign=imageinfo&utm_content=thumbnail,https://commons.wikimedia.org/wiki/File:S._Jay_Plager_1987.jpg,Public domain,false,,,false,,,false,Phase-2 sweep; FJC + CourtListener.
1971,Alan David Lourie,Lourie,cafc,CAFC0602,active,false,George H.W. Bush,Republican,1990-01-24,1990-04-05,1990-04-06,,,Temple University School of Law (now James E. Beasley School of Law),1970,Well Qualified,https://www.courtlistener.com/person/1971/alan-david-lourie/,https://upload.wikimedia.org/wikipedia/commons/thumb/4/4c/Alan_David_Lourie_%28cropped%29.jpg/330px-Alan_David_Lourie_%28cropped%29.jpg?utm_source=commons.wikimedia.org&utm_campaign=imageinfo&utm_content=thumbnail,https://commons.wikimedia.org/wiki/File:Alan_David_Lourie_(cropped).jpg,Public domain,false,,,false,,,false,Phase-2 sweep; FJC + CourtListener.
649,Raymond Charles Clevenger III,Clevenger,cafc,CAFC1102,senior,false,George H.W. Bush,Republican,1990-01-24,1990-04-27,1990-04-30,2006-02-01,,Yale Law School,1966,Qualified,https://www.courtlistener.com/person/649/raymond-charles-clevenger-iii/,https://upload.wikimedia.org/wikipedia/commons/thumb/4/45/Raymond_C._Clevenger_%28cropped%29.jpg/330px-Raymond_C._Clevenger_%28cropped%29.jpg?utm_source=commons.wikimedia.org&utm_campaign=imageinfo&utm_content=thumbnail,https://commons.wikimedia.org/wiki/File:Raymond_C._Clevenger_(cropped).jpg,Public domain,false,,,false,,,false,Phase-2 sweep; FJC + CourtListener.
2855,Alvin Anthony Schall,Schall,cafc,CAFC1002,senior,false,George H.W. Bush,Republican,1992-03-03,1992-08-12,1992-08-17,2009-10-05,,Tulane University Law School,1969,Well Qualified,https://www.courtlistener.com/person/2855/alvin-anthony-schall/,https://upload.wikimedia.org/wikipedia/commons/2/2b/Alvin_Schall_%28cropped%29.jpg?utm_source=commons.wikimedia.org&utm_campaign=imageinfo&utm_content=thumbnail_unscaled,https://commons.wikimedia.org/wiki/File:Alvin_Schall_(cropped).jpg,Public domain,false,,,false,,,false,Phase-2 sweep; FJC + CourtListener.
447,William Curtis Bryson,Bryson,cafc,CAFC0202,senior,false,William J. Clinton,Democratic,1994-06-22,1994-09-28,1994-09-29,2013-01-07,,University of Texas School of Law,1973,Well Qualified,https://www.courtlistener.com/person/447/william-curtis-bryson/,https://upload.wikimedia.org/wikipedia/commons/9/98/William_Curtis_Bryson_%28cropped%29.jpg?utm_source=commons.wikimedia.org&utm_campaign=imageinfo&utm_content=thumbnail_unscaled,https://commons.wikimedia.org/wiki/File:William_Curtis_Bryson_(cropped).jpg,Public domain,false,,,false,,,false,Phase-2 sweep; FJC + CourtListener.
1942,Richard Linn,Linn,cafc,CAFC0402,senior,false,William J. Clinton,Democratic,1999-09-28,1999-11-19,1999-11-22,2012-10-31,,Georgetown University Law Center,1969,Qualified,https://www.courtlistener.com/person/1942/richard-linn/,https://upload.wikimedia.org/wikipedia/commons/4/4c/Federal_Circuit_Judge_Richard_Linn_2012.png?utm_source=commons.wikimedia.org&utm_campaign=imageinfo&utm_content=thumbnail_unscaled,https://commons.wikimedia.org/wiki/File:Federal_Circuit_Judge_Richard_Linn_2012.png,CC BY-SA 3.0 — credit: Lwarrenwiki,false,,,false,,,false,Phase-2 sweep; FJC + CourtListener.
956,Timothy B. Dyk,Dyk,cafc,CAFC0503,active,false,William J. Clinton,Democratic,1999-01-26,2000-05-24,2000-05-25,,,Harvard Law School,1961,Qualified,https://www.courtlistener.com/person/956/timothy-b-dyk/,https://upload.wikimedia.org/wikipedia/commons/thumb/3/33/Timothy_Dyk_%28cropped%29.jpg/330px-Timothy_Dyk_%28cropped%29.jpg?utm_source=commons.wikimedia.org&utm_campaign=imageinfo&utm_content=thumbnail,https://commons.wikimedia.org/wiki/File:Timothy_Dyk_(cropped).jpg,Public domain,false,,,false,,,false,Phase-2 sweep; FJC + CourtListener.
2634,Sharon Prost,Prost,cafc,CAFC0803,active,false,George W. Bush,Republican,2001-09-04,2001-09-21,2001-09-24,,,"American University, Washington College of Law",1979,Qualified,https://www.courtlistener.com/person/2634/sharon-prost/,https://upload.wikimedia.org/wikipedia/commons/thumb/1/1b/Chief_circuit_judge_prost.png/330px-Chief_circuit_judge_prost.png?utm_source=commons.wikimedia.org&utm_campaign=imageinfo&utm_content=thumbnail,https://commons.wikimedia.org/wiki/File:Chief_circuit_judge_prost.png,Public domain,false,,,false,,,false,Phase-2 sweep; FJC + CourtListener.
2298,Kimberly Ann Moore,Moore,cafc,CAFC1103,active,true,George W. Bush,Republican,2006-05-18,2006-09-05,2006-09-08,,,Georgetown University Law Center,1994,Qualified,https://www.courtlistener.com/person/2298/kimberly-ann-moore/,https://upload.wikimedia.org/wikipedia/commons/b/b7/Judge_Kimberly_A._Moore.jpg?utm_source=commons.wikimedia.org&utm_campaign=imageinfo&utm_content=thumbnail_unscaled,https://commons.wikimedia.org/wiki/File:Judge_Kimberly_A._Moore.jpg,Public domain,false,,,false,,,false,Phase-2 sweep; FJC + CourtListener.
2703,Jimmie V. Reyna,Reyna,cafc,CAFC0703,active,false,Barack Obama,Democratic,2011-01-05,2011-04-04,2011-04-05,,,University of New Mexico School of Law,1978,Well Qualified,https://www.courtlistener.com/person/2703/jimmie-v-reyna/,https://upload.wikimedia.org/wikipedia/commons/0/04/Jimmie_Reyna_%28cropped%29.jpg?utm_source=commons.wikimedia.org&utm_campaign=imageinfo&utm_content=thumbnail_unscaled,https://commons.wikimedia.org/wiki/File:Jimmie_Reyna_(cropped).jpg,Public domain,false,,,false,,,false,Phase-2 sweep; FJC + CourtListener.
3354,Evan Jonathan Wallach,Wallach,cafc,CAFC0303,senior,false,Barack Obama,Democratic,2011-07-28,2011-11-08,2011-11-18,2021-05-31,,"University of California, Berkeley, School of Law",1976,Well Qualified,https://www.courtlistener.com/person/3354/evan-jonathan-wallach/,https://upload.wikimedia.org/wikipedia/commons/thumb/f/f6/Evan_Wallach.jpg/330px-Evan_Wallach.jpg?utm_source=commons.wikimedia.org&utm_campaign=imageinfo&utm_content=thumbnail,https://commons.wikimedia.org/wiki/File:Evan_Wallach.jpg,Public domain,false,,,false,,,false,Phase-2 sweep; FJC + CourtListener.
3170,Richard Gary Taranto,Taranto,cafc,CAFC0103,active,false,Barack Obama,Democratic,2013-01-04,2013-03-11,2013-03-12,,,Yale Law School,1981,Well Qualified,https://www.courtlistener.com/person/3170/richard-gary-taranto/,https://upload.wikimedia.org/wikipedia/commons/thumb/7/70/Richard_Taranto_%28cropped%29.jpg/330px-Richard_Taranto_%28cropped%29.jpg?utm_source=commons.wikimedia.org&utm_campaign=imageinfo&utm_content=thumbnail,https://commons.wikimedia.org/wiki/File:Richard_Taranto_(cropped).jpg,Public domain,false,,,false,,,false,Phase-2 sweep; FJC + CourtListener.
598,Raymond T. Chen,Chen,cafc,CAFC0403,active,false,Barack Obama,Democratic,2013-02-07,2013-08-01,2013-08-02,,,New York University School of Law,1994,Well Qualified,https://www.courtlistener.com/person/598/raymond-t-chen/,https://upload.wikimedia.org/wikipedia/commons/7/76/Raymond_T._Chen.jpg?utm_source=commons.wikimedia.org&utm_campaign=imageinfo&utm_content=thumbnail_unscaled,https://commons.wikimedia.org/wiki/File:Raymond_T._Chen.jpg,Public domain,false,,,false,,,false,Phase-2 sweep; FJC + CourtListener.
1553,Todd Michael Hughes,Hughes,cafc,CAFC0203,active,false,Barack Obama,Democratic,2013-02-07,2013-09-24,2013-09-24,,,Duke University School of Law,1992,Qualified,https://www.courtlistener.com/person/1553/todd-michael-hughes/,https://upload.wikimedia.org/wikipedia/commons/thumb/1/19/Todd_Hughes_%28Judge%29.jpg/330px-Todd_Hughes_%28Judge%29.jpg?utm_source=commons.wikimedia.org&utm_campaign=imageinfo&utm_content=thumbnail,https://commons.wikimedia.org/wiki/File:Todd_Hughes_(Judge).jpg,Public domain,false,,,false,,,false,Phase-2 sweep; FJC + CourtListener.
8636,Kara Farnandez Stoll,Stoll,cafc,CAFC1203,active,false,Barack Obama,Democratic,2015-01-07,2015-07-07,2015-07-08,,,Georgetown University Law Center,1997,Well Qualified,https://www.courtlistener.com/person/8636/kara-farnandez-stoll/,https://upload.wikimedia.org/wikipedia/commons/thumb/a/a5/Kara_F._Stoll_%28cropped%29.jpg/330px-Kara_F._Stoll_%28cropped%29.jpg?utm_source=commons.wikimedia.org&utm_campaign=imageinfo&utm_content=thumbnail,https://commons.wikimedia.org/wiki/File:Kara_F._Stoll_(cropped).jpg,Public domain,false,,,false,,,false,Phase-2 sweep; FJC + CourtListener.
,Tiffany Patrice Cunningham,Cunningham,cafc,CAFC0304,active,false,Joseph R. Biden,Democratic,2021-04-19,2021-07-19,2021-08-06,,,Harvard Law School,2001,Well Qualified,,https://upload.wikimedia.org/wikipedia/commons/thumb/d/d0/Tiffany_Cunningham.jpg/330px-Tiffany_Cunningham.jpg?utm_source=commons.wikimedia.org&utm_campaign=imageinfo&utm_content=thumbnail,https://commons.wikimedia.org/wiki/File:Tiffany_Cunningham.jpg,Public domain,false,,,false,,,false,Phase-2 sweep; FJC + CourtListener.
3083,Leonard Philip Stark,Stark,cafc,CAFC1004,active,false,Joseph R. Biden,Democratic,2022-01-03,2022-02-09,2022-03-16,,,Yale Law School,1996,Well Qualified,https://www.courtlistener.com/person/3083/leonard-philip-stark/,https://upload.wikimedia.org/wikipedia/commons/9/95/LeonardPStark.jpg?utm_source=commons.wikimedia.org&utm_campaign=imageinfo&utm_content=thumbnail_unscaled,https://commons.wikimedia.org/wiki/File:LeonardPStark.jpg,Public domain,false,,,false,,,false,Phase-2 sweep; FJC + CourtListener.
1429,Thelton Eugene Henderson,Henderson,cand,CAND0703,senior,false,Jimmy Carter,Democratic,1980-05-09,1980-06-26,1980-06-30,1998-11-28,,"University of California, Berkeley, School of Law",1962,Qualified,https://www.courtlistener.com/person/1429/thelton-eugene-henderson/,https://upload.wikimedia.org/wikipedia/commons/c/c2/Thelton_Henderson_Senior_District_Judge.jpg?utm_source=commons.wikimedia.org&utm_campaign=imageinfo&utm_content=thumbnail_unscaled,https://commons.wikimedia.org/wiki/File:Thelton_Henderson_Senior_District_Judge.jpg,Public domain,false,,,false,,,false,Phase-2 sweep; FJC + CourtListener.
126,Saundra Brown Armstrong,Armstrong,cand,CAND1003,senior,false,George H.W. Bush,Republican,1991-04-25,1991-06-14,1991-06-18,2012-03-23,,University of San Francisco School of Law,1977,Qualified,https://www.courtlistener.com/person/126/saundra-brown-armstrong/,https://upload.wikimedia.org/wikipedia/commons/thumb/e/e6/Judge_Saundra_Brown_Armstrong_official_portrait_by_Scott_Johnston%2C_oil_on_linen_38x26_inches%2C_collection_of_the_United_States_District_Court_of_Northern_California%2C_Oakland.jpg/330px-thumbnail.jpg?utm_source=commons.wikimedia.org&utm_campaign=imageinfo&utm_content=thumbnail,"https://commons.wikimedia.org/wiki/File:Judge_Saundra_Brown_Armstrong_official_portrait_by_Scott_Johnston,_oil_on_linen_38x26_inches,_collection_of_the_United_States_District_Court_of_Northern_California,_Oakland.jpg",CC BY 3.0 — credit: Scott Wallace Johnston,false,,,false,,,false,Phase-2 sweep; FJC + CourtListener.
3468,Claudia Ann Wilken,Wilken,cand,CAND1801,senior,false,William J. Clinton,Democratic,1993-10-07,1993-11-20,1993-11-22,2014-12-17,,"University of California, Berkeley, School of Law",1975,Well Qualified,https://www.courtlistener.com/person/3468/claudia-ann-wilken/,https://upload.wikimedia.org/wikipedia/commons/9/90/Claudia_Ann_Wiken_13.JPG?utm_source=commons.wikimedia.org&utm_campaign=imageinfo&utm_content=thumbnail_unscaled,https://commons.wikimedia.org/wiki/File:Claudia_Ann_Wiken_13.JPG,Public domain,false,,,false,,,false,Phase-2 sweep; FJC + CourtListener.
602,Maxine M. Chesney,Chesney,cand,CAND0406,senior,false,William J. Clinton,Democratic,1995-01-24,1995-05-08,1995-05-10,2009-06-30,,"University of California, Berkeley, School of Law",1967,Well Qualified,https://www.courtlistener.com/person/602/maxine-m-chesney/,https://upload.wikimedia.org/wikipedia/commons/thumb/9/97/Judge_Maxine_Chesney_official_portrait_for_United_States_District_Court_by_Scott_Johnston.jpg/330px-Judge_Maxine_Chesney_official_portrait_for_United_States_District_Court_by_Scott_Johnston.jpg?utm_source=commons.wikimedia.org&utm_campaign=imageinfo&utm_content=thumbnail,https://commons.wikimedia.org/wiki/File:Judge_Maxine_Chesney_official_portrait_for_United_States_District_Court_by_Scott_Johnston.jpg,CC BY 3.0 — credit: Scott Wallace Johnston,false,,,false,,,false,Phase-2 sweep; FJC + CourtListener.
1588,Susan Yvonne Illston,Illston,cand,CAND0307,senior,false,William J. Clinton,Democratic,1995-01-23,1995-05-25,1995-05-26,2013-07-01,,Stanford Law School,1973,Well Qualified,https://www.courtlistener.com/person/1588/susan-yvonne-illston/,https://upload.wikimedia.org/wikipedia/commons/thumb/f/f0/Judge_Susan_Illston_official_portrait_art_United_States_District_Court_by_Scott_Johnston.jpg/330px-Judge_Susan_Illston_official_portrait_art_United_States_District_Court_by_Scott_Johnston.jpg?utm_source=commons.wikimedia.org&utm_campaign=imageinfo&utm_content=thumbnail,https://commons.wikimedia.org/wiki/File:Judge_Susan_Illston_official_portrait_art_United_States_District_Court_by_Scott_Johnston.jpg,CC BY-SA 4.0 — credit: Scott Wallace Johnston,false,,,false,,,false,Phase-2 sweep; FJC + CourtListener.
383,Charles R. Breyer,Breyer,cand,CAND0805,senior,false,William J. Clinton,Democratic,1997-07-24,1997-11-08,1997-11-12,2011-12-31,,"University of California, Berkeley, School of Law",1966,Well Qualified,https://www.courtlistener.com/person/383/charles-r-breyer/,https://upload.wikimedia.org/wikipedia/commons/thumb/6/6b/Judge_Charles_Breyer_official_portrait_United_States_District_Court_by_Scott_Johnston.jpg/330px-Judge_Charles_Breyer_official_portrait_United_States_District_Court_by_Scott_Johnston.jpg?utm_source=commons.wikimedia.org&utm_campaign=imageinfo&utm_content=thumbnail,https://commons.wikimedia.org/wiki/File:Judge_Charles_Breyer_official_portrait_United_States_District_Court_by_Scott_Johnston.jpg,CC BY-SA 3.0 — credit: Scott Wallace Johnston,false,,,false,,,false,Phase-2 sweep; FJC + CourtListener.
89,William Haskell Alsup,Alsup,cand,CAND0704,senior,false,William J. Clinton,Democratic,1999-03-24,1999-07-30,1999-08-17,2021-01-21,,Harvard Law School,1971,Well Qualified,https://www.courtlistener.com/person/89/william-haskell-alsup/,https://upload.wikimedia.org/wikipedia/commons/thumb/d/da/Judge_William_Alsup.jpg/330px-Judge_William_Alsup.jpg?utm_source=commons.wikimedia.org&utm_campaign=imageinfo&utm_content=thumbnail,https://commons.wikimedia.org/wiki/File:Judge_William_Alsup.jpg,Public domain,false,,,false,,,false,Phase-2 sweep; FJC + CourtListener.
1346,Phyllis Jean Hamilton,Hamilton,cand,CAND1901,senior,false,William J. Clinton,Democratic,2000-02-09,2000-05-24,2000-05-25,2021-02-01,,University of Santa Clara (now Santa Clara University) School of Law,1976,Qualified,https://www.courtlistener.com/person/1346/phyllis-jean-hamilton/,https://upload.wikimedia.org/wikipedia/commons/thumb/6/65/Judge_Phyllis_J_Hamilton_2016.jpg/330px-Judge_Phyllis_J_Hamilton_2016.jpg?utm_source=commons.wikimedia.org&utm_campaign=imageinfo&utm_content=thumbnail,https://commons.wikimedia.org/wiki/File:Judge_Phyllis_J_Hamilton_2016.jpg,Public domain,false,,,false,,,false,Phase-2 sweep; FJC + CourtListener.
3451,Jeffrey Steven White,White,cand,CAND0604,senior,false,George W. Bush,Republican,2002-07-25,2002-11-14,2002-11-15,2021-02-01,,State University of New York at Buffalo Law School,1970,Qualified,https://www.courtlistener.com/person/3451/jeffrey-steven-white/,https://upload.wikimedia.org/wikipedia/commons/2/2d/Jeffrey_S._White%2C_U.S._District_Court_Judge.jpg?utm_source=commons.wikimedia.org&utm_campaign=imageinfo&utm_content=thumbnail_unscaled,"https://commons.wikimedia.org/wiki/File:Jeffrey_S._White,_U.S._District_Court_Judge.jpg",Public domain,false,,,false,,,false,Phase-2 sweep; FJC + CourtListener.
2899,Richard G. Seeborg,Seeborg,cand,CAND0407,active,false,Barack Obama,Democratic,2009-08-06,2009-12-24,2010-01-04,,,Columbia Law School,1981,Well Qualified,https://www.courtlistener.com/person/2899/richard-g-seeborg/,https://upload.wikimedia.org/wikipedia/commons/3/30/Richard_Seeborg%2C_U.S._District_Court_Judge.jpg?utm_source=commons.wikimedia.org&utm_campaign=imageinfo&utm_content=thumbnail_unscaled,"https://commons.wikimedia.org/wiki/File:Richard_Seeborg,_U.S._District_Court_Judge.jpg",Public domain,false,,,false,,,false,Phase-2 sweep; FJC + CourtListener.
807,Edward John Davila,Davila,cand,CAND1602,senior,false,Barack Obama,Democratic,2011-01-05,2011-02-14,2011-03-03,2024-12-11,,"University of California Hastings College of the Law (now UC College of the Law, San Francisco)",1979,Qualified,https://www.courtlistener.com/person/807/edward-john-davila/,https://upload.wikimedia.org/wikipedia/commons/thumb/6/6d/Edward_J._Davila_District_Judge.jpg/330px-Edward_J._Davila_District_Judge.jpg?utm_source=commons.wikimedia.org&utm_campaign=imageinfo&utm_content=thumbnail,https://commons.wikimedia.org/wiki/File:Edward_J._Davila_District_Judge.jpg,Public domain,false,,,false,,,false,Phase-2 sweep; FJC + CourtListener.
596,Edward Milton Chen,Chen,cand,CAND1205,senior,false,Barack Obama,Democratic,2011-01-05,2011-05-10,2011-05-12,2022-05-17,,"University of California, Berkeley, School of Law",1979,Well Qualified,https://www.courtlistener.com/person/596/edward-milton-chen/,https://upload.wikimedia.org/wikipedia/commons/thumb/a/a2/Edward_Milton_Chen.jpg/330px-Edward_Milton_Chen.jpg?utm_source=commons.wikimedia.org&utm_campaign=imageinfo&utm_content=thumbnail,https://commons.wikimedia.org/wiki/File:Edward_Milton_Chen.jpg,Public domain,false,,,false,,,false,Phase-2 sweep; FJC + CourtListener.
2766,Yvonne Gonzalez Rogers,Rogers,cand,CAND1403,active,true,Barack Obama,Democratic,2011-05-04,2011-11-15,2011-11-21,,,University of Texas School of Law,1991,Qualified,https://www.courtlistener.com/person/2766/yvonne-gonzalez-rogers/,https://upload.wikimedia.org/wikipedia/commons/thumb/d/dc/Judge-Yvonne-Gonzalez-Rogers.jpg/330px-Judge-Yvonne-Gonzalez-Rogers.jpg?utm_source=commons.wikimedia.org&utm_campaign=imageinfo&utm_content=thumbnail,https://commons.wikimedia.org/wiki/File:Judge-Yvonne-Gonzalez-Rogers.jpg,Public domain,false,,,false,,,false,Phase-2 sweep; FJC + CourtListener.
3228,Jon Steven Tigar,Tigar,cand,CAND1004,active,false,Barack Obama,Democratic,2012-06-11,2012-12-21,2013-01-18,,,"University of California, Berkeley, School of Law",1989,Well Qualified,https://www.courtlistener.com/person/3228/jon-steven-tigar/,https://upload.wikimedia.org/wikipedia/commons/a/a0/Jon_S._Tigar%2C_U.S._District_Court_Judge.jpg?utm_source=commons.wikimedia.org&utm_campaign=imageinfo&utm_content=thumbnail_unscaled,"https://commons.wikimedia.org/wiki/File:Jon_S._Tigar,_U.S._District_Court_Judge.jpg",Public domain,false,,,false,,,false,Phase-2 sweep; FJC + CourtListener.
2474,William Horsley Orrick III,Orrick,cand,CAND0806,senior,false,Barack Obama,Democratic,2013-01-04,2013-05-15,2013-05-16,2023-05-20,,Boston College Law School,1979,Well Qualified,https://www.courtlistener.com/person/2474/william-horsley-orrick-iii/,https://upload.wikimedia.org/wikipedia/commons/8/8c/William_H._Orrick%2C_U.S._District_Court_Judge.jpg?utm_source=commons.wikimedia.org&utm_campaign=imageinfo&utm_content=thumbnail_unscaled,"https://commons.wikimedia.org/wiki/File:William_H._Orrick,_U.S._District_Court_Judge.jpg",Public domain,false,,,false,,,false,Phase-2 sweep; FJC + CourtListener.
892,James Donato,Donato,cand,CAND1103,active,false,Barack Obama,Democratic,2014-01-06,2014-02-25,2014-02-26,,,Stanford Law School,1988,Well Qualified,https://www.courtlistener.com/person/892/james-donato/,https://upload.wikimedia.org/wikipedia/commons/thumb/c/c4/James_Donato%2C_U.S._District_Court_Judge.jpg/330px-James_Donato%2C_U.S._District_Court_Judge.jpg?utm_source=commons.wikimedia.org&utm_campaign=imageinfo&utm_content=thumbnail,"https://commons.wikimedia.org/wiki/File:James_Donato,_U.S._District_Court_Judge.jpg",Public domain,false,,,false,,,false,Phase-2 sweep; FJC + CourtListener.
1114,Beth Labson Freeman,Freeman,cand,CAND2001,active,false,Barack Obama,Democratic,2014-01-06,2014-02-25,2014-02-26,,,Harvard Law School,1979,Qualified,https://www.courtlistener.com/person/1114/beth-labson-freeman/,https://upload.wikimedia.org/wikipedia/commons/thumb/a/ab/Judge_Beth_Freeman2.jpg/330px-Judge_Beth_Freeman2.jpg?utm_source=commons.wikimedia.org&utm_campaign=imageinfo&utm_content=thumbnail,https://commons.wikimedia.org/wiki/File:Judge_Beth_Freeman2.jpg,Public domain,false,,,false,,,false,Phase-2 sweep; FJC + CourtListener.
604,Vince Girdhari Chhabria,Chhabria,cand,CAND0308,active,false,Barack Obama,Democratic,2014-01-06,2014-03-05,2014-03-07,,,"University of California, Berkeley, School of Law",1998,Well Qualified,https://www.courtlistener.com/person/604/vince-girdhari-chhabria/,https://upload.wikimedia.org/wikipedia/commons/thumb/4/44/Vince_Chhabria%2C_U.S._District_Court_Judge.jpg/330px-Vince_Chhabria%2C_U.S._District_Court_Judge.jpg?utm_source=commons.wikimedia.org&utm_campaign=imageinfo&utm_content=thumbnail,"https://commons.wikimedia.org/wiki/File:Vince_Chhabria,_U.S._District_Court_Judge.jpg",Public domain,false,,,false,,,false,Phase-2 sweep; FJC + CourtListener.
1206,Haywood Stirling Gilliam Jr.,Gilliam,cand,CAND1802,active,false,Barack Obama,Democratic,2014-09-08,2014-12-16,2014-12-19,,,Stanford Law School,1994,Well Qualified,https://www.courtlistener.com/person/1206/haywood-stirling-gilliam-jr/,https://upload.wikimedia.org/wikipedia/commons/thumb/3/3b/Haywood_S._Gilliam_Jr.%2C_U.S._District_Court_Judge.jpg/330px-Haywood_S._Gilliam_Jr.%2C_U.S._District_Court_Judge.jpg?utm_source=commons.wikimedia.org&utm_campaign=imageinfo&utm_content=thumbnail,"https://commons.wikimedia.org/wiki/File:Haywood_S._Gilliam_Jr.,_U.S._District_Court_Judge.jpg",Public domain,false,,,false,,,false,Phase-2 sweep; FJC + CourtListener.
,Jacqueline Scott Corley,Corley,cand,CAND0705,active,false,Joseph R. Biden,Democratic,2022-01-03,2022-03-17,2022-03-30,,,Harvard Law School,1991,Well Qualified,,https://upload.wikimedia.org/wikipedia/commons/9/94/Judge_Jacqueline_Corley.jpg?utm_source=commons.wikimedia.org&utm_campaign=imageinfo&utm_content=thumbnail_unscaled,https://commons.wikimedia.org/wiki/File:Judge_Jacqueline_Corley.jpg,Public domain,false,,,false,,,false,Phase-2 sweep; FJC + CourtListener.
,Trina Lynn Thompson,Thompson,cand,CAND1902,active,false,Joseph R. Biden,Democratic,2022-01-03,2022-05-18,2022-08-05,,,"University of California, Berkeley, School of Law",1986,Well Qualified,,https://upload.wikimedia.org/wikipedia/commons/thumb/f/fe/Thompson7924crop.jpg/330px-Thompson7924crop.jpg?utm_source=commons.wikimedia.org&utm_campaign=imageinfo&utm_content=thumbnail,https://commons.wikimedia.org/wiki/File:Thompson7924crop.jpg,Public domain,false,,,false,,,false,Phase-2 sweep; FJC + CourtListener.
,Araceli Martinez-Olguin,Martinez-Olguin,cand,CAND0605,active,false,Joseph R. Biden,Democratic,2023-01-03,2023-02-28,2023-03-03,,,"University of California, Berkeley, School of Law",2004,Qualified/Well Qualified,,https://upload.wikimedia.org/wikipedia/commons/thumb/c/c4/Araceli_Martinez-Olguin%2C_U.S._District_Court_Judge.jpg/330px-Araceli_Martinez-Olguin%2C_U.S._District_Court_Judge.jpg?utm_source=commons.wikimedia.org&utm_campaign=imageinfo&utm_content=thumbnail,"https://commons.wikimedia.org/wiki/File:Araceli_Martinez-Olguin,_U.S._District_Court_Judge.jpg",Public domain,false,,,true,advisor,https://en.wikipedia.org/w/index.php?title=Araceli_Mart%C3%ADnez-Olgu%C3%ADn&oldid=1352407861,false,Phase-2 sweep; FJC + CourtListener.
,Patrick Casey Pitts,Pitts,cand,CAND1703,active,false,Joseph R. Biden,Democratic,2023-01-23,2023-06-14,2023-07-07,,,Yale Law School,2008,Qualified,,https://upload.wikimedia.org/wikipedia/commons/thumb/c/c6/P._Casey_Pitts%2C_U.S._District_Court_Judge_2.jpg/330px-P._Casey_Pitts%2C_U.S._District_Court_Judge_2.jpg?utm_source=commons.wikimedia.org&utm_campaign=imageinfo&utm_content=thumbnail,"https://commons.wikimedia.org/wiki/File:P._Casey_Pitts,_U.S._District_Court_Judge_2.jpg",Public domain,false,,,false,,,false,Phase-2 sweep; FJC + CourtListener.
14276,Rita Faye Lin,Lin,cand,CAND1206,active,false,Joseph R. Biden,Democratic,2023-01-23,2023-09-19,2023-10-04,,,Harvard Law School,2003,Well Qualified,https://www.courtlistener.com/person/14276/rita-faye-lin/,https://upload.wikimedia.org/wikipedia/commons/thumb/4/46/Rita_F._Lin%2C_U.S._District_Court_Judge.jpg/330px-Rita_F._Lin%2C_U.S._District_Court_Judge.jpg?utm_source=commons.wikimedia.org&utm_campaign=imageinfo&utm_content=thumbnail,"https://commons.wikimedia.org/wiki/File:Rita_F._Lin,_U.S._District_Court_Judge.jpg",Public domain,false,,,false,,,false,Phase-2 sweep; FJC + CourtListener.
14260,Eumi Kim Lee,Lee,cand,CAND0807,active,false,Joseph R. Biden,Democratic,2024-01-08,2024-03-20,2024-05-07,,,Georgetown University Law Center,1999,Well Qualified,https://www.courtlistener.com/person/14260/eumi-kim-lee/,https://upload.wikimedia.org/wikipedia/commons/thumb/0/0d/Eumi_K._Lee%2C_U.S._District_Court_Judge.jpg/330px-Eumi_K._Lee%2C_U.S._District_Court_Judge.jpg?utm_source=commons.wikimedia.org&utm_campaign=imageinfo&utm_content=thumbnail,"https://commons.wikimedia.org/wiki/File:Eumi_K._Lee,_U.S._District_Court_Judge.jpg",Public domain,false,,,false,,,false,Phase-2 sweep; FJC + CourtListener.
13991,Noël Wise,Wise,cand,CAND1603,active,false,Joseph R. Biden,Democratic,2024-06-13,2024-12-11,2024-12-19,,,Nova University (now Nova Southeastern University) Shepard Broad Law Center,1993,Well Qualified,https://www.courtlistener.com/person/13991/noel-wise/,https://upload.wikimedia.org/wikipedia/commons/8/8e/JudgeNoelWise-OfficialPhoto.jpg,https://commons.wikimedia.org/wiki/File:JudgeNoelWise-OfficialPhoto.jpg,Public domain — credit: U.S. District Court for the Northern District of California,false,,,false,,,false,Phase-2 sweep; FJC + CourtListener.
1545,Marilyn L. Huff,Huff,casd,CASD1803,senior,false,George H.W. Bush,Republican,1991-03-12,1991-05-09,1991-05-14,2016-09-30,,University of Michigan Law School,1976,Well Qualified,https://www.courtlistener.com/person/1545/marilyn-l-huff/,https://upload.wikimedia.org/wikipedia/commons/9/9d/Marilyn_L._Huff.jpg?utm_source=commons.wikimedia.org&utm_campaign=imageinfo&utm_content=thumbnail_unscaled,https://commons.wikimedia.org/wiki/File:Marilyn_L._Huff.jpg,Public domain,false,,,false,,,false,Phase-2 sweep; FJC + CourtListener.
2331,Barry Ted Moskowitz,Moskowitz,casd,CASD2201,senior,false,William J. Clinton,Democratic,1995-06-30,1995-12-22,1995-12-26,2019-01-23,,Rutgers School of Law -- Newark,1975,Well Qualified,https://www.courtlistener.com/person/2331/barry-ted-moskowitz/,https://upload.wikimedia.org/wikipedia/commons/3/34/Barry_Ted_Moskowitz.jpg?utm_source=commons.wikimedia.org&utm_campaign=imageinfo&utm_content=thumbnail_unscaled,https://commons.wikimedia.org/wiki/File:Barry_Ted_Moskowitz.jpg,Public domain,false,,,false,,,false,Phase-2 sweep; FJC + CourtListener.
2253,Jeffrey T. Miller,Miller,casd,CASD1702,senior,false,William J. Clinton,Democratic,1997-01-07,1997-05-23,1997-05-27,2010-06-06,,"University of California, Los Angeles, School of Law",1967,Qualified,https://www.courtlistener.com/person/2253/jeffrey-t-miller/,https://upload.wikimedia.org/wikipedia/commons/b/b2/Jeffrey_T._Miller_District_Judge.jpg?utm_source=commons.wikimedia.org&utm_campaign=imageinfo&utm_content=thumbnail_unscaled,https://commons.wikimedia.org/wiki/File:Jeffrey_T._Miller_District_Judge.jpg,Public domain,false,,,false,,,false,Phase-2 sweep; FJC + CourtListener.
3442,Thomas J. Whelan,Whelan,casd,CASD1903,senior,false,William J. Clinton,Democratic,1998-06-04,1998-10-21,1998-10-22,2010-08-15,,San Diego School of Law (now University of San Diego School of Law),1965,Qualified,https://www.courtlistener.com/person/3442/thomas-j-whelan/,https://upload.wikimedia.org/wikipedia/commons/b/b1/Thomas_J._Whelan_District_Judge.jpg?utm_source=commons.wikimedia.org&utm_campaign=imageinfo&utm_content=thumbnail_unscaled,https://commons.wikimedia.org/wiki/File:Thomas_J._Whelan_District_Judge.jpg,Public domain,false,,,false,,,false,Phase-2 sweep; FJC + CourtListener.
1967,M. James Lorenz,Lorenz,casd,CASD0706,senior,false,William J. Clinton,Democratic,1999-03-08,1999-10-01,1999-10-05,2009-10-25,,California Western School of Law,1965,Well Qualified,https://www.courtlistener.com/person/1967/myron-james-lorenz/,https://upload.wikimedia.org/wikipedia/commons/0/0f/M._James_Lorenz_District_Judge.jpg?utm_source=commons.wikimedia.org&utm_campaign=imageinfo&utm_content=thumbnail_unscaled,https://commons.wikimedia.org/wiki/File:M._James_Lorenz_District_Judge.jpg,Public domain,false,,,false,,,false,Phase-2 sweep; FJC + CourtListener.
2821,Dana Makoto Sabraw,Sabraw,casd,CASD2401,active,false,George W. Bush,Republican,2003-05-01,2003-09-25,2003-09-26,,,"University of the Pacific, McGeorge School of Law",1985,Well Qualified,https://www.courtlistener.com/person/2821/dana-makoto-sabraw/,https://upload.wikimedia.org/wikipedia/commons/a/af/Dana_M._Sabraw.jpg?utm_source=commons.wikimedia.org&utm_campaign=imageinfo&utm_content=thumbnail_unscaled,https://commons.wikimedia.org/wiki/File:Dana_M._Sabraw.jpg,Public domain,false,,,false,,,false,Phase-2 sweep; FJC + CourtListener.
1404,William Q. Hayes,Hayes,casd,CASD2501,senior,false,George W. Bush,Republican,2003-05-01,2003-10-02,2003-10-06,2021-08-01,,Syracuse University College of Law,1983,Qualified,https://www.courtlistener.com/person/1404/william-q-hayes/,https://upload.wikimedia.org/wikipedia/commons/c/c4/William_Q._Hayes_District_Judge.jpg?utm_source=commons.wikimedia.org&utm_campaign=imageinfo&utm_content=thumbnail_unscaled,https://commons.wikimedia.org/wiki/File:William_Q._Hayes_District_Judge.jpg,Public domain,false,,,false,,,false,Phase-2 sweep; FJC + CourtListener.
1525,John A. Houston,Houston,casd,CASD2601,senior,false,George W. Bush,Republican,2003-05-01,2003-10-02,2003-10-07,2018-02-06,,University of Miami School of Law,1977,Well Qualified,https://www.courtlistener.com/person/1525/john-a-houston/,https://upload.wikimedia.org/wikipedia/commons/5/5b/John_A._Houston_District_Judge.jpg?utm_source=commons.wikimedia.org&utm_campaign=imageinfo&utm_content=thumbnail_unscaled,https://commons.wikimedia.org/wiki/File:John_A._Houston_District_Judge.jpg,Public domain,false,,,false,,,false,Phase-2 sweep; FJC + CourtListener.
2830,Janis Lynn Sammartino,Sammartino,casd,CASD2002,active,false,George W. Bush,Republican,2007-03-19,2007-09-10,2007-09-21,,,Notre Dame Law School,1975,Qualified,https://www.courtlistener.com/person/2830/janis-lynn-sammartino/,https://upload.wikimedia.org/wikipedia/commons/c/cf/Janis_Sammartino_District_Judge.jpg?utm_source=commons.wikimedia.org&utm_campaign=imageinfo&utm_content=thumbnail_unscaled,https://commons.wikimedia.org/wiki/File:Janis_Sammartino_District_Judge.jpg,Public domain,false,,,false,,,false,Phase-2 sweep; FJC + CourtListener.
114,Michael M. Anello,Anello,casd,CASD2103,senior,false,George W. Bush,Republican,2008-04-30,2008-09-26,2008-10-10,2018-10-31,,Georgetown University Law Center,1968,Well Qualified,https://www.courtlistener.com/person/114/michael-m-anello/,https://upload.wikimedia.org/wikipedia/commons/thumb/d/d5/Judge_Anello.jpg/330px-Judge_Anello.jpg?utm_source=commons.wikimedia.org&utm_campaign=imageinfo&utm_content=thumbnail,https://commons.wikimedia.org/wiki/File:Judge_Anello.jpg,Public domain,false,,,false,,,false,Phase-2 sweep; FJC + CourtListener.
202,Anthony Joseph Battaglia,Battaglia,casd,CASD0707,senior,false,Barack Obama,Democratic,2011-01-05,2011-03-07,2011-03-09,2021-03-31,,California Western School of Law,1974,Well Qualified,https://www.courtlistener.com/person/202/anthony-joseph-battaglia/,https://upload.wikimedia.org/wikipedia/commons/5/5a/Judge_Anthony_J._Battaglia.jpg?utm_source=commons.wikimedia.org&utm_campaign=imageinfo&utm_content=thumbnail_unscaled,https://commons.wikimedia.org/wiki/File:Judge_Anthony_J._Battaglia.jpg,Public domain,false,,,false,,,false,Phase-2 sweep; FJC + CourtListener.
247,Cathy Ann Bencivengo,Bencivengo,casd,CASD1703,active,false,Barack Obama,Democratic,2011-05-11,2012-02-09,2012-02-10,,,University of Michigan Law School,1988,Well Qualified,https://www.courtlistener.com/person/247/cathy-ann-bencivengo/,https://upload.wikimedia.org/wikipedia/commons/c/ca/Bencivengo.jpg?utm_source=commons.wikimedia.org&utm_campaign=imageinfo&utm_content=thumbnail_unscaled,https://commons.wikimedia.org/wiki/File:Bencivengo.jpg,Public domain,false,,,false,,,false,Phase-2 sweep; FJC + CourtListener.
772,Gonzalo Paul Curiel,Curiel,casd,CASD1904,senior,false,Barack Obama,Democratic,2011-11-10,2012-09-22,2012-10-01,2023-09-07,,Indiana University School of Law -- Bloomington (now Maurer School of Law),1979,Well Qualified,https://www.courtlistener.com/person/772/gonzalo-paul-curiel/,https://upload.wikimedia.org/wikipedia/commons/thumb/8/8d/Gonzalo_Curiel.jpg/330px-Gonzalo_Curiel.jpg?utm_source=commons.wikimedia.org&utm_campaign=imageinfo&utm_content=thumbnail,https://commons.wikimedia.org/wiki/File:Gonzalo_Curiel.jpg,Public domain,false,,,false,,,false,Phase-2 sweep; FJC + CourtListener.
194,Cynthia Ann Bashant,Bashant,casd,CASD1205,active,true,Barack Obama,Democratic,2014-01-06,2014-04-30,2014-05-08,,,"University of California Hastings College of the Law (now UC College of the Law, San Francisco)",1986,Qualified,https://www.courtlistener.com/person/194/cynthia-ann-bashant/,https://upload.wikimedia.org/wikipedia/commons/f/fa/CynthiaAnnBashant2015.JPG?utm_source=commons.wikimedia.org&utm_campaign=imageinfo&utm_content=thumbnail_unscaled,https://commons.wikimedia.org/wiki/File:CynthiaAnnBashant2015.JPG,Public domain,false,,,false,,,false,Phase-2 sweep; FJC + CourtListener.
14460,Todd Wallace Robinson,Robinson,casd,CASD1804,active,false,Donald J. Trump,Republican,2020-02-13,2020-09-16,2020-09-18,,,Georgetown University Law Center,1993,Well Qualified,https://www.courtlistener.com/person/14460/todd-wallace-robinson/,https://upload.wikimedia.org/wikipedia/commons/6/6f/Todd_W._Robinson.jpg?utm_source=commons.wikimedia.org&utm_campaign=imageinfo&utm_content=thumbnail_unscaled,https://commons.wikimedia.org/wiki/File:Todd_W._Robinson.jpg,Public domain,false,,,false,,,false,Phase-2 sweep; FJC + CourtListener.
9108,Linda Lopez,Lopez,casd,CASD2702,active,false,Joseph R. Biden,Democratic,2021-09-30,2021-12-17,2021-12-21,,,University of Miami School of Law,1999,Well Qualified,https://www.courtlistener.com/person/9108/linda-lopez/,https://upload.wikimedia.org/wikipedia/commons/thumb/6/6a/Linda_Lopez_%28Judge%29_%28cropped%29.jpg/330px-Linda_Lopez_%28Judge%29_%28cropped%29.jpg?utm_source=commons.wikimedia.org&utm_campaign=imageinfo&utm_content=thumbnail,https://commons.wikimedia.org/wiki/File:Linda_Lopez_(Judge)_(cropped).jpg,Public domain,false,,,false,,,false,Phase-2 sweep; FJC + CourtListener.
,Jinsook Ohta,Ohta,casd,CASD2202,active,false,Joseph R. Biden,Democratic,2021-09-30,2021-12-17,2021-12-27,,,New York University School of Law,2001,Well Qualified,,https://upload.wikimedia.org/wikipedia/commons/6/67/Jinsook_Ohta.jpg?utm_source=commons.wikimedia.org&utm_campaign=imageinfo&utm_content=thumbnail_unscaled,https://commons.wikimedia.org/wiki/File:Jinsook_Ohta.jpg,Public domain,false,,,false,,,false,Phase-2 sweep; FJC + CourtListener.
9110,Ruth Bermudez Montenegro,Montenegro,casd,CASD2602,active,false,Joseph R. Biden,Democratic,2022-01-03,2022-03-22,2022-03-30,,,"University of California, Los Angeles, School of Law",1992,Qualified,https://www.courtlistener.com/person/9110/ruth-bermudez-montenegro/,https://upload.wikimedia.org/wikipedia/commons/0/0a/Judge_Montenegro.jpg?utm_source=commons.wikimedia.org&utm_campaign=imageinfo&utm_content=thumbnail_unscaled,https://commons.wikimedia.org/wiki/File:Judge_Montenegro.jpg,Public domain,false,,,false,,,false,Phase-2 sweep; FJC + CourtListener.
,Robert Steven Huie,Huie,casd,CASD2104,active,false,Joseph R. Biden,Democratic,2022-01-19,2022-06-09,2022-06-14,,,Yale Law School,2002,Well Qualified,,https://upload.wikimedia.org/wikipedia/commons/0/09/Robert_S._Huie.jpg?utm_source=commons.wikimedia.org&utm_campaign=imageinfo&utm_content=thumbnail_unscaled,https://commons.wikimedia.org/wiki/File:Robert_S._Huie.jpg,Public domain,false,,,false,,,false,Phase-2 sweep; FJC + CourtListener.
9111,Andrew George Schopler,Schopler,casd,CASD2302,active,false,Joseph R. Biden,Democratic,2023-01-23,2023-03-07,2023-03-10,,,Harvard Law School,1997,Well Qualified,https://www.courtlistener.com/person/9111/andrew-g-schopler/,https://upload.wikimedia.org/wikipedia/commons/a/a6/MJ-Andrew-G-Schopler.jpg?utm_source=commons.wikimedia.org&utm_campaign=imageinfo&utm_content=thumbnail_unscaled,https://commons.wikimedia.org/wiki/File:MJ-Andrew-G-Schopler.jpg,Public domain,false,,,false,,,false,Phase-2 sweep; FJC + CourtListener.
14200,James Edward Simmons Jr.,Simmons,casd,CASD0708,active,false,Joseph R. Biden,Democratic,2023-01-23,2023-03-09,2023-03-10,,,Golden Gate University School of Law,2004,Well Qualified,https://www.courtlistener.com/person/14200/james-earl-simmons-jr/,https://upload.wikimedia.org/wikipedia/commons/thumb/0/0e/James_Edward_Simmons%2C_Jr.jpg/330px-James_Edward_Simmons%2C_Jr.jpg?utm_source=commons.wikimedia.org&utm_campaign=imageinfo&utm_content=thumbnail,"https://commons.wikimedia.org/wiki/File:James_Edward_Simmons,_Jr.jpg",Public domain,false,,,false,,,false,Phase-2 sweep; FJC + CourtListener.
,Benjamin Jerome Cheeks,Cheeks,casd,CASD1905,active,false,Joseph R. Biden,Democratic,2024-11-18,2024-12-20,2025-01-09,,,"American University, Washington College of Law",2003,Qualified,,https://upload.wikimedia.org/wikipedia/commons/f/f3/Judge_Benjamin_Cheeks.png?utm_source=commons.wikimedia.org&utm_campaign=imageinfo&utm_content=thumbnail_unscaled,https://commons.wikimedia.org/wiki/File:Judge_Benjamin_Cheeks.png,Public domain,false,,,false,,,false,Phase-2 sweep; FJC + CourtListener.
2700,Jane A. Restani,Restani,cit,CIT0602,senior,false,Ronald Reagan,Republican,1983-11-03,1983-11-15,1983-11-16,2015-03-01,,"University of California, Davis, School of Law",1973,Qualified,https://www.courtlistener.com/person/2700/jane-a-restani/,,,,false,,,false,,,false,Phase-2 sweep; FJC + CourtListener.
117,Thomas Joseph Aquilino Jr.,Aquilino,cit,CIT0402,senior,false,Ronald Reagan,Republican,1985-02-25,1985-04-03,1985-04-04,2004-12-10,,Rutgers School of Law -- Newark,1969,Qualified,https://www.courtlistener.com/person/117/thomas-joseph-aquilino-jr/,https://upload.wikimedia.org/wikipedia/commons/thumb/9/9d/Thomas_J_Aquilino_Jr.png/330px-Thomas_J_Aquilino_Jr.png?utm_source=commons.wikimedia.org&utm_campaign=imageinfo&utm_content=thumbnail,https://commons.wikimedia.org/wiki/File:Thomas_J_Aquilino_Jr.png,Public domain,false,,,false,,,false,Phase-2 sweep; FJC + CourtListener.
193,Judith Morgenstern Barzilay,Barzilay,cit,CIT0703,senior,false,William J. Clinton,Democratic,1998-01-27,1998-03-11,1998-03-11,2011-06-02,,Rutgers School of Law -- Newark,1981,Qualified,https://www.courtlistener.com/person/193/judith-morgenstern-barzilay/,,,,false,,,false,,,false,Phase-2 sweep; FJC + CourtListener.
2719,Delissa Anne Ridgway,Ridgway,cit,CIT0903,senior,false,William J. Clinton,Democratic,1998-01-27,1998-03-11,1998-03-17,2019-01-31,,Northeastern University School of Law,1979,Well Qualified,https://www.courtlistener.com/person/2719/delissa-anne-ridgway/,,,,false,,,false,,,false,Phase-2 sweep; FJC + CourtListener.
962,Richard K. Eaton,Eaton,cit,CIT0203,senior,false,William J. Clinton,Democratic,1999-08-03,1999-10-22,1999-10-26,2014-08-22,,Albany Law School,1974,Qualified,https://www.courtlistener.com/person/962/richard-k-eaton/,,,,false,,,false,,,false,Phase-2 sweep; FJC + CourtListener.
3077,Timothy C. Stanceu,Stanceu,cit,CIT0103,senior,false,George W. Bush,Republican,2003-01-07,2003-03-06,2003-03-10,2021-04-05,,Georgetown University Law Center,1979,Qualified,https://www.courtlistener.com/person/3077/timothy-c-stanceu/,,,,false,,,false,,,false,Phase-2 sweep; FJC + CourtListener.
1246,Leo Maury Gordon,Gordon,cit,CIT0403,senior,false,George W. Bush,Republican,2005-11-10,2006-03-13,2006-03-16,2019-03-22,,Emory University School of Law,1977,Well Qualified,https://www.courtlistener.com/person/1246/leo-maury-gordon/,,,,false,,,false,,,false,Phase-2 sweep; FJC + CourtListener.
181,Mark Allen Barnett,Barnett,cit,CIT0704,active,true,Barack Obama,Democratic,2013-01-04,2013-05-23,2013-05-28,,,University of Michigan Law School,1988,Well Qualified,https://www.courtlistener.com/person/181/mark-allen-barnett/,https://upload.wikimedia.org/wikipedia/commons/thumb/c/c5/Mark_A_Barnett.png/330px-Mark_A_Barnett.png?utm_source=commons.wikimedia.org&utm_campaign=imageinfo&utm_content=thumbnail,https://commons.wikimedia.org/wiki/File:Mark_A_Barnett.png,Public domain,false,,,false,,,false,Phase-2 sweep; FJC + CourtListener.
1736,Claire Rita Kelly,Kelly,cit,CIT0803,active,false,Barack Obama,Democratic,2013-01-04,2013-05-23,2013-05-28,,,Brooklyn Law School,1993,Well Qualified,https://www.courtlistener.com/person/1736/claire-rita-kelly/,https://upload.wikimedia.org/wikipedia/commons/thumb/b/b2/Claire_Kelly_%28Judge%29_%28cropped%29.jpg/330px-Claire_Kelly_%28Judge%29_%28cropped%29.jpg?utm_source=commons.wikimedia.org&utm_campaign=imageinfo&utm_content=thumbnail,https://commons.wikimedia.org/wiki/File:Claire_Kelly_(Judge)_(cropped).jpg,Public domain,false,,,false,,,false,Phase-2 sweep; FJC + CourtListener.
8531,Jennifer Choe Groves,Groves,cit,CIT0303,active,false,Barack Obama,Democratic,2015-07-30,2016-06-06,2016-06-08,,,Rutgers School of Law -- Newark,1994,Qualified,https://www.courtlistener.com/person/8531/jennifer-choe-groves/,https://upload.wikimedia.org/wikipedia/commons/f/f5/Jennifer_Choe_Groves_Photo.jpg?utm_source=commons.wikimedia.org&utm_campaign=imageinfo&utm_content=thumbnail_unscaled,https://commons.wikimedia.org/wiki/File:Jennifer_Choe_Groves_Photo.jpg,CC BY-SA 4.0 — credit: CDKang,false,,,false,,,false,Phase-2 sweep; FJC + CourtListener.
8532,Gary S. Katzmann,Katzmann,cit,CIT0603,active,false,Barack Obama,Democratic,2015-07-30,2016-06-06,2016-09-15,,,Yale Law School,1979,Well Qualified,https://www.courtlistener.com/person/8532/gary-s-katzmann/,https://upload.wikimedia.org/wikipedia/commons/thumb/3/35/Judge_Gary_Stephen_Katzmann.png/330px-Judge_Gary_Stephen_Katzmann.png?utm_source=commons.wikimedia.org&utm_campaign=imageinfo&utm_content=thumbnail,https://commons.wikimedia.org/wiki/File:Judge_Gary_Stephen_Katzmann.png,Public domain,false,,,false,,,false,Phase-2 sweep; FJC + CourtListener.
14441,Timothy Mark Reif,Reif,cit,CIT0204,active,false,Donald J. Trump,Republican,2019-01-23,2019-08-01,2019-08-08,,,Columbia Law School,1985,Well Qualified,https://www.courtlistener.com/person/14441/timothy-m-reif/,https://upload.wikimedia.org/wikipedia/commons/thumb/0/0b/Timothy_Reif_%28Judge%29_%28cropped%29.jpg/330px-Timothy_Reif_%28Judge%29_%28cropped%29.jpg?utm_source=commons.wikimedia.org&utm_campaign=imageinfo&utm_content=thumbnail,https://commons.wikimedia.org/wiki/File:Timothy_Reif_(Judge)_(cropped).jpg,Public domain,false,,,false,,,false,Phase-2 sweep; FJC + CourtListener.
,M. Miller Baker,Baker,cit,CIT0503,active,false,Donald J. Trump,Republican,2019-01-23,2019-08-01,2019-12-18,,,Tulane University Law School,1984,Qualified,,https://upload.wikimedia.org/wikipedia/commons/thumb/f/f6/M_Miller_Baker.png/330px-M_Miller_Baker.png?utm_source=commons.wikimedia.org&utm_campaign=imageinfo&utm_content=thumbnail,https://commons.wikimedia.org/wiki/File:M_Miller_Baker.png,Public domain,true,member,https://en.wikipedia.org/w/index.php?title=M._Miller_Baker&oldid=1350782276,false,,,false,Phase-2 sweep; FJC + CourtListener.
,Lisa Wen-Jia Wang,Wang,cit,CIT0404,active,false,Joseph R. Biden,Democratic,2024-01-08,2024-02-01,2024-02-07,,,Georgetown University Law Center,2006,Well Qualified,,"https://upload.wikimedia.org/wikipedia/commons/9/9b/Lisa_Wang,_Assistant_Secretary_of_Commerce_official.jpg","https://commons.wikimedia.org/wiki/File:Lisa_Wang,_Assistant_Secretary_of_Commerce_official.jpg","Public domain — official portrait, U.S. Department of Commerce (prior role as Assistant Secretary), 17 U.S.C. §105",false,,,false,,,false,Phase-2 sweep; FJC + CourtListener.
,Joseph A. Laroski Jr.,Laroski,cit,CIT0104,active,false,Joseph R. Biden,Democratic,2024-01-08,2024-02-05,2024-02-14,,,Fordham University School of Law,1997,Qualified,,"https://upload.wikimedia.org/wikipedia/commons/d/de/Joseph_A._Laroski,_Jr.jpg","https://commons.wikimedia.org/wiki/File:Joseph_A._Laroski,_Jr.jpg",Public domain — credit: U.S. Senate Judiciary Committee,false,,,false,,,false,Phase-2 sweep; FJC + CourtListener.
1698,John L. Kane Jr.,Kane,cod,COD0203,senior,false,Jimmy Carter,Democratic,1977-11-02,1977-12-15,1977-12-16,1988-04-08,,University of Denver College of Law (now Sturm College of Law),1960,Well Qualified,https://www.courtlistener.com/person/1698/john-l-kane-jr/,https://upload.wikimedia.org/wikipedia/commons/thumb/1/13/John_L._Kane_%28cropped%29.jpg/330px-John_L._Kane_%28cropped%29.jpg?utm_source=commons.wikimedia.org&utm_campaign=imageinfo&utm_content=thumbnail,https://commons.wikimedia.org/wiki/File:John_L._Kane_(cropped).jpg,Public domain,false,,,false,,,false,Phase-2 sweep; FJC + CourtListener.
145,Lewis Thornton Babcock,Babcock,cod,COD0204,senior,false,Ronald Reagan,Republican,1988-06-23,1988-10-14,1988-10-17,2008-04-04,,University of Denver College of Law (now Sturm College of Law),1968,Well Qualified,https://www.courtlistener.com/person/145/lewis-thornton-babcock/,https://upload.wikimedia.org/wikipedia/commons/thumb/8/82/Lewis_T_Babcock.png/330px-Lewis_T_Babcock.png?utm_source=commons.wikimedia.org&utm_campaign=imageinfo&utm_content=thumbnail,https://commons.wikimedia.org/wiki/File:Lewis_T_Babcock.png,Public domain,false,,,false,,,false,Phase-2 sweep; FJC + CourtListener.
1826,Marcia S. Krieger,Krieger,cod,COD0404,senior,false,George W. Bush,Republican,2001-09-10,2002-01-25,2002-01-30,2019-03-03,,University of Colorado Law School,1979,Well Qualified,https://www.courtlistener.com/person/1826/marcia-s-krieger/,https://upload.wikimedia.org/wikipedia/commons/thumb/3/38/Marcia_Krieger_%28cropped%29.jpg/330px-Marcia_Krieger_%28cropped%29.jpg?utm_source=commons.wikimedia.org&utm_campaign=imageinfo&utm_content=thumbnail,https://commons.wikimedia.org/wiki/File:Marcia_Krieger_(cropped).jpg,Public domain,false,,,false,,,false,Phase-2 sweep; FJC + CourtListener.
294,Robert E. Blackburn,Blackburn,cod,COD0502,senior,false,George W. Bush,Republican,2001-09-10,2002-02-26,2002-03-06,2016-04-12,,University of Colorado Law School,1974,Well Qualified,https://www.courtlistener.com/person/294/robert-e-blackburn/,,,,false,,,false,,,false,Phase-2 sweep; FJC + CourtListener.
391,Philip A. Brimmer,Brimmer,cod,COD0205,active,false,George W. Bush,Republican,2008-07-10,2008-09-26,2008-10-14,,,Yale Law School,1985,Well Qualified,https://www.courtlistener.com/person/391/philip-a-brimmer/,https://upload.wikimedia.org/wikipedia/commons/thumb/f/f1/Philip_A_Brimmer.png/330px-Philip_A_Brimmer.png?utm_source=commons.wikimedia.org&utm_campaign=imageinfo&utm_content=thumbnail,https://commons.wikimedia.org/wiki/File:Philip_A_Brimmer.png,Public domain,false,,,false,,,false,Phase-2 sweep; FJC + CourtListener.
123,Christine M. Arguello,Arguello,cod,COD0603,senior,false,George W. Bush,Republican,2008-07-10,2008-09-26,2008-10-21,2022-07-15,,Harvard Law School,1980,Qualified,https://www.courtlistener.com/person/123/christine-m-arguello/,https://upload.wikimedia.org/wikipedia/commons/thumb/6/61/Christine_M_Arguello.png/330px-Christine_M_Arguello.png?utm_source=commons.wikimedia.org&utm_campaign=imageinfo&utm_content=thumbnail,https://commons.wikimedia.org/wiki/File:Christine_M_Arguello.png,Public domain,false,,,false,,,false,Phase-2 sweep; FJC + CourtListener.
2068,William Joseph Martinez,Martinez,cod,COD0702,senior,false,Barack Obama,Democratic,2010-02-24,2010-12-21,2010-12-21,2023-02-10,,University of Chicago Law School,1980,Qualified,https://www.courtlistener.com/person/2068/william-joseph-martinez/,,,,false,,,false,,,false,Phase-2 sweep; FJC + CourtListener.
1611,Richard Brooke Jackson,Jackson,cod,COD0108,senior,false,Barack Obama,Democratic,2011-01-05,2011-08-02,2011-09-01,2021-09-30,,Harvard Law School,1972,Well Qualified,https://www.courtlistener.com/person/1611/richard-brooke-jackson/,,,,false,,,false,,,false,Phase-2 sweep; FJC + CourtListener.
2300,Raymond Paul Moore,Moore,cod,COD0304,senior,false,Barack Obama,Democratic,2013-01-04,2013-03-23,2013-03-26,2023-06-20,,Yale Law School,1978,Well Qualified,https://www.courtlistener.com/person/2300/raymond-paul-moore/,https://upload.wikimedia.org/wikipedia/commons/thumb/6/6c/Raymond_Moore_%28Judge%29.jpg/330px-Raymond_Moore_%28Judge%29.jpg?utm_source=commons.wikimedia.org&utm_campaign=imageinfo&utm_content=thumbnail,https://commons.wikimedia.org/wiki/File:Raymond_Moore_(Judge).jpg,Public domain,false,,,false,,,false,Phase-2 sweep; FJC + CourtListener.
8568,Daniel Desmond Domenico,Domenico,cod,COD0503,active,true,Donald J. Trump,Republican,2019-01-23,2019-04-09,2019-05-07,,,University of Virginia School of Law,2000,Qualified,https://www.courtlistener.com/person/8568/daniel-desmond-domenico/,https://upload.wikimedia.org/wikipedia/commons/thumb/2/2c/Daniel_Domenico_%28Judge%29_%28cropped%29.jpg/330px-Daniel_Domenico_%28Judge%29_%28cropped%29.jpg?utm_source=commons.wikimedia.org&utm_campaign=imageinfo&utm_content=thumbnail,https://commons.wikimedia.org/wiki/File:Daniel_Domenico_(Judge)_(cropped).jpg,Public domain,true,member,https://en.wikipedia.org/w/index.php?title=Daniel_D._Domenico&oldid=1365836451,false,,,false,Phase-2 sweep; FJC + CourtListener.
,Regina Marie Rodriguez,Rodriguez,cod,COD0405,active,false,Joseph R. Biden,Democratic,2021-04-19,2021-06-08,2021-07-01,,,University of Colorado Law School,1988,Well Qualified,,https://upload.wikimedia.org/wikipedia/commons/thumb/d/d4/Judge_Regina_Rodriguez.png/330px-Judge_Regina_Rodriguez.png?utm_source=commons.wikimedia.org&utm_campaign=imageinfo&utm_content=thumbnail,https://commons.wikimedia.org/wiki/File:Judge_Regina_Rodriguez.png,Public domain,false,,,false,,,false,Phase-2 sweep; FJC + CourtListener.
,Charlotte Noelle Sweeney,Sweeney,cod,COD0109,active,false,Joseph R. Biden,Democratic,2022-01-03,2022-05-25,2022-07-18,,,University of Denver College of Law (now Sturm College of Law),1995,Well Qualified,,https://upload.wikimedia.org/wikipedia/commons/thumb/3/35/Charlotte_Sweeney_profile_2.jpg/330px-Charlotte_Sweeney_profile_2.jpg?utm_source=commons.wikimedia.org&utm_campaign=imageinfo&utm_content=thumbnail,https://commons.wikimedia.org/wiki/File:Charlotte_Sweeney_profile_2.jpg,CC BY-SA 4.0 — credit: Noot Noots,false,,,false,,,false,Phase-2 sweep; FJC + CourtListener.
9123,Nina Nin-Yuen Wang,Wang,cod,COD0604,active,false,Joseph R. Biden,Democratic,2022-01-19,2022-07-19,2022-07-22,,,Harvard Law School,1997,Well Qualified,https://www.courtlistener.com/person/9123/nina-y-wang/,https://upload.wikimedia.org/wikipedia/commons/thumb/6/6d/Nina_Yuen_Wang_%28Judge%29_%28cropped%29.jpg/330px-Nina_Yuen_Wang_%28Judge%29_%28cropped%29.jpg?utm_source=commons.wikimedia.org&utm_campaign=imageinfo&utm_content=thumbnail,https://commons.wikimedia.org/wiki/File:Nina_Yuen_Wang_(Judge)_(cropped).jpg,Public domain,false,,,false,,,false,Phase-2 sweep; FJC + CourtListener.
9117,Gordon Paul Gallagher,Gallagher,cod,COD0703,active,false,Joseph R. Biden,Democratic,2023-01-23,2023-03-22,2023-03-24,,,University of Denver College of Law (now Sturm College of Law),1996,Well Qualified,https://www.courtlistener.com/person/9117/gordon-p-gallagher/,https://upload.wikimedia.org/wikipedia/commons/thumb/0/0e/Gordon_Gallagher_%28cropped%29.jpg/330px-Gordon_Gallagher_%28cropped%29.jpg?utm_source=commons.wikimedia.org&utm_campaign=imageinfo&utm_content=thumbnail,https://commons.wikimedia.org/wiki/File:Gordon_Gallagher_(cropped).jpg,Public domain,false,,,false,,,false,Phase-2 sweep; FJC + CourtListener.
,S. Kato Crews,Crews,cod,COD0305,active,false,Joseph R. Biden,Democratic,2023-02-27,2024-01-10,2024-01-12,,,University of Arizona James E. Rogers College of Law,2000,Well Qualified,,https://upload.wikimedia.org/wikipedia/commons/6/6f/S._Kato_Crews.jpg,https://commons.wikimedia.org/wiki/File:S._Kato_Crews.jpg,Public domain (PD-USGov) — credit: U.S. Senate Judiciary Committee,false,,,false,,,false,Phase-2 sweep; FJC + CourtListener.
595,Robert N. Chatigny,Chatigny,ctd,CTD0502,senior,false,William J. Clinton,Democratic,1994-08-05,1994-09-28,1994-09-29,2016-12-31,,Georgetown University Law Center,1978,Well Qualified,https://www.courtlistener.com/person/595/robert-n-chatigny/,https://upload.wikimedia.org/wikipedia/commons/4/40/Robert_N_Chatigny.png?utm_source=commons.wikimedia.org&utm_campaign=imageinfo&utm_content=thumbnail_unscaled,https://commons.wikimedia.org/wiki/File:Robert_N_Chatigny.png,Public domain,false,,,false,,,false,Phase-2 sweep; FJC + CourtListener.
3209,Alvin W. Thompson,Thompson,ctd,CTD0303,senior,false,William J. Clinton,Democratic,1994-09-14,1994-10-07,1994-10-11,2018-08-31,,Yale Law School,1978,Qualified,https://www.courtlistener.com/person/3209/alvin-w-thompson/,,,,false,,,false,,,false,Phase-2 sweep; FJC + CourtListener.
133,Janet Bond Arterton,Arterton,ctd,CTD0115,senior,false,William J. Clinton,Democratic,1995-01-23,1995-03-24,1995-03-24,2014-07-01,,Northeastern University School of Law,1977,Well Qualified,https://www.courtlistener.com/person/133/janet-bond-arterton/,https://upload.wikimedia.org/wikipedia/commons/5/52/Janet_Bond_Arterton.png?utm_source=commons.wikimedia.org&utm_campaign=imageinfo&utm_content=thumbnail_unscaled,https://commons.wikimedia.org/wiki/File:Janet_Bond_Arterton.png,Public domain,false,,,false,,,false,Phase-2 sweep; FJC + CourtListener.
1330,Janet C. Hall,Hall,ctd,CTD0206,senior,false,William J. Clinton,Democratic,1997-06-05,1997-09-11,1997-09-18,2021-01-21,,New York University School of Law,1973,Well Qualified,https://www.courtlistener.com/person/1330/janet-c-hall/,https://upload.wikimedia.org/wikipedia/commons/f/f9/Janet_Hall_District_Judge.jpg?utm_source=commons.wikimedia.org&utm_campaign=imageinfo&utm_content=thumbnail_unscaled,https://commons.wikimedia.org/wiki/File:Janet_Hall_District_Judge.jpg,Public domain,false,,,false,,,false,Phase-2 sweep; FJC + CourtListener.
3285,Stefan R. Underhill,Underhill,ctd,CTD0403,senior,false,William J. Clinton,Democratic,1999-01-26,1999-06-30,1999-07-07,2022-11-01,,Yale Law School,1984,Well Qualified,https://www.courtlistener.com/person/3285/stefan-r-underhill/,,,,false,,,false,,,false,Phase-2 sweep; FJC + CourtListener.
445,Vanessa Lynne Bryant,Bryant,ctd,CTD0802,senior,false,George W. Bush,Republican,2007-01-09,2007-03-28,2007-04-02,2021-02-01,,University of Connecticut School of Law,1978,Qualified,https://www.courtlistener.com/person/445/vanessa-lynne-bryant/,https://upload.wikimedia.org/wikipedia/commons/thumb/9/95/Vanessa_Lynne_Bryant.JPG/330px-Vanessa_Lynne_Bryant.JPG?utm_source=commons.wikimedia.org&utm_campaign=imageinfo&utm_content=thumbnail,https://commons.wikimedia.org/wiki/File:Vanessa_Lynne_Bryant.JPG,Public domain,false,,,false,,,false,Phase-2 sweep; FJC + CourtListener.
2937,Michael P. Shea,Shea,ctd,CTD0603,active,true,Barack Obama,Democratic,2012-02-02,2012-12-05,2012-12-07,,,Yale Law School,1993,Qualified,https://www.courtlistener.com/person/2937/michael-peter-shea/,https://upload.wikimedia.org/wikipedia/commons/thumb/5/5f/Michael_Shea_%28Judge%29.jpg/330px-Michael_Shea_%28Judge%29.jpg?utm_source=commons.wikimedia.org&utm_campaign=imageinfo&utm_content=thumbnail,https://commons.wikimedia.org/wiki/File:Michael_Shea_(Judge).jpg,Public domain,false,,,false,,,false,Phase-2 sweep; FJC + CourtListener.
320,Victor Allen Bolden,Bolden,ctd,CTD0116,active,false,Barack Obama,Democratic,2014-06-16,2014-11-20,2014-11-21,,,Harvard Law School,1989,Well Qualified,https://www.courtlistener.com/person/320/victor-allen-bolden/,https://upload.wikimedia.org/wikipedia/commons/thumb/c/cc/Victor_Bolden.jpg/330px-Victor_Bolden.jpg?utm_source=commons.wikimedia.org&utm_campaign=imageinfo&utm_content=thumbnail,https://commons.wikimedia.org/wiki/File:Victor_Bolden.jpg,Public domain,false,,,false,,,false,Phase-2 sweep; FJC + CourtListener.
8570,Kari Anne Dooley,Dooley,ctd,CTD0503,active,false,Donald J. Trump,Republican,2017-12-20,2018-09-06,2018-09-13,,,University of Connecticut School of Law,1988,Well Qualified,https://www.courtlistener.com/person/8570/kari-anne-dooley/,https://upload.wikimedia.org/wikipedia/commons/thumb/f/fa/Kari_Dooley_%28Judge%29_%28cropped%29.jpg/330px-Kari_Dooley_%28Judge%29_%28cropped%29.jpg?utm_source=commons.wikimedia.org&utm_campaign=imageinfo&utm_content=thumbnail,https://commons.wikimedia.org/wiki/File:Kari_Dooley_(Judge)_(cropped).jpg,Public domain,false,,,false,,,false,Phase-2 sweep; FJC + CourtListener.
,Sarala Vidya Nagala,Nagala,ctd,CTD0803,active,false,Joseph R. Biden,Democratic,2021-06-15,2021-10-27,2021-11-02,,,"University of California, Berkeley, School of Law",2008,Well Qualified,,https://upload.wikimedia.org/wikipedia/commons/thumb/6/65/Judge_Sarala_Nagala.png/330px-Judge_Sarala_Nagala.png?utm_source=commons.wikimedia.org&utm_campaign=imageinfo&utm_content=thumbnail,https://commons.wikimedia.org/wiki/File:Judge_Sarala_Nagala.png,Public domain,false,,,false,,,false,Phase-2 sweep; FJC + CourtListener.
,Omar Antonio Williams,Williams,ctd,CTD0304,active,false,Joseph R. Biden,Democratic,2021-06-15,2021-10-28,2021-11-12,,,University of Connecticut School of Law,2002,Well Qualified,,https://upload.wikimedia.org/wikipedia/commons/thumb/0/04/Judge_Omar_Williams.png/330px-Judge_Omar_Williams.png?utm_source=commons.wikimedia.org&utm_campaign=imageinfo&utm_content=thumbnail,https://commons.wikimedia.org/wiki/File:Judge_Omar_Williams.png,Public domain,false,,,false,,,false,Phase-2 sweep; FJC + CourtListener.
,Vernon Dion Oliver,Oliver,ctd,CTD0404,active,false,Joseph R. Biden,Democratic,2023-05-04,2023-09-19,2023-10-18,,,University of Connecticut School of Law,1997,Well Qualified,,https://upload.wikimedia.org/wikipedia/commons/thumb/b/b3/Vernon_D._Oliver.jpg/330px-Vernon_D._Oliver.jpg?utm_source=commons.wikimedia.org&utm_campaign=imageinfo&utm_content=thumbnail,https://commons.wikimedia.org/wiki/File:Vernon_D._Oliver.jpg,Public domain,false,,,false,,,false,Phase-2 sweep; FJC + CourtListener.
,Sarah French Russell,Russell,ctd,CTD0208,active,false,Joseph R. Biden,Democratic,2024-01-08,2024-11-19,2024-11-26,,,Yale Law School,2002,Well Qualified,,https://upload.wikimedia.org/wikipedia/commons/a/a4/Sarah_French_Russell.jpg,https://commons.wikimedia.org/wiki/File:Sarah_French_Russell.jpg,Public domain (PD-USGov-Congress) — credit: U.S. Senate Judiciary Committee,false,,,false,,,false,Phase-2 sweep; FJC + CourtListener.
1484,Thomas Francis Hogan,Hogan,dcd,DCD0904,senior,false,Ronald Reagan,Republican,1982-08-10,1982-08-20,1982-08-20,2008-05-01,,Georgetown University Law Center,1966,Qualified,https://www.courtlistener.com/person/1484/thomas-francis-hogan/,https://upload.wikimedia.org/wikipedia/commons/thumb/d/de/Thomas_F._Hogan%2C_U.S._District_Court_Judge.png/330px-Thomas_F._Hogan%2C_U.S._District_Court_Judge.png?utm_source=commons.wikimedia.org&utm_campaign=imageinfo&utm_content=thumbnail,"https://commons.wikimedia.org/wiki/File:Thomas_F._Hogan,_U.S._District_Court_Judge.png",Public domain,false,,,false,,,false,Phase-2 sweep; FJC + CourtListener.
1844,Royce C. Lamberth,Lamberth,dcd,DCD0608,senior,false,Ronald Reagan,Republican,1987-03-19,1987-11-13,1987-11-16,2013-07-15,,University of Texas School of Law,1967,Qualified,https://www.courtlistener.com/person/1844/royce-c-lamberth/,https://upload.wikimedia.org/wikipedia/commons/f/ff/Royce_Lamberth_Official_Photo_2009.jpg?utm_source=commons.wikimedia.org&utm_campaign=imageinfo&utm_content=thumbnail_unscaled,https://commons.wikimedia.org/wiki/File:Royce_Lamberth_Official_Photo_2009.jpg,Public domain,false,,,false,,,false,Phase-2 sweep; FJC + CourtListener.
1124,Paul L. Friedman,Friedman,dcd,DCD1204,senior,false,William J. Clinton,Democratic,1994-03-22,1994-06-15,1994-06-16,2009-12-31,,State University of New York at Buffalo Law School,1968,Well Qualified,https://www.courtlistener.com/person/1124/paul-l-friedman/,https://upload.wikimedia.org/wikipedia/commons/4/4f/US_District_Court_Judge_Paul_L._Friedman.jpg?utm_source=commons.wikimedia.org&utm_campaign=imageinfo&utm_content=thumbnail_unscaled,https://commons.wikimedia.org/wiki/File:US_District_Court_Judge_Paul_L._Friedman.jpg,Public domain,false,,,false,,,false,Phase-2 sweep; FJC + CourtListener.
3133,Emmet G. Sullivan,Sullivan,dcd,DCD0510,senior,false,William J. Clinton,Democratic,1994-03-22,1994-06-15,1994-06-16,2021-04-03,,Howard University School of Law,1971,Well Qualified,https://www.courtlistener.com/person/3133/emmet-g-sullivan/,https://upload.wikimedia.org/wikipedia/commons/thumb/c/c1/Emmet_G._Sullivan_2012.jpg/330px-Emmet_G._Sullivan_2012.jpg?utm_source=commons.wikimedia.org&utm_campaign=imageinfo&utm_content=thumbnail,https://commons.wikimedia.org/wiki/File:Emmet_G._Sullivan_2012.jpg,Public domain,false,,,false,,,false,Phase-2 sweep; FJC + CourtListener.
1810,Colleen Kollar-Kotelly,Kollar-Kotelly,dcd,DCD0805,senior,false,William J. Clinton,Democratic,1997-01-07,1997-03-20,1997-03-26,2023-02-21,,"Catholic University of America, Columbus School of Law",1968,Well Qualified,https://www.courtlistener.com/person/1810/colleen-kollar-kotelly/,https://upload.wikimedia.org/wikipedia/commons/0/08/Kotelly.jpg?utm_source=commons.wikimedia.org&utm_campaign=imageinfo&utm_content=thumbnail_unscaled,https://commons.wikimedia.org/wiki/File:Kotelly.jpg,Public domain,false,,,false,,,false,Phase-2 sweep; FJC + CourtListener.
1750,Henry Harold Kennedy Jr.,Kennedy,dcd,DCD1404,senior,false,William J. Clinton,Democratic,1997-05-15,1997-09-04,1997-09-18,2011-11-18,,Harvard Law School,1973,Well Qualified,https://www.courtlistener.com/person/1750/henry-harold-kennedy-jr/,https://upload.wikimedia.org/wikipedia/commons/3/3e/Henry_H._Kennedy%2C_Jr.jpg?utm_source=commons.wikimedia.org&utm_campaign=imageinfo&utm_content=thumbnail_unscaled,"https://commons.wikimedia.org/wiki/File:Henry_H._Kennedy,_Jr.jpg",Public domain,false,,,false,,,false,Phase-2 sweep; FJC + CourtListener.
2740,Richard W. Roberts,Roberts,dcd,DCD0308,senior,false,William J. Clinton,Democratic,1998-01-27,1998-06-05,1998-06-23,2016-03-16,,Columbia Law School,1978,Qualified,https://www.courtlistener.com/person/2740/richard-w-roberts/,https://upload.wikimedia.org/wikipedia/commons/5/51/Richard_W._Roberts.jpg?utm_source=commons.wikimedia.org&utm_campaign=imageinfo&utm_content=thumbnail_unscaled,https://commons.wikimedia.org/wiki/File:Richard_W._Roberts.jpg,Public domain,false,,,false,,,false,Phase-2 sweep; FJC + CourtListener.
3362,Reggie B. Walton,Walton,dcd,DCD1504,senior,false,George W. Bush,Republican,2001-09-04,2001-09-21,2001-09-24,2015-12-31,,"American University, Washington College of Law",1974,Well Qualified,https://www.courtlistener.com/person/3362/reggie-b-walton/,https://upload.wikimedia.org/wikipedia/commons/6/69/Judge-walton-pic.jpg?utm_source=commons.wikimedia.org&utm_campaign=imageinfo&utm_content=thumbnail_unscaled,https://commons.wikimedia.org/wiki/File:Judge-walton-pic.jpg,Public domain,false,,,false,,,false,Phase-2 sweep; FJC + CourtListener.
201,John D. Bates,Bates,dcd,DCD1105,senior,false,George W. Bush,Republican,2001-09-04,2001-12-11,2001-12-14,2014-10-12,,University of Maryland School of Law (now Francis King Carey School of Law),1976,Well Qualified,https://www.courtlistener.com/person/201/john-d-bates/,https://upload.wikimedia.org/wikipedia/commons/thumb/9/9b/John_D._Bates%2C_U.S._District_Court_Judge.png/330px-John_D._Bates%2C_U.S._District_Court_Judge.png?utm_source=commons.wikimedia.org&utm_campaign=imageinfo&utm_content=thumbnail,"https://commons.wikimedia.org/wiki/File:John_D._Bates,_U.S._District_Court_Judge.png",Public domain,false,,,false,,,false,Phase-2 sweep; FJC + CourtListener.
1911,Richard J. Leon,Leon,dcd,DCD1604,senior,false,George W. Bush,Republican,2001-09-10,2002-02-14,2002-02-19,2016-12-31,,Suffolk University Law School,1974,Well Qualified,https://www.courtlistener.com/person/1911/richard-j-leon/,https://upload.wikimedia.org/wikipedia/commons/7/79/Richard_J._Leon.jpg?utm_source=commons.wikimedia.org&utm_campaign=imageinfo&utm_content=thumbnail_unscaled,https://commons.wikimedia.org/wiki/File:Richard_J._Leon.jpg,Public domain,false,,,false,,,false,Phase-2 sweep; FJC + CourtListener.
1536,Beryl Alaine Howell,Howell,dcd,DCD1205,senior,false,Barack Obama,Democratic,2010-07-14,2010-12-22,2010-12-27,2024-02-01,,Columbia Law School,1983,Well Qualified,https://www.courtlistener.com/person/1536/beryl-alaine-howell/,https://upload.wikimedia.org/wikipedia/commons/e/e4/JudgeBerylAHowell.jpg?utm_source=commons.wikimedia.org&utm_campaign=imageinfo&utm_content=thumbnail_unscaled,https://commons.wikimedia.org/wiki/File:JudgeBerylAHowell.jpg,Public domain,false,,,false,,,false,Phase-2 sweep; FJC + CourtListener.
313,James Emanuel Boasberg,Boasberg,dcd,DCD0905,active,true,Barack Obama,Democratic,2011-01-05,2011-03-14,2011-03-17,,,Yale Law School,1990,Well Qualified,https://www.courtlistener.com/person/313/james-emanuel-boasberg/,https://upload.wikimedia.org/wikipedia/commons/1/1e/James_Boasberg_District_Judge.jpg?utm_source=commons.wikimedia.org&utm_campaign=imageinfo&utm_content=thumbnail_unscaled,https://commons.wikimedia.org/wiki/File:James_Boasberg_District_Judge.jpg,Public domain,false,,,false,,,false,Phase-2 sweep; FJC + CourtListener.
1602,Amy Berman Jackson,Jackson,dcd,DCD1006,senior,false,Barack Obama,Democratic,2011-01-05,2011-03-17,2011-03-18,2023-05-01,,Harvard Law School,1979,Well Qualified,https://www.courtlistener.com/person/1602/amy-berman-jackson/,https://upload.wikimedia.org/wikipedia/commons/4/4c/Amy_Berman_Jackson.jpg?utm_source=commons.wikimedia.org&utm_campaign=imageinfo&utm_content=thumbnail_unscaled,https://commons.wikimedia.org/wiki/File:Amy_Berman_Jackson.jpg,Public domain,false,,,false,,,false,Phase-2 sweep; FJC + CourtListener.
710,Rudolph Contreras,Contreras,dcd,DCD0410,active,false,Barack Obama,Democratic,2011-07-28,2012-03-22,2012-03-23,,,University of Pennsylvania Law School (now Carey Law School),1991,Qualified,https://www.courtlistener.com/person/710/rudolph-contreras/,https://upload.wikimedia.org/wikipedia/commons/2/28/Rudolph_Contreras.jpg?utm_source=commons.wikimedia.org&utm_campaign=imageinfo&utm_content=thumbnail_unscaled,https://commons.wikimedia.org/wiki/File:Rudolph_Contreras.jpg,Public domain,false,,,false,,,false,Phase-2 sweep; FJC + CourtListener.
719,Christopher Reid Cooper,Cooper,dcd,DCD0609,active,false,Barack Obama,Democratic,2014-01-06,2014-03-26,2014-03-28,,,Stanford Law School,1993,Well Qualified,https://www.courtlistener.com/person/719/christopher-reid-cooper/,https://upload.wikimedia.org/wikipedia/commons/3/3b/JudgeChristopherCooper.jpg?utm_source=commons.wikimedia.org&utm_campaign=imageinfo&utm_content=thumbnail_unscaled,https://commons.wikimedia.org/wiki/File:JudgeChristopherCooper.jpg,Public domain,false,,,false,,,false,Phase-2 sweep; FJC + CourtListener.
620,Tanya Sue Chutkan,Chutkan,dcd,DCD1701,active,false,Barack Obama,Democratic,2014-01-06,2014-06-04,2014-06-05,,,University of Pennsylvania Law School (now Carey Law School),1987,Qualified,https://www.courtlistener.com/person/620/tanya-sue-chutkan/,https://upload.wikimedia.org/wikipedia/commons/thumb/4/47/Tanya_Chutkan%2C_U.S._District_Court_Judge.jpg/330px-Tanya_Chutkan%2C_U.S._District_Court_Judge.jpg?utm_source=commons.wikimedia.org&utm_campaign=imageinfo&utm_content=thumbnail,"https://commons.wikimedia.org/wiki/File:Tanya_Chutkan,_U.S._District_Court_Judge.jpg",Public domain,false,,,false,,,false,Phase-2 sweep; FJC + CourtListener.
2334,Randolph Daniel Moss,Moss,dcd,DCD1307,active,false,Barack Obama,Democratic,2014-04-03,2014-11-13,2014-11-14,,,Yale Law School,1986,Well Qualified,https://www.courtlistener.com/person/2334/randolph-daniel-moss/,https://upload.wikimedia.org/wikipedia/commons/thumb/c/c0/Randolph_Moss_%28cropped%29.jpg/330px-Randolph_Moss_%28cropped%29.jpg?utm_source=commons.wikimedia.org&utm_campaign=imageinfo&utm_content=thumbnail,https://commons.wikimedia.org/wiki/File:Randolph_Moss_(cropped).jpg,Public domain,false,,,false,,,false,Phase-2 sweep; FJC + CourtListener.
2209,Amit Priyavadan Mehta,Mehta,dcd,DCD0707,active,false,Barack Obama,Democratic,2014-07-31,2014-12-16,2014-12-19,,,University of Virginia School of Law,1997,Qualified,https://www.courtlistener.com/person/2209/amit-priyavadan-mehta/,https://upload.wikimedia.org/wikipedia/commons/c/c0/JudgeMehta102715_crop.jpg?utm_source=commons.wikimedia.org&utm_campaign=imageinfo&utm_content=thumbnail_unscaled,https://commons.wikimedia.org/wiki/File:JudgeMehta102715_crop.jpg,Public domain,false,,,false,,,false,Phase-2 sweep; FJC + CourtListener.
8589,Timothy James Kelly,Kelly,dcd,DCD0212,active,false,Donald J. Trump,Republican,2017-06-07,2017-09-05,2017-09-08,,,Georgetown University Law Center,1997,Well Qualified,https://www.courtlistener.com/person/8589/timothy-james-kelly/,https://upload.wikimedia.org/wikipedia/commons/thumb/0/07/Timothy_Kelly_%28Judge%29_%28cropped%29.jpg/330px-Timothy_Kelly_%28Judge%29_%28cropped%29.jpg?utm_source=commons.wikimedia.org&utm_campaign=imageinfo&utm_content=thumbnail,https://commons.wikimedia.org/wiki/File:Timothy_Kelly_(Judge)_(cropped).jpg,Public domain,true,member,https://en.wikipedia.org/w/index.php?title=Timothy_J._Kelly&oldid=1363705961,false,,,false,Phase-2 sweep; FJC + CourtListener.
8602,Trevor Neil McFadden,McFadden,dcd,DCD1605,active,false,Donald J. Trump,Republican,2017-06-07,2017-10-30,2017-10-31,,,University of Virginia School of Law,2006,Qualified,https://www.courtlistener.com/person/8602/trevor-neil-mcfadden/,https://upload.wikimedia.org/wikipedia/commons/thumb/9/95/Trevor_N._McFadden%2C_U.S._District_Court_Judge.jpg/330px-Trevor_N._McFadden%2C_U.S._District_Court_Judge.jpg?utm_source=commons.wikimedia.org&utm_campaign=imageinfo&utm_content=thumbnail,"https://commons.wikimedia.org/wiki/File:Trevor_N._McFadden,_U.S._District_Court_Judge.jpg",Public domain,true,member,https://en.wikipedia.org/w/index.php?title=Trevor_N._McFadden&oldid=1361240828,false,,,false,Phase-2 sweep; FJC + CourtListener.
8575,Dabney Langhorne Friedrich,Friedrich,dcd,DCD1505,active,false,Donald J. Trump,Republican,2017-06-07,2017-11-27,2017-12-01,,,Yale Law School,1992,Well Qualified,https://www.courtlistener.com/person/8575/dabney-langhorne-friedrich/,https://upload.wikimedia.org/wikipedia/commons/9/99/Dabney_Friedrich.jpg?utm_source=commons.wikimedia.org&utm_campaign=imageinfo&utm_content=thumbnail_unscaled,https://commons.wikimedia.org/wiki/File:Dabney_Friedrich.jpg,Public domain,false,,,false,,,false,Phase-2 sweep; FJC + CourtListener.
8611,Carl John Nichols,Nichols,dcd,DCD0309,active,false,Donald J. Trump,Republican,2019-01-23,2019-05-22,2019-06-25,,,University of Chicago Law School,1996,Well Qualified,https://www.courtlistener.com/person/8611/carl-john-nichols/,https://upload.wikimedia.org/wikipedia/commons/thumb/f/f1/NicholsPic.jpg/330px-NicholsPic.jpg?utm_source=commons.wikimedia.org&utm_campaign=imageinfo&utm_content=thumbnail,https://commons.wikimedia.org/wiki/File:NicholsPic.jpg,Public domain,true,member,https://en.wikipedia.org/w/index.php?title=Carl_J._Nichols&oldid=1364335145,false,,,false,Phase-2 sweep; FJC + CourtListener.
,Jia Michelle Cobb,Cobb,dcd,DCD0511,active,false,Joseph R. Biden,Democratic,2021-06-15,2021-10-26,2021-11-12,,,Harvard Law School,2005,Well Qualified,,https://upload.wikimedia.org/wikipedia/commons/thumb/b/b7/JiaCobb.jpg/330px-JiaCobb.jpg?utm_source=commons.wikimedia.org&utm_campaign=imageinfo&utm_content=thumbnail,https://commons.wikimedia.org/wiki/File:JiaCobb.jpg,CC0,false,,,false,,,false,Phase-2 sweep; FJC + CourtListener.
,Ana Cecilia Reyes,Reyes,dcd,DCD0806,active,false,Joseph R. Biden,Democratic,2023-01-03,2023-02-15,2023-02-21,,,Harvard Law School,2000,Well Qualified,,https://upload.wikimedia.org/wikipedia/commons/6/66/Ana_C._Reyes%2C_U.S._District_Court_Judge.jpg?utm_source=commons.wikimedia.org&utm_campaign=imageinfo&utm_content=thumbnail_unscaled,"https://commons.wikimedia.org/wiki/File:Ana_C._Reyes,_U.S._District_Court_Judge.jpg",Public domain,false,,,false,,,false,Phase-2 sweep; FJC + CourtListener.
,Loren Linn AliKhan,AliKhan,dcd,DCD1007,active,false,Joseph R. Biden,Democratic,2023-05-04,2023-12-05,2023-12-13,,,Georgetown University Law Center,2006,Well Qualified,,https://upload.wikimedia.org/wikipedia/commons/thumb/0/0b/Loren_AliKhan_%28cropped%29.jpg/330px-Loren_AliKhan_%28cropped%29.jpg?utm_source=commons.wikimedia.org&utm_campaign=imageinfo&utm_content=thumbnail,https://commons.wikimedia.org/wiki/File:Loren_AliKhan_(cropped).jpg,Public domain,false,,,false,,,false,Phase-2 sweep; FJC + CourtListener.
,Amir Hatem Mahdy Ali,Ali,dcd,DCD1206,active,false,Joseph R. Biden,Democratic,2024-02-01,2024-11-20,2024-11-22,,,Harvard Law School,2011,Well Qualified,,https://upload.wikimedia.org/wikipedia/commons/d/dc/United_States_District_Court_Judge_for_the_District_of_Columbia_Amir_Ali_(cropped).jpg,https://commons.wikimedia.org/wiki/File:United_States_District_Court_Judge_for_the_District_of_Columbia_Amir_Ali_(cropped).jpg,Public domain (PD-USGov) — credit: U.S. District Court for the District of Columbia,false,,,false,,,false,Phase-2 sweep; FJC + CourtListener.
,Sparkle Leah Sooknanan,Sooknanan,dcd,DCD1407,active,false,Joseph R. Biden,Democratic,2024-02-27,2024-12-03,2025-01-02,,,Brooklyn Law School,2010,Well Qualified,,https://upload.wikimedia.org/wikipedia/commons/b/bb/Judge_Sparkle_Sooknanan_(cropped).jpg,https://commons.wikimedia.org/wiki/File:Judge_Sparkle_Sooknanan_(cropped).jpg,Public domain (PD-USGov) — credit: U.S. District Court for the District of Columbia,false,,,false,,,false,Phase-2 sweep; FJC + CourtListener.
1961,Joseph J. Longobardi,Longobardi,ded,DED0204,senior,false,Ronald Reagan,Republican,1984-04-04,1984-04-24,1984-05-03,1997-06-15,,Temple University School of Law (now James E. Beasley School of Law),1957,Qualified,https://www.courtlistener.com/person/1961/joseph-j-longobardi/,,,,false,,,false,,,false,Phase-2 sweep; FJC + CourtListener.
113,Richard Gibson Andrews,Andrews,ded,DED0402,senior,false,Barack Obama,Democratic,2011-05-11,2011-11-03,2011-11-07,2023-12-31,,"University of California, Berkeley, School of Law",1981,Well Qualified,https://www.courtlistener.com/person/113/richard-gibson-andrews/,https://upload.wikimedia.org/wikipedia/commons/thumb/1/13/Richard_G_Andrews.png/330px-Richard_G_Andrews.png?utm_source=commons.wikimedia.org&utm_campaign=imageinfo&utm_content=thumbnail,https://commons.wikimedia.org/wiki/File:Richard_G_Andrews.png,Public domain,false,,,false,,,false,Phase-2 sweep; FJC + CourtListener.
8565,Colm Felix Connolly,Connolly,ded,DED0114,active,true,Donald J. Trump,Republican,2017-12-20,2018-08-01,2018-08-03,,,Duke University School of Law,1991,Well Qualified,https://www.courtlistener.com/person/8565/colm-felix-connolly/,https://upload.wikimedia.org/wikipedia/commons/9/9e/JudgeColmFConnolly_%28cropped%29.jpg?utm_source=commons.wikimedia.org&utm_campaign=imageinfo&utm_content=thumbnail_unscaled,https://commons.wikimedia.org/wiki/File:JudgeColmFConnolly_(cropped).jpg,Public domain,false,,,false,,,false,Phase-2 sweep; FJC + CourtListener.
8613,Maryellen Noreika,Noreika,ded,DED0206,active,false,Donald J. Trump,Republican,2017-12-20,2018-08-01,2018-08-09,,,University of Pittsburgh School of Law,1993,Qualified,https://www.courtlistener.com/person/8613/maryellen-noreika/,https://upload.wikimedia.org/wikipedia/commons/thumb/6/6b/JudgeMaryellenNoreika.jpg/330px-JudgeMaryellenNoreika.jpg?utm_source=commons.wikimedia.org&utm_campaign=imageinfo&utm_content=thumbnail,https://commons.wikimedia.org/wiki/File:JudgeMaryellenNoreika.jpg,Public domain,false,,,false,,,false,Phase-2 sweep; FJC + CourtListener.
,Gregory Brian Williams,Williams,ded,DED0306,active,false,Joseph R. Biden,Democratic,2022-04-25,2022-07-20,2022-09-01,,,Villanova University School of Law,1995,Well Qualified,,https://upload.wikimedia.org/wikipedia/commons/thumb/4/43/Gregory_B._Williams_%28Judge%29_%28cropped%29.jpg/330px-Gregory_B._Williams_%28Judge%29_%28cropped%29.jpg?utm_source=commons.wikimedia.org&utm_campaign=imageinfo&utm_content=thumbnail,https://commons.wikimedia.org/wiki/File:Gregory_B._Williams_(Judge)_(cropped).jpg,Public domain,false,,,false,,,false,Phase-2 sweep; FJC + CourtListener.
9138,Jennifer Lynne Hall,Hall,ded,DED0403,active,false,Joseph R. Biden,Democratic,2023-07-11,2023-10-17,2024-01-04,,,University of Pennsylvania Law School (now Carey Law School),2006,Well Qualified,https://www.courtlistener.com/person/9138/jennifer-l-hall/,https://upload.wikimedia.org/wikipedia/commons/thumb/7/74/Jennifer_L._Hall%2C_U.S._Magistrate_Judge.jpg/330px-Jennifer_L._Hall%2C_U.S._Magistrate_Judge.jpg?utm_source=commons.wikimedia.org&utm_campaign=imageinfo&utm_content=thumbnail,"https://commons.wikimedia.org/wiki/File:Jennifer_L._Hall,_U.S._Magistrate_Judge.jpg",Public domain,false,,,false,,,false,Phase-2 sweep; FJC + CourtListener.
1816,Elizabeth Anne Kovachevich,Kovachevich,flmd,FLMD0402,senior,false,Ronald Reagan,Republican,1982-01-26,1982-03-04,1982-03-09,2018-12-14,,Stetson University College of Law,1961,Qualified,https://www.courtlistener.com/person/1816/elizabeth-anne-kovachevich/,,,,false,,,false,,,false,Phase-2 sweep; FJC + CourtListener.
1034,Patricia C. Fawsett,Fawsett,flmd,FLMD0303,senior,false,Ronald Reagan,Republican,1986-04-09,1986-06-06,1986-06-09,2008-08-25,,University of Florida College of Law (now Fredric G. Levin College of Law),1973,Well Qualified,https://www.courtlistener.com/person/1034/patricia-c-fawsett/,,,,false,,,false,,,false,Phase-2 sweep; FJC + CourtListener.
2862,Harvey Erwin Schlesinger,Schlesinger,flmd,FLMD0603,senior,false,George H.W. Bush,Republican,1991-05-23,1991-06-27,1991-07-02,2006-06-05,,University of Richmond T.C. Williams School of Law (now University of Richmond School of Law),1965,Well Qualified,https://www.courtlistener.com/person/2862/harvey-erwin-schlesinger/,,,,false,,,false,,,false,Phase-2 sweep; FJC + CourtListener.
711,Anne C. Conway,Conway,flmd,FLMD0503,senior,false,George H.W. Bush,Republican,1991-07-24,1991-11-21,1991-11-25,2015-08-01,,University of Florida College of Law (now Fredric G. Levin College of Law),1975,Qualified,https://www.courtlistener.com/person/711/anne-c-conway/,,,,false,,,false,,,false,Phase-2 sweep; FJC + CourtListener.
2227,Steven Douglas Merryday,Merryday,flmd,FLMD1101,senior,false,George H.W. Bush,Republican,1991-09-23,1992-02-06,1992-02-10,2025-08-31,,University of Florida College of Law (now Fredric G. Levin College of Law),1975,Qualified,https://www.courtlistener.com/person/2227/steven-douglas-merryday/,,,,false,,,false,,,false,Phase-2 sweep; FJC + CourtListener.
57,Henry Lee Adams Jr.,Adams,flmd,FLMD0702,senior,false,William J. Clinton,Democratic,1993-10-29,1993-11-20,1993-11-24,2010-04-08,,Howard University School of Law,1969,Qualified,https://www.courtlistener.com/person/57/henry-lee-adams-jr/,https://upload.wikimedia.org/wikipedia/commons/thumb/f/f7/Henry_L._Adams_Jr._judicial_painting.jpg/330px-Henry_L._Adams_Jr._judicial_painting.jpg?utm_source=commons.wikimedia.org&utm_campaign=imageinfo&utm_content=thumbnail,https://commons.wikimedia.org/wiki/File:Henry_L._Adams_Jr._judicial_painting.jpg,Public domain,false,,,false,,,false,Phase-2 sweep; FJC + CourtListener.
451,Susan C. Bucklew,Bucklew,flmd,FLMD0802,senior,false,William J. Clinton,Democratic,1993-10-29,1993-11-20,1993-11-24,2008-08-01,,Stetson University College of Law,1977,Qualified,https://www.courtlistener.com/person/451/susan-c-bucklew/,https://upload.wikimedia.org/wikipedia/commons/thumb/d/d4/Susan_C_Bucklew.jpg/330px-Susan_C_Bucklew.jpg?utm_source=commons.wikimedia.org&utm_campaign=imageinfo&utm_content=thumbnail,https://commons.wikimedia.org/wiki/File:Susan_C_Bucklew.jpg,Public domain,false,,,false,,,false,Phase-2 sweep; FJC + CourtListener.
1878,Richard A. Lazzara,Lazzara,flmd,FLMD0902,senior,false,William J. Clinton,Democratic,1997-01-07,1997-09-26,1997-09-29,2011-12-17,,University of Florida College of Law (now Fredric G. Levin College of Law),1970,Well Qualified,https://www.courtlistener.com/person/1878/richard-a-lazzara/,,,,false,,,false,,,false,Phase-2 sweep; FJC + CourtListener.
3459,James D. Whittemore,Whittemore,flmd,FLMD0203,senior,false,William J. Clinton,Democratic,1999-10-20,2000-05-24,2000-05-25,2017-08-29,,Stetson University College of Law,1977,Well Qualified,https://www.courtlistener.com/person/3459/james-d-whittemore/,https://upload.wikimedia.org/wikipedia/commons/b/bc/James_D._Whittemore.jpg?utm_source=commons.wikimedia.org&utm_campaign=imageinfo&utm_content=thumbnail_unscaled,https://commons.wikimedia.org/wiki/File:James_D._Whittemore.jpg,Public domain,false,,,false,,,false,Phase-2 sweep; FJC + CourtListener.
116,John Antoon II,Antoon,flmd,FLMD0104,senior,false,William J. Clinton,Democratic,2000-02-09,2000-05-24,2000-05-31,2013-06-03,,Florida State University College of Law,1971,Well Qualified,https://www.courtlistener.com/person/116/john-antoon-ii/,https://upload.wikimedia.org/wikipedia/commons/3/34/James_Antoon_II.jpg?utm_source=commons.wikimedia.org&utm_campaign=imageinfo&utm_content=thumbnail_unscaled,https://commons.wikimedia.org/wiki/File:James_Antoon_II.jpg,Public domain,false,,,false,,,false,Phase-2 sweep; FJC + CourtListener.
3092,John E. Steele,Steele,flmd,FLMD1201,senior,false,William J. Clinton,Democratic,2000-06-06,2000-07-21,2000-07-26,2015-06-03,,University of Detroit Law School (now University of Detroit Mercy School of Law),1973,Well Qualified,https://www.courtlistener.com/person/3092/john-e-steele/,https://upload.wikimedia.org/wikipedia/commons/thumb/d/d9/John_E._Steele.webp/330px-John_E._Steele.webp.png?utm_source=commons.wikimedia.org&utm_campaign=imageinfo&utm_content=thumbnail,https://commons.wikimedia.org/wiki/File:John_E._Steele.webp,Public domain,false,,,false,,,false,Phase-2 sweep; FJC + CourtListener.
2288,James S. Moody Jr.,Moody,flmd,FLMD1301,senior,false,William J. Clinton,Democratic,2000-06-08,2000-07-21,2000-07-28,2014-03-31,,University of Florida College of Law (now Fredric G. Levin College of Law),1972,Well Qualified,https://www.courtlistener.com/person/2288/james-s-moody-jr/,,,,false,,,false,,,false,Phase-2 sweep; FJC + CourtListener.
2624,Gregory A. Presnell,Presnell,flmd,FLMD1401,senior,false,William J. Clinton,Democratic,2000-06-08,2000-07-21,2000-07-31,2012-04-01,,University of Florida College of Law (now Fredric G. Levin College of Law),1966,Well Qualified,https://www.courtlistener.com/person/2624/gregory-a-presnell/,,,,false,,,false,,,false,Phase-2 sweep; FJC + CourtListener.
729,Timothy J. Corrigan,Corrigan,flmd,FLMD1501,senior,false,George W. Bush,Republican,2002-05-22,2002-09-12,2002-09-13,2024-11-02,,Duke University School of Law,1981,Well Qualified,https://www.courtlistener.com/person/729/timothy-j-corrigan/,https://upload.wikimedia.org/wikipedia/commons/thumb/0/05/Timothy_Corrigan_%28cropped%29.jpg/330px-Timothy_Corrigan_%28cropped%29.jpg?utm_source=commons.wikimedia.org&utm_campaign=imageinfo&utm_content=thumbnail,https://commons.wikimedia.org/wiki/File:Timothy_Corrigan_(cropped).jpg,Public domain,false,,,false,,,false,Phase-2 sweep; FJC + CourtListener.
738,Virginia Maria Hernandez Covington,Covington,flmd,FLMD1002,senior,false,George W. Bush,Republican,2004-04-20,2004-09-07,2004-09-10,2020-07-12,,Georgetown University Law Center,1980,Well Qualified,https://www.courtlistener.com/person/738/virginia-maria-hernandez-covington/,,,,false,,,false,,,false,Phase-2 sweep; FJC + CourtListener.
1533,Marcia Morales Howard,Howard,flmd,FLMD0604,active,true,George W. Bush,Republican,2007-01-09,2007-02-15,2007-02-20,,,University of Florida College of Law (now Fredric G. Levin College of Law),1990,Well Qualified,https://www.courtlistener.com/person/1533/marcia-morales-howard/,https://upload.wikimedia.org/wikipedia/commons/thumb/b/b0/Marcia_Morales_Howard_%28cropped%29.jpg/330px-Marcia_Morales_Howard_%28cropped%29.jpg?utm_source=commons.wikimedia.org&utm_campaign=imageinfo&utm_content=thumbnail,https://commons.wikimedia.org/wiki/File:Marcia_Morales_Howard_(cropped).jpg,Public domain,false,,,false,,,false,Phase-2 sweep; FJC + CourtListener.
2891,Mary Stenson Scriven,Scriven,flmd,FLMD0304,active,false,George W. Bush,Republican,2008-07-10,2008-09-26,2008-09-30,,,Florida State University College of Law,1987,Well Qualified,https://www.courtlistener.com/person/2891/mary-stenson-scriven/,https://upload.wikimedia.org/wikipedia/commons/9/9b/Mary_Scriven_%28cropped%29.jpg?utm_source=commons.wikimedia.org&utm_campaign=imageinfo&utm_content=thumbnail_unscaled,https://commons.wikimedia.org/wiki/File:Mary_Scriven_(cropped).jpg,Public domain,false,,,false,,,false,Phase-2 sweep; FJC + CourtListener.
1508,Charlene Vanessa Edwards Honeywell,Honeywell,flmd,FLMD0803,senior,false,Barack Obama,Democratic,2009-06-25,2009-11-09,2009-11-12,2023-12-04,,University of Florida College of Law (now Fredric G. Levin College of Law),1981,Well Qualified,https://www.courtlistener.com/person/1508/charlene-vanessa-edwards-honeywell/,https://upload.wikimedia.org/wikipedia/commons/thumb/d/de/Charlene_Edwards_Honeywell.jpg/330px-Charlene_Edwards_Honeywell.jpg?utm_source=commons.wikimedia.org&utm_campaign=imageinfo&utm_content=thumbnail,https://commons.wikimedia.org/wiki/File:Charlene_Edwards_Honeywell.jpg,Public domain,false,,,false,,,false,Phase-2 sweep; FJC + CourtListener.
786,Roy Bale Dalton Jr.,Dalton,flmd,FLMD0703,senior,false,Barack Obama,Democratic,2011-01-05,2011-05-02,2011-05-03,2022-07-09,,University of Florida College of Law (now Fredric G. Levin College of Law),1976,Well Qualified,https://www.courtlistener.com/person/786/roy-bale-dalton-jr/,,,,false,,,false,,,false,Phase-2 sweep; FJC + CourtListener.
589,Sheri Polster Chappell,Chappell,flmd,FLMD1402,active,false,Barack Obama,Democratic,2013-01-04,2013-05-20,2013-05-22,,,Nova University (now Nova Southeastern University) Shepard Broad Law Center,1987,Qualified,https://www.courtlistener.com/person/589/sheri-polster-chappell/,https://upload.wikimedia.org/wikipedia/commons/thumb/6/62/Sherri_Chappell.png/330px-Sherri_Chappell.png?utm_source=commons.wikimedia.org&utm_campaign=imageinfo&utm_content=thumbnail,https://commons.wikimedia.org/wiki/File:Sherri_Chappell.png,Public domain,false,,,false,,,false,Phase-2 sweep; FJC + CourtListener.
810,Brian Jordan Davis,Davis,flmd,FLMD0903,senior,false,Barack Obama,Democratic,2013-01-04,2013-12-20,2013-12-26,2023-12-30,,University of Florida College of Law (now Fredric G. Levin College of Law),1980,Well Qualified,https://www.courtlistener.com/person/810/brian-jordan-davis/,https://upload.wikimedia.org/wikipedia/commons/thumb/4/43/Brian_Davis_%28Judge%29.jpg/330px-Brian_Davis_%28Judge%29.jpg?utm_source=commons.wikimedia.org&utm_campaign=imageinfo&utm_content=thumbnail,https://commons.wikimedia.org/wiki/File:Brian_Davis_(Judge).jpg,Public domain,false,,,false,,,false,Phase-2 sweep; FJC + CourtListener.
495,Paul Gregory Byron,Byron,flmd,FLMD1302,active,false,Barack Obama,Democratic,2014-02-06,2014-06-24,2014-06-24,,,"Louisiana State University, Paul M. Hebert Law Center",1986,Qualified,https://www.courtlistener.com/person/495/paul-gregory-byron/,https://upload.wikimedia.org/wikipedia/commons/thumb/9/91/Paul_G_Byron.png/330px-Paul_G_Byron.png?utm_source=commons.wikimedia.org&utm_campaign=imageinfo&utm_content=thumbnail,https://commons.wikimedia.org/wiki/File:Paul_G_Byron.png,Public domain,false,,,false,,,false,Phase-2 sweep; FJC + CourtListener.
2217,Carlos Eduardo Mendoza,Mendoza,flmd,FLMD0105,active,false,Barack Obama,Democratic,2014-02-06,2014-06-24,2014-06-27,,,West Virginia University College of Law,1997,Qualified,https://www.courtlistener.com/person/2217/carlos-eduardo-mendoza/,https://upload.wikimedia.org/wikipedia/commons/5/57/Carlos_E._Mendoza-portrait.jpg?utm_source=commons.wikimedia.org&utm_campaign=imageinfo&utm_content=thumbnail_unscaled,https://commons.wikimedia.org/wiki/File:Carlos_E._Mendoza-portrait.jpg,Public domain,false,,,false,,,false,Phase-2 sweep; FJC + CourtListener.
8586,William Frederic Jung,Jung,flmd,FLMD0504,active,false,Donald J. Trump,Republican,2017-12-21,2018-09-06,2018-09-10,,,University of Illinois College of Law,1983,Well Qualified,https://www.courtlistener.com/person/8586/william-frederic-jung/,https://upload.wikimedia.org/wikipedia/commons/thumb/8/83/William_F._Jung_%28Judge%29_%28cropped%29.jpg/330px-William_F._Jung_%28Judge%29_%28cropped%29.jpg?utm_source=commons.wikimedia.org&utm_campaign=imageinfo&utm_content=thumbnail,https://commons.wikimedia.org/wiki/File:William_F._Jung_(Judge)_(cropped).jpg,Public domain,false,,,false,,,false,Phase-2 sweep; FJC + CourtListener.
8540,Thomas Patrick Barber,Barber,flmd,FLMD0204,active,false,Donald J. Trump,Republican,2019-01-23,2019-06-12,2019-07-11,,,University of Pennsylvania Law School (now Carey Law School),1992,Well Qualified,https://www.courtlistener.com/person/8540/thomas-patrick-barber/,https://upload.wikimedia.org/wikipedia/commons/c/c7/Thomas_Barber.jpg?utm_source=commons.wikimedia.org&utm_campaign=imageinfo&utm_content=thumbnail_unscaled,https://commons.wikimedia.org/wiki/File:Thomas_Barber.jpg,Public domain,false,,,false,,,false,Phase-2 sweep; FJC + CourtListener.
,Wendy Williams Berger,Berger,flmd,FLMD1202,active,false,Donald J. Trump,Republican,2019-01-23,2019-07-24,2019-07-29,,,Florida State University College of Law,1992,Qualified,,https://upload.wikimedia.org/wikipedia/commons/a/ad/Judge_Wendy_W._Berger.jpg?utm_source=commons.wikimedia.org&utm_campaign=imageinfo&utm_content=thumbnail_unscaled,https://commons.wikimedia.org/wiki/File:Judge_Wendy_W._Berger.jpg,Public domain,false,,,false,,,false,Phase-2 sweep; FJC + CourtListener.
15318,John Leonard Badalamenti,Badalamenti,flmd,FLMD0403,active,false,Donald J. Trump,Republican,2020-02-04,2020-06-01,2020-06-04,,,University of Florida Fredric G. Levin College of Law,1999,Well Qualified,https://www.courtlistener.com/person/15318/john-leonard-badalamenti/,https://upload.wikimedia.org/wikipedia/commons/8/8b/Judge_John_L._Badalamenti.jpg?utm_source=commons.wikimedia.org&utm_campaign=imageinfo&utm_content=thumbnail_unscaled,https://commons.wikimedia.org/wiki/File:Judge_John_L._Badalamenti.jpg,Public domain,true,member,https://en.wikipedia.org/w/index.php?title=John_Badalamenti&oldid=1359576424,false,,,false,Phase-2 sweep; FJC + CourtListener.
,Kathryn Kimball Mizelle,Mizelle,flmd,FLMD1003,active,false,Donald J. Trump,Republican,2020-09-08,2020-11-18,2020-11-20,,,University of Florida Fredric G. Levin College of Law,2012,Not Qualified,,https://upload.wikimedia.org/wikipedia/commons/thumb/6/6f/Kathryn_Kimball_Mizelle_Portrait.jpg/330px-Kathryn_Kimball_Mizelle_Portrait.jpg?utm_source=commons.wikimedia.org&utm_campaign=imageinfo&utm_content=thumbnail,https://commons.wikimedia.org/wiki/File:Kathryn_Kimball_Mizelle_Portrait.jpg,Public domain,true,member,https://en.wikipedia.org/w/index.php?title=Kathryn_Kimball_Mizelle&oldid=1359708237,false,,,false,Phase-2 sweep; FJC + CourtListener.
9158,Julie Simone Sneed,Sneed,flmd,FLMD0704,active,false,Joseph R. Biden,Democratic,2024-01-08,2024-02-28,2024-03-04,,,Florida State University College of Law,1994,Well Qualified,https://www.courtlistener.com/person/9158/julie-sneed/,https://upload.wikimedia.org/wikipedia/commons/6/6b/Julie_Simone_Sneed_cropped.png,https://commons.wikimedia.org/wiki/File:Julie_Simone_Sneed_cropped.png,CC BY-SA 4.0 — credit: U.S. Senate Judiciary Committee,false,,,false,,,false,Phase-2 sweep; FJC + CourtListener.
,Kyle Christopher Dudek,Dudek,flmd,FLMD0804,active,false,Donald J. Trump,Republican,2025-06-16,2025-09-09,2025-09-11,,,George Mason University School of Law (now Antonin Scalia Law School),2010,Qualified,,https://upload.wikimedia.org/wikipedia/commons/thumb/e/e5/Kyle_C._Dudek.png/330px-Kyle_C._Dudek.png?utm_source=commons.wikimedia.org&utm_campaign=imageinfo&utm_content=thumbnail,https://commons.wikimedia.org/wiki/File:Kyle_C._Dudek.png,Public domain,false,,,false,,,false,Phase-2 sweep; FJC + CourtListener.
,Anne-Leigh Gaylord Moe,Moe,flmd,FLMD0904,active,false,Donald J. Trump,Republican,2025-06-16,2025-10-21,2025-10-24,,,Arizona State University College of Law (now Sandra Day O’Connor College of Law),2005,Qualified,,https://upload.wikimedia.org/wikipedia/commons/thumb/8/87/Anne-Leigh_Moe.png/330px-Anne-Leigh_Moe.png?utm_source=commons.wikimedia.org&utm_campaign=imageinfo&utm_content=thumbnail,https://commons.wikimedia.org/wiki/File:Anne-Leigh_Moe.png,Public domain,false,,,false,,,false,Phase-2 sweep; FJC + CourtListener.
,Jordan Emery Pratt,Pratt,flmd,FLMD1102,active,false,Donald J. Trump,Republican,2025-06-16,2025-10-28,2025-11-03,,,University of Florida Fredric G. Levin College of Law,2012,,,https://upload.wikimedia.org/wikipedia/commons/thumb/f/fd/Jordan_Pratt.png/330px-Jordan_Pratt.png?utm_source=commons.wikimedia.org&utm_campaign=imageinfo&utm_content=thumbnail,https://commons.wikimedia.org/wiki/File:Jordan_Pratt.png,Public domain,false,,,false,,,false,Phase-2 sweep; FJC + CourtListener.
680,Lacey A. Collier,Collier,flnd,FLND0601,senior,false,George H.W. Bush,Republican,1991-07-24,1991-11-15,1991-11-18,2003-11-20,,Florida State University College of Law,1977,Well Qualified,https://www.courtlistener.com/person/680/lacey-a-collier/,,,,false,,,false,,,false,Phase-2 sweep; FJC + CourtListener.
1468,Robert Lewis Hinkle,Hinkle,flnd,FLND0206,senior,false,William J. Clinton,Democratic,1996-06-06,1996-07-25,1996-08-01,2016-11-07,,Harvard Law School,1976,Well Qualified,https://www.courtlistener.com/person/1468/robert-lewis-hinkle/,,,,false,,,false,,,false,Phase-2 sweep; FJC + CourtListener.
2755,Margaret Catharine Rodgers,Rodgers,flnd,FLND0602,active,false,George W. Bush,Republican,2003-07-14,2003-10-20,2003-11-21,,,California Western School of Law,1992,Well Qualified,https://www.courtlistener.com/person/2755/margaret-catharine-rodgers/,https://upload.wikimedia.org/wikipedia/commons/thumb/7/76/Casey_Rodgers_%28cropped%29.jpg/330px-Casey_Rodgers_%28cropped%29.jpg?utm_source=commons.wikimedia.org&utm_campaign=imageinfo&utm_content=thumbnail,https://commons.wikimedia.org/wiki/File:Casey_Rodgers_(cropped).jpg,Public domain,false,,,false,,,false,Phase-2 sweep; FJC + CourtListener.
3346,Mark Eaton Walker,Walker,flnd,FLND0404,active,false,Barack Obama,Democratic,2012-02-16,2012-12-06,2012-12-07,,,University of Florida College of Law (now Fredric G. Levin College of Law),1992,Well Qualified,https://www.courtlistener.com/person/3346/mark-eaton-walker/,https://upload.wikimedia.org/wikipedia/commons/thumb/2/24/Mark_E._Walker.jpg/330px-Mark_E._Walker.jpg?utm_source=commons.wikimedia.org&utm_campaign=imageinfo&utm_content=thumbnail,https://commons.wikimedia.org/wiki/File:Mark_E._Walker.jpg,Public domain,false,,,false,,,false,Phase-2 sweep; FJC + CourtListener.
8651,Allen Cothrel Winsor,Winsor,flnd,FLND0207,active,true,Donald J. Trump,Republican,2019-01-23,2019-06-19,2019-06-21,,,University of Florida Fredric G. Levin College of Law,2002,Well Qualified,https://www.courtlistener.com/person/8651/allen-cothrel-winsor/,https://upload.wikimedia.org/wikipedia/commons/thumb/e/ee/Allen_Winsor_%28cropped%29.jpg/330px-Allen_Winsor_%28cropped%29.jpg?utm_source=commons.wikimedia.org&utm_campaign=imageinfo&utm_content=thumbnail,https://commons.wikimedia.org/wiki/File:Allen_Winsor_(cropped).jpg,Public domain,true,member,https://en.wikipedia.org/w/index.php?title=Allen_Winsor&oldid=1363375298,false,,,false,Phase-2 sweep; FJC + CourtListener.
,T. Kent Wetherell II,Wetherell,flnd,FLND0504,active,false,Donald J. Trump,Republican,2019-01-23,2019-07-10,2019-07-12,,,Florida State University College of Law,1995,Well Qualified,,https://upload.wikimedia.org/wikipedia/commons/9/9b/Judge_T._Kent_Wetherell_II.jpg?utm_source=commons.wikimedia.org&utm_campaign=imageinfo&utm_content=thumbnail_unscaled,https://commons.wikimedia.org/wiki/File:Judge_T._Kent_Wetherell_II.jpg,Public domain,false,,,false,,,false,Phase-2 sweep; FJC + CourtListener.
1235,Jose Alejandro Gonzalez Jr.,Gonzalez,flsd,FLSD0902,senior,false,Jimmy Carter,Democratic,1978-07-06,1978-07-26,1978-07-28,1996-11-30,,University of Florida College of Law (now Fredric G. Levin College of Law),1957,Well Qualified,https://www.courtlistener.com/person/1235/jose-alejandro-gonzalez-jr/,,,,false,,,false,,,false,Phase-2 sweep; FJC + CourtListener.
3600,William J. Zloch,Zloch,flsd,FLSD2101,senior,false,Ronald Reagan,Republican,1985-10-09,1985-11-01,1985-11-04,2017-01-31,,Notre Dame Law School,1974,Qualified,https://www.courtlistener.com/person/3600/william-j-zloch/,,,,false,,,false,,,false,Phase-2 sweep; FJC + CourtListener.
2306,Federico A. Moreno,Moreno,flsd,FLSD1802,senior,false,George H.W. Bush,Republican,1990-06-05,1990-07-13,1990-07-16,2020-07-17,,University of Miami School of Law,1978,Qualified,https://www.courtlistener.com/person/2306/federico-a-moreno/,,,,false,,,false,,,false,Phase-2 sweep; FJC + CourtListener.
1258,Donald L. Graham,Graham,flsd,FLSD0704,senior,false,George H.W. Bush,Republican,1991-06-17,1991-09-12,1991-09-16,2013-12-15,,Ohio State University College of Law (now Michael E. Moritz College of Law),1974,Qualified,https://www.courtlistener.com/person/1258/donald-l-graham/,,,,false,,,false,,,false,Phase-2 sweep; FJC + CourtListener.
2297,Kevin Michael Moore,Moore,flsd,FLSD1602,active,false,George H.W. Bush,Republican,1991-10-04,1992-02-06,1992-02-10,,,Fordham University School of Law,1976,Qualified,https://www.courtlistener.com/person/2297/kevin-michael-moore/,,,,false,,,false,,,false,Phase-2 sweep; FJC + CourtListener.
1575,Daniel T. K. Hurley,Hurley,flsd,FLSD1402,senior,false,William J. Clinton,Democratic,1993-11-10,1994-03-10,1994-03-11,2009-02-24,,George Washington University Law School,1968,Well Qualified,https://www.courtlistener.com/person/1575/daniel-t-k-hurley/,https://upload.wikimedia.org/wikipedia/commons/b/be/Daniel_T._K._Hurley%2C_U.S._District_Court_Judge.jpg?utm_source=commons.wikimedia.org&utm_campaign=imageinfo&utm_content=thumbnail_unscaled,"https://commons.wikimedia.org/wiki/File:Daniel_T._K._Hurley,_U.S._District_Court_Judge.jpg",Public domain,false,,,false,,,false,Phase-2 sweep; FJC + CourtListener.
1909,Joan A. Lenard,Lenard,flsd,FLSD1302,senior,false,William J. Clinton,Democratic,1995-09-29,1995-12-22,1995-12-26,2017-07-01,,Antioch School of Law (now University of the District of Columbia Clarke School of Law),1976,Qualified,https://www.courtlistener.com/person/1909/joan-a-lenard/,,,,false,,,false,,,false,Phase-2 sweep; FJC + CourtListener.
2240,Donald M. Middlebrooks,Middlebrooks,flsd,FLSD1502,active,false,William J. Clinton,Democratic,1997-01-07,1997-05-23,1997-05-27,,,University of Florida College of Law (now Fredric G. Levin College of Law),1972,Well Qualified,https://www.courtlistener.com/person/2240/donald-m-middlebrooks/,,,,false,,,false,,,false,Phase-2 sweep; FJC + CourtListener.
1225,Alan Stephen Gold,Gold,flsd,FLSD0903,senior,false,William J. Clinton,Democratic,1997-02-12,1997-06-27,1997-07-01,2011-01-10,,Duke University School of Law,1969,Well Qualified,https://www.courtlistener.com/person/1225/alan-stephen-gold/,,,,false,,,false,,,false,Phase-2 sweep; FJC + CourtListener.
881,William P. Dimitrouleas,Dimitrouleas,flsd,FLSD1103,active,false,William J. Clinton,Democratic,1998-01-27,1998-05-14,1998-05-22,,,University of Florida College of Law (now Fredric G. Levin College of Law),1975,Well Qualified,https://www.courtlistener.com/person/881/william-p-dimitrouleas/,,,,false,,,false,,,false,Phase-2 sweep; FJC + CourtListener.
2902,Patricia A. Seitz,Seitz,flsd,FLSD1902,senior,false,William J. Clinton,Democratic,1998-05-22,1998-09-28,1998-10-01,2012-11-16,,Georgetown University Law Center,1973,Qualified,https://www.courtlistener.com/person/2902/patricia-a-seitz/,,,,false,,,false,,,false,Phase-2 sweep; FJC + CourtListener.
1542,Paul C. Huck,Huck,flsd,FLSD0804,senior,false,William J. Clinton,Democratic,2000-05-09,2000-06-30,2000-07-11,2010-08-31,,University of Florida College of Law (now Fredric G. Levin College of Law),1965,Well Qualified,https://www.courtlistener.com/person/1542/paul-c-huck/,https://upload.wikimedia.org/wikipedia/commons/0/05/Paul_C._Huck%2C_U.S._District_Court_Judge.jpg?utm_source=commons.wikimedia.org&utm_campaign=imageinfo&utm_content=thumbnail_unscaled,"https://commons.wikimedia.org/wiki/File:Paul_C._Huck,_U.S._District_Court_Judge.jpg",Public domain,false,,,false,,,false,Phase-2 sweep; FJC + CourtListener.
2044,Kenneth A. Marra,Marra,flsd,FLSD2301,senior,false,George W. Bush,Republican,2002-01-23,2002-09-09,2002-09-13,2017-08-01,,Stetson University College of Law,1977,Well Qualified,https://www.courtlistener.com/person/2044/kenneth-a-marra/,https://upload.wikimedia.org/wikipedia/commons/7/75/Kenneth-marra.png?utm_source=commons.wikimedia.org&utm_campaign=imageinfo&utm_content=thumbnail_unscaled,https://commons.wikimedia.org/wiki/File:Kenneth-marra.png,Public domain,false,,,false,,,false,Phase-2 sweep; FJC + CourtListener.
2065,Jose E. Martinez,Martinez,flsd,FLSD1702,active,false,George W. Bush,Republican,2002-01-23,2002-09-13,2002-09-17,,,University of Miami School of Law,1965,Qualified,https://www.courtlistener.com/person/2065/jose-e-martinez/,,,,false,,,false,,,false,Phase-2 sweep; FJC + CourtListener.
91,Cecilia M. Altonaga,Altonaga,flsd,FLSD2003,active,true,George W. Bush,Republican,2003-01-15,2003-05-06,2003-05-07,,,Yale Law School,1986,Qualified,https://www.courtlistener.com/person/91/cecilia-m-altonaga/,https://upload.wikimedia.org/wikipedia/commons/thumb/3/3c/Cecilia_Altonaga.jpg/330px-Cecilia_Altonaga.jpg?utm_source=commons.wikimedia.org&utm_campaign=imageinfo&utm_content=thumbnail,https://commons.wikimedia.org/wiki/File:Cecilia_Altonaga.jpg,Public domain,false,,,false,,,false,Phase-2 sweep; FJC + CourtListener.
670,James I. Cohn,Cohn,flsd,FLSD2401,senior,false,George W. Bush,Republican,2003-05-01,2003-07-31,2003-08-01,2016-08-05,,"Samford University, Cumberland School of Law",1974,Well Qualified,https://www.courtlistener.com/person/670/james-i-cohn/,,,,false,,,false,,,false,Phase-2 sweep; FJC + CourtListener.
3489,Kathleen Mary Williams,Williams,flsd,FLSD1403,active,false,Barack Obama,Democratic,2011-01-05,2011-08-02,2011-08-04,,,University of Miami School of Law,1982,Well Qualified,https://www.courtlistener.com/person/3489/kathleen-mary-williams/,https://upload.wikimedia.org/wikipedia/commons/thumb/d/d0/Kathleen_M._Williams_%28Judge%29.jpg/330px-Kathleen_M._Williams_%28Judge%29.jpg?utm_source=commons.wikimedia.org&utm_campaign=imageinfo&utm_content=thumbnail,https://commons.wikimedia.org/wiki/File:Kathleen_M._Williams_(Judge).jpg,Public domain,false,,,false,,,false,Phase-2 sweep; FJC + CourtListener.
2885,Robert Nichols Scola Jr.,Scola,flsd,FLSD0805,senior,false,Barack Obama,Democratic,2011-05-04,2011-10-19,2011-10-20,2023-11-01,,Boston College Law School,1980,Well Qualified,https://www.courtlistener.com/person/2885/robert-nichols-scola-jr/,https://upload.wikimedia.org/wikipedia/commons/thumb/5/5a/Robert_Scola_Jr.jpg/330px-Robert_Scola_Jr.jpg?utm_source=commons.wikimedia.org&utm_campaign=imageinfo&utm_content=thumbnail,https://commons.wikimedia.org/wiki/File:Robert_Scola_Jr.jpg,Public domain,false,,,false,,,false,Phase-2 sweep; FJC + CourtListener.
1168,Darrin Phillip Gayles,Gayles,flsd,FLSD1903,active,false,Barack Obama,Democratic,2014-02-06,2014-06-17,2014-06-19,,,George Washington University Law School,1993,Qualified,https://www.courtlistener.com/person/1168/darrin-phillip-gayles/,https://upload.wikimedia.org/wikipedia/commons/thumb/f/f8/Darrin_Gayles_1.jpg/330px-Darrin_Gayles_1.jpg?utm_source=commons.wikimedia.org&utm_campaign=imageinfo&utm_content=thumbnail,https://commons.wikimedia.org/wiki/File:Darrin_Gayles_1.jpg,Public domain,false,,,false,,,false,Phase-2 sweep; FJC + CourtListener.
310,Beth Francine Bloom,Bloom,flsd,FLSD0705,active,false,Barack Obama,Democratic,2014-02-06,2014-06-24,2014-06-25,,,University of Miami School of Law,1988,Qualified,https://www.courtlistener.com/person/310/beth-francine-bloom/,https://upload.wikimedia.org/wikipedia/commons/thumb/1/13/Beth_Bloom.jpg/330px-Beth_Bloom.jpg?utm_source=commons.wikimedia.org&utm_campaign=imageinfo&utm_content=thumbnail,https://commons.wikimedia.org/wiki/File:Beth_Bloom.jpg,Public domain,false,,,false,,,false,Phase-2 sweep; FJC + CourtListener.
2778,Robin Lee Rosenberg,Rosenberg,flsd,FLSD1004,active,false,Barack Obama,Democratic,2014-02-26,2014-07-22,2014-07-24,,,Duke University School of Law,1989,Qualified,https://www.courtlistener.com/person/2778/robin-lee-rosenberg/,https://upload.wikimedia.org/wikipedia/commons/thumb/8/80/Robin_L._Rosenberg_%28Judge%29_%28cropped%29.jpg/330px-Robin_L._Rosenberg_%28Judge%29_%28cropped%29.jpg?utm_source=commons.wikimedia.org&utm_campaign=imageinfo&utm_content=thumbnail,https://commons.wikimedia.org/wiki/File:Robin_L._Rosenberg_(Judge)_(cropped).jpg,Public domain,false,,,false,,,false,Phase-2 sweep; FJC + CourtListener.
8660,Roy Kalman Altman,Altman,flsd,FLSD1303,active,false,Donald J. Trump,Republican,2019-01-23,2019-04-04,2019-04-09,,,Yale Law School,2007,Well Qualified,https://www.courtlistener.com/person/8660/roy-kalman-altman/,https://upload.wikimedia.org/wikipedia/commons/b/b3/Roy_Altman.png?utm_source=commons.wikimedia.org&utm_campaign=imageinfo&utm_content=thumbnail_unscaled,https://commons.wikimedia.org/wiki/File:Roy_Altman.png,Public domain,true,member,https://en.wikipedia.org/w/index.php?title=Roy_Altman&oldid=1370786055,false,,,false,Phase-2 sweep; FJC + CourtListener.
8632,Rodolfo Armando Ruiz II,Ruiz,flsd,FLSD2102,active,false,Donald J. Trump,Republican,2019-01-23,2019-05-02,2019-05-03,,,Georgetown University Law Center,2005,Well Qualified,https://www.courtlistener.com/person/8632/rodolfo-armando-ruiz-ii/,https://upload.wikimedia.org/wikipedia/commons/thumb/1/10/Rodolfo_Armando_Ruiz_II_%28cropped%29.jpg/330px-Rodolfo_Armando_Ruiz_II_%28cropped%29.jpg?utm_source=commons.wikimedia.org&utm_campaign=imageinfo&utm_content=thumbnail,https://commons.wikimedia.org/wiki/File:Rodolfo_Armando_Ruiz_II_(cropped).jpg,Public domain,true,member,https://en.wikipedia.org/w/index.php?title=Rodolfo_Ruiz&oldid=1361433529,false,,,false,Phase-2 sweep; FJC + CourtListener.
8635,Rodney Smith,Smith,flsd,FLSD0905,active,false,Donald J. Trump,Republican,2019-01-23,2019-06-12,2019-06-14,,,Detroit College of Law (now Michigan State University College of Law),1999,Qualified,https://www.courtlistener.com/person/8635/rodney-smith/,https://upload.wikimedia.org/wikipedia/commons/thumb/f/f7/Rodney_Smith_%28Judge%29_%28cropped%29.jpg/330px-Rodney_Smith_%28Judge%29_%28cropped%29.jpg?utm_source=commons.wikimedia.org&utm_campaign=imageinfo&utm_content=thumbnail,https://commons.wikimedia.org/wiki/File:Rodney_Smith_(Judge)_(cropped).jpg,Public domain,false,,,false,,,false,Phase-2 sweep; FJC + CourtListener.
,Anuraag Hari Singhal,Singhal,flsd,FLSD2402,active,false,Donald J. Trump,Republican,2019-09-09,2019-12-19,2019-12-20,,,Wake Forest University School of Law,1989,Well Qualified,,https://upload.wikimedia.org/wikipedia/commons/f/f2/Judge_Anuraag_Singhal.jpg?utm_source=commons.wikimedia.org&utm_campaign=imageinfo&utm_content=thumbnail_unscaled,https://commons.wikimedia.org/wiki/File:Judge_Anuraag_Singhal.jpg,Public domain,true,member,https://en.wikipedia.org/w/index.php?title=Raag_Singhal&oldid=1358935057,false,,,false,Phase-2 sweep; FJC + CourtListener.
,Aileen Mercedes Cannon,Cannon,flsd,FLSD2302,active,false,Donald J. Trump,Republican,2020-05-21,2020-11-12,2020-11-13,,,University of Michigan Law School,2007,Qualified,,https://upload.wikimedia.org/wikipedia/commons/thumb/7/79/Cannon2021_%28004%29.jpg/330px-Cannon2021_%28004%29.jpg?utm_source=commons.wikimedia.org&utm_campaign=imageinfo&utm_content=thumbnail,https://commons.wikimedia.org/wiki/File:Cannon2021_(004).jpg,Public domain,true,member,https://en.wikipedia.org/w/index.php?title=Aileen_Cannon&oldid=1369945054,false,,,false,Phase-2 sweep; FJC + CourtListener.
9168,Jacqueline Becerra,Becerra,flsd,FLSD1205,active,false,Joseph R. Biden,Democratic,2024-01-08,2024-02-27,2024-02-29,,,Yale Law School,1994,Well Qualified,https://www.courtlistener.com/person/9168/jacqueline-becerra/,https://upload.wikimedia.org/wikipedia/commons/6/6d/Jacqueline_Becerra_Cropped.png,https://commons.wikimedia.org/wiki/File:Jacqueline_Becerra_Cropped.png,CC BY-SA 4.0 — credit: U.S. Senate Judiciary Committee,false,,,false,,,false,Phase-2 sweep; FJC + CourtListener.
,David Seymour Leibowitz,Leibowitz,flsd,FLSD1803,active,false,Joseph R. Biden,Democratic,2024-01-08,2024-02-27,2024-03-01,,,University of Pennsylvania Law School (now Carey Law School),2000,Well Qualified,,https://upload.wikimedia.org/wikipedia/commons/1/10/David_Seymour_Leibowitz_cropped.png,https://commons.wikimedia.org/wiki/File:David_Seymour_Leibowitz_cropped.png,CC BY-SA 4.0 — credit: U.S. Senate Judiciary Committee,false,,,false,,,false,Phase-2 sweep; FJC + CourtListener.
,Melissa Damian,Damian,flsd,FLSD2202,active,false,Joseph R. Biden,Democratic,2024-01-08,2024-02-28,2024-03-04,,,University of Miami School of Law,1995,Well Qualified,,https://upload.wikimedia.org/wikipedia/commons/thumb/c/c6/Melissa_Damian_Cropped.png/330px-Melissa_Damian_Cropped.png?utm_source=commons.wikimedia.org&utm_campaign=imageinfo&utm_content=thumbnail,https://commons.wikimedia.org/wiki/File:Melissa_Damian_Cropped.png,CC BY-SA 4.0 — credit: U.S. Senate Judiciary Committee,false,,,false,,,false,Phase-2 sweep; FJC + CourtListener.
,Edward L. Artau,Artau,flsd,FLSD0806,active,false,Donald J. Trump,Republican,2025-06-16,2025-09-08,2025-09-09,,,Georgetown University Law Center,1988,Well Qualified,,https://upload.wikimedia.org/wikipedia/commons/d/df/Edward_L._Artau.png,https://commons.wikimedia.org/wiki/File:Edward_L._Artau.png,Public domain — credit: U.S. Senate Judiciary Committee,false,,,false,,,false,Phase-2 sweep; FJC + CourtListener.
2838,W[illie] Louis Sands,Sands,gamd,GAMD0401,senior,false,William J. Clinton,Democratic,1994-02-09,1994-05-06,1994-05-09,2014-04-12,,Mercer University School of Law,1974,Well Qualified,https://www.courtlistener.com/person/2838/willie-louis-sands/,,,,false,,,false,,,false,Phase-2 sweep; FJC + CourtListener.
1847,Clay D. Land,Land,gamd,GAMD0106,active,false,George W. Bush,Republican,2001-09-21,2001-12-13,2001-12-21,,,University of Georgia School of Law,1985,Well Qualified,https://www.courtlistener.com/person/1847/clay-d-land/,,,,false,,,false,,,false,Phase-2 sweep; FJC + CourtListener.
2799,C. Ashley Royal,Royal,gamd,GAMD0302,senior,false,George W. Bush,Republican,2001-10-09,2001-12-20,2001-12-21,2016-09-01,,University of Georgia School of Law,1974,Well Qualified,https://www.courtlistener.com/person/2799/c-ashley-royal/,,,,false,,,false,,,false,Phase-2 sweep; FJC + CourtListener.
3256,Marc Thomas Treadwell,Treadwell,gamd,GAMD0205,active,false,Barack Obama,Democratic,2010-02-04,2010-06-21,2010-06-22,,,Mercer University School of Law,1981,Qualified,https://www.courtlistener.com/person/3256/marc-thomas-treadwell/,https://upload.wikimedia.org/wikipedia/commons/thumb/0/04/Marc_Treadwell_%28cropped%29.jpg/330px-Marc_Treadwell_%28cropped%29.jpg?utm_source=commons.wikimedia.org&utm_campaign=imageinfo&utm_content=thumbnail,https://commons.wikimedia.org/wiki/File:Marc_Treadwell_(cropped).jpg,Public domain,false,,,false,,,false,Phase-2 sweep; FJC + CourtListener.
44,Leslie Abrams Gardner,Gardner,gamd,GAMD0402,active,true,Barack Obama,Democratic,2014-03-11,2014-11-18,2014-11-20,,,Yale Law School,2002,Qualified,https://www.courtlistener.com/person/44/leslie-joyce-abrams/,https://upload.wikimedia.org/wikipedia/commons/thumb/7/7e/Leslie_Abrams_Gardner.jpg/330px-Leslie_Abrams_Gardner.jpg?utm_source=commons.wikimedia.org&utm_campaign=imageinfo&utm_content=thumbnail,https://commons.wikimedia.org/wiki/File:Leslie_Abrams_Gardner.jpg,Public domain,false,,,false,,,false,Phase-2 sweep; FJC + CourtListener.
8634,Tilman Eugene Self III,Self,gamd,GAMD0303,active,false,Donald J. Trump,Republican,2017-07-13,2018-03-05,2018-03-07,,,University of Georgia School of Law,1997,Well Qualified,https://www.courtlistener.com/person/8634/tilman-eugene-self-iii/,https://upload.wikimedia.org/wikipedia/commons/thumb/7/75/Tilman_E._Self_%28Judge%29_%28cropped%29.jpg/330px-Tilman_E._Self_%28Judge%29_%28cropped%29.jpg?utm_source=commons.wikimedia.org&utm_campaign=imageinfo&utm_content=thumbnail,https://commons.wikimedia.org/wiki/File:Tilman_E._Self_(Judge)_(cropped).jpg,Public domain,true,member,https://en.wikipedia.org/w/index.php?title=Tripp_Self&oldid=1367711045,false,,,false,Phase-2 sweep; FJC + CourtListener.
1015,Orinda Dale Evans,Evans,gand,GAND0603,senior,false,Jimmy Carter,Democratic,1979-06-05,1979-07-23,1979-07-24,2008-12-31,,Emory University School of Law,1968,Qualified,https://www.courtlistener.com/person/1015/orinda-dale-evans/,,,,false,,,false,,,false,Phase-2 sweep; FJC + CourtListener.
720,Clarence Cooper,Cooper,gand,GAND0902,senior,false,William J. Clinton,Democratic,1994-03-09,1994-05-06,1994-05-09,2009-02-09,,Emory University School of Law,1967,Qualified,https://www.courtlistener.com/person/720/clarence-cooper/,,,,false,,,false,,,false,Phase-2 sweep; FJC + CourtListener.
1568,Willis B. Hunt Jr.,Hunt,gand,GAND1402,senior,false,William J. Clinton,Democratic,1995-01-23,1995-03-24,1995-03-24,2005-06-30,,Emory University School of Law,1954,Well Qualified,https://www.courtlistener.com/person/1568/willis-b-hunt-jr/,,,,false,,,false,,,false,Phase-2 sweep; FJC + CourtListener.
3225,Thomas W. Thrash Jr.,Thrash,gand,GAND1102,senior,false,William J. Clinton,Democratic,1997-01-07,1997-07-31,1997-08-01,2021-05-08,,Harvard Law School,1976,Well Qualified,https://www.courtlistener.com/person/3225/thomas-w-thrash-jr/,,,,false,,,false,,,false,Phase-2 sweep; FJC + CourtListener.
3119,Richard W. Story,Story,gand,GAND0802,senior,false,William J. Clinton,Democratic,1997-09-15,1998-01-28,1998-02-04,2018-12-01,,University of Georgia School of Law,1978,Well Qualified,https://www.courtlistener.com/person/3119/richard-w-story/,https://upload.wikimedia.org/wikipedia/commons/8/84/Richard_W._Story.jpg?utm_source=commons.wikimedia.org&utm_campaign=imageinfo&utm_content=thumbnail_unscaled,https://commons.wikimedia.org/wiki/File:Richard_W._Story.jpg,Public domain,false,,,false,,,false,Phase-2 sweep; FJC + CourtListener.
2493,Charles A. Pannell Jr.,Pannell,gand,GAND1003,senior,false,William J. Clinton,Democratic,1999-07-14,1999-10-15,1999-10-26,2013-01-31,,University of Georgia School of Law,1970,Well Qualified,https://www.courtlistener.com/person/2493/charles-a-pannell-jr/,,,,false,,,false,,,false,Phase-2 sweep; FJC + CourtListener.
3247,Amy Mil Totenberg,Totenberg,gand,GAND0703,senior,false,Barack Obama,Democratic,2011-01-05,2011-02-28,2011-03-01,2021-04-03,,Harvard Law School,1977,Well Qualified,https://www.courtlistener.com/person/3247/amy-mil-totenberg/,https://upload.wikimedia.org/wikipedia/commons/1/12/Amy_Totenberg_at_InGIRLS_Leadership_Symposium.jpg?utm_source=commons.wikimedia.org&utm_campaign=imageinfo&utm_content=thumbnail_unscaled,https://commons.wikimedia.org/wiki/File:Amy_Totenberg_at_InGIRLS_Leadership_Symposium.jpg,Public domain,false,,,false,,,false,Phase-2 sweep; FJC + CourtListener.
1670,Steve CarMichael Jones,Jones,gand,GAND0604,senior,false,Barack Obama,Democratic,2011-01-05,2011-02-28,2011-03-03,2025-01-01,,University of Georgia School of Law,1987,Well Qualified,https://www.courtlistener.com/person/1670/steve-carmichael-jones/,https://upload.wikimedia.org/wikipedia/commons/thumb/b/bd/Steve_Jones_%28Judge%29.jpg/330px-Steve_Jones_%28Judge%29.jpg?utm_source=commons.wikimedia.org&utm_campaign=imageinfo&utm_content=thumbnail,https://commons.wikimedia.org/wiki/File:Steve_Jones_(Judge).jpg,Public domain,false,,,false,,,false,Phase-2 sweep; FJC + CourtListener.
2089,Leigh Martin May,May,gand,GAND1203,active,true,Barack Obama,Democratic,2014-01-06,2014-11-13,2014-11-14,,,University of Georgia School of Law,1998,Qualified,https://www.courtlistener.com/person/2089/leigh-martin-may/,https://upload.wikimedia.org/wikipedia/commons/thumb/1/19/Leigh_May.jpg/330px-Leigh_May.jpg?utm_source=commons.wikimedia.org&utm_campaign=imageinfo&utm_content=thumbnail,https://commons.wikimedia.org/wiki/File:Leigh_May.jpg,Public domain,false,,,false,,,false,Phase-2 sweep; FJC + CourtListener.
666,Mark Howard Cohen,Cohen,gand,GAND0903,active,false,Barack Obama,Democratic,2014-01-06,2014-11-18,2014-11-20,,,Emory University School of Law,1979,Qualified,https://www.courtlistener.com/person/666/mark-howard-cohen/,https://upload.wikimedia.org/wikipedia/commons/thumb/6/6d/Mark_Howard_Cohen.png/330px-Mark_Howard_Cohen.png?utm_source=commons.wikimedia.org&utm_campaign=imageinfo&utm_content=thumbnail,https://commons.wikimedia.org/wiki/File:Mark_Howard_Cohen.png,Public domain,false,,,false,,,false,Phase-2 sweep; FJC + CourtListener.
2787,Eleanor Louise Ross,Ross,gand,GAND1004,active,false,Barack Obama,Democratic,2014-01-06,2014-11-18,2014-11-20,,,University of Houston Law Center,1994,Qualified,https://www.courtlistener.com/person/2787/eleanor-louise-ross/,https://upload.wikimedia.org/wikipedia/commons/thumb/f/f6/ELR_Robe_Picture.png/330px-ELR_Robe_Picture.png?utm_source=commons.wikimedia.org&utm_campaign=imageinfo&utm_content=thumbnail,https://commons.wikimedia.org/wiki/File:ELR_Robe_Picture.png,CC BY-SA 4.0 — credit: Eleanorlross,false,,,false,,,false,Phase-2 sweep; FJC + CourtListener.
8556,Michael Lawrence Brown,Brown,gand,GAND1303,active,false,Donald J. Trump,Republican,2017-07-13,2018-01-11,2018-01-17,,,University of Georgia School of Law,1994,Well Qualified,https://www.courtlistener.com/person/8556/michael-lawrence-brown/,https://upload.wikimedia.org/wikipedia/commons/thumb/d/d1/Michael_L._Brown_%28judge%29.png/330px-Michael_L._Brown_%28judge%29.png?utm_source=commons.wikimedia.org&utm_campaign=imageinfo&utm_content=thumbnail,https://commons.wikimedia.org/wiki/File:Michael_L._Brown_(judge).png,Public domain,false,,,false,,,false,Phase-2 sweep; FJC + CourtListener.
7177,William McCrary Ray II,Ray,gand,GAND0506,active,false,Donald J. Trump,Republican,2018-01-08,2018-10-11,2018-10-25,,,University of Georgia School of Law,1990,Well Qualified,https://www.courtlistener.com/person/7177/william-m-ray-ii/,https://upload.wikimedia.org/wikipedia/commons/thumb/b/ba/William_M._Ray_II.png/330px-William_M._Ray_II.png?utm_source=commons.wikimedia.org&utm_campaign=imageinfo&utm_content=thumbnail,https://commons.wikimedia.org/wiki/File:William_M._Ray_II.png,Public domain,false,,,false,,,false,Phase-2 sweep; FJC + CourtListener.
8550,Jean-Paul Boulee,Boulee,gand,GAND0406,active,false,Donald J. Trump,Republican,2019-01-23,2019-06-12,2019-06-14,,,University of Georgia School of Law,1996,Well Qualified,https://www.courtlistener.com/person/8550/jean-paul-boulee/,https://upload.wikimedia.org/wikipedia/commons/thumb/c/c9/J._P._Boulee.png/330px-J._P._Boulee.png?utm_source=commons.wikimedia.org&utm_campaign=imageinfo&utm_content=thumbnail,https://commons.wikimedia.org/wiki/File:J._P._Boulee.png,CC BY 3.0 — credit: Nydia Tisdale,false,,,false,,,false,Phase-2 sweep; FJC + CourtListener.
14415,Steven Daniel Grimberg,Grimberg,gand,GAND0803,active,false,Donald J. Trump,Republican,2019-04-04,2019-09-11,2019-09-13,,,Emory University School of Law,1998,Well Qualified,https://www.courtlistener.com/person/14415/steven-daniel-grimberg/,https://upload.wikimedia.org/wikipedia/commons/thumb/9/90/Steven_D._Grimberg.jpg/330px-Steven_D._Grimberg.jpg?utm_source=commons.wikimedia.org&utm_campaign=imageinfo&utm_content=thumbnail,https://commons.wikimedia.org/wiki/File:Steven_D._Grimberg.jpg,Public domain,true,member,https://en.wikipedia.org/w/index.php?title=Steven_D._Grimberg&oldid=1348403965,false,,,false,Phase-2 sweep; FJC + CourtListener.
,Victoria Marie Calvert,Calvert,gand,GAND1103,active,false,Joseph R. Biden,Democratic,2022-01-03,2022-03-22,2022-04-05,,,New York University School of Law,2006,Well Qualified,,https://upload.wikimedia.org/wikipedia/commons/thumb/b/b0/Victoria_Calvert_%28Judge%29_%28cropped%29.jpg/330px-Victoria_Calvert_%28Judge%29_%28cropped%29.jpg?utm_source=commons.wikimedia.org&utm_campaign=imageinfo&utm_content=thumbnail,https://commons.wikimedia.org/wiki/File:Victoria_Calvert_(Judge)_(cropped).jpg,Public domain,false,,,false,,,false,Phase-2 sweep; FJC + CourtListener.
,Sarah Elisabeth Geraghty,Geraghty,gand,GAND0704,active,false,Joseph R. Biden,Democratic,2022-01-03,2022-03-31,2022-04-08,,,University of Michigan Law School,1999,Qualified,,https://upload.wikimedia.org/wikipedia/commons/thumb/9/9b/Sarah_Geraghty_%28Judge%29_%28cropped%29.jpg/330px-Sarah_Geraghty_%28Judge%29_%28cropped%29.jpg?utm_source=commons.wikimedia.org&utm_campaign=imageinfo&utm_content=thumbnail,https://commons.wikimedia.org/wiki/File:Sarah_Geraghty_(Judge)_(cropped).jpg,Public domain,false,,,false,,,false,Phase-2 sweep; FJC + CourtListener.
,Tiffany Rene Johnson,Johnson,gand,GAND0605,active,false,Joseph R. Biden,Democratic,2024-07-31,2024-12-09,2025-01-02,,,Wake Forest University School of Law,2012,Well Qualified,,https://upload.wikimedia.org/wikipedia/commons/9/9e/Tiffany-R-Johnson-9-25-24.jpg,https://commons.wikimedia.org/wiki/File:Tiffany-R-Johnson-9-25-24.jpg,Public domain (PD US Congress) — credit: U.S. Senate Judiciary Committee,false,,,false,,,false,Phase-2 sweep; FJC + CourtListener.
342,Dudley Hollingsworth Bowen Jr.,Bowen,gasd,GASD0401,senior,false,Jimmy Carter,Democratic,1979-07-19,1979-11-26,1979-11-27,2006-06-25,,University of Georgia School of Law,1965,Qualified,https://www.courtlistener.com/person/342/dudley-hollingsworth-bowen-jr/,https://upload.wikimedia.org/wikipedia/commons/thumb/f/fe/Dudley_H_Bowen_Jr.png/330px-Dudley_H_Bowen_Jr.png?utm_source=commons.wikimedia.org&utm_campaign=imageinfo&utm_content=thumbnail,https://commons.wikimedia.org/wiki/File:Dudley_H_Bowen_Jr.png,Public domain,false,,,false,,,false,Phase-2 sweep; FJC + CourtListener.
3540,Lisa Godbey Wood,Wood,gasd,GASD0402,active,false,George W. Bush,Republican,2007-01-09,2007-01-30,2007-02-08,,,University of Georgia School of Law,1990,Well Qualified,https://www.courtlistener.com/person/3540/lisa-godbey-wood/,https://upload.wikimedia.org/wikipedia/commons/2/26/Lisa_Godbey_Wood_US_Attorney.jpg?utm_source=commons.wikimedia.org&utm_campaign=imageinfo&utm_content=thumbnail_unscaled,https://commons.wikimedia.org/wiki/File:Lisa_Godbey_Wood_US_Attorney.jpg,Public domain,false,,,false,,,false,Phase-2 sweep; FJC + CourtListener.
1329,James Randal Hall,Hall,gasd,GASD0208,active,false,George W. Bush,Republican,2007-03-19,2008-04-10,2008-04-29,,,University of Georgia School of Law,1982,Well Qualified,https://www.courtlistener.com/person/1329/james-randal-hall/,,,,false,,,false,,,false,Phase-2 sweep; FJC + CourtListener.
8539,R. Stan Baker,Baker,gasd,GASD0303,active,true,Donald J. Trump,Republican,2017-09-07,2018-08-28,2018-08-30,,,University of Georgia School of Law,2004,Well Qualified,https://www.courtlistener.com/person/8539/r-stan-baker/,https://upload.wikimedia.org/wikipedia/commons/thumb/f/f2/R._Stan_Baker.png/330px-R._Stan_Baker.png?utm_source=commons.wikimedia.org&utm_campaign=imageinfo&utm_content=thumbnail,https://commons.wikimedia.org/wiki/File:R._Stan_Baker.png,Public domain,true,member,https://en.wikipedia.org/w/index.php?title=R._Stan_Baker&oldid=1363374899,false,,,false,Phase-2 sweep; FJC + CourtListener.
10097,Frances Tydingco-Gatewood,Tydingco-Gatewood,gud,,active,true,George W. Bush,Republican,2006-04-25,2006-08-03,2006-10-30,,2016-10-30,University of Missouri-Kansas City School of Law,1983,,https://www.courtlistener.com/person/10097/frances-tydingco-gatewood/,https://upload.wikimedia.org/wikipedia/commons/thumb/3/30/Frances_Tydingco-Gatewood_1.jpg/330px-Frances_Tydingco-Gatewood_1.jpg?utm_source=commons.wikimedia.org&utm_campaign=imageinfo&utm_content=thumbnail,https://commons.wikimedia.org/wiki/File:Frances_Tydingco-Gatewood_1.jpg,Public domain,false,,,false,,,false,"Documented manual pull (2026-07-16+; see DATA_SOURCES.md and territorial_judges_manual.csv) - no systematic FJC/CL source exists for this court. Verified 2026-07-16 against https://en.wikipedia.org/wiki/Frances_Tydingco-Gatewood. HOLDOVER: term_expiration_date is real and already past (48 U.S.C. section 1424b: serves 10 years and until a successor is chosen and qualified). Renominated by Obama 2016 but that nomination died at sine die adjournment; Biden announced intent to renominate Nov 2024 but never formally transmitted a nomination. No successor as of 2026-07-16 - she continues under the holdover clause. Cross-checked against gud.uscourts.gov/judicial-officers (Chief Judge, only district judgeship shown) and District Court of Guam - Wikipedia."
1021,David Alan Ezra,Ezra,hid,HID0103,senior,false,Ronald Reagan,Republican,1987-11-18,1988-05-19,1988-05-20,2012-06-27,,"St. Mary's University School of Law, Texas",1972,Qualified,https://www.courtlistener.com/person/1021/david-alan-ezra/,https://upload.wikimedia.org/wikipedia/commons/5/5b/David_A._Ezra%2C_U.S._District_Court_Judge.jpg?utm_source=commons.wikimedia.org&utm_campaign=imageinfo&utm_content=thumbnail_unscaled,"https://commons.wikimedia.org/wiki/File:David_A._Ezra,_U.S._District_Court_Judge.jpg",Public domain,false,,,false,,,false,Phase-2 sweep; FJC + CourtListener.
1207,Helen W. Gillmor,Gillmor,hid,HID0401,senior,false,William J. Clinton,Democratic,1994-08-25,1994-10-07,1994-10-11,2009-06-30,,Boston University School of Law,1968,Qualified,https://www.courtlistener.com/person/1207/helen-w-gillmor/,https://upload.wikimedia.org/wikipedia/commons/thumb/4/49/Helen_Gillmor.jpg/330px-Helen_Gillmor.jpg?utm_source=commons.wikimedia.org&utm_campaign=imageinfo&utm_content=thumbnail,https://commons.wikimedia.org/wiki/File:Helen_Gillmor.jpg,Public domain,false,,,false,,,false,Phase-2 sweep; FJC + CourtListener.
2279,Susan Oki Mollway,Mollway,hid,HID0205,senior,false,William J. Clinton,Democratic,1997-01-07,1998-06-22,1998-06-23,2015-11-06,,Harvard Law School,1981,Well Qualified,https://www.courtlistener.com/person/2279/susan-oki-mollway/,https://upload.wikimedia.org/wikipedia/commons/8/8d/Susan_Oki_Mollway.jpg?utm_source=commons.wikimedia.org&utm_campaign=imageinfo&utm_content=thumbnail_unscaled,https://commons.wikimedia.org/wiki/File:Susan_Oki_Mollway.jpg,Public domain,false,,,false,,,false,Phase-2 sweep; FJC + CourtListener.
2893,J[ohn] Michael Seabright,Seabright,hid,HID0302,senior,false,George W. Bush,Republican,2005-02-14,2005-04-27,2005-04-28,2024-01-30,,George Washington University Law School,1984,Well Qualified,https://www.courtlistener.com/person/2893/john-michael-seabright/,https://upload.wikimedia.org/wikipedia/commons/thumb/6/65/J._Michael_Seabright%2C_U.S._District_Court_Judge_2.jpg/330px-J._Michael_Seabright%2C_U.S._District_Court_Judge_2.jpg?utm_source=commons.wikimedia.org&utm_campaign=imageinfo&utm_content=thumbnail,"https://commons.wikimedia.org/wiki/File:J._Michael_Seabright,_U.S._District_Court_Judge_2.jpg",Public domain,false,,,false,,,false,Phase-2 sweep; FJC + CourtListener.
1804,Leslie Emi Kobayashi,Kobayashi,hid,HID0402,senior,false,Barack Obama,Democratic,2010-04-21,2010-12-18,2010-12-22,2024-10-09,,Boston College Law School,1983,Well Qualified,https://www.courtlistener.com/person/1804/leslie-emi-kobayashi/,https://upload.wikimedia.org/wikipedia/commons/8/89/Leslie_E._Kobayashi%2C_U.S._District_Court_Judge.jpg?utm_source=commons.wikimedia.org&utm_campaign=imageinfo&utm_content=thumbnail_unscaled,"https://commons.wikimedia.org/wiki/File:Leslie_E._Kobayashi,_U.S._District_Court_Judge.jpg",Public domain,false,,,false,,,false,Phase-2 sweep; FJC + CourtListener.
3392,Derrick Kahala Watson,Watson,hid,HID0104,active,true,Barack Obama,Democratic,2013-01-04,2013-04-18,2013-04-23,,,Harvard Law School,1991,Well Qualified,https://www.courtlistener.com/person/3392/derrick-kahala-watson/,https://upload.wikimedia.org/wikipedia/commons/3/3c/Derrick_K._Watson%2C_U.S._District_Court_Judge.jpg?utm_source=commons.wikimedia.org&utm_campaign=imageinfo&utm_content=thumbnail_unscaled,"https://commons.wikimedia.org/wiki/File:Derrick_K._Watson,_U.S._District_Court_Judge.jpg",Public domain,false,,,false,,,false,Phase-2 sweep; FJC + CourtListener.
8618,Jill Aiko Otake,Otake,hid,HID0206,active,false,Donald J. Trump,Republican,2017-12-21,2018-08-01,2018-08-03,,,University of Washington School of Law,1998,Well Qualified,https://www.courtlistener.com/person/8618/jill-aiko-otake/,https://upload.wikimedia.org/wikipedia/commons/4/47/Jill_A._Otake%2C_U.S._District_Court_Judge.jpg?utm_source=commons.wikimedia.org&utm_campaign=imageinfo&utm_content=thumbnail_unscaled,"https://commons.wikimedia.org/wiki/File:Jill_A._Otake,_U.S._District_Court_Judge.jpg",Public domain,false,,,false,,,false,Phase-2 sweep; FJC + CourtListener.
,Micah William Janso Smith,Smith,hid,HID0303,active,false,Joseph R. Biden,Democratic,2023-09-11,2023-11-29,2024-01-31,,,Harvard Law School,2006,Well Qualified,,https://upload.wikimedia.org/wikipedia/commons/thumb/2/29/Micah_W._J._Smith%2C_U.S._District_Court_Judge.jpg/330px-Micah_W._J._Smith%2C_U.S._District_Court_Judge.jpg?utm_source=commons.wikimedia.org&utm_campaign=imageinfo&utm_content=thumbnail,"https://commons.wikimedia.org/wiki/File:Micah_W._J._Smith,_U.S._District_Court_Judge.jpg",Public domain,false,,,false,,,false,Phase-2 sweep; FJC + CourtListener.
,Shanlyn Alohakeao Souza Park,Park,hid,HID0403,active,false,Joseph R. Biden,Democratic,2023-09-27,2023-11-30,2024-10-15,,,University of Hawaii William S. Richardson School of Law,1995,Qualified,,https://upload.wikimedia.org/wikipedia/commons/thumb/8/8c/Shanlyn_Park.jpg/330px-Shanlyn_Park.jpg?utm_source=commons.wikimedia.org&utm_campaign=imageinfo&utm_content=thumbnail,https://commons.wikimedia.org/wiki/File:Shanlyn_Park.jpg,Public domain,false,,,false,,,false,Phase-2 sweep; FJC + CourtListener.
2671,Linda R. Reade,Reade,iand,IAND0108,senior,false,George W. Bush,Republican,2002-06-26,2002-11-14,2002-11-26,2017-10-01,,Drake University Law School,1980,Well Qualified,https://www.courtlistener.com/person/2671/linda-r-reade/,https://upload.wikimedia.org/wikipedia/commons/thumb/e/e1/JudgeLRR.jpg/330px-JudgeLRR.jpg?utm_source=commons.wikimedia.org&utm_campaign=imageinfo&utm_content=thumbnail,https://commons.wikimedia.org/wiki/File:JudgeLRR.jpg,Public domain,false,,,false,,,false,Phase-2 sweep; FJC + CourtListener.
8637,Leonard Terry Strand,Strand,iand,IAND0204,active,false,Barack Obama,Democratic,2015-07-21,2016-02-11,2016-02-12,,,University of Iowa College of Law,1990,Well Qualified,https://www.courtlistener.com/person/8637/leonard-terry-strand/,https://upload.wikimedia.org/wikipedia/commons/thumb/9/9e/Leonard_Terry_Strand.jpg/330px-Leonard_Terry_Strand.jpg?utm_source=commons.wikimedia.org&utm_campaign=imageinfo&utm_content=thumbnail,https://commons.wikimedia.org/wiki/File:Leonard_Terry_Strand.jpg,Public domain,false,,,false,,,false,Phase-2 sweep; FJC + CourtListener.
8650,Charles Joseph Williams,Williams,iand,IAND0109,active,true,Donald J. Trump,Republican,2018-02-15,2018-09-06,2018-09-10,,,University of Iowa College of Law,1988,Well Qualified,https://www.courtlistener.com/person/8650/charles-joseph-williams/,https://upload.wikimedia.org/wikipedia/commons/4/47/JudgeCJW.png?utm_source=commons.wikimedia.org&utm_campaign=imageinfo&utm_content=thumbnail_unscaled,https://commons.wikimedia.org/wiki/File:JudgeCJW.png,Public domain,false,,,false,,,false,Phase-2 sweep; FJC + CourtListener.
1962,Ronald Earl Longstaff,Longstaff,iasd,IASD0501,senior,false,George H.W. Bush,Republican,1991-07-24,1991-10-31,1991-11-05,2006-11-05,,University of Iowa College of Law,1965,Well Qualified,https://www.courtlistener.com/person/1962/ronald-earl-longstaff/,,,,false,,,false,,,false,Phase-2 sweep; FJC + CourtListener.
1292,James E. Gritzner,Gritzner,iasd,IASD0208,senior,false,George W. Bush,Republican,2001-09-04,2002-02-14,2002-02-19,2015-03-01,,Drake University Law School,1979,Well Qualified,https://www.courtlistener.com/person/1292/james-e-gritzner/,,,,false,,,false,,,false,Phase-2 sweep; FJC + CourtListener.
2771,Stephanie Marie Rose,Rose,iasd,IASD0403,active,true,Barack Obama,Democratic,2012-02-02,2012-09-10,2012-09-17,,,University of Iowa College of Law,1996,Well Qualified,https://www.courtlistener.com/person/2771/stephanie-marie-rose/,https://upload.wikimedia.org/wikipedia/commons/2/28/Stephanie%2BM%2BRose%2BUS%2BDistrict%2BCourt%2BJudge_%28Wiki_Commons%29.jpg?utm_source=commons.wikimedia.org&utm_campaign=imageinfo&utm_content=thumbnail_unscaled,https://commons.wikimedia.org/wiki/File:Stephanie%2BM%2BRose%2BUS%2BDistrict%2BCourt%2BJudge_(Wiki_Commons).jpg,CC BY-SA 4.0 — credit: 8thcirc,false,,,false,,,false,Phase-2 sweep; FJC + CourtListener.
8574,Rebecca Goodgame Ebinger,Ebinger,iasd,IASD0209,active,false,Barack Obama,Democratic,2015-09-15,2016-02-08,2016-02-16,,,Yale Law School,2004,Qualified,https://www.courtlistener.com/person/8574/rebecca-goodgame-ebinger/,https://upload.wikimedia.org/wikipedia/commons/thumb/7/79/Rebecca_Goodgame_Ebinger.jpg/330px-Rebecca_Goodgame_Ebinger.jpg?utm_source=commons.wikimedia.org&utm_campaign=imageinfo&utm_content=thumbnail,https://commons.wikimedia.org/wiki/File:Rebecca_Goodgame_Ebinger.jpg,Public domain,false,,,false,,,false,Phase-2 sweep; FJC + CourtListener.
,Stephen Henley Locher,Locher,iasd,IASD0503,active,false,Joseph R. Biden,Democratic,2022-04-25,2022-07-14,2022-07-18,,,Harvard Law School,2003,Well Qualified,,https://upload.wikimedia.org/wikipedia/commons/thumb/a/a3/Stephen_Locher_%28Judge%29_%28cropped%29.jpg/330px-Stephen_Locher_%28Judge%29_%28cropped%29.jpg?utm_source=commons.wikimedia.org&utm_campaign=imageinfo&utm_content=thumbnail,https://commons.wikimedia.org/wiki/File:Stephen_Locher_(Judge)_(cropped).jpg,Public domain,false,,,false,,,false,Phase-2 sweep; FJC + CourtListener.
1955,Edward J. Lodge,Lodge,idd,IDD0204,senior,false,George H.W. Bush,Republican,1989-10-30,1989-11-21,1989-11-27,2015-07-03,,University of Idaho College of Law,1961,Qualified,https://www.courtlistener.com/person/1955/edward-j-lodge/,https://upload.wikimedia.org/wikipedia/commons/thumb/4/4d/Edward_J._Lodge.jpg/330px-Edward_J._Lodge.jpg?utm_source=commons.wikimedia.org&utm_campaign=imageinfo&utm_content=thumbnail,https://commons.wikimedia.org/wiki/File:Edward_J._Lodge.jpg,Public domain,false,,,false,,,false,Phase-2 sweep; FJC + CourtListener.
3514,B. Lynn Winmill,Winmill,idd,IDD0107,senior,false,William J. Clinton,Democratic,1995-05-24,1995-08-11,1995-08-14,2021-08-16,,Harvard Law School,1977,Well Qualified,https://www.courtlistener.com/person/3514/barry-lynn-winmill/,https://upload.wikimedia.org/wikipedia/commons/thumb/5/5c/Winmill_Large_%28cropped%29.jpg/330px-Winmill_Large_%28cropped%29.jpg?utm_source=commons.wikimedia.org&utm_campaign=imageinfo&utm_content=thumbnail,https://commons.wikimedia.org/wiki/File:Winmill_Large_(cropped).jpg,Public domain,false,,,false,,,false,Phase-2 sweep; FJC + CourtListener.
8615,David Charles Nye,Nye,idd,IDD0205,active,false,Donald J. Trump,Republican,2017-05-08,2017-07-12,2017-07-12,,,"Brigham Young University, J. Reuben Clark Law School",1986,Well Qualified,https://www.courtlistener.com/person/8615/david-charles-nye/,https://upload.wikimedia.org/wikipedia/commons/b/b4/Judge_David_Nye_official_photo.jpg?utm_source=commons.wikimedia.org&utm_campaign=imageinfo&utm_content=thumbnail_unscaled,https://commons.wikimedia.org/wiki/File:Judge_David_Nye_official_photo.jpg,Public domain,false,,,false,,,false,Phase-2 sweep; FJC + CourtListener.
,Amanda Kathleen Brailsford,Brailsford,idd,IDD0108,active,true,Joseph R. Biden,Democratic,2023-01-31,2023-05-04,2023-05-17,,,University of Idaho College of Law,1993,Well Qualified,,https://upload.wikimedia.org/wikipedia/commons/thumb/6/64/Amanda_K._Brailsford%2C_U.S._District_Court_Judge.jpg/330px-Amanda_K._Brailsford%2C_U.S._District_Court_Judge.jpg?utm_source=commons.wikimedia.org&utm_campaign=imageinfo&utm_content=thumbnail,"https://commons.wikimedia.org/wiki/File:Amanda_K._Brailsford,_U.S._District_Court_Judge.jpg",Public domain,false,,,false,,,false,Phase-2 sweep; FJC + CourtListener.
2241,Michael Martin Mihm,Mihm,ilcd,ILCD0302,senior,false,Ronald Reagan,Republican,1982-07-27,1982-08-05,1982-08-06,2009-10-01,,St. Louis University School of Law,1967,Qualified,https://www.courtlistener.com/person/2241/michael-martin-mihm/,,,,false,,,false,,,false,Phase-2 sweep; FJC + CourtListener.
2126,Joe Billy McDade,McDade,ilcd,ILCD0401,senior,false,George H.W. Bush,Republican,1991-09-11,1991-11-21,1991-11-25,2010-02-28,,University of Michigan Law School,1963,Well Qualified,https://www.courtlistener.com/person/2126/joe-billy-mcdade/,https://upload.wikimedia.org/wikipedia/commons/thumb/e/e5/Joe_Billy_McDade.png/330px-Joe_Billy_McDade.png?utm_source=commons.wikimedia.org&utm_campaign=imageinfo&utm_content=thumbnail,https://commons.wikimedia.org/wiki/File:Joe_Billy_McDade.png,Public domain,false,,,false,,,false,Phase-2 sweep; FJC + CourtListener.
2371,Sue Ellen Myerscough,Myerscough,ilcd,ILCD0204,senior,false,Barack Obama,Democratic,2011-01-05,2011-03-07,2011-03-14,2023-03-09,,Southern Illinois University School of Law,1980,Qualified,https://www.courtlistener.com/person/2371/sue-ellen-myerscough/,https://upload.wikimedia.org/wikipedia/commons/e/ee/Sue_Myerscough_%28cropped%29.jpg?utm_source=commons.wikimedia.org&utm_campaign=imageinfo&utm_content=thumbnail_unscaled,https://commons.wikimedia.org/wiki/File:Sue_Myerscough_(cropped).jpg,Public domain,false,,,false,,,false,Phase-2 sweep; FJC + CourtListener.
798,Sara Lynn Darrow,Darrow,ilcd,ILCD0402,active,false,Barack Obama,Democratic,2011-01-05,2011-08-02,2011-08-03,,,St. Louis University School of Law,1997,Qualified,https://www.courtlistener.com/person/798/sara-lynn-darrow/,https://upload.wikimedia.org/wikipedia/commons/thumb/c/c9/Sara_L._Darrow.jpg/330px-Sara_L._Darrow.jpg?utm_source=commons.wikimedia.org&utm_campaign=imageinfo&utm_content=thumbnail,https://commons.wikimedia.org/wiki/File:Sara_L._Darrow.jpg,Public domain,false,,,false,,,false,Phase-2 sweep; FJC + CourtListener.
432,Colin Stirling Bruce,Bruce,ilcd,ILCD0103,active,true,Barack Obama,Democratic,2013-05-06,2013-10-07,2013-10-08,,,University of Illinois College of Law,1989,Qualified,https://www.courtlistener.com/person/432/colin-stirling-bruce/,https://upload.wikimedia.org/wikipedia/commons/thumb/2/20/Colin_Bruce.png/330px-Colin_Bruce.png?utm_source=commons.wikimedia.org&utm_campaign=imageinfo&utm_content=thumbnail,https://commons.wikimedia.org/wiki/File:Colin_Bruce.png,Public domain,false,,,false,,,false,Phase-2 sweep; FJC + CourtListener.
,Colleen Rae Lawless,Lawless,ilcd,ILCD0205,active,false,Joseph R. Biden,Democratic,2023-01-23,2023-03-02,2023-03-09,,,Northern Illinois University College of Law,2009,Well Qualified,,https://upload.wikimedia.org/wikipedia/commons/thumb/8/84/Colleen_R._Lawless.jpg/330px-Colleen_R._Lawless.jpg?utm_source=commons.wikimedia.org&utm_campaign=imageinfo&utm_content=thumbnail,https://commons.wikimedia.org/wiki/File:Colleen_R._Lawless.jpg,Public domain,false,,,false,,,false,Phase-2 sweep; FJC + CourtListener.
9220,Jonathan Eugene Hawley,Hawley,ilcd,ILCD0304,active,false,Joseph R. Biden,Democratic,2024-07-08,2024-11-13,2024-11-15,,,DePaul University College of Law,1997,Well Qualified,https://www.courtlistener.com/person/9220/jonathan-e-hawley/,https://upload.wikimedia.org/wikipedia/commons/thumb/9/9c/Jonathan_E._Hawley-7-31-24.jpg/330px-Jonathan_E._Hawley-7-31-24.jpg?utm_source=commons.wikimedia.org&utm_campaign=imageinfo&utm_content=thumbnail,https://commons.wikimedia.org/wiki/File:Jonathan_E._Hawley-7-31-24.jpg,Public domain,false,,,false,,,false,Phase-2 sweep; FJC + CourtListener.
134,Marvin E. Aspen,Aspen,ilnd,ILND1601,senior,false,Jimmy Carter,Democratic,1979-04-30,1979-07-23,1979-07-24,2002-07-01,,Northwestern University School of Law (now Pritzker School of Law),1958,Well Qualified,https://www.courtlistener.com/person/134/marvin-e-aspen/,https://upload.wikimedia.org/wikipedia/commons/thumb/7/7f/Marvin_E_Aspen.png/330px-Marvin_E_Aspen.png?utm_source=commons.wikimedia.org&utm_campaign=imageinfo&utm_content=thumbnail,https://commons.wikimedia.org/wiki/File:Marvin_E_Aspen.png,Public domain,false,,,false,,,false,Phase-2 sweep; FJC + CourtListener.
1805,Charles Petros Kocoras,Kocoras,ilnd,ILND0307,senior,false,Jimmy Carter,Democratic,1980-06-02,1980-09-29,1980-09-30,2006-06-30,,DePaul University College of Law,1969,Qualified,https://www.courtlistener.com/person/1805/charles-petros-kocoras/,https://upload.wikimedia.org/wikipedia/commons/thumb/9/9c/Charles_P._Kocoras%2C_U.S._District_Court_Judge.jpg/330px-Charles_P._Kocoras%2C_U.S._District_Court_Judge.jpg?utm_source=commons.wikimedia.org&utm_campaign=imageinfo&utm_content=thumbnail,"https://commons.wikimedia.org/wiki/File:Charles_P._Kocoras,_U.S._District_Court_Judge.jpg",Public domain,false,,,false,,,false,Phase-2 sweep; FJC + CourtListener.
2426,Charles Ronald Norgle Sr.,Norgle,ilnd,ILND1801,senior,false,Ronald Reagan,Republican,1984-09-10,1984-10-03,1984-10-04,2022-10-04,,John Marshall Law School (now University of Illinois Chicago School of Law),1969,Well Qualified,https://www.courtlistener.com/person/2426/charles-ronald-norgle-sr/,,,,false,,,false,,,false,Phase-2 sweep; FJC + CourtListener.
697,Suzanne B. Conlon,Conlon,ilnd,ILND0703,senior,false,Ronald Reagan,Republican,1987-04-02,1988-02-19,1988-02-22,2004-04-17,,Loyola University Chicago School of Law,1968,Qualified,https://www.courtlistener.com/person/697/suzanne-b-conlon/,,,,false,,,false,,,false,Phase-2 sweep; FJC + CourtListener.
2040,George Michael Marovich,Marovich,ilnd,ILND1702,senior,false,Ronald Reagan,Republican,1988-02-02,1988-03-31,1988-04-01,2000-01-02,,University of Illinois College of Law,1954,Well Qualified,https://www.courtlistener.com/person/2040/george-michael-marovich/,,,,false,,,false,,,false,Phase-2 sweep; FJC + CourtListener.
2693,Philip Godfrey Reinhard,Reinhard,ilnd,ILND2301,senior,false,George H.W. Bush,Republican,1991-08-01,1992-02-06,1992-02-10,2007-01-12,,University of Illinois College of Law,1964,Well Qualified,https://www.courtlistener.com/person/2693/philip-godfrey-reinhard/,,,,false,,,false,,,false,Phase-2 sweep; FJC + CourtListener.
453,Elaine E. Bucklo,Bucklo,ilnd,ILND1103,senior,false,William J. Clinton,Democratic,1994-08-16,1994-10-07,1994-10-11,2009-10-31,,Northwestern University School of Law (now Pritzker School of Law),1972,Well Qualified,https://www.courtlistener.com/person/453/elaine-e-bucklo/,https://upload.wikimedia.org/wikipedia/commons/9/9a/Elaine_E_Bucklo.png?utm_source=commons.wikimedia.org&utm_campaign=imageinfo&utm_content=thumbnail_unscaled,https://commons.wikimedia.org/wiki/File:Elaine_E_Bucklo.png,Public domain,false,,,false,,,false,Phase-2 sweep; FJC + CourtListener.
1181,Robert William Gettleman,Gettleman,ilnd,ILND0904,senior,false,William J. Clinton,Democratic,1994-08-16,1994-10-07,1994-10-11,2009-05-05,,Northwestern University School of Law (now Pritzker School of Law),1968,Well Qualified,https://www.courtlistener.com/person/1181/robert-william-gettleman/,https://upload.wikimedia.org/wikipedia/commons/e/e0/Robert_Gettleman_%28cropped%29.jpg?utm_source=commons.wikimedia.org&utm_campaign=imageinfo&utm_content=thumbnail_unscaled,https://commons.wikimedia.org/wiki/File:Robert_Gettleman_(cropped).jpg,Public domain,false,,,false,,,false,Phase-2 sweep; FJC + CourtListener.
1252,Joan B. Gottschall,Gottschall,ilnd,ILND1502,senior,false,William J. Clinton,Democratic,1996-03-29,1996-07-25,1996-08-01,2012-04-23,,Stanford Law School,1973,Qualified,https://www.courtlistener.com/person/1252/joan-b-gottschall/,https://upload.wikimedia.org/wikipedia/commons/a/ae/Joan_B._Gottschall_%28cropped%29.jpg?utm_source=commons.wikimedia.org&utm_campaign=imageinfo&utm_content=thumbnail_unscaled,https://commons.wikimedia.org/wiki/File:Joan_B._Gottschall_(cropped).jpg,Public domain,false,,,false,,,false,Phase-2 sweep; FJC + CourtListener.
2491,Rebecca R. Pallmeyer,Pallmeyer,ilnd,ILND0112,senior,false,William J. Clinton,Democratic,1997-07-31,1998-10-21,1998-10-22,2024-08-01,,University of Chicago Law School,1979,Qualified,https://www.courtlistener.com/person/2491/rebecca-r-pallmeyer/,https://upload.wikimedia.org/wikipedia/commons/thumb/9/90/Rebecca_R._Pallmeyer_1_%28cropped%29.jpg/330px-Rebecca_R._Pallmeyer_1_%28cropped%29.jpg?utm_source=commons.wikimedia.org&utm_campaign=imageinfo&utm_content=thumbnail,https://commons.wikimedia.org/wiki/File:Rebecca_R._Pallmeyer_1_(cropped).jpg,Public domain,false,,,false,,,false,Phase-2 sweep; FJC + CourtListener.
1752,Matthew F. Kennelly,Kennelly,ilnd,ILND0505,senior,false,William J. Clinton,Democratic,1999-01-26,1999-04-15,1999-04-22,2021-10-07,,Harvard Law School,1981,Well Qualified,https://www.courtlistener.com/person/1752/matthew-f-kennelly/,https://upload.wikimedia.org/wikipedia/commons/a/a9/Matthew_Kennelly_%28cropped%29.jpg?utm_source=commons.wikimedia.org&utm_campaign=imageinfo&utm_content=thumbnail_unscaled,https://commons.wikimedia.org/wiki/File:Matthew_Kennelly_(cropped).jpg,Public domain,false,,,false,,,false,Phase-2 sweep; FJC + CourtListener.
1310,Ronald A. Guzman,Guzman,ilnd,ILND2102,senior,false,William J. Clinton,Democratic,1999-08-05,1999-11-10,1999-11-15,2014-11-16,,New York University School of Law,1973,Qualified,https://www.courtlistener.com/person/1310/ronald-a-guzman/,"https://upload.wikimedia.org/wikipedia/commons/d/d9/Ronald_A._Guzman,_U.S._Magistrate_Judge.jpg","https://commons.wikimedia.org/wiki/File:Ronald_A._Guzman,_U.S._Magistrate_Judge.jpg","Public domain — official portrait, U.S. District Court for the Northern District of Illinois (as U.S. Magistrate Judge, a prior role he held before his 1999 district-judge elevation)",false,,,false,,,false,Phase-2 sweep; FJC + CourtListener.
1896,Joan Humphrey Lefkow,Lefkow,ilnd,ILND2002,senior,false,William J. Clinton,Democratic,2000-05-11,2000-06-30,2000-07-11,2012-09-01,,Northwestern University School of Law (now Pritzker School of Law),1971,Well Qualified,https://www.courtlistener.com/person/1896/joan-humphrey-lefkow/,https://upload.wikimedia.org/wikipedia/commons/e/e8/Joan_Lefkow_%28cropped%29.jpg?utm_source=commons.wikimedia.org&utm_campaign=imageinfo&utm_content=thumbnail_unscaled,https://commons.wikimedia.org/wiki/File:Joan_Lefkow_(cropped).jpg,Public domain,false,,,false,,,false,Phase-2 sweep; FJC + CourtListener.
1744,Virginia Mary Kendall,Kendall,ilnd,ILND0704,active,true,George W. Bush,Republican,2005-09-28,2005-12-21,2006-01-03,,,Loyola University Chicago School of Law,1992,Well Qualified,https://www.courtlistener.com/person/1744/virginia-mary-kendall/,https://upload.wikimedia.org/wikipedia/commons/3/33/Virginia_M._Kendall%2C_U.S._District_Court_Judge.png?utm_source=commons.wikimedia.org&utm_campaign=imageinfo&utm_content=thumbnail_unscaled,"https://commons.wikimedia.org/wiki/File:Virginia_M._Kendall,_U.S._District_Court_Judge.png",Public domain,false,,,false,,,false,Phase-2 sweep; FJC + CourtListener.
1701,Frederick J. Kapala,Kapala,ilnd,ILND2302,senior,false,George W. Bush,Republican,2007-01-09,2007-05-08,2007-05-10,2019-05-10,,University of Illinois College of Law,1976,Well Qualified,https://www.courtlistener.com/person/1701/frederick-j-kapala/,,,,false,,,false,,,false,Phase-2 sweep; FJC + CourtListener.
906,Robert Michael Dow Jr.,Dow,ilnd,ILND0308,active,false,George W. Bush,Republican,2007-07-18,2007-11-13,2007-12-05,,,Harvard Law School,1993,Qualified,https://www.courtlistener.com/person/906/robert-michael-dow-jr/,,,,false,,,false,,,false,Phase-2 sweep; FJC + CourtListener.
676,Sharon Johnson Coleman,Coleman,ilnd,ILND2203,active,false,Barack Obama,Democratic,2010-02-24,2010-07-12,2010-07-13,,,Washington University School of Law,1984,Well Qualified,https://www.courtlistener.com/person/676/sharon-johnson-coleman/,https://upload.wikimedia.org/wikipedia/commons/6/61/Sharon_Johnson_Coleman_%28cropped%29.jpg?utm_source=commons.wikimedia.org&utm_campaign=imageinfo&utm_content=thumbnail_unscaled,https://commons.wikimedia.org/wiki/File:Sharon_Johnson_Coleman_(cropped).jpg,Public domain,false,,,false,,,false,Phase-2 sweep; FJC + CourtListener.
587,Edmond E-Min Chang,Chang,ilnd,ILND1104,active,false,Barack Obama,Democratic,2010-04-21,2010-12-18,2010-12-20,,,Northwestern University School of Law (now Pritzker School of Law),1994,Qualified,https://www.courtlistener.com/person/587/edmond-e-min-chang/,https://upload.wikimedia.org/wikipedia/commons/thumb/1/12/Edmond_E_Chang.png/330px-Edmond_E_Chang.png?utm_source=commons.wikimedia.org&utm_campaign=imageinfo&utm_content=thumbnail,https://commons.wikimedia.org/wiki/File:Edmond_E_Chang.png,Public domain,false,,,false,,,false,Phase-2 sweep; FJC + CourtListener.
3196,John Joseph Tharp Jr.,Tharp,ilnd,ILND1004,active,false,Barack Obama,Democratic,2011-11-10,2012-05-14,2012-05-16,,,Northwestern University School of Law (now Pritzker School of Law),1990,Well Qualified,https://www.courtlistener.com/person/3196/john-joseph-tharp-jr/,https://upload.wikimedia.org/wikipedia/commons/8/8d/John_Tharp_%282011%29.png?utm_source=commons.wikimedia.org&utm_campaign=imageinfo&utm_content=thumbnail_unscaled,https://commons.wikimedia.org/wiki/File:John_Tharp_(2011).png,Public domain,false,,,false,,,false,Phase-2 sweep; FJC + CourtListener.
947,Thomas Michael Durkin,Durkin,ilnd,ILND0805,senior,false,Barack Obama,Democratic,2012-05-21,2012-12-17,2012-12-19,2023-12-26,,DePaul University College of Law,1978,Well Qualified,https://www.courtlistener.com/person/947/thomas-michael-durkin/,https://upload.wikimedia.org/wikipedia/commons/a/a0/Thomas_M._Durkin_%28cropped%29.jpg?utm_source=commons.wikimedia.org&utm_campaign=imageinfo&utm_content=thumbnail_unscaled,https://commons.wikimedia.org/wiki/File:Thomas_M._Durkin_(cropped).jpg,Public domain,false,,,false,,,false,Phase-2 sweep; FJC + CourtListener.
987,Sara Lee Ellis,Ellis,ilnd,ILND1503,active,false,Barack Obama,Democratic,2013-05-06,2013-10-07,2013-10-08,,,Loyola University Chicago School of Law,1994,Qualified,https://www.courtlistener.com/person/987/sara-lee-ellis/,https://upload.wikimedia.org/wikipedia/commons/thumb/7/73/Sara_Ellis_%28Judge%29_%28cropped%29.jpg/330px-Sara_Ellis_%28Judge%29_%28cropped%29.jpg?utm_source=commons.wikimedia.org&utm_campaign=imageinfo&utm_content=thumbnail,https://commons.wikimedia.org/wiki/File:Sara_Ellis_(Judge)_(cropped).jpg,Public domain,false,,,false,,,false,Phase-2 sweep; FJC + CourtListener.
3534,Andrea Robin Wood,Wood,ilnd,ILND0407,active,false,Barack Obama,Democratic,2013-05-06,2013-10-14,2013-10-15,,,Yale Law School,1998,Qualified,https://www.courtlistener.com/person/3534/andrea-robin-wood/,https://upload.wikimedia.org/wikipedia/commons/thumb/8/80/Andrea_Wood_%28Judge%29_%28cropped%29.jpg/330px-Andrea_Wood_%28Judge%29_%28cropped%29.jpg?utm_source=commons.wikimedia.org&utm_campaign=imageinfo&utm_content=thumbnail,https://commons.wikimedia.org/wiki/File:Andrea_Wood_(Judge)_(cropped).jpg,Public domain,false,,,false,,,false,Phase-2 sweep; FJC + CourtListener.
2922,Manish Suresh Shah,Shah,ilnd,ILND2003,active,false,Barack Obama,Democratic,2014-01-06,2014-04-30,2014-05-01,,,University of Chicago Law School,1998,Well Qualified,https://www.courtlistener.com/person/2922/manish-suresh-shah/,https://upload.wikimedia.org/wikipedia/commons/thumb/8/8f/Manish_S._Shah.png/330px-Manish_S._Shah.png?utm_source=commons.wikimedia.org&utm_campaign=imageinfo&utm_content=thumbnail,https://commons.wikimedia.org/wiki/File:Manish_S._Shah.png,Public domain,false,,,false,,,false,Phase-2 sweep; FJC + CourtListener.
86,Jorge Luis Alonso,Alonso,ilnd,ILND2103,active,false,Barack Obama,Democratic,2014-08-05,2014-12-16,2014-12-19,,,George Washington University Law School,1991,Qualified,https://www.courtlistener.com/person/86/jorge-luis-alonso/,https://upload.wikimedia.org/wikipedia/commons/thumb/a/ad/Jorge_Luis_Alonso.png/330px-Jorge_Luis_Alonso.png?utm_source=commons.wikimedia.org&utm_campaign=imageinfo&utm_content=thumbnail,https://commons.wikimedia.org/wiki/File:Jorge_Luis_Alonso.png,Public domain,false,,,false,,,false,Phase-2 sweep; FJC + CourtListener.
301,John Robert Blakey,Blakey,ilnd,ILND1902,active,false,Barack Obama,Democratic,2014-08-05,2014-12-16,2014-12-19,,,Notre Dame Law School,1992,Qualified,https://www.courtlistener.com/person/301/john-robert-blakey/,https://upload.wikimedia.org/wikipedia/commons/thumb/6/61/Blakeyofficialphoto.jpg/330px-Blakeyofficialphoto.jpg?utm_source=commons.wikimedia.org&utm_campaign=imageinfo&utm_content=thumbnail,https://commons.wikimedia.org/wiki/File:Blakeyofficialphoto.jpg,Public domain,false,,,false,,,false,Phase-2 sweep; FJC + CourtListener.
14416,Martha Maria Pacold,Pacold,ilnd,ILND1704,active,false,Donald J. Trump,Republican,2019-05-21,2019-07-31,2019-08-16,,,University of Chicago Law School,2002,Qualified,https://www.courtlistener.com/person/14416/martha-maria-pacold/,https://upload.wikimedia.org/wikipedia/commons/0/0d/Martha_Pacold%2C_cropped.png?utm_source=commons.wikimedia.org&utm_campaign=imageinfo&utm_content=thumbnail_unscaled,"https://commons.wikimedia.org/wiki/File:Martha_Pacold,_cropped.png",Public domain,true,member,https://en.wikipedia.org/w/index.php?title=Martha_M._Pacold&oldid=1359701812,false,,,false,Phase-2 sweep; FJC + CourtListener.
10140,Mary Margaret Rowland,Rowland,ilnd,ILND1205,active,false,Donald J. Trump,Republican,2019-05-21,2019-07-31,2019-08-20,,,University of Chicago Law School,1988,Well Qualified,https://www.courtlistener.com/person/10140/mary-m-rowland/,https://upload.wikimedia.org/wikipedia/commons/b/bb/Mary_M._Rowland_%28cropped%29.jpg?utm_source=commons.wikimedia.org&utm_campaign=imageinfo&utm_content=thumbnail_unscaled,https://commons.wikimedia.org/wiki/File:Mary_M._Rowland_(cropped).jpg,Public domain,false,,,false,,,false,Phase-2 sweep; FJC + CourtListener.
15361,Steven Charles Seeger,Seeger,ilnd,ILND1303,active,false,Donald J. Trump,Republican,2019-05-21,2019-09-11,2019-09-13,,,University of Michigan Law School,1997,Well Qualified,https://www.courtlistener.com/person/15361/steven-c-seeger/,https://upload.wikimedia.org/wikipedia/commons/thumb/6/6c/Steven_Seeger_%28Judge%29_%28cropped%29.jpg/330px-Steven_Seeger_%28Judge%29_%28cropped%29.jpg?utm_source=commons.wikimedia.org&utm_campaign=imageinfo&utm_content=thumbnail,https://commons.wikimedia.org/wiki/File:Steven_Seeger_(Judge)_(cropped).jpg,Public domain,false,,,false,,,false,Phase-2 sweep; FJC + CourtListener.
,John Fitzgerald Kness,Kness,ilnd,ILND1603,active,false,Donald J. Trump,Republican,2019-06-24,2020-02-12,2020-02-18,,,Northwestern University School of Law (now Pritzker School of Law),2003,Qualified,,https://upload.wikimedia.org/wikipedia/commons/thumb/f/f6/John_Kness_%28Judge%29_%28cropped%29.jpg/330px-John_Kness_%28Judge%29_%28cropped%29.jpg?utm_source=commons.wikimedia.org&utm_campaign=imageinfo&utm_content=thumbnail,https://commons.wikimedia.org/wiki/File:John_Kness_(Judge)_(cropped).jpg,Public domain,true,member,https://en.wikipedia.org/w/index.php?title=John_F._Kness&oldid=1352078001,false,,,false,Phase-2 sweep; FJC + CourtListener.
9232,Iain David Johnston,Johnston,ilnd,ILND2303,active,false,Donald J. Trump,Republican,2020-02-12,2020-09-17,2020-09-23,,,John Marshall Law School (now University of Illinois Chicago School of Law),1990,Well Qualified,https://www.courtlistener.com/person/9232/iain-d-johnston/,https://upload.wikimedia.org/wikipedia/commons/thumb/e/e8/Iain_Johnston.jpg/330px-Iain_Johnston.jpg?utm_source=commons.wikimedia.org&utm_campaign=imageinfo&utm_content=thumbnail,https://commons.wikimedia.org/wiki/File:Iain_Johnston.jpg,Public domain,true,member,https://en.wikipedia.org/w/index.php?title=Iain_D._Johnston&oldid=1350803947,false,,,false,Phase-2 sweep; FJC + CourtListener.
14467,Franklin Ulyses Valderrama,Valderrama,ilnd,ILND0605,active,false,Donald J. Trump,Republican,2020-02-12,2020-09-17,2020-09-23,,,DePaul University College of Law,1988,Well Qualified,https://www.courtlistener.com/person/14467/franklin-ulyses-valderrama/,https://upload.wikimedia.org/wikipedia/commons/b/b5/Franklin_U._Valderrama_%28cropped%29.jpg?utm_source=commons.wikimedia.org&utm_campaign=imageinfo&utm_content=thumbnail_unscaled,https://commons.wikimedia.org/wiki/File:Franklin_U._Valderrama_(cropped).jpg,Public domain,false,,,false,,,false,Phase-2 sweep; FJC + CourtListener.
,Lindsay Clayton Jenkins,Jenkins,ilnd,ILND1406,active,false,Joseph R. Biden,Democratic,2023-01-03,2023-02-14,2023-02-24,,,"Cleveland State University, Cleveland-Marshall College of Law",2002,Well Qualified,,https://upload.wikimedia.org/wikipedia/commons/thumb/1/11/Lindsay_C._Jenkins.jpg/330px-Lindsay_C._Jenkins.jpg?utm_source=commons.wikimedia.org&utm_campaign=imageinfo&utm_content=thumbnail,https://commons.wikimedia.org/wiki/File:Lindsay_C._Jenkins.jpg,Public domain,false,,,false,,,false,Phase-2 sweep; FJC + CourtListener.
8794,LaShonda Annette Hunt,Hunt,ilnd,ILND1802,active,false,Joseph R. Biden,Democratic,2023-01-31,2023-05-04,2023-05-26,,,University of Michigan Law School,1995,Well Qualified,https://www.courtlistener.com/person/8794/lashonda-a-hunt/,https://upload.wikimedia.org/wikipedia/commons/thumb/c/cd/LaShonda_A._Hunt.jpg/330px-LaShonda_A._Hunt.jpg?utm_source=commons.wikimedia.org&utm_campaign=imageinfo&utm_content=thumbnail,https://commons.wikimedia.org/wiki/File:LaShonda_A._Hunt.jpg,Public domain,false,,,false,,,false,Phase-2 sweep; FJC + CourtListener.
,Jeremy Christen Daniel,Daniel,ilnd,ILND0906,active,false,Joseph R. Biden,Democratic,2023-03-21,2023-05-17,2023-06-06,,,Loyola University Chicago School of Law,2007,Well Qualified,,https://upload.wikimedia.org/wikipedia/commons/thumb/d/dd/Jeremy_C_Daniel.jpg/330px-Jeremy_C_Daniel.jpg?utm_source=commons.wikimedia.org&utm_campaign=imageinfo&utm_content=thumbnail,https://commons.wikimedia.org/wiki/File:Jeremy_C_Daniel.jpg,Public domain,false,,,false,,,false,Phase-2 sweep; FJC + CourtListener.
9225,Jeffrey Irvine Cummings,Cummings,ilnd,ILND2401,active,false,Joseph R. Biden,Democratic,2023-01-31,2023-09-12,2023-10-10,,,Northwestern University School of Law (now Pritzker School of Law),1987,Well Qualified,https://www.courtlistener.com/person/9225/jeffrey-i-cummings/,https://upload.wikimedia.org/wikipedia/commons/thumb/0/02/Jeffrey_Cummings%2C_U.S._Magistrate_Judge.png/330px-Jeffrey_Cummings%2C_U.S._Magistrate_Judge.png?utm_source=commons.wikimedia.org&utm_campaign=imageinfo&utm_content=thumbnail,"https://commons.wikimedia.org/wiki/File:Jeffrey_Cummings,_U.S._Magistrate_Judge.png",Public domain,false,,,false,,,false,Phase-2 sweep; FJC + CourtListener.
9229,Sunil Ramesh Harjani,Harjani,ilnd,ILND0806,active,false,Joseph R. Biden,Democratic,2024-02-01,2024-03-12,2024-03-20,,,Northwestern University School of Law (now Pritzker School of Law),2000,Well Qualified,https://www.courtlistener.com/person/9229/sunil-r-harjani/,https://upload.wikimedia.org/wikipedia/commons/thumb/8/88/Sunil-R.-Harjani-02-08-24.jpg/330px-Sunil-R.-Harjani-02-08-24.jpg?utm_source=commons.wikimedia.org&utm_campaign=imageinfo&utm_content=thumbnail,https://commons.wikimedia.org/wiki/File:Sunil-R.-Harjani-02-08-24.jpg,Public domain,false,,,false,,,false,Phase-2 sweep; FJC + CourtListener.
,Georgia Nick Alexakis,Alexakis,ilnd,ILND0113,active,false,Joseph R. Biden,Democratic,2024-02-27,2024-05-01,2024-08-02,,,Northwestern University School of Law (now Pritzker School of Law),2006,Well Qualified,,https://upload.wikimedia.org/wikipedia/commons/thumb/2/25/Georgia_N._Alexakis-03-20-24.jpg/330px-Georgia_N._Alexakis-03-20-24.jpg?utm_source=commons.wikimedia.org&utm_campaign=imageinfo&utm_content=thumbnail,https://commons.wikimedia.org/wiki/File:Georgia_N._Alexakis-03-20-24.jpg,Public domain,false,,,false,,,false,Phase-2 sweep; FJC + CourtListener.
,April Michelle Perry,Perry,ilnd,ILND0507,active,false,Joseph R. Biden,Democratic,2024-07-11,2024-11-12,2024-11-20,,,Northwestern University School of Law (now Pritzker School of Law),2003,Well Qualified,,https://upload.wikimedia.org/wikipedia/commons/a/aa/April_M._Perry-7-31-24.jpg,https://commons.wikimedia.org/wiki/File:April_M._Perry-7-31-24.jpg,Public domain — credit: U.S. Senate Committee on the Judiciary,false,,,false,,,false,Phase-2 sweep; FJC + CourtListener.
1198,John Phil Gilbert,Gilbert,ilsd,ILSD0302,senior,false,George H.W. Bush,Republican,1992-07-02,1992-09-23,1992-09-24,2014-03-15,,Loyola University Chicago School of Law,1974,Well Qualified,https://www.courtlistener.com/person/1198/john-phil-gilbert/,,,,false,,,false,,,false,Phase-2 sweep; FJC + CourtListener.
2782,Nancy Jo Rosenstengel,Rosenstengel,ilsd,ILSD0503,active,false,Barack Obama,Democratic,2014-01-06,2014-05-08,2014-05-12,,,Southern Illinois University School of Law,1993,Qualified,https://www.courtlistener.com/person/2782/nancy-jo-rosenstengel/,https://upload.wikimedia.org/wikipedia/commons/thumb/6/6d/Nancy_Rosenstengel.jpg/330px-Nancy_Rosenstengel.jpg?utm_source=commons.wikimedia.org&utm_campaign=imageinfo&utm_content=thumbnail,https://commons.wikimedia.org/wiki/File:Nancy_Rosenstengel.jpg,Public domain,false,,,false,,,false,Phase-2 sweep; FJC + CourtListener.
3576,Staci Michelle Yandle,Yandle,ilsd,ILSD0303,active,true,Barack Obama,Democratic,2014-01-16,2014-06-17,2014-06-19,,,Vanderbilt University Law School,1987,Qualified,https://www.courtlistener.com/person/3576/staci-michelle-yandle/,https://upload.wikimedia.org/wikipedia/commons/thumb/1/10/Staci_Yandle.jpg/330px-Staci_Yandle.jpg?utm_source=commons.wikimedia.org&utm_campaign=imageinfo&utm_content=thumbnail,https://commons.wikimedia.org/wiki/File:Staci_Yandle.jpg,Public domain,false,,,false,,,false,Phase-2 sweep; FJC + CourtListener.
7240,Stephen Patrick McGlynn,McGlynn,ilsd,ILSD0702,active,false,Donald J. Trump,Republican,2020-02-04,2020-09-16,2020-09-18,,,St. Louis University School of Law,1987,Well Qualified,https://www.courtlistener.com/person/7240/stephen-patrick-mcglynn/,https://upload.wikimedia.org/wikipedia/commons/thumb/4/45/Steve_McGlynn.jpg/330px-Steve_McGlynn.jpg?utm_source=commons.wikimedia.org&utm_campaign=imageinfo&utm_content=thumbnail,https://commons.wikimedia.org/wiki/File:Steve_McGlynn.jpg,Public domain,false,,,false,,,false,Phase-2 sweep; FJC + CourtListener.
15336,David Wayne Dugan,Dugan,ilsd,ILSD0403,active,false,Donald J. Trump,Republican,2020-02-12,2020-09-16,2020-09-23,,,Valparaiso University Law School,1985,Well Qualified,https://www.courtlistener.com/person/15336/david-wayne-dugan/,https://upload.wikimedia.org/wikipedia/commons/thumb/b/ba/David_Dugan.jpg/330px-David_Dugan.jpg?utm_source=commons.wikimedia.org&utm_campaign=imageinfo&utm_content=thumbnail,https://commons.wikimedia.org/wiki/File:David_Dugan.jpg,Public domain,true,member,https://en.wikipedia.org/w/index.php?title=David_W._Dugan&oldid=1360868640,false,,,false,Phase-2 sweep; FJC + CourtListener.
2287,James Tyne Moody,Moody,innd,INND0104,senior,false,Ronald Reagan,Republican,1981-12-04,1982-02-08,1982-02-09,2003-06-17,,Indiana University School of Law -- Bloomington (now Maurer School of Law),1963,Qualified,https://www.courtlistener.com/person/2287/james-tyne-moody/,,,,false,,,false,,,false,Phase-2 sweep; FJC + CourtListener.
2257,Robert Lowell Miller Jr.,Miller,innd,INND0501,senior,false,Ronald Reagan,Republican,1985-10-23,1985-12-16,1985-12-17,2016-01-11,,Indiana University School of Law -- Indianapolis (now McKinney School of Law),1975,Qualified,https://www.courtlistener.com/person/2257/robert-lowell-miller-jr/,,,,false,,,false,,,false,Phase-2 sweep; FJC + CourtListener.
2972,Philip P. Simon,Simon,innd,INND0402,active,false,George W. Bush,Republican,2003-01-29,2003-03-27,2003-03-27,,,Indiana University School of Law -- Bloomington (now Maurer School of Law),1987,Well Qualified,https://www.courtlistener.com/person/2972/philip-p-simon/,https://georgewbush-whitehouse.archives.gov/infocus/judicialnominees/images/psimon-100.jpg,https://georgewbush-whitehouse.archives.gov/infocus/judicialnominees/psimon.html,Public domain (PD-USGov) — credit: George W. Bush White House Archives,false,,,false,,,false,Phase-2 sweep; FJC + CourtListener.
3061,Theresa Lazar Springmann,Springmann,innd,INND0105,senior,false,George W. Bush,Republican,2003-01-29,2003-03-31,2003-06-24,2020-01-23,,Notre Dame Law School,1980,Well Qualified,https://www.courtlistener.com/person/3061/theresa-lazar-springmann/,https://upload.wikimedia.org/wikipedia/commons/thumb/e/e7/TheresaLazarSpringmann-RobePortrait.jpg/330px-TheresaLazarSpringmann-RobePortrait.jpg?utm_source=commons.wikimedia.org&utm_campaign=imageinfo&utm_content=thumbnail,https://commons.wikimedia.org/wiki/File:TheresaLazarSpringmann-RobePortrait.jpg,CC BY-SA 4.0 — credit: INNDUSCourts,false,,,false,,,false,Phase-2 sweep; FJC + CourtListener.
3295,Joseph S. Van Bokkelen,Van Bokkelen,innd,INND0305,senior,false,George W. Bush,Republican,2007-01-09,2007-06-28,2007-07-18,2017-09-29,,Indiana University School of Law -- Bloomington (now Maurer School of Law),1969,Well Qualified,https://www.courtlistener.com/person/3295/joseph-s-van-bokkelen/,https://upload.wikimedia.org/wikipedia/commons/thumb/e/e8/Joe_Van_Bokkelen.jpg/330px-Joe_Van_Bokkelen.jpg?utm_source=commons.wikimedia.org&utm_campaign=imageinfo&utm_content=thumbnail,https://commons.wikimedia.org/wiki/File:Joe_Van_Bokkelen.jpg,Public domain,false,,,false,,,false,Phase-2 sweep; FJC + CourtListener.
847,Jon Ernest DeGuilio,DeGuilio,innd,INND0204,senior,false,Barack Obama,Democratic,2010-01-20,2010-05-11,2010-05-13,2023-07-17,,Valparaiso University Law School,1981,Qualified,https://www.courtlistener.com/person/847/jon-ernest-deguilio/,https://upload.wikimedia.org/wikipedia/commons/thumb/3/38/Jon_Deguilio.jpg/330px-Jon_Deguilio.jpg?utm_source=commons.wikimedia.org&utm_campaign=imageinfo&utm_content=thumbnail,https://commons.wikimedia.org/wiki/File:Jon_Deguilio.jpg,Public domain,false,,,false,,,false,Phase-2 sweep; FJC + CourtListener.
8551,Holly Ann Brady,Brady,innd,INND0306,active,true,Donald J. Trump,Republican,2019-01-23,2019-04-10,2019-04-16,,,Valparaiso University Law School,1994,Qualified,https://www.courtlistener.com/person/8551/holly-ann-brady/,https://upload.wikimedia.org/wikipedia/commons/thumb/5/50/Holly_A_Brady.png/330px-Holly_A_Brady.png?utm_source=commons.wikimedia.org&utm_campaign=imageinfo&utm_content=thumbnail,https://commons.wikimedia.org/wiki/File:Holly_A_Brady.png,Public domain,false,,,false,,,false,Phase-2 sweep; FJC + CourtListener.
14419,Damon Ray Leichty,Leichty,innd,INND0502,active,false,Donald J. Trump,Republican,2019-01-23,2019-07-10,2019-07-26,,,Indiana University School of Law -- Bloomington (now Maurer School of Law),1999,Well Qualified,https://www.courtlistener.com/person/14419/damon-ray-leichty/,https://upload.wikimedia.org/wikipedia/commons/thumb/f/f8/Damon_Leichty_%28Judge%29_%28cropped%29.jpg/330px-Damon_Leichty_%28Judge%29_%28cropped%29.jpg?utm_source=commons.wikimedia.org&utm_campaign=imageinfo&utm_content=thumbnail,https://commons.wikimedia.org/wiki/File:Damon_Leichty_(Judge)_(cropped).jpg,Public domain,false,,,false,,,false,Phase-2 sweep; FJC + CourtListener.
,Cristal C. Brisco,Brisco,innd,INND0106,active,false,Joseph R. Biden,Democratic,2024-01-08,2024-01-24,2024-01-26,,,Notre Dame Law School,2006,Well Qualified,,https://upload.wikimedia.org/wikipedia/commons/thumb/1/11/Cristal_C._Brisco_Cropped.png/330px-Cristal_C._Brisco_Cropped.png?utm_source=commons.wikimedia.org&utm_campaign=imageinfo&utm_content=thumbnail,https://commons.wikimedia.org/wiki/File:Cristal_C._Brisco_Cropped.png,CC BY-SA 4.0 — credit: U.S. Senate Judiciary Committee,false,,,false,,,false,Phase-2 sweep; FJC + CourtListener.
,Gretchen Suzanne Lund,Lund,innd,INND0205,active,false,Joseph R. Biden,Democratic,2024-01-08,2024-01-25,2024-01-29,,,Valparaiso University Law School,2001,Well Qualified,,https://upload.wikimedia.org/wikipedia/commons/0/0d/Gretchen_Suzanne_Lund_Cropped.png,https://commons.wikimedia.org/wiki/File:Gretchen_Suzanne_Lund_Cropped.png,CC BY-SA 4.0 — credit: U.S. Senate Judiciary Committee,false,,,false,,,false,Phase-2 sweep; FJC + CourtListener.
170,Sarah Evans Barker,Barker,insd,INSD0202,senior,false,Ronald Reagan,Republican,1984-02-14,1984-03-13,1984-03-14,2014-06-30,,"American University, Washington College of Law",1969,Well Qualified,https://www.courtlistener.com/person/170/sarah-evans-barker/,https://upload.wikimedia.org/wikipedia/commons/thumb/4/46/Sarah_Evans_Baker.png/330px-Sarah_Evans_Baker.png?utm_source=commons.wikimedia.org&utm_campaign=imageinfo&utm_content=thumbnail,https://commons.wikimedia.org/wiki/File:Sarah_Evans_Baker.png,Public domain,false,,,false,,,false,Phase-2 sweep; FJC + CourtListener.
3587,Richard L. Young,Young,insd,INSD0502,senior,false,William J. Clinton,Democratic,1997-07-15,1998-03-02,1998-03-06,2023-03-31,,George Mason University School of Law (now Antonin Scalia Law School),1980,Well Qualified,https://www.courtlistener.com/person/3587/richard-l-young/,,,,false,,,false,,,false,Phase-2 sweep; FJC + CourtListener.
1872,William T. Lawrence,Lawrence,insd,INSD0403,senior,false,George W. Bush,Republican,2008-02-14,2008-06-26,2008-06-30,2018-07-01,,Indiana University School of Law -- Indianapolis (now McKinney School of Law),1973,Well Qualified,https://www.courtlistener.com/person/1872/william-t-lawrence/,https://upload.wikimedia.org/wikipedia/commons/thumb/7/79/William_T._Lawrence%2C_U.S._District_Court_Judge.jpg/330px-William_T._Lawrence%2C_U.S._District_Court_Judge.jpg?utm_source=commons.wikimedia.org&utm_campaign=imageinfo&utm_content=thumbnail,"https://commons.wikimedia.org/wiki/File:William_T._Lawrence,_U.S._District_Court_Judge.jpg",Public domain,false,,,false,,,false,Phase-2 sweep; FJC + CourtListener.
2013,Jane Elizabeth Magnus-Stinson,Magnus-Stinson,insd,INSD0104,senior,false,Barack Obama,Democratic,2010-01-20,2010-06-07,2010-06-09,2024-07-01,,Indiana University School of Law -- Indianapolis (now McKinney School of Law),1983,Well Qualified,https://www.courtlistener.com/person/2013/jane-elizabeth-magnus-stinson/,https://upload.wikimedia.org/wikipedia/commons/thumb/7/78/Jane_Magnus-Stinson_%28cropped%29.jpg/330px-Jane_Magnus-Stinson_%28cropped%29.jpg?utm_source=commons.wikimedia.org&utm_campaign=imageinfo&utm_content=thumbnail,https://commons.wikimedia.org/wiki/File:Jane_Magnus-Stinson_(cropped).jpg,Public domain,false,,,false,,,false,Phase-2 sweep; FJC + CourtListener.
2617,Tanya Walton Pratt,Pratt,insd,INSD0303,active,false,Barack Obama,Democratic,2010-01-20,2010-06-15,2010-06-15,,,Howard University School of Law,1984,Well Qualified,https://www.courtlistener.com/person/2617/tanya-walton-pratt/,https://upload.wikimedia.org/wikipedia/commons/thumb/e/ec/Tanya_Walton_Pratt.jpg/330px-Tanya_Walton_Pratt.jpg?utm_source=commons.wikimedia.org&utm_campaign=imageinfo&utm_content=thumbnail,https://commons.wikimedia.org/wiki/File:Tanya_Walton_Pratt.jpg,Public domain,false,,,false,,,false,Phase-2 sweep; FJC + CourtListener.
8640,James Russell Sweeney II,Sweeney,insd,INSD0203,active,true,Donald J. Trump,Republican,2017-11-01,2018-08-28,2018-09-13,,,Notre Dame Law School,1996,Well Qualified,https://www.courtlistener.com/person/8640/james-russell-sweeney-ii/,https://upload.wikimedia.org/wikipedia/commons/thumb/8/8a/James_R._Sweeney_%28Judge%29_%28cropped%29.jpg/330px-James_R._Sweeney_%28Judge%29_%28cropped%29.jpg?utm_source=commons.wikimedia.org&utm_campaign=imageinfo&utm_content=thumbnail,https://commons.wikimedia.org/wiki/File:James_R._Sweeney_(Judge)_(cropped).jpg,Public domain,false,,,false,,,false,Phase-2 sweep; FJC + CourtListener.
8582,James Patrick Hanlon,Hanlon,insd,INSD0404,active,false,Donald J. Trump,Republican,2018-04-12,2018-10-11,2018-11-05,,,Valparaiso University Law School,1996,Well Qualified,https://www.courtlistener.com/person/8582/james-patrick-hanlon/,https://upload.wikimedia.org/wikipedia/commons/thumb/c/ce/James_Patrick_Hanlon.jpg/330px-James_Patrick_Hanlon.jpg?utm_source=commons.wikimedia.org&utm_campaign=imageinfo&utm_content=thumbnail,https://commons.wikimedia.org/wiki/File:James_Patrick_Hanlon.jpg,Public domain,false,,,false,,,false,Phase-2 sweep; FJC + CourtListener.
9248,Matthew Paul Brookman,Brookman,insd,INSD0503,active,false,Joseph R. Biden,Democratic,2023-01-03,2023-03-29,2023-03-31,,,Washington University School of Law,1993,Well Qualified,https://www.courtlistener.com/person/9248/matthew-brookman/,https://upload.wikimedia.org/wikipedia/commons/thumb/b/bf/Matthew_P._Brookman.jpg/330px-Matthew_P._Brookman.jpg?utm_source=commons.wikimedia.org&utm_campaign=imageinfo&utm_content=thumbnail,https://commons.wikimedia.org/wiki/File:Matthew_P._Brookman.jpg,Public domain,false,,,false,,,false,Phase-2 sweep; FJC + CourtListener.
,Justin Ross Olson,Olson,insd,INSD0105,active,false,Donald J. Trump,Republican,2026-01-05,2026-02-05,2026-02-18,,,Indiana University Maurer School of Law,2013,Qualified,,https://upload.wikimedia.org/wikipedia/commons/e/ee/Justin_Olson.png,https://commons.wikimedia.org/wiki/File:Justin_Olson.png,Public domain (PD-USGov) — credit: U.S. Senate Judiciary Committee,false,,,false,,,false,Phase-2 sweep; FJC + CourtListener.
1988,John Watson Lungstrum,Lungstrum,ksd,KSD0702,senior,false,George H.W. Bush,Republican,1991-07-24,1991-10-31,1991-11-05,2010-11-02,,University of Kansas School of Law,1970,Well Qualified,https://www.courtlistener.com/person/1988/john-watson-lungstrum/,https://upload.wikimedia.org/wikipedia/commons/thumb/8/88/John_W._Lungstrum%2C_U.S._District_Court_Judge.png/330px-John_W._Lungstrum%2C_U.S._District_Court_Judge.png?utm_source=commons.wikimedia.org&utm_campaign=imageinfo&utm_content=thumbnail,"https://commons.wikimedia.org/wiki/File:John_W._Lungstrum,_U.S._District_Court_Judge.png",Public domain,false,,,false,,,false,Phase-2 sweep; FJC + CourtListener.
245,Monti L. Belot,Belot,ksd,KSD0801,senior,false,George H.W. Bush,Republican,1991-07-26,1991-11-21,1991-11-25,2008-03-04,,University of Kansas School of Law,1968,Well Qualified,https://www.courtlistener.com/person/245/monti-l-belot/,,,,false,,,false,,,false,Phase-2 sweep; FJC + CourtListener.
3331,Kathryn Hoefer Vratil,Vratil,ksd,KSD0304,senior,false,George H.W. Bush,Republican,1992-07-28,1992-10-08,1992-10-09,2014-04-22,,University of Kansas School of Law,1975,Qualified,https://www.courtlistener.com/person/3331/kathryn-hoefer-vratil/,https://upload.wikimedia.org/wikipedia/commons/thumb/6/68/Judge_Kathryn_H._Vratil.jpg/330px-Judge_Kathryn_H._Vratil.jpg?utm_source=commons.wikimedia.org&utm_campaign=imageinfo&utm_content=thumbnail,https://commons.wikimedia.org/wiki/File:Judge_Kathryn_H._Vratil.jpg,Public domain,false,,,false,,,false,Phase-2 sweep; FJC + CourtListener.
2746,Julie A. Robinson,Robinson,ksd,KSD0504,senior,false,George W. Bush,Republican,2001-09-10,2001-12-11,2001-12-13,2022-01-14,,University of Kansas School of Law,1981,Well Qualified,https://www.courtlistener.com/person/2746/julie-a-robinson/,https://upload.wikimedia.org/wikipedia/commons/6/69/Julie_A.Robinson_District_Judge.jpg?utm_source=commons.wikimedia.org&utm_campaign=imageinfo&utm_content=thumbnail_unscaled,https://commons.wikimedia.org/wiki/File:Julie_A.Robinson_District_Judge.jpg,Public domain,false,,,false,,,false,Phase-2 sweep; FJC + CourtListener.
2211,Eric F. Melgren,Melgren,ksd,KSD0802,senior,false,George W. Bush,Republican,2008-07-23,2008-09-26,2008-10-06,2025-09-01,,Washburn University School of Law,1985,Well Qualified,https://www.courtlistener.com/person/2211/eric-f-melgren/,,,,false,,,false,,,false,Phase-2 sweep; FJC + CourtListener.
753,Daniel Dale Crabtree,Crabtree,ksd,KSD0703,senior,false,Barack Obama,Democratic,2014-01-06,2014-04-30,2014-05-01,2025-08-11,,University of Kansas School of Law,1981,Well Qualified,https://www.courtlistener.com/person/753/daniel-dale-crabtree/,https://upload.wikimedia.org/wikipedia/commons/thumb/8/8e/Daniel_Crabtree.jpg/330px-Daniel_Crabtree.jpg?utm_source=commons.wikimedia.org&utm_campaign=imageinfo&utm_content=thumbnail,https://commons.wikimedia.org/wiki/File:Daniel_Crabtree.jpg,Public domain,false,,,false,,,false,Phase-2 sweep; FJC + CourtListener.
8555,John Wesley Broomes,Broomes,ksd,KSD0405,active,true,Donald J. Trump,Republican,2017-09-07,2018-04-12,2018-04-16,,,Washburn University School of Law,2002,Qualified,https://www.courtlistener.com/person/8555/john-wesley-broomes/,https://upload.wikimedia.org/wikipedia/commons/5/58/John_W_Broomes.jpg?utm_source=commons.wikimedia.org&utm_campaign=imageinfo&utm_content=thumbnail_unscaled,https://commons.wikimedia.org/wiki/File:John_W_Broomes.jpg,Public domain,false,,,false,,,false,Phase-2 sweep; FJC + CourtListener.
8641,Holly Lou Teeter,Teeter,ksd,KSD0305,active,false,Donald J. Trump,Republican,2018-01-08,2018-08-01,2018-08-03,,,University of Kansas School of Law,2006,Not Qualified,https://www.courtlistener.com/person/8641/holly-lou-teeter/,https://upload.wikimedia.org/wikipedia/commons/thumb/6/66/Holly_Lou_Teeter_official_photo.jpg/330px-Holly_Lou_Teeter_official_photo.jpg?utm_source=commons.wikimedia.org&utm_campaign=imageinfo&utm_content=thumbnail,https://commons.wikimedia.org/wiki/File:Holly_Lou_Teeter_official_photo.jpg,Public domain,false,,,false,,,false,Phase-2 sweep; FJC + CourtListener.
,Toby Jon Crouse,Crouse,ksd,KSD0604,active,false,Donald J. Trump,Republican,2020-05-21,2020-11-17,2020-12-02,,,University of Kansas School of Law,2000,Well Qualified,,https://upload.wikimedia.org/wikipedia/commons/thumb/4/4d/Toby_Crouse.jpg/330px-Toby_Crouse.jpg?utm_source=commons.wikimedia.org&utm_campaign=imageinfo&utm_content=thumbnail,https://commons.wikimedia.org/wiki/File:Toby_Crouse.jpg,Public domain,true,member,https://en.wikipedia.org/w/index.php?title=Toby_Crouse&oldid=1323021303,false,,,false,Phase-2 sweep; FJC + CourtListener.
,Jeffrey Marion Kuhlman,Kuhlman,ksd,KSD0803,active,false,Donald J. Trump,Republican,2026-03-02,2026-06-02,2026-06-18,,,George Mason University School of Law (now Antonin Scalia Law School),2015,Qualified,,https://upload.wikimedia.org/wikipedia/commons/6/6a/Jeffrey_M._Kuhlman.png,https://commons.wikimedia.org/wiki/File:Jeffrey_M._Kuhlman.png,Public domain (PD-USGov) — credit: U.S. Senate Judiciary Committee,false,,,false,,,false,Phase-2 sweep; FJC + CourtListener.
,Anthony Wayne Mattivi,Mattivi,ksd,KSD0704,active,false,Donald J. Trump,Republican,2026-03-02,2026-06-09,2026-06-18,,,Washburn University School of Law,1994,Well Qualified,,https://upload.wikimedia.org/wikipedia/commons/3/3d/Anthony_W._Mattivi.png,https://commons.wikimedia.org/wiki/File:Anthony_W._Mattivi.png,Public domain (PD-USGov) — credit: U.S. Senate Judiciary Committee,false,,,false,,,false,Phase-2 sweep; FJC + CourtListener.
,Anthony John Powell,Powell,ksd,KSD0505,active,false,Donald J. Trump,Republican,2026-03-02,2026-06-10,2026-06-18,,,Washburn University School of Law,1991,Qualified,,https://upload.wikimedia.org/wikipedia/commons/f/f5/Anthony_J._Powell.png,https://commons.wikimedia.org/wiki/File:Anthony_J._Powell.png,Public domain (PD-USGov) — credit: U.S. Senate Judiciary Committee,false,,,false,,,false,Phase-2 sweep; FJC + CourtListener.
263,William Odis Bertelsman,Bertelsman,kyed,KYED0501,senior,false,Jimmy Carter,Democratic,1979-10-11,1979-11-26,1979-11-27,2001-02-01,,University of Cincinnati College of Law,1961,Well Qualified,https://www.courtlistener.com/person/263/william-odis-bertelsman/,https://upload.wikimedia.org/wikipedia/commons/thumb/5/59/William_O_Bertelsman.png/330px-William_O_Bertelsman.png?utm_source=commons.wikimedia.org&utm_campaign=imageinfo&utm_content=thumbnail,https://commons.wikimedia.org/wiki/File:William_O_Bertelsman.png,Public domain,false,,,false,,,false,Phase-2 sweep; FJC + CourtListener.
1510,Joseph Martin Hood,Hood,kyed,KYED0402,senior,false,George H.W. Bush,Republican,1990-01-24,1990-04-27,1990-04-30,2007-10-14,,University of Kentucky College of Law,1972,Qualified,https://www.courtlistener.com/person/1510/joseph-martin-hood/,https://upload.wikimedia.org/wikipedia/commons/6/6e/Joseph_M._Hood_portrait_2007.jpg?utm_source=commons.wikimedia.org&utm_campaign=imageinfo&utm_content=thumbnail_unscaled,https://commons.wikimedia.org/wiki/File:Joseph_M._Hood_portrait_2007.jpg,Public domain,false,,,false,,,false,Phase-2 sweep; FJC + CourtListener.
509,Karen K. Caldwell,Caldwell,kyed,KYED0303,active,false,George W. Bush,Republican,2001-09-04,2001-10-23,2001-10-24,,,University of Kentucky College of Law,1980,Qualified,https://www.courtlistener.com/person/509/karen-k-caldwell/,https://upload.wikimedia.org/wikipedia/commons/d/df/Karen_K_Caldwell.png?utm_source=commons.wikimedia.org&utm_campaign=imageinfo&utm_content=thumbnail_unscaled,https://commons.wikimedia.org/wiki/File:Karen_K_Caldwell.png,Public domain,false,,,false,,,false,Phase-2 sweep; FJC + CourtListener.
2687,Danny C. Reeves,Reeves,kyed,KYED0801,senior,false,George W. Bush,Republican,2001-09-04,2001-12-06,2001-12-10,2025-02-01,,"Northern Kentucky University, Salmon P. Chase College of Law",1981,Qualified,https://www.courtlistener.com/person/2687/danny-c-reeves/,https://upload.wikimedia.org/wikipedia/commons/e/e7/Danny_C_Reeves.JPG?utm_source=commons.wikimedia.org&utm_campaign=imageinfo&utm_content=thumbnail_unscaled,https://commons.wikimedia.org/wiki/File:Danny_C_Reeves.JPG,Public domain,false,,,false,,,false,Phase-2 sweep; FJC + CourtListener.
461,David L. Bunning,Bunning,kyed,KYED0502,active,true,George W. Bush,Republican,2001-09-04,2002-02-14,2002-02-19,,,University of Kentucky College of Law,1991,Not Qualified,https://www.courtlistener.com/person/461/david-l-bunning/,https://upload.wikimedia.org/wikipedia/commons/a/ac/David_L._Bunning.JPG?utm_source=commons.wikimedia.org&utm_campaign=imageinfo&utm_content=thumbnail_unscaled,https://commons.wikimedia.org/wiki/File:David_L._Bunning.JPG,Public domain,false,,,false,,,false,Phase-2 sweep; FJC + CourtListener.
3306,Gregory Frederick Van Tatenhove,Van Tatenhove,kyed,KYED0702,active,false,George W. Bush,Republican,2005-09-13,2005-12-21,2006-01-05,,,University of Kentucky College of Law,1989,Not Qualified,https://www.courtlistener.com/person/3306/gregory-frederick-van-tatenhove/,https://upload.wikimedia.org/wikipedia/commons/3/3d/Gregory_F._Van_Tatenhove_US_Attorney.jpg?utm_source=commons.wikimedia.org&utm_campaign=imageinfo&utm_content=thumbnail_unscaled,https://commons.wikimedia.org/wiki/File:Gregory_F._Van_Tatenhove_US_Attorney.jpg,Public domain,false,,,false,,,false,Phase-2 sweep; FJC + CourtListener.
8549,Claria Horn Boom,Boom,kyed,KYED0204,active,false,Donald J. Trump,Republican,2017-06-12,2018-04-10,2018-04-11,,,Vanderbilt University Law School,1994,Qualified,https://www.courtlistener.com/person/8549/claria-horn-boom/,https://upload.wikimedia.org/wikipedia/commons/thumb/8/84/Claria_Horn_Boom.jpg/330px-Claria_Horn_Boom.jpg?utm_source=commons.wikimedia.org&utm_campaign=imageinfo&utm_content=thumbnail,https://commons.wikimedia.org/wiki/File:Claria_Horn_Boom.jpg,Public domain,false,,,false,,,false,Phase-2 sweep; FJC + CourtListener.
8648,Robert Earl Wier,Wier,kyed,KYED0404,active,false,Donald J. Trump,Republican,2017-08-03,2018-06-05,2018-06-12,,,University of Kentucky College of Law,1992,Well Qualified,https://www.courtlistener.com/person/8648/robert-earl-wier/,https://upload.wikimedia.org/wikipedia/commons/thumb/6/63/Robert_Wier_%28Judge%29_%28cropped%29.jpg/330px-Robert_Wier_%28Judge%29_%28cropped%29.jpg?utm_source=commons.wikimedia.org&utm_campaign=imageinfo&utm_content=thumbnail,https://commons.wikimedia.org/wiki/File:Robert_Wier_(Judge)_(cropped).jpg,Public domain,false,,,false,,,false,Phase-2 sweep; FJC + CourtListener.
,Stephen Chad Meredith,Meredith,kyed,KYED0802,active,false,Donald J. Trump,Republican,2025-06-23,2025-10-23,2025-11-03,,,University of Kentucky College of Law,2007,Well Qualified,,https://upload.wikimedia.org/wikipedia/commons/f/fb/Stephen_Meredith.png,https://commons.wikimedia.org/wiki/File:Stephen_Meredith.png,Public domain (PD-USGov) — credit: U.S. Senate Judiciary Committee,false,,,false,,,false,Phase-2 sweep; FJC + CourtListener.
2976,Charles Ralph Simpson III,Simpson,kywd,KYWD0303,senior,false,Ronald Reagan,Republican,1986-06-06,1986-08-01,1986-08-04,2013-02-01,,University of Louisville School of Law (now Louis D. Brandeis School of Law),1970,Qualified,https://www.courtlistener.com/person/2976/charles-ralph-simpson-iii/,,,,false,,,false,,,false,Phase-2 sweep; FJC + CourtListener.
2160,Joseph H. McKinley Jr.,McKinley,kywd,KYWD0502,senior,false,William J. Clinton,Democratic,1995-05-24,1995-08-11,1995-08-14,2019-06-09,,University of Louisville School of Law (now Louis D. Brandeis School of Law),1979,Qualified,https://www.courtlistener.com/person/2160/joseph-h-mckinley-jr/,https://upload.wikimedia.org/wikipedia/commons/3/33/Joseph_H._McKinley_District_Judge.jpg?utm_source=commons.wikimedia.org&utm_campaign=imageinfo&utm_content=thumbnail_unscaled,https://commons.wikimedia.org/wiki/File:Joseph_H._McKinley_District_Judge.jpg,Public domain,false,,,false,,,false,Phase-2 sweep; FJC + CourtListener.
3112,Gregory N. Stivers,Stivers,kywd,KYWD0110,active,false,Barack Obama,Democratic,2014-06-19,2014-12-04,2014-12-05,,,University of Kentucky College of Law,1985,Qualified,https://www.courtlistener.com/person/3112/gregory-n-stivers/,https://upload.wikimedia.org/wikipedia/commons/thumb/9/95/Gregory_Stivers.jpg/330px-Gregory_Stivers.jpg?utm_source=commons.wikimedia.org&utm_campaign=imageinfo&utm_content=thumbnail,https://commons.wikimedia.org/wiki/File:Gregory_Stivers.jpg,Public domain,false,,,false,,,false,Phase-2 sweep; FJC + CourtListener.
1326,David Jason Hale,Hale,kywd,KYWD0304,active,true,Barack Obama,Democratic,2014-06-19,2014-12-03,2014-12-10,,,University of Kentucky College of Law,1992,Qualified,https://www.courtlistener.com/person/1326/david-jason-hale/,https://upload.wikimedia.org/wikipedia/commons/3/35/David_J._Hale.jpg?utm_source=commons.wikimedia.org&utm_campaign=imageinfo&utm_content=thumbnail_unscaled,https://commons.wikimedia.org/wiki/File:David_J._Hale.jpg,Public domain,false,,,false,,,false,Phase-2 sweep; FJC + CourtListener.
8549,Claria Horn Boom,Boom,kywd,KYWD0204,active,false,Donald J. Trump,Republican,2017-06-12,2018-04-10,2018-04-11,,,Vanderbilt University Law School,1994,Qualified,https://www.courtlistener.com/person/8549/claria-horn-boom/,https://upload.wikimedia.org/wikipedia/commons/thumb/8/84/Claria_Horn_Boom.jpg/330px-Claria_Horn_Boom.jpg?utm_source=commons.wikimedia.org&utm_campaign=imageinfo&utm_content=thumbnail,https://commons.wikimedia.org/wiki/File:Claria_Horn_Boom.jpg,Public domain,false,,,false,,,false,Phase-2 sweep; FJC + CourtListener.
8584,Rebecca Grady Jennings,Jennings,kywd,KYWD0404,active,false,Donald J. Trump,Republican,2017-09-07,2018-04-12,2018-04-19,,,"American University, Washington College of Law",2002,Qualified,https://www.courtlistener.com/person/8584/rebecca-grady-jennings/,https://upload.wikimedia.org/wikipedia/commons/thumb/e/e4/Rebecca_Jennings_%28Judge%29_%28cropped%29.jpg/330px-Rebecca_Jennings_%28Judge%29_%28cropped%29.jpg?utm_source=commons.wikimedia.org&utm_campaign=imageinfo&utm_content=thumbnail,https://commons.wikimedia.org/wiki/File:Rebecca_Jennings_(Judge)_(cropped).jpg,Public domain,false,,,false,,,false,Phase-2 sweep; FJC + CourtListener.
,Benjamin Joel Beaton,Beaton,kywd,KYWD0504,active,false,Donald J. Trump,Republican,2020-09-08,2020-11-17,2020-12-01,,,Columbia Law School,2009,Well Qualified,,https://upload.wikimedia.org/wikipedia/commons/thumb/3/3e/Benjamin_J_Beaton.png/330px-Benjamin_J_Beaton.png?utm_source=commons.wikimedia.org&utm_campaign=imageinfo&utm_content=thumbnail,https://commons.wikimedia.org/wiki/File:Benjamin_J_Beaton.png,Public domain,true,member,https://en.wikipedia.org/w/index.php?title=Benjamin_Beaton&oldid=1364318973,false,,,false,Phase-2 sweep; FJC + CourtListener.
3312,Sarah S. Vance,Vance,laed,LAED0803,senior,false,William J. Clinton,Democratic,1994-06-08,1994-09-28,1994-09-29,2024-01-16,,Tulane University Law School,1978,Well Qualified,https://www.courtlistener.com/person/3312/sarah-s-vance/,https://upload.wikimedia.org/wikipedia/commons/thumb/6/65/Sarah_S._Vance%2C_U.S._District_Court_Judge.jpg/330px-Sarah_S._Vance%2C_U.S._District_Court_Judge.jpg?utm_source=commons.wikimedia.org&utm_campaign=imageinfo&utm_content=thumbnail,"https://commons.wikimedia.org/wiki/File:Sarah_S._Vance,_U.S._District_Court_Judge.jpg",Public domain,false,,,false,,,false,Phase-2 sweep; FJC + CourtListener.
1029,Eldon E. Fallon,Fallon,laed,LAED1203,senior,false,William J. Clinton,Democratic,1995-02-03,1995-05-08,1995-05-10,2024-01-01,,Tulane University Law School,1962,Well Qualified,https://www.courtlistener.com/person/1029/eldon-e-fallon/,https://upload.wikimedia.org/wikipedia/commons/thumb/3/3b/Eldon_E._Fallon.jpg/330px-Eldon_E._Fallon.jpg?utm_source=commons.wikimedia.org&utm_campaign=imageinfo&utm_content=thumbnail,https://commons.wikimedia.org/wiki/File:Eldon_E._Fallon.jpg,Public domain,false,,,false,,,false,Phase-2 sweep; FJC + CourtListener.
1908,Mary Ann Vial Lemmon,Lemmon,laed,LAED1602,senior,false,William J. Clinton,Democratic,1995-12-19,1996-07-10,1996-07-25,2011-01-01,,Loyola University New Orleans School of Law,1964,Qualified,https://www.courtlistener.com/person/1908/mary-ann-vial-lemmon/,https://upload.wikimedia.org/wikipedia/commons/thumb/4/46/Mary_Ann_Vial_Lemmon.jpg/330px-Mary_Ann_Vial_Lemmon.jpg?utm_source=commons.wikimedia.org&utm_campaign=imageinfo&utm_content=thumbnail,https://commons.wikimedia.org/wiki/File:Mary_Ann_Vial_Lemmon.jpg,Public domain,false,,,false,,,false,Phase-2 sweep; FJC + CourtListener.
1905,Ivan L. R. Lemelle,Lemelle,laed,LAED1502,senior,false,William J. Clinton,Democratic,1997-02-12,1998-04-03,1998-04-07,2015-06-29,,Loyola University New Orleans School of Law,1974,Qualified,https://www.courtlistener.com/person/1905/ivan-l-r-lemelle/,https://upload.wikimedia.org/wikipedia/commons/thumb/c/cb/Ivan_L.R._Lemelle.jpg/330px-Ivan_L.R._Lemelle.jpg?utm_source=commons.wikimedia.org&utm_campaign=imageinfo&utm_content=thumbnail,https://commons.wikimedia.org/wiki/File:Ivan_L.R._Lemelle.jpg,Public domain,false,,,false,,,false,Phase-2 sweep; FJC + CourtListener.
166,Carl J. Barbier,Barbier,laed,LAED0312,senior,false,William J. Clinton,Democratic,1998-05-19,1998-09-28,1998-10-01,2023-01-01,,Loyola University New Orleans School of Law,1970,Qualified,https://www.courtlistener.com/person/166/carl-j-barbier/,https://upload.wikimedia.org/wikipedia/commons/thumb/2/2b/Carl_J._Barbier.jpg/330px-Carl_J._Barbier.jpg?utm_source=commons.wikimedia.org&utm_campaign=imageinfo&utm_content=thumbnail,https://commons.wikimedia.org/wiki/File:Carl_J._Barbier.jpg,Public domain,false,,,false,,,false,Phase-2 sweep; FJC + CourtListener.
3591,Jay C. Zainey,Zainey,laed,LAED0604,active,false,George W. Bush,Republican,2001-10-10,2002-02-11,2002-02-14,,,Louisiana State University Law School (now Paul M. Hebert Law Center),1975,Qualified,https://www.courtlistener.com/person/3591/jay-c-zainey/,https://upload.wikimedia.org/wikipedia/commons/thumb/e/ef/Jay_C._Zainey%2C_U.S._District_Court_Judge.jpg/330px-Jay_C._Zainey%2C_U.S._District_Court_Judge.jpg?utm_source=commons.wikimedia.org&utm_campaign=imageinfo&utm_content=thumbnail,"https://commons.wikimedia.org/wiki/File:Jay_C._Zainey,_U.S._District_Court_Judge.jpg",Public domain,false,,,false,,,false,Phase-2 sweep; FJC + CourtListener.
63,Lance M. Africk,Africk,laed,LAED0405,senior,false,George W. Bush,Republican,2002-01-23,2002-04-17,2002-04-17,2024-10-01,,University of North Carolina School of Law,1975,Well Qualified,https://www.courtlistener.com/person/63/lance-m-africk/,https://upload.wikimedia.org/wikipedia/commons/thumb/d/db/Lance_Michael_Africk.jpg/330px-Lance_Michael_Africk.jpg?utm_source=commons.wikimedia.org&utm_campaign=imageinfo&utm_content=thumbnail,https://commons.wikimedia.org/wiki/File:Lance_Michael_Africk.jpg,Public domain,false,,,false,,,false,Phase-2 sweep; FJC + CourtListener.
425,Nannette Jolivette Brown,Brown,laed,LAED1303,active,false,Barack Obama,Democratic,2011-03-02,2011-10-03,2011-10-04,,,Tulane University Law School,1988,Qualified,https://www.courtlistener.com/person/425/nannette-jolivette-brown/,https://upload.wikimedia.org/wikipedia/commons/thumb/b/b5/Nannette_Jolivette_Brown.jpg/330px-Nannette_Jolivette_Brown.jpg?utm_source=commons.wikimedia.org&utm_campaign=imageinfo&utm_content=thumbnail,https://commons.wikimedia.org/wiki/File:Nannette_Jolivette_Brown.jpg,Public domain,false,,,false,,,false,Phase-2 sweep; FJC + CourtListener.
2243,Jane Margaret Triche Milazzo,Milazzo,laed,LAED1603,active,false,Barack Obama,Democratic,2011-03-16,2011-10-11,2011-10-12,,,"Louisiana State University, Paul M. Hebert Law Center",1992,Qualified,https://www.courtlistener.com/person/2243/jane-margaret-triche-milazzo/,https://upload.wikimedia.org/wikipedia/commons/thumb/f/f1/Jane_Margaret_Triche_Milazzo.jpg/330px-Jane_Margaret_Triche_Milazzo.jpg?utm_source=commons.wikimedia.org&utm_campaign=imageinfo&utm_content=thumbnail,https://commons.wikimedia.org/wiki/File:Jane_Margaret_Triche_Milazzo.jpg,Public domain,false,,,false,,,false,Phase-2 sweep; FJC + CourtListener.
2307,Susie Morgan,Morgan,laed,LAED0904,active,false,Barack Obama,Democratic,2011-06-07,2012-03-28,2012-03-30,,,"Louisiana State University, Paul M. Hebert Law Center",1980,Qualified,https://www.courtlistener.com/person/2307/donna-sue-morgan/,https://upload.wikimedia.org/wikipedia/commons/thumb/5/53/Judge_Morgan.jpg/330px-Judge_Morgan.jpg?utm_source=commons.wikimedia.org&utm_campaign=imageinfo&utm_content=thumbnail,https://commons.wikimedia.org/wiki/File:Judge_Morgan.jpg,CC BY-SA 4.0 — credit: LAEDSystemsUnit,false,,,false,,,false,Phase-2 sweep; FJC + CourtListener.
8536,Barry Weldon Ashe,Ashe,laed,LAED1503,active,false,Donald J. Trump,Republican,2018-01-08,2018-08-28,2018-08-30,,,Tulane University Law School,1984,Well Qualified,https://www.courtlistener.com/person/8536/barry-weldon-ashe/,https://upload.wikimedia.org/wikipedia/commons/0/04/Barry_W._Ashe.png?utm_source=commons.wikimedia.org&utm_campaign=imageinfo&utm_content=thumbnail_unscaled,https://commons.wikimedia.org/wiki/File:Barry_W._Ashe.png,Public domain,true,member,https://en.wikipedia.org/w/index.php?title=Barry_Ashe&oldid=1361469357,false,,,false,Phase-2 sweep; FJC + CourtListener.
8646,Wendy Baldwin Vitter,Vitter,laed,LAED1403,active,true,Donald J. Trump,Republican,2019-01-23,2019-05-16,2019-05-29,,,Tulane University Law School,1986,Qualified,https://www.courtlistener.com/person/8646/wendy-baldwin-vitter/,https://upload.wikimedia.org/wikipedia/commons/thumb/a/ae/Wendy_B._Vitter%2C_U.S._District_Court_Judge.jpg/330px-Wendy_B._Vitter%2C_U.S._District_Court_Judge.jpg?utm_source=commons.wikimedia.org&utm_campaign=imageinfo&utm_content=thumbnail,"https://commons.wikimedia.org/wiki/File:Wendy_B._Vitter,_U.S._District_Court_Judge.jpg",Public domain,false,,,false,,,false,Phase-2 sweep; FJC + CourtListener.
8579,Greg Gerard Guidry,Guidry,laed,LAED1004,active,false,Donald J. Trump,Republican,2019-01-17,2019-06-19,2019-06-21,,,"Louisiana State University, Paul M. Hebert Law Center",1985,Well Qualified,https://www.courtlistener.com/person/8579/greg-gerard-guidry/,https://upload.wikimedia.org/wikipedia/commons/thumb/e/ee/Greg_G._Guidry%2C_U.S._District_Court_Judge.jpg/330px-Greg_G._Guidry%2C_U.S._District_Court_Judge.jpg?utm_source=commons.wikimedia.org&utm_campaign=imageinfo&utm_content=thumbnail,"https://commons.wikimedia.org/wiki/File:Greg_G._Guidry,_U.S._District_Court_Judge.jpg",Public domain,false,,,false,,,false,Phase-2 sweep; FJC + CourtListener.
,Darrel James Papillion,Papillion,laed,LAED0313,active,false,Joseph R. Biden,Democratic,2023-03-21,2023-05-30,2023-06-01,,,"Louisiana State University, Paul M. Hebert Law Center",1994,Well Qualified,,https://upload.wikimedia.org/wikipedia/commons/thumb/d/d6/Darrel_James_Papillion%2C_U.S._District_Court_Judge.jpg/330px-Darrel_James_Papillion%2C_U.S._District_Court_Judge.jpg?utm_source=commons.wikimedia.org&utm_campaign=imageinfo&utm_content=thumbnail,"https://commons.wikimedia.org/wiki/File:Darrel_James_Papillion,_U.S._District_Court_Judge.jpg",Public domain,false,,,false,,,false,Phase-2 sweep; FJC + CourtListener.
,Brandon Scott Long,Long,laed,LAED1103,active,false,Joseph R. Biden,Democratic,2023-06-08,2023-12-14,2023-12-19,,,Duke University School of Law,2005,Well Qualified,,https://upload.wikimedia.org/wikipedia/commons/thumb/8/80/Brandon_S._Long%2C_U.S._District_Court_Judge.jpg/330px-Brandon_S._Long%2C_U.S._District_Court_Judge.jpg?utm_source=commons.wikimedia.org&utm_campaign=imageinfo&utm_content=thumbnail,"https://commons.wikimedia.org/wiki/File:Brandon_S._Long,_U.S._District_Court_Judge.jpg",Public domain,false,,,false,,,false,Phase-2 sweep; FJC + CourtListener.
,William Jerrol Crain,Crain,laed,LAED1204,active,false,Donald J. Trump,Republican,2025-10-21,2025-12-09,2025-12-19,,,"Louisiana State University, Paul M. Hebert Law Center",1986,Well Qualified,,https://upload.wikimedia.org/wikipedia/commons/3/3c/William_J._Crain.png,https://commons.wikimedia.org/wiki/File:William_J._Crain.png,Public domain (PD-USGov) — credit: U.S. Senate Judiciary Committee,false,,,false,,,false,Phase-2 sweep; FJC + CourtListener.
,Anna Elizabeth Wagner St. John,St. John,laed,LAED0804,active,false,Donald J. Trump,Republican,2026-01-29,2026-03-17,2026-04-13,,,Columbia Law School,2006,,,https://upload.wikimedia.org/wikipedia/commons/8/89/Anna_St._John.png,https://commons.wikimedia.org/wiki/File:Anna_St._John.png,Public domain (PD-USGov) — credit: U.S. Senate Judiciary Committee,false,,,false,,,false,Phase-2 sweep; FJC + CourtListener.
1603,Brian Anthony Jackson,Jackson,lamd,LAMD0103,active,false,Barack Obama,Democratic,2009-10-29,2010-06-15,2010-06-15,,,Southern University Law Center,1985,Well Qualified,https://www.courtlistener.com/person/1603/brian-anthony-jackson/,https://upload.wikimedia.org/wikipedia/commons/0/01/Brian_A._Jackson.jpg?utm_source=commons.wikimedia.org&utm_campaign=imageinfo&utm_content=thumbnail_unscaled,https://commons.wikimedia.org/wiki/File:Brian_A._Jackson.jpg,Public domain,false,,,false,,,false,Phase-2 sweep; FJC + CourtListener.
871,Shelly Deckert Dick,Dick,lamd,LAMD0302,active,true,Barack Obama,Democratic,2013-01-04,2013-05-09,2013-05-10,,,"Louisiana State University, Paul M. Hebert Law Center",1988,Qualified,https://www.courtlistener.com/person/871/shelly-deckert-dick/,https://upload.wikimedia.org/wikipedia/commons/thumb/a/ae/Shelly_Deckert_Dick.jpg/330px-Shelly_Deckert_Dick.jpg?utm_source=commons.wikimedia.org&utm_campaign=imageinfo&utm_content=thumbnail,https://commons.wikimedia.org/wiki/File:Shelly_Deckert_Dick.jpg,Public domain,false,,,false,,,false,Phase-2 sweep; FJC + CourtListener.
846,John Wheadon deGravelles,deGravelles,lamd,LAMD0203,active,false,Barack Obama,Democratic,2014-03-13,2014-07-22,2014-07-23,,,Louisiana State University Law School (now Paul M. Hebert Law Center),1974,Well Qualified,https://www.courtlistener.com/person/846/john-wheadon-degravelles/,https://upload.wikimedia.org/wikipedia/commons/c/c3/John_W._deGravelles.jpg?utm_source=commons.wikimedia.org&utm_campaign=imageinfo&utm_content=thumbnail_unscaled,https://commons.wikimedia.org/wiki/File:John_W._deGravelles.jpg,Public domain,false,,,false,,,false,Phase-2 sweep; FJC + CourtListener.
3360,Donald Ellsworth Walter,Walter,lawd,LAWD0801,senior,false,Ronald Reagan,Republican,1985-05-15,1985-07-10,1985-07-11,2001-11-30,,Louisiana State University Law School (now Paul M. Hebert Law Center),1964,Qualified,https://www.courtlistener.com/person/3360/donald-ellsworth-walter/,,,,false,,,false,,,false,Phase-2 sweep; FJC + CourtListener.
3263,James Travis Trimble Jr.,Trimble,lawd,LAWD0404,senior,false,George H.W. Bush,Republican,1991-06-27,1991-09-12,1991-09-16,2002-09-13,,Louisiana State University Law School (now Paul M. Hebert Law Center),1956,Well Qualified,https://www.courtlistener.com/person/3263/james-travis-trimble-jr/,,,,false,,,false,,,false,Phase-2 sweep; FJC + CourtListener.
2210,Tucker L. Melancon,Melancon,lawd,LAWD0306,senior,false,William J. Clinton,Democratic,1993-11-18,1994-02-10,1994-02-11,2009-02-14,,Tulane University Law School,1973,Qualified,https://www.courtlistener.com/person/2210/tucker-l-melancon/,,,,false,,,false,,,false,Phase-2 sweep; FJC + CourtListener.
1617,Robert Gillespie James,James,lawd,LAWD0702,senior,false,William J. Clinton,Democratic,1998-01-27,1998-07-31,1998-08-03,2016-05-31,,Louisiana State University Law School (now Paul M. Hebert Law Center),1971,Qualified,https://www.courtlistener.com/person/1617/robert-gillespie-james/,,,,false,,,false,,,false,Phase-2 sweep; FJC + CourtListener.
917,Dee D. Drell,Drell,lawd,LAWD0603,senior,false,George W. Bush,Republican,2003-01-15,2003-04-09,2003-04-10,2017-11-30,,Tulane University Law School,1971,Well Qualified,https://www.courtlistener.com/person/917/dee-d-drell/,,,,false,,,false,,,false,Phase-2 sweep; FJC + CourtListener.
1449,S. Maurice Hicks Jr.,Hicks,lawd,LAWD0802,active,false,George W. Bush,Republican,2003-01-07,2003-05-19,2003-05-21,,,Louisiana State University Law School (now Paul M. Hebert Law Center),1977,Qualified,https://www.courtlistener.com/person/1449/s-maurice-hicks-jr/,https://upload.wikimedia.org/wikipedia/commons/thumb/d/d2/Judge_Hicks.jpg/330px-Judge_Hicks.jpg?utm_source=commons.wikimedia.org&utm_campaign=imageinfo&utm_content=thumbnail,https://commons.wikimedia.org/wiki/File:Judge_Hicks.jpg,Public domain,false,,,false,,,false,Phase-2 sweep; FJC + CourtListener.
1089,Elizabeth Erny Foote,Foote,lawd,LAWD0307,senior,false,Barack Obama,Democratic,2010-02-04,2010-06-15,2010-06-15,2022-01-21,,Louisiana State University Law School (now Paul M. Hebert Law Center),1978,Qualified,https://www.courtlistener.com/person/1089/elizabeth-erny-foote/,https://upload.wikimedia.org/wikipedia/commons/6/64/Elizabeth_Erny_Foote_%28cropped%29.jpg?utm_source=commons.wikimedia.org&utm_campaign=imageinfo&utm_content=thumbnail_unscaled,https://commons.wikimedia.org/wiki/File:Elizabeth_Erny_Foote_(cropped).jpg,Public domain,false,,,false,,,false,Phase-2 sweep; FJC + CourtListener.
8571,Terry Alvin Doughty,Doughty,lawd,LAWD0703,active,true,Donald J. Trump,Republican,2017-08-03,2018-03-06,2018-03-07,,,"Louisiana State University, Paul M. Hebert Law Center",1984,Well Qualified,https://www.courtlistener.com/person/8571/terry-alvin-doughty/,https://upload.wikimedia.org/wikipedia/commons/thumb/5/59/Terry_Doughty_%28Judge%29_%28recropped%29.jpg/330px-Terry_Doughty_%28Judge%29_%28recropped%29.jpg?utm_source=commons.wikimedia.org&utm_campaign=imageinfo&utm_content=thumbnail,https://commons.wikimedia.org/wiki/File:Terry_Doughty_(Judge)_(recropped).jpg,Public domain,false,,,false,,,false,Phase-2 sweep; FJC + CourtListener.
8639,Robert Rees Summerhays,Summerhays,lawd,LAWD0902,active,false,Donald J. Trump,Republican,2018-01-24,2018-09-06,2018-09-19,,,University of Texas School of Law,1994,Well Qualified,https://www.courtlistener.com/person/8639/robert-rees-summerhays/,https://upload.wikimedia.org/wikipedia/commons/thumb/7/79/Robert_R._Summerhays.jpg/330px-Robert_R._Summerhays.jpg?utm_source=commons.wikimedia.org&utm_campaign=imageinfo&utm_content=thumbnail,https://commons.wikimedia.org/wiki/File:Robert_R._Summerhays.jpg,Public domain,true,member,https://en.wikipedia.org/w/index.php?title=Robert_R._Summerhays&oldid=1270907647,false,,,false,Phase-2 sweep; FJC + CourtListener.
8559,James David Cain Jr.,Cain,lawd,LAWD0406,active,false,Donald J. Trump,Republican,2019-01-23,2019-06-19,2019-06-25,,,Southern University Law Center,1993,Well Qualified,https://www.courtlistener.com/person/8559/james-david-cain-jr/,https://upload.wikimedia.org/wikipedia/commons/c/ca/Judge_Cain.jpg?utm_source=commons.wikimedia.org&utm_campaign=imageinfo&utm_content=thumbnail_unscaled,https://commons.wikimedia.org/wiki/File:Judge_Cain.jpg,Public domain,false,,,false,,,false,Phase-2 sweep; FJC + CourtListener.
,David Cleveland Joseph,Joseph,lawd,LAWD0604,active,false,Donald J. Trump,Republican,2020-01-06,2020-07-28,2020-07-31,,,"Louisiana State University, Paul M. Hebert Law Center",2003,Well Qualified,,https://upload.wikimedia.org/wikipedia/commons/thumb/1/1d/David_C._Joseph_official_photo.jpg/330px-David_C._Joseph_official_photo.jpg?utm_source=commons.wikimedia.org&utm_campaign=imageinfo&utm_content=thumbnail,https://commons.wikimedia.org/wiki/File:David_C._Joseph_official_photo.jpg,Public domain,false,,,false,,,false,Phase-2 sweep; FJC + CourtListener.
,Jerry Edwards Jr.,Edwards,lawd,LAWD0506,active,false,Joseph R. Biden,Democratic,2023-06-08,2023-12-14,2023-12-22,,,Vermont Law and Graduate School,2005,Well Qualified,,https://upload.wikimedia.org/wikipedia/commons/thumb/8/82/Jerry_Edwards_Jr.jpg/330px-Jerry_Edwards_Jr.jpg?utm_source=commons.wikimedia.org&utm_campaign=imageinfo&utm_content=thumbnail,https://commons.wikimedia.org/wiki/File:Jerry_Edwards_Jr.jpg,Public domain,false,,,false,,,false,Phase-2 sweep; FJC + CourtListener.
,Alexander Coker Van Hook,Van Hook,lawd,LAWD0308,active,false,Donald J. Trump,Republican,2025-10-21,2026-01-08,2026-01-12,,,"Louisiana State University, Paul M. Hebert Law Center",1997,Qualified,,https://upload.wikimedia.org/wikipedia/commons/f/f1/First_Assistant_United_States_Attorney_for_the_Western_District_of_Louisiana_Alexander_Coker_Van_Hook.jpg,https://commons.wikimedia.org/wiki/File:First_Assistant_United_States_Attorney_for_the_Western_District_of_Louisiana_Alexander_Coker_Van_Hook.jpg,"Public domain (PD-USGov-DOJ) — official portrait, U.S. Department of Justice (as First Assistant U.S. Attorney, a prior role)",false,,,false,,,false,Phase-2 sweep; FJC + CourtListener.
3588,William G. Young,Young,mad,MAD1201,senior,false,Ronald Reagan,Republican,1985-03-08,1985-04-03,1985-04-04,2021-07-01,,Harvard Law School,1967,,https://www.courtlistener.com/person/3588/william-g-young/,https://upload.wikimedia.org/wikipedia/commons/5/5a/Judge_William_Young_%28cropped%29.jpg?utm_source=commons.wikimedia.org&utm_campaign=imageinfo&utm_content=thumbnail_unscaled,https://commons.wikimedia.org/wiki/File:Judge_William_Young_(cropped).jpg,Public domain,false,,,false,,,false,"Phase-2 sweep; FJC + CourtListener. [[note]] FJC has no ABA rating on file for this appointment — checked (2026-08-25). Confirmed gap, not an extraction bug."
3544,Douglas Preston Woodlock,Woodlock,mad,MAD0602,senior,false,Ronald Reagan,Republican,1986-04-22,1986-06-13,1986-06-16,2015-06-01,,Georgetown University Law Center,1975,Qualified,https://www.courtlistener.com/person/3544/douglas-preston-woodlock/,https://upload.wikimedia.org/wikipedia/commons/0/00/Douglas_Woodlock.jpg?utm_source=commons.wikimedia.org&utm_campaign=imageinfo&utm_content=thumbnail_unscaled,https://commons.wikimedia.org/wiki/File:Douglas_Woodlock.jpg,Public domain,false,,,false,,,false,Phase-2 sweep; FJC + CourtListener.
1251,Nathaniel M. Gorton,Gorton,mad,MAD1301,senior,false,George H.W. Bush,Republican,1992-04-28,1992-09-23,1992-09-24,2025-05-31,,Columbia Law School,1966,Qualified,https://www.courtlistener.com/person/1251/nathaniel-m-gorton/,https://upload.wikimedia.org/wikipedia/commons/f/f5/Nathaniel_Gorton.jpg?utm_source=commons.wikimedia.org&utm_campaign=imageinfo&utm_content=thumbnail_unscaled,https://commons.wikimedia.org/wiki/File:Nathaniel_Gorton.jpg,Public domain,false,,,false,,,false,Phase-2 sweep; FJC + CourtListener.
2842,Patti B. Saris,Saris,mad,MAD0504,senior,false,William J. Clinton,Democratic,1993-10-27,1993-11-20,1993-11-24,2024-12-02,,Harvard Law School,1976,Qualified,https://www.courtlistener.com/person/2842/patti-b-saris/,https://upload.wikimedia.org/wikipedia/commons/f/fb/Patti_B._Saris_District_Judge.png?utm_source=commons.wikimedia.org&utm_campaign=imageinfo&utm_content=thumbnail_unscaled,https://commons.wikimedia.org/wiki/File:Patti_B._Saris_District_Judge.png,Public domain,false,,,false,,,false,Phase-2 sweep; FJC + CourtListener.
3088,Richard Gaylore Stearns,Stearns,mad,MAD0802,active,false,William J. Clinton,Democratic,1993-10-27,1993-11-20,1993-11-24,,,Harvard Law School,1976,Well Qualified,https://www.courtlistener.com/person/3088/richard-gaylore-stearns/,https://upload.wikimedia.org/wikipedia/commons/thumb/3/3c/Richard_Stearns.jpg/330px-Richard_Stearns.jpg?utm_source=commons.wikimedia.org&utm_campaign=imageinfo&utm_content=thumbnail,https://commons.wikimedia.org/wiki/File:Richard_Stearns.jpg,Public domain,false,,,false,,,false,Phase-2 sweep; FJC + CourtListener.
2592,Michael Adrian Ponsor,Ponsor,mad,MAD0113,senior,false,William J. Clinton,Democratic,1993-11-19,1994-02-10,1994-02-14,2011-08-15,,Yale Law School,1975,Well Qualified,https://www.courtlistener.com/person/2592/michael-adrian-ponsor/,https://upload.wikimedia.org/wikipedia/commons/5/5e/Michael_A._Ponsor_%28cropped%29.jpg?utm_source=commons.wikimedia.org&utm_campaign=imageinfo&utm_content=thumbnail_unscaled,https://commons.wikimedia.org/wiki/File:Michael_A._Ponsor_(cropped).jpg,Public domain,false,,,false,,,false,Phase-2 sweep; FJC + CourtListener.
2460,George A. O'Toole Jr.,O'Toole,mad,MAD1401,senior,false,William J. Clinton,Democratic,1995-04-04,1995-05-25,1995-05-26,2018-01-01,,Harvard Law School,1972,Well Qualified,https://www.courtlistener.com/person/2460/george-a-otoole-jr/,https://upload.wikimedia.org/wikipedia/commons/thumb/0/03/George_A_O%27Toole_%28cropped%29.jpg/330px-George_A_O%27Toole_%28cropped%29.jpg?utm_source=commons.wikimedia.org&utm_campaign=imageinfo&utm_content=thumbnail,https://commons.wikimedia.org/wiki/File:George_A_O%27Toole_(cropped).jpg,Public domain,false,,,false,,,false,Phase-2 sweep; FJC + CourtListener.
2850,F. Dennis Saylor IV,Saylor,mad,MAD0702,senior,false,George W. Bush,Republican,2003-07-30,2004-06-01,2004-06-02,2025-07-31,,Harvard Law School,1981,Well Qualified,https://www.courtlistener.com/person/2850/f-dennis-saylor-iv/,https://upload.wikimedia.org/wikipedia/commons/thumb/7/76/Dennis_Saylor_%28cropped%29.jpg/330px-Dennis_Saylor_%28cropped%29.jpg?utm_source=commons.wikimedia.org&utm_campaign=imageinfo&utm_content=thumbnail,https://commons.wikimedia.org/wiki/File:Dennis_Saylor_(cropped).jpg,Public domain,false,,,false,,,false,Phase-2 sweep; FJC + CourtListener.
563,Denise Jefferson Casper,Casper,mad,MAD1003,active,true,Barack Obama,Democratic,2010-04-28,2010-12-17,2010-12-20,,,Harvard Law School,1994,Well Qualified,https://www.courtlistener.com/person/563/denise-jefferson-casper/,https://upload.wikimedia.org/wikipedia/commons/thumb/0/0a/Denise_J_Casper.jpg/330px-Denise_J_Casper.jpg?utm_source=commons.wikimedia.org&utm_campaign=imageinfo&utm_content=thumbnail,https://commons.wikimedia.org/wiki/File:Denise_J_Casper.jpg,Public domain,false,,,false,,,false,Phase-2 sweep; FJC + CourtListener.
3164,Indira Talwani,Talwani,mad,MAD1102,active,false,Barack Obama,Democratic,2014-01-06,2014-05-08,2014-05-12,,,"University of California, Berkeley, School of Law",1988,Qualified,https://www.courtlistener.com/person/3164/indira-talwani/,https://upload.wikimedia.org/wikipedia/commons/0/04/Judge_Indira_Talwani_%28cropped%29.jpg?utm_source=commons.wikimedia.org&utm_campaign=imageinfo&utm_content=thumbnail_unscaled,https://commons.wikimedia.org/wiki/File:Judge_Indira_Talwani_(cropped).jpg,Public domain,false,,,false,,,false,Phase-2 sweep; FJC + CourtListener.
2074,Mark Gerald Mastroianni,Mastroianni,mad,MAD0114,active,false,Barack Obama,Democratic,2014-01-06,2014-06-04,2014-06-05,,,Western New England College School of Law,1989,Well Qualified,https://www.courtlistener.com/person/2074/mark-gerald-mastroianni/,https://upload.wikimedia.org/wikipedia/commons/thumb/3/37/Mark_G_Mastroianni.jpg/330px-Mark_G_Mastroianni.jpg?utm_source=commons.wikimedia.org&utm_campaign=imageinfo&utm_content=thumbnail,https://commons.wikimedia.org/wiki/File:Mark_G_Mastroianni.jpg,Public domain,false,,,false,,,false,Phase-2 sweep; FJC + CourtListener.
3043,Leo Theodore Sorokin,Sorokin,mad,MAD0403,active,false,Barack Obama,Democratic,2014-01-06,2014-06-10,2014-06-10,,,Columbia Law School,1991,Well Qualified,https://www.courtlistener.com/person/3043/leo-theodore-sorokin/,https://upload.wikimedia.org/wikipedia/commons/thumb/1/12/Leo_Sorokin.jpg/330px-Leo_Sorokin.jpg?utm_source=commons.wikimedia.org&utm_campaign=imageinfo&utm_content=thumbnail,https://commons.wikimedia.org/wiki/File:Leo_Sorokin.jpg,Public domain,false,,,false,,,false,Phase-2 sweep; FJC + CourtListener.
477,Allison Dale Burroughs,Burroughs,mad,MAD0902,active,false,Barack Obama,Democratic,2014-07-31,2014-12-16,2014-12-19,,,University of Pennsylvania Law School (now Carey Law School),1988,Qualified,https://www.courtlistener.com/person/477/allison-dale-burroughs/,https://upload.wikimedia.org/wikipedia/commons/thumb/a/ac/Allison_Burroughs.png/330px-Allison_Burroughs.png?utm_source=commons.wikimedia.org&utm_campaign=imageinfo&utm_content=thumbnail,https://commons.wikimedia.org/wiki/File:Allison_Burroughs.png,Public domain,false,,,false,,,false,Phase-2 sweep; FJC + CourtListener.
16242,Angel Kelley,Kelley,mad,MAD0603,active,false,Joseph R. Biden,Democratic,2021-05-12,2021-09-14,2021-09-15,,,Georgetown University Law Center,1992,Well Qualified,https://www.courtlistener.com/person/16242/angel-kelley/,https://upload.wikimedia.org/wikipedia/commons/thumb/f/f2/DJ_Angel_Kelley_%28cropped2%29.jpg/330px-DJ_Angel_Kelley_%28cropped2%29.jpg?utm_source=commons.wikimedia.org&utm_campaign=imageinfo&utm_content=thumbnail,https://commons.wikimedia.org/wiki/File:DJ_Angel_Kelley_(cropped2).jpg,Public domain,false,,,false,,,false,Phase-2 sweep; FJC + CourtListener.
,Margaret Rose Guzman,Guzman,mad,MAD0207,active,false,Joseph R. Biden,Democratic,2023-01-03,2023-03-01,2023-03-03,,,Boston University School of Law,1992,Qualified/Well Qualified,,https://upload.wikimedia.org/wikipedia/commons/thumb/3/3c/Margaret_R._Guzman.jpg/330px-Margaret_R._Guzman.jpg?utm_source=commons.wikimedia.org&utm_campaign=imageinfo&utm_content=thumbnail,https://commons.wikimedia.org/wiki/File:Margaret_R._Guzman.jpg,Public domain,false,,,false,,,false,Phase-2 sweep; FJC + CourtListener.
,Myong Jin Joun,Joun,mad,MAD1402,active,false,Joseph R. Biden,Democratic,2023-01-23,2023-07-12,2023-07-14,,,Suffolk University Law School,1999,Well Qualified,,https://upload.wikimedia.org/wikipedia/commons/thumb/b/b4/Myong_J._Joun.jpg/330px-Myong_J._Joun.jpg?utm_source=commons.wikimedia.org&utm_campaign=imageinfo&utm_content=thumbnail,https://commons.wikimedia.org/wiki/File:Myong_J._Joun.jpg,Public domain,false,,,false,,,false,Phase-2 sweep; FJC + CourtListener.
,Julia Eleanor Kobick,Kobick,mad,MAD1202,active,false,Joseph R. Biden,Democratic,2023-01-23,2023-11-07,2023-11-13,,,Harvard Law School,2010,Well Qualified,,https://upload.wikimedia.org/wikipedia/commons/thumb/1/16/Julia_E._Kobick.jpg/330px-Julia_E._Kobick.jpg?utm_source=commons.wikimedia.org&utm_campaign=imageinfo&utm_content=thumbnail,https://commons.wikimedia.org/wiki/File:Julia_E._Kobick.jpg,Public domain,false,,,false,,,false,Phase-2 sweep; FJC + CourtListener.
,Brian Edward Murphy,Murphy,mad,MAD0505,active,false,Joseph R. Biden,Democratic,2024-03-21,2024-12-02,2024-12-06,,,Columbia Law School,2006,Well Qualified,,https://upload.wikimedia.org/wikipedia/commons/5/5c/Brian_E._Murphy-4-17-24.jpg,https://commons.wikimedia.org/wiki/File:Brian_E._Murphy-4-17-24.jpg,Public domain (PD-USGov) — credit: U.S. Senate Judiciary Committee,false,,,false,,,false,Phase-2 sweep; FJC + CourtListener.
2407,William M. Nickerson,Nickerson,mdd,MDD0206,senior,false,George H.W. Bush,Republican,1990-01-24,1990-05-11,1990-05-14,2002-06-11,,University of Maryland School of Law (now Francis King Carey School of Law),1962,Well Qualified,https://www.courtlistener.com/person/2407/william-m-nickerson/,https://upload.wikimedia.org/wikipedia/commons/thumb/a/ad/William_M._Nickerson%2C_U.S._District_Court_Judge.jpg/330px-William_M._Nickerson%2C_U.S._District_Court_Judge.jpg?utm_source=commons.wikimedia.org&utm_campaign=imageinfo&utm_content=thumbnail,"https://commons.wikimedia.org/wiki/File:William_M._Nickerson,_U.S._District_Court_Judge.jpg",Public domain,false,,,false,,,false,Phase-2 sweep; FJC + CourtListener.
590,Deborah K. Chasanow,Chasanow,mdd,MDD0503,senior,false,William J. Clinton,Democratic,1993-08-06,1993-10-18,1993-10-20,2014-10-03,,Stanford Law School,1974,Well Qualified,https://www.courtlistener.com/person/590/deborah-k-chasanow/,https://upload.wikimedia.org/wikipedia/commons/thumb/1/12/Deborah_K_Chasanow.jpg/330px-Deborah_K_Chasanow.jpg?utm_source=commons.wikimedia.org&utm_campaign=imageinfo&utm_content=thumbnail,https://commons.wikimedia.org/wiki/File:Deborah_K_Chasanow.jpg,Public domain,false,,,false,,,false,Phase-2 sweep; FJC + CourtListener.
,Richard D. Bennett,Bennett,mdd,MDD0703,senior,false,George W. Bush,Republican,2003-01-29,2003-04-09,2003-04-10,2021-06-30,,University of Maryland School of Law (now Francis King Carey School of Law),1973,Well Qualified,,https://upload.wikimedia.org/wikipedia/commons/thumb/f/f5/Richard_D._Bennett%2C_U.S._District_Court_Judge.jpg/330px-Richard_D._Bennett%2C_U.S._District_Court_Judge.jpg?utm_source=commons.wikimedia.org&utm_campaign=imageinfo&utm_content=thumbnail,"https://commons.wikimedia.org/wiki/File:Richard_D._Bennett,_U.S._District_Court_Judge.jpg",Public domain,false,,,false,,,false,Phase-2 sweep; FJC + CourtListener.
373,James Kelleher Bredar,Bredar,mdd,MDD1102,senior,false,Barack Obama,Democratic,2010-04-21,2010-12-16,2010-12-17,2024-04-30,,Georgetown University Law Center,1982,Well Qualified,https://www.courtlistener.com/person/373/james-kelleher-bredar/,https://upload.wikimedia.org/wikipedia/commons/thumb/3/3b/James_K._Bredar%2C_U.S._District_Court_Judge.jpg/330px-James_K._Bredar%2C_U.S._District_Court_Judge.jpg?utm_source=commons.wikimedia.org&utm_campaign=imageinfo&utm_content=thumbnail,"https://commons.wikimedia.org/wiki/File:James_K._Bredar,_U.S._District_Court_Judge.jpg",Public domain,false,,,false,,,false,Phase-2 sweep; FJC + CourtListener.
1492,Ellen Lipton Hollander,Hollander,mdd,MDD0404,senior,false,Barack Obama,Democratic,2010-04-21,2010-12-18,2010-12-28,2022-01-04,,Georgetown University Law Center,1974,Well Qualified,https://www.courtlistener.com/person/1492/ellen-lipton-hollander/,https://upload.wikimedia.org/wikipedia/commons/thumb/a/ab/Ellen_L._Hollander%2C_U.S._District_Court_Judge.jpg/330px-Ellen_L._Hollander%2C_U.S._District_Court_Judge.jpg?utm_source=commons.wikimedia.org&utm_campaign=imageinfo&utm_content=thumbnail,"https://commons.wikimedia.org/wiki/File:Ellen_L._Hollander,_U.S._District_Court_Judge.jpg",Public domain,false,,,false,,,false,Phase-2 sweep; FJC + CourtListener.
2808,George Levi Russell III,Russell,mdd,MDD0903,active,true,Barack Obama,Democratic,2011-11-10,2012-05-14,2012-05-22,,,University of Maryland School of Law (now Francis King Carey School of Law),1991,Qualified,https://www.courtlistener.com/person/2808/george-levi-russell-iii/,https://upload.wikimedia.org/wikipedia/commons/thumb/4/40/George_Levi_Russell%2C_III.jpg/330px-George_Levi_Russell%2C_III.jpg?utm_source=commons.wikimedia.org&utm_campaign=imageinfo&utm_content=thumbnail,"https://commons.wikimedia.org/wiki/File:George_Levi_Russell,_III.jpg",Public domain,false,,,false,,,false,Phase-2 sweep; FJC + CourtListener.
618,Theodore David Chuang,Chuang,mdd,MDD0306,active,false,Barack Obama,Democratic,2014-01-06,2014-05-01,2014-05-02,,,Harvard Law School,1994,Well Qualified,https://www.courtlistener.com/person/618/theodore-david-chuang/,https://upload.wikimedia.org/wikipedia/commons/thumb/e/e5/Theodore_Chuang.png/330px-Theodore_Chuang.png?utm_source=commons.wikimedia.org&utm_campaign=imageinfo&utm_content=thumbnail,https://commons.wikimedia.org/wiki/File:Theodore_Chuang.png,Public domain,false,,,false,,,false,Phase-2 sweep; FJC + CourtListener.
8655,Paula Xinis,Xinis,mdd,MDD0504,active,false,Barack Obama,Democratic,2015-03-26,2016-05-16,2016-05-18,,,Yale Law School,1997,Well Qualified,https://www.courtlistener.com/person/8655/paula-xinis/,https://upload.wikimedia.org/wikipedia/commons/thumb/2/28/Paula_Xinis_-_Judge.jpg/330px-Paula_Xinis_-_Judge.jpg?utm_source=commons.wikimedia.org&utm_campaign=imageinfo&utm_content=thumbnail,https://commons.wikimedia.org/wiki/File:Paula_Xinis_-_Judge.jpg,Public domain,false,,,false,,,false,Phase-2 sweep; FJC + CourtListener.
9298,Stephanie Agli Gallagher,Gallagher,mdd,MDD0208,active,false,Donald J. Trump,Republican,2019-05-21,2019-09-11,2019-09-13,,,Harvard Law School,1997,Well Qualified,https://www.courtlistener.com/person/9298/stephanie-a-gallagher/,https://upload.wikimedia.org/wikipedia/commons/thumb/2/29/Stephanie_Gallagher_%28cropped%29.jpg/330px-Stephanie_Gallagher_%28cropped%29.jpg?utm_source=commons.wikimedia.org&utm_campaign=imageinfo&utm_content=thumbnail,https://commons.wikimedia.org/wiki/File:Stephanie_Gallagher_(cropped).jpg,Public domain,false,,,false,,,false,Phase-2 sweep; FJC + CourtListener.
9293,Deborah Lynn Boardman,Boardman,mdd,MDD0704,active,false,Joseph R. Biden,Democratic,2021-04-19,2021-06-23,2021-06-25,,,University of Virginia School of Law,2000,Well Qualified,https://www.courtlistener.com/person/9293/deborah-l-boardman/,https://upload.wikimedia.org/wikipedia/commons/thumb/d/d2/Judge_Deborah_Boardman.png/330px-Judge_Deborah_Boardman.png?utm_source=commons.wikimedia.org&utm_campaign=imageinfo&utm_content=thumbnail,https://commons.wikimedia.org/wiki/File:Judge_Deborah_Boardman.png,Public domain,false,,,false,,,false,Phase-2 sweep; FJC + CourtListener.
10256,Lydia Kay Griggsby,Griggsby,mdd,MDD1004,active,false,Joseph R. Biden,Democratic,2021-04-19,2021-06-16,2021-07-20,,,Georgetown University Law Center,1993,Well Qualified,https://www.courtlistener.com/person/10256/lydia-kay-griggsby/,https://upload.wikimedia.org/wikipedia/commons/c/c1/Lydia_Kay_Griggsby_%28cropped%29.jpg?utm_source=commons.wikimedia.org&utm_campaign=imageinfo&utm_content=thumbnail_unscaled,https://commons.wikimedia.org/wiki/File:Lydia_Kay_Griggsby_(cropped).jpg,Public domain,false,,,false,,,false,Phase-2 sweep; FJC + CourtListener.
,Julie Rebecca Rubin,Rubin,mdd,MDD0405,active,false,Joseph R. Biden,Democratic,2022-01-03,2022-03-23,2022-03-30,,,University of Maryland School of Law (now Francis King Carey School of Law),1998,Well Qualified,,https://upload.wikimedia.org/wikipedia/commons/thumb/7/71/Julie_Rubin_-_Judge_%28cropped%29.jpg/330px-Julie_Rubin_-_Judge_%28cropped%29.jpg?utm_source=commons.wikimedia.org&utm_campaign=imageinfo&utm_content=thumbnail,https://commons.wikimedia.org/wiki/File:Julie_Rubin_-_Judge_(cropped).jpg,Public domain,false,,,false,,,false,Phase-2 sweep; FJC + CourtListener.
,Brendan Abell Hurson,Hurson,mdd,MDD0805,active,false,Joseph R. Biden,Democratic,2023-03-21,2023-10-04,2023-10-06,,,University of Maryland School of Law (now Francis King Carey School of Law),2005,Well Qualified,,https://upload.wikimedia.org/wikipedia/commons/thumb/e/e9/Brendan_A_Hurson.jpg/330px-Brendan_A_Hurson.jpg?utm_source=commons.wikimedia.org&utm_campaign=imageinfo&utm_content=thumbnail,https://commons.wikimedia.org/wiki/File:Brendan_A_Hurson.jpg,Public domain,false,,,false,,,false,Phase-2 sweep; FJC + CourtListener.
,Matthew James Maddox,Maddox,mdd,MDD0605,active,false,Joseph R. Biden,Democratic,2023-03-21,2023-10-31,2023-11-03,,,Yale Law School,2011,Well Qualified,,https://upload.wikimedia.org/wikipedia/commons/thumb/c/cb/Matthew_James_Maddox.jpg/330px-Matthew_James_Maddox.jpg?utm_source=commons.wikimedia.org&utm_campaign=imageinfo&utm_content=thumbnail,https://commons.wikimedia.org/wiki/File:Matthew_James_Maddox.jpg,Public domain,false,,,false,,,false,Phase-2 sweep; FJC + CourtListener.
,Adam Ben Abelson,Abelson,mdd,MDD1103,active,false,Joseph R. Biden,Democratic,2024-05-14,2024-09-10,2024-09-12,,,New York University School of Law,2010,Well Qualified,,https://upload.wikimedia.org/wikipedia/commons/thumb/f/f3/Adam_B._Abelson.png/330px-Adam_B._Abelson.png?utm_source=commons.wikimedia.org&utm_campaign=imageinfo&utm_content=thumbnail,https://commons.wikimedia.org/wiki/File:Adam_B._Abelson.png,CC0,false,,,false,,,false,Phase-2 sweep; FJC + CourtListener.
1519,David Brock Hornby,Hornby,med,MED0203,senior,false,George H.W. Bush,Republican,1990-03-06,1990-04-27,1990-04-30,2010-05-01,,Harvard Law School,1969,Well Qualified,https://www.courtlistener.com/person/1519/david-brock-hornby/,https://upload.wikimedia.org/wikipedia/commons/thumb/6/69/D._Brock_Hornby.jpg/330px-D._Brock_Hornby.jpg?utm_source=commons.wikimedia.org&utm_campaign=imageinfo&utm_content=thumbnail,https://commons.wikimedia.org/wiki/File:D._Brock_Hornby.jpg,Public domain,false,,,false,,,false,Phase-2 sweep; FJC + CourtListener.
2978,George Z. Singal,Singal,med,MED0302,senior,false,William J. Clinton,Democratic,2000-05-11,2000-06-30,2000-07-11,2013-07-31,,Harvard Law School,1970,Well Qualified,https://www.courtlistener.com/person/2978/george-z-singal/,https://upload.wikimedia.org/wikipedia/commons/thumb/f/f4/George_Z._Singal.jpg/330px-George_Z._Singal.jpg?utm_source=commons.wikimedia.org&utm_campaign=imageinfo&utm_content=thumbnail,https://commons.wikimedia.org/wiki/File:George_Z._Singal.jpg,Public domain,false,,,false,,,false,Phase-2 sweep; FJC + CourtListener.
3543,John A. Woodcock Jr.,Woodcock,med,MED0111,senior,false,George W. Bush,Republican,2003-03-27,2003-06-12,2003-06-16,2017-06-27,,University of Maine School of Law,1976,Well Qualified,https://www.courtlistener.com/person/3543/john-a-woodcock-jr/,https://upload.wikimedia.org/wikipedia/commons/thumb/e/eb/John_A._Woodcock.jpg/330px-John_A._Woodcock.jpg?utm_source=commons.wikimedia.org&utm_campaign=imageinfo&utm_content=thumbnail,https://commons.wikimedia.org/wiki/File:John_A._Woodcock.jpg,Public domain,false,,,false,,,false,Phase-2 sweep; FJC + CourtListener.
3245,Nancy Torresen,Torresen,med,MED0204,senior,false,Barack Obama,Democratic,2011-03-02,2011-10-03,2011-10-04,2025-10-11,,University of Michigan Law School,1987,Well Qualified,https://www.courtlistener.com/person/3245/nancy-torresen/,https://upload.wikimedia.org/wikipedia/commons/thumb/d/df/Nancy_Torresen.jpg/330px-Nancy_Torresen.jpg?utm_source=commons.wikimedia.org&utm_campaign=imageinfo&utm_content=thumbnail,https://commons.wikimedia.org/wiki/File:Nancy_Torresen.jpg,Public domain,false,,,false,,,false,Phase-2 sweep; FJC + CourtListener.
1922,Jon David Levy,Levy,med,MED0303,senior,false,Barack Obama,Democratic,2014-01-06,2014-04-30,2014-05-02,2024-05-06,,West Virginia University College of Law,1979,Well Qualified,https://www.courtlistener.com/person/1922/jon-david-levy/,https://upload.wikimedia.org/wikipedia/commons/thumb/a/a2/Judge_Jon_David_Levy.jpg/330px-Judge_Jon_David_Levy.jpg?utm_source=commons.wikimedia.org&utm_campaign=imageinfo&utm_content=thumbnail,https://commons.wikimedia.org/wiki/File:Judge_Jon_David_Levy.jpg,Public domain,false,,,false,,,false,Phase-2 sweep; FJC + CourtListener.
8647,Lance Edward Walker,Walker,med,MED0112,active,true,Donald J. Trump,Republican,2018-04-10,2018-10-11,2018-10-17,,,University of Maine School of Law,2000,Qualified,https://www.courtlistener.com/person/8647/lance-edward-walker/,https://upload.wikimedia.org/wikipedia/commons/thumb/c/c4/Lance_E._Walker.jpg/330px-Lance_E._Walker.jpg?utm_source=commons.wikimedia.org&utm_campaign=imageinfo&utm_content=thumbnail,https://commons.wikimedia.org/wiki/File:Lance_E._Walker.jpg,Public domain,true,member,https://en.wikipedia.org/w/index.php?title=Lance_E._Walker&oldid=1363374865,false,,,false,Phase-2 sweep; FJC + CourtListener.
,Stacey Diane Neumann,Neumann,med,MED0304,active,false,Joseph R. Biden,Democratic,2024-04-30,2024-07-30,2024-08-22,,,Cornell Law School,2005,Well Qualified,,https://upload.wikimedia.org/wikipedia/commons/6/66/Judge_SDN.jpg,https://commons.wikimedia.org/wiki/File:Judge_SDN.jpg,CC BY-SA 4.0 — credit: Brian Fitzgerald,false,,,false,,,false,Phase-2 sweep; FJC + CourtListener.
1120,Bernard A. Friedman,Friedman,mied,MIED0304,senior,false,Ronald Reagan,Republican,1988-02-02,1988-04-19,1988-04-20,2009-01-01,,Detroit College of Law (now Michigan State University College of Law),1968,Well Qualified,https://www.courtlistener.com/person/1120/bernard-a-friedman/,https://upload.wikimedia.org/wikipedia/commons/thumb/5/57/BernardFriedman.jpg/330px-BernardFriedman.jpg?utm_source=commons.wikimedia.org&utm_campaign=imageinfo&utm_content=thumbnail,https://commons.wikimedia.org/wiki/File:BernardFriedman.jpg,Public domain,false,,,false,,,false,Phase-2 sweep; FJC + CourtListener.
646,Robert Hardy Cleland,Cleland,mied,MIED0112,senior,false,George H.W. Bush,Republican,1990-02-20,1990-06-18,1990-06-19,2013-02-28,,University of North Carolina School of Law,1972,Qualified,https://www.courtlistener.com/person/646/robert-hardy-cleland/,https://upload.wikimedia.org/wikipedia/commons/2/21/Robert_H._Cleland.jpg?utm_source=commons.wikimedia.org&utm_campaign=imageinfo&utm_content=thumbnail_unscaled,https://commons.wikimedia.org/wiki/File:Robert_H._Cleland.jpg,Public domain,false,,,false,,,false,Phase-2 sweep; FJC + CourtListener.
973,Nancy Garlock Edmunds,Edmunds,mied,MIED0604,senior,false,George H.W. Bush,Republican,1991-09-11,1992-02-06,1992-02-10,2012-08-01,,Wayne State University Law School,1976,Well Qualified,https://www.courtlistener.com/person/973/nancy-garlock-edmunds/,,,,false,,,false,,,false,Phase-2 sweep; FJC + CourtListener.
1509,Denise Page Hood,Hood,mied,MIED0406,senior,false,William J. Clinton,Democratic,1994-03-09,1994-06-15,1994-06-16,2022-05-01,,Columbia Law School,1977,Qualified,https://www.courtlistener.com/person/1509/denise-page-hood/,https://upload.wikimedia.org/wikipedia/commons/thumb/c/c9/Denise_Page_Hood_%28cropped%29.jpg/330px-Denise_Page_Hood_%28cropped%29.jpg?utm_source=commons.wikimedia.org&utm_campaign=imageinfo&utm_content=thumbnail,https://commons.wikimedia.org/wiki/File:Denise_Page_Hood_(cropped).jpg,Public domain,false,,,false,,,false,Phase-2 sweep; FJC + CourtListener.
335,Paul D. Borman,Borman,mied,MIED1202,senior,false,William J. Clinton,Democratic,1994-03-24,1994-08-09,1994-08-10,2023-08-01,,University of Michigan Law School,1962,Qualified,https://www.courtlistener.com/person/335/paul-d-borman/,https://upload.wikimedia.org/wikipedia/commons/thumb/4/43/Paul_Borman.jpg/330px-Paul_Borman.jpg?utm_source=commons.wikimedia.org&utm_campaign=imageinfo&utm_content=thumbnail,https://commons.wikimedia.org/wiki/File:Paul_Borman.jpg,Public domain,false,,,false,,,false,Phase-2 sweep; FJC + CourtListener.
3090,George Caram Steeh III,Steeh,mied,MIED0704,senior,false,William J. Clinton,Democratic,1997-09-24,1998-05-13,1998-05-22,2013-01-29,,University of Michigan Law School,1973,Well Qualified,https://www.courtlistener.com/person/3090/george-caram-steeh-iii/,,,,false,,,false,,,false,Phase-2 sweep; FJC + CourtListener.
1874,David M. Lawson,Lawson,mied,MIED1102,senior,false,William J. Clinton,Democratic,1999-08-05,2000-05-24,2000-06-02,2021-08-06,,Wayne State University Law School,1976,Well Qualified,https://www.courtlistener.com/person/1874/david-m-lawson/,https://upload.wikimedia.org/wikipedia/commons/7/77/David_M._Lawson.JPG?utm_source=commons.wikimedia.org&utm_campaign=imageinfo&utm_content=thumbnail_unscaled,https://commons.wikimedia.org/wiki/File:David_M._Lawson.JPG,Public domain,false,,,false,,,false,Phase-2 sweep; FJC + CourtListener.
1983,Thomas Lamson Ludington,Ludington,mied,MIED0903,active,false,George W. Bush,Republican,2005-02-14,2006-06-08,2006-06-12,,,University of San Diego School of Law,1979,Well Qualified,https://www.courtlistener.com/person/1983/thomas-lamson-ludington/,,,,false,,,false,,,false,Phase-2 sweep; FJC + CourtListener.
2362,Stephen Joseph Murphy III,Murphy,mied,MIED1502,active,true,George W. Bush,Republican,2008-04-15,2008-06-24,2008-08-18,,,St. Louis University School of Law,1987,Well Qualified,https://www.courtlistener.com/person/2362/stephen-j-murphy-iii/,https://upload.wikimedia.org/wikipedia/commons/thumb/a/ad/Judge_Murphy.jpg/330px-Judge_Murphy.jpg?utm_source=commons.wikimedia.org&utm_campaign=imageinfo&utm_content=thumbnail,https://commons.wikimedia.org/wiki/File:Judge_Murphy.jpg,CC BY-SA 4.0 — credit: English hinton,true,speaker,https://en.wikipedia.org/w/index.php?title=Stephen_Murphy_III&oldid=1368067368,false,,,false,Phase-2 sweep; FJC + CourtListener.
1232,Mark Allan Goldsmith,Goldsmith,mied,MIED0506,active,false,Barack Obama,Democratic,2010-02-04,2010-06-21,2010-06-22,,,Harvard Law School,1977,Well Qualified,https://www.courtlistener.com/person/1232/mark-allan-goldsmith/,https://upload.wikimedia.org/wikipedia/commons/thumb/d/db/Mark_A._Goldsmith_District_Judge.jpg/330px-Mark_A._Goldsmith_District_Judge.jpg?utm_source=commons.wikimedia.org&utm_campaign=imageinfo&utm_content=thumbnail,https://commons.wikimedia.org/wiki/File:Mark_A._Goldsmith_District_Judge.jpg,Public domain,false,,,false,,,false,Phase-2 sweep; FJC + CourtListener.
913,Gershwin Allen Drain,Drain,mied,MIED0305,senior,false,Barack Obama,Democratic,2011-11-17,2012-08-02,2012-08-08,2022-08-13,,University of Michigan Law School,1972,Qualified,https://www.courtlistener.com/person/913/gershwin-allen-drain/,https://upload.wikimedia.org/wikipedia/commons/thumb/d/d2/Judge_Gershwin_A._Drain.jpg/330px-Judge_Gershwin_A._Drain.jpg?utm_source=commons.wikimedia.org&utm_campaign=imageinfo&utm_content=thumbnail,https://commons.wikimedia.org/wiki/File:Judge_Gershwin_A._Drain.jpg,Public domain,false,,,false,,,false,Phase-2 sweep; FJC + CourtListener.
258,Terrence George Berg,Berg,mied,MIED0805,active,false,Barack Obama,Democratic,2012-04-25,2012-12-06,2012-12-07,,,Georgetown University Law Center,1986,Well Qualified,https://www.courtlistener.com/person/258/terrence-george-berg/,https://upload.wikimedia.org/wikipedia/commons/thumb/6/69/Terrence_Berg.png/330px-Terrence_Berg.png?utm_source=commons.wikimedia.org&utm_campaign=imageinfo&utm_content=thumbnail,https://commons.wikimedia.org/wiki/File:Terrence_Berg.png,Public domain,false,,,false,,,false,Phase-2 sweep; FJC + CourtListener.
1904,Matthew Frederick Leitman,Leitman,mied,MIED1303,active,false,Barack Obama,Democratic,2014-01-06,2014-03-12,2014-03-14,,,Harvard Law School,1993,Well Qualified,https://www.courtlistener.com/person/1904/matthew-frederick-leitman/,https://upload.wikimedia.org/wikipedia/commons/thumb/e/eb/Matthew_Leitman.jpg/330px-Matthew_Leitman.jpg?utm_source=commons.wikimedia.org&utm_campaign=imageinfo&utm_content=thumbnail,https://commons.wikimedia.org/wiki/File:Matthew_Leitman.jpg,Public domain,false,,,false,,,false,Phase-2 sweep; FJC + CourtListener.
1923,Judith Ellen Levy,Levy,mied,MIED0605,active,false,Barack Obama,Democratic,2014-01-06,2014-03-12,2014-03-14,,,University of Michigan Law School,1996,Qualified,https://www.courtlistener.com/person/1923/judith-ellen-levy/,https://upload.wikimedia.org/wikipedia/commons/thumb/f/ff/Judith_Levy.jpg/330px-Judith_Levy.jpg?utm_source=commons.wikimedia.org&utm_campaign=imageinfo&utm_content=thumbnail,https://commons.wikimedia.org/wiki/File:Judith_Levy.jpg,Public domain,false,,,false,,,false,Phase-2 sweep; FJC + CourtListener.
2235,Laurie Jill Michelson,Michelson,mied,MIED0705,active,false,Barack Obama,Democratic,2014-01-06,2014-03-12,2014-03-14,,,Northwestern University School of Law (now Pritzker School of Law),1992,Well Qualified,https://www.courtlistener.com/person/2235/laurie-jill-michelson/,https://upload.wikimedia.org/wikipedia/commons/thumb/a/a2/Laurie_J._Michelson.jpg/330px-Laurie_J._Michelson.jpg?utm_source=commons.wikimedia.org&utm_campaign=imageinfo&utm_content=thumbnail,https://commons.wikimedia.org/wiki/File:Laurie_J._Michelson.jpg,Public domain,false,,,false,,,false,Phase-2 sweep; FJC + CourtListener.
2505,Linda Vivienne Parker,Parker,mied,MIED0113,active,false,Barack Obama,Democratic,2014-01-06,2014-03-12,2014-03-17,,,George Washington University Law School,1983,Qualified,https://www.courtlistener.com/person/2505/linda-vivienne-parker/,https://upload.wikimedia.org/wikipedia/commons/thumb/f/f0/Linda_Parker.jpg/330px-Linda_Parker.jpg?utm_source=commons.wikimedia.org&utm_campaign=imageinfo&utm_content=thumbnail,https://commons.wikimedia.org/wiki/File:Linda_Parker.jpg,Public domain,false,,,false,,,false,Phase-2 sweep; FJC + CourtListener.
,Shalina Deborah Kumar,Kumar,mied,MIED1403,active,false,Joseph R. Biden,Democratic,2021-07-13,2021-12-17,2021-12-21,,,University of Detroit Mercy School of Law,1996,Well Qualified,,https://upload.wikimedia.org/wikipedia/commons/thumb/1/17/Shalina_Kumar_%28Judge%29_%28cropped%29.jpg/330px-Shalina_Kumar_%28Judge%29_%28cropped%29.jpg?utm_source=commons.wikimedia.org&utm_campaign=imageinfo&utm_content=thumbnail,https://commons.wikimedia.org/wiki/File:Shalina_Kumar_(Judge)_(cropped).jpg,Public domain,false,,,false,,,false,Phase-2 sweep; FJC + CourtListener.
,Frances Kay Behm,Behm,mied,MIED1103,active,false,Joseph R. Biden,Democratic,2022-07-11,2022-12-06,2022-12-15,,,University of Michigan Law School,1994,Well Qualified,,https://upload.wikimedia.org/wikipedia/commons/thumb/3/39/%28Frances_Kay_Behm%29.jpg/330px-%28Frances_Kay_Behm%29.jpg?utm_source=commons.wikimedia.org&utm_campaign=imageinfo&utm_content=thumbnail,https://commons.wikimedia.org/wiki/File:(Frances_Kay_Behm).jpg,Public domain,false,,,false,,,false,Phase-2 sweep; FJC + CourtListener.
15342,Jonathan James Canada Grey,Grey,mied,MIED0407,active,false,Joseph R. Biden,Democratic,2023-01-23,2023-03-02,2023-03-09,,,Georgetown University Law Center,2007,Well Qualified,https://www.courtlistener.com/person/15342/jonathan-jc-grey/,https://upload.wikimedia.org/wikipedia/commons/thumb/2/20/Jonathan_James_Canada_Grey.jpg/330px-Jonathan_James_Canada_Grey.jpg?utm_source=commons.wikimedia.org&utm_campaign=imageinfo&utm_content=thumbnail,https://commons.wikimedia.org/wiki/File:Jonathan_James_Canada_Grey.jpg,Public domain,false,,,false,,,false,Phase-2 sweep; FJC + CourtListener.
,Susan Kim DeClercq,DeClercq,mied,MIED1004,active,false,Joseph R. Biden,Democratic,2023-05-04,2023-10-04,2023-11-09,,,Wayne State University Law School,1999,Qualified,,https://upload.wikimedia.org/wikipedia/commons/thumb/1/1e/Susan_DeClercq.jpg/330px-Susan_DeClercq.jpg?utm_source=commons.wikimedia.org&utm_campaign=imageinfo&utm_content=thumbnail,https://commons.wikimedia.org/wiki/File:Susan_DeClercq.jpg,Public domain,false,,,false,,,false,Phase-2 sweep; FJC + CourtListener.
,Brandy Renée McMillion,McMillion,mied,MIED0306,active,false,Joseph R. Biden,Democratic,2023-07-11,2023-11-09,2023-11-13,,,George Washington University Law School,2006,Well Qualified,,https://upload.wikimedia.org/wikipedia/commons/thumb/4/4f/Brandy_R._McMillion.jpg/330px-Brandy_R._McMillion.jpg?utm_source=commons.wikimedia.org&utm_campaign=imageinfo&utm_content=thumbnail,https://commons.wikimedia.org/wiki/File:Brandy_R._McMillion.jpg,CC BY-SA 4.0 — credit: 8planets,false,,,false,,,false,Phase-2 sweep; FJC + CourtListener.
,Robert Jerome White,White,mied,MIED1203,active,false,Joseph R. Biden,Democratic,2024-02-01,2024-04-09,2024-04-15,,,Chicago-Kent College of Law,2010,Well Qualified,,https://upload.wikimedia.org/wikipedia/commons/5/53/Robert-J-White-02-08-24.jpg,https://commons.wikimedia.org/wiki/File:Robert-J-White-02-08-24.jpg,Public domain (PD-USGov-Congress) — credit: U.S. Senate Judiciary Committee,false,,,false,,,false,Phase-2 sweep; FJC + CourtListener.
2645,Gordon Jay Quist,Quist,miwd,MIWD0601,senior,false,George H.W. Bush,Republican,1992-03-20,1992-06-26,1992-06-30,2006-01-01,,George Washington University Law School,1962,Well Qualified,https://www.courtlistener.com/person/2645/gordon-jay-quist/,,,,false,,,false,,,false,Phase-2 sweep; FJC + CourtListener.
2023,Paul Lewis Maloney,Maloney,miwd,MIWD0205,active,false,George W. Bush,Republican,2007-03-19,2007-07-09,2007-07-13,,,University of Detroit Law School (now University of Detroit Mercy School of Law),1975,Well Qualified,https://www.courtlistener.com/person/2023/paul-lewis-maloney/,https://upload.wikimedia.org/wikipedia/commons/4/45/Paul_L._Maloney.jpg?utm_source=commons.wikimedia.org&utm_campaign=imageinfo&utm_content=thumbnail_unscaled,https://commons.wikimedia.org/wiki/File:Paul_L._Maloney.jpg,Public domain,false,,,false,,,false,Phase-2 sweep; FJC + CourtListener.
1676,Robert James Jonker,Jonker,miwd,MIWD0602,active,false,George W. Bush,Republican,2007-03-19,2007-07-09,2007-07-16,,,University of Michigan Law School,1985,Well Qualified,https://www.courtlistener.com/person/1676/robert-james-jonker/,,,,false,,,false,,,false,Phase-2 sweep; FJC + CourtListener.
2380,Janet T. Neff,Neff,miwd,MIWD0503,senior,false,George W. Bush,Republican,2007-03-19,2007-07-09,2007-08-06,2021-03-01,,Wayne State University Law School,1970,Qualified,https://www.courtlistener.com/person/2380/janet-t-neff/,,,,false,,,false,,,false,Phase-2 sweep; FJC + CourtListener.
15393,Hala Yalda Jarbou,Jarbou,miwd,MIWD0305,active,true,Donald J. Trump,Republican,2020-03-18,2020-09-10,2020-09-23,,,Wayne State University Law School,1997,Well Qualified,https://www.courtlistener.com/person/15393/hala-yalda-jarbou/,https://upload.wikimedia.org/wikipedia/commons/thumb/a/a7/Hala_Jarbou.jpg/330px-Hala_Jarbou.jpg?utm_source=commons.wikimedia.org&utm_campaign=imageinfo&utm_content=thumbnail,https://commons.wikimedia.org/wiki/File:Hala_Jarbou.jpg,Public domain,false,,,false,,,false,Phase-2 sweep; FJC + CourtListener.
7528,Jane Marie Beckering,Beckering,miwd,MIWD0504,active,false,Joseph R. Biden,Democratic,2021-07-13,2021-12-17,2021-12-21,,,University of Wisconsin Law School,1990,Well Qualified,https://www.courtlistener.com/person/7528/jane-m-beckering/,https://upload.wikimedia.org/wikipedia/commons/thumb/a/a7/Jane_Beckering_%28Judge%29_%28cropped%29.jpg/330px-Jane_Beckering_%28Judge%29_%28cropped%29.jpg?utm_source=commons.wikimedia.org&utm_campaign=imageinfo&utm_content=thumbnail,https://commons.wikimedia.org/wiki/File:Jane_Beckering_(Judge)_(cropped).jpg,Public domain,false,,,false,,,false,Phase-2 sweep; FJC + CourtListener.
88,Donald Douglas Alsop,Alsop,mnd,MND0503,senior,false,Richard M. Nixon,Republican,1974-08-08,1974-12-18,1974-12-20,1992-08-28,,University of Minnesota Law School,1952,Well Qualified,https://www.courtlistener.com/person/88/donald-douglas-alsop/,https://upload.wikimedia.org/wikipedia/commons/thumb/a/a9/Donald_D_Alsop.png/330px-Donald_D_Alsop.png?utm_source=commons.wikimedia.org&utm_campaign=imageinfo&utm_content=thumbnail,https://commons.wikimedia.org/wiki/File:Donald_D_Alsop.png,Public domain,false,,,false,,,false,Phase-2 sweep; FJC + CourtListener.
2014,Paul Arthur Magnuson,Magnuson,mnd,MND0110,senior,false,Ronald Reagan,Republican,1981-09-28,1981-10-29,1981-10-29,2002-02-09,,William Mitchell College of Law (now Mitchell Hamline School of Law),1963,Qualified,https://www.courtlistener.com/person/2014/paul-arthur-magnuson/,,,,false,,,false,,,false,Phase-2 sweep; FJC + CourtListener.
823,Michael James Davis,Davis,mnd,MND0206,senior,false,William J. Clinton,Democratic,1993-11-19,1994-03-25,1994-03-28,2015-08-01,,University of Minnesota Law School,1972,Well Qualified,https://www.courtlistener.com/person/823/michael-james-davis/,https://upload.wikimedia.org/wikipedia/commons/thumb/f/f9/Judge_Michael_j_davis.jpg/330px-Judge_Michael_j_davis.jpg?utm_source=commons.wikimedia.org&utm_campaign=imageinfo&utm_content=thumbnail,https://commons.wikimedia.org/wiki/File:Judge_Michael_j_davis.jpg,Public domain,false,,,false,,,false,Phase-2 sweep; FJC + CourtListener.
3274,John R. Tunheim,Tunheim,mnd,MND0504,senior,false,William J. Clinton,Democratic,1995-07-10,1995-12-22,1995-12-26,2023-12-01,,University of Minnesota Law School,1980,Well Qualified,https://www.courtlistener.com/person/3274/john-r-tunheim/,https://upload.wikimedia.org/wikipedia/commons/thumb/9/9f/John_R._Tunheim.jpg/330px-John_R._Tunheim.jpg?utm_source=commons.wikimedia.org&utm_campaign=imageinfo&utm_content=thumbnail,https://commons.wikimedia.org/wiki/File:John_R._Tunheim.jpg,Public domain,false,,,false,,,false,Phase-2 sweep; FJC + CourtListener.
2283,Ann D. Montgomery,Montgomery,mnd,MND0702,senior,false,William J. Clinton,Democratic,1995-11-27,1996-08-02,1996-08-06,2016-05-31,,University of Minnesota Law School,1974,Well Qualified,https://www.courtlistener.com/person/2283/ann-d-montgomery/,https://upload.wikimedia.org/wikipedia/commons/thumb/7/73/Ann_Montgomery_%28cropped%29.jpg/330px-Ann_Montgomery_%28cropped%29.jpg?utm_source=commons.wikimedia.org&utm_campaign=imageinfo&utm_content=thumbnail,https://commons.wikimedia.org/wiki/File:Ann_Montgomery_(cropped).jpg,Public domain,false,,,false,,,false,Phase-2 sweep; FJC + CourtListener.
1105,Donovan W. Frank,Frank,mnd,MND0406,senior,false,William J. Clinton,Democratic,1998-05-21,1998-10-21,1998-10-22,2016-10-31,,Hamline University School of Law,1977,Qualified,https://www.courtlistener.com/person/1105/donovan-w-frank/,https://upload.wikimedia.org/wikipedia/commons/thumb/2/28/Donovan_Frank_%28cropped%29.jpg/330px-Donovan_Frank_%28cropped%29.jpg?utm_source=commons.wikimedia.org&utm_campaign=imageinfo&utm_content=thumbnail,https://commons.wikimedia.org/wiki/File:Donovan_Frank_(cropped).jpg,Public domain,false,,,false,,,false,Phase-2 sweep; FJC + CourtListener.
1002,Joan N. Ericksen,Ericksen,mnd,MND0111,senior,false,George W. Bush,Republican,2002-01-23,2002-04-25,2002-05-01,2019-10-15,,University of Minnesota Law School,1981,Well Qualified,https://www.courtlistener.com/person/1002/joan-n-ericksen/,https://upload.wikimedia.org/wikipedia/commons/thumb/7/7b/Joan_Ericksen%2C_U.S._District_Court_Judge.jpg/330px-Joan_Ericksen%2C_U.S._District_Court_Judge.jpg?utm_source=commons.wikimedia.org&utm_campaign=imageinfo&utm_content=thumbnail,"https://commons.wikimedia.org/wiki/File:Joan_Ericksen,_U.S._District_Court_Judge.jpg",Public domain,false,,,false,,,false,Phase-2 sweep; FJC + CourtListener.
2861,Patrick Joseph Schiltz,Schiltz,mnd,MND0603,senior,false,George W. Bush,Republican,2005-12-14,2006-04-26,2006-04-28,2026-07-01,,Harvard Law School,1985,Well Qualified,https://www.courtlistener.com/person/2861/patrick-joseph-schiltz/,https://upload.wikimedia.org/wikipedia/commons/thumb/d/de/Patrick_J_Schiltz.jpg/330px-Patrick_J_Schiltz.jpg?utm_source=commons.wikimedia.org&utm_campaign=imageinfo&utm_content=thumbnail,https://commons.wikimedia.org/wiki/File:Patrick_J_Schiltz.jpg,CC BY-SA 4.0 — credit: USdistrictcourt,false,,,false,,,false,Phase-2 sweep; FJC + CourtListener.
2389,Susan Richard Nelson,Nelson,mnd,MND0802,senior,false,Barack Obama,Democratic,2010-04-21,2010-12-17,2010-12-21,2021-12-31,,University of Pittsburgh School of Law,1978,Well Qualified,https://www.courtlistener.com/person/2389/susan-richard-nelson/,https://upload.wikimedia.org/wikipedia/commons/d/d8/Susan_Richard_Nelson_%28cropped%29.jpg?utm_source=commons.wikimedia.org&utm_campaign=imageinfo&utm_content=thumbnail_unscaled,https://commons.wikimedia.org/wiki/File:Susan_Richard_Nelson_(cropped).jpg,Public domain,false,,,false,,,false,Phase-2 sweep; FJC + CourtListener.
8653,Wilhelmina Marie Wright,Wright,mnd,MND0207,senior,false,Barack Obama,Democratic,2015-04-15,2016-01-19,2016-02-18,2024-02-15,,Harvard Law School,1989,Well Qualified,https://www.courtlistener.com/person/8653/wilhelmina-marie-wright/,https://upload.wikimedia.org/wikipedia/commons/thumb/1/14/Wilhelmina_Wright.jpg/330px-Wilhelmina_Wright.jpg?utm_source=commons.wikimedia.org&utm_campaign=imageinfo&utm_content=thumbnail,https://commons.wikimedia.org/wiki/File:Wilhelmina_Wright.jpg,CC BY 2.0 — credit: Mark Dayton,false,,,false,,,false,Phase-2 sweep; FJC + CourtListener.
8642,Eric Christian Tostrud,Tostrud,mnd,MND0407,active,true,Donald J. Trump,Republican,2018-02-15,2018-09-06,2018-09-10,,,William Mitchell College of Law (now Mitchell Hamline School of Law),1990,Well Qualified,https://www.courtlistener.com/person/8642/eric-christian-tostrud/,https://upload.wikimedia.org/wikipedia/commons/2/27/Judge_Eric_C._Tostrud.jpg?utm_source=commons.wikimedia.org&utm_campaign=imageinfo&utm_content=thumbnail_unscaled,https://commons.wikimedia.org/wiki/File:Judge_Eric_C._Tostrud.jpg,CC BY-SA 4.0 — credit: US District Court,true,speaker,https://en.wikipedia.org/w/index.php?title=Eric_C._Tostrud&oldid=1363375912,false,,,false,Phase-2 sweep; FJC + CourtListener.
8659,Nancy Ellen Brasel,Brasel,mnd,MND0703,active,false,Donald J. Trump,Republican,2018-02-15,2018-08-28,2018-09-13,,,University of Minnesota Law School,1996,Well Qualified,https://www.courtlistener.com/person/8659/nancy-ellen-brasel/,https://upload.wikimedia.org/wikipedia/commons/thumb/9/98/NEB_official_photo.jpg/330px-NEB_official_photo.jpg?utm_source=commons.wikimedia.org&utm_campaign=imageinfo&utm_content=thumbnail,https://commons.wikimedia.org/wiki/File:NEB_official_photo.jpg,CC BY-SA 4.0 — credit: RLSP2020,false,,,false,,,false,Phase-2 sweep; FJC + CourtListener.
10085,Katherine Marie Menendez,Menendez,mnd,MND0112,active,false,Joseph R. Biden,Democratic,2021-09-20,2021-12-18,2021-12-21,,,New York University School of Law,1996,Well Qualified,https://www.courtlistener.com/person/10085/katherine-m-menendez/,https://upload.wikimedia.org/wikipedia/commons/thumb/7/74/Judge_Kate_M._Menendez.jpg/330px-Judge_Kate_M._Menendez.jpg?utm_source=commons.wikimedia.org&utm_campaign=imageinfo&utm_content=thumbnail,https://commons.wikimedia.org/wiki/File:Judge_Kate_M._Menendez.jpg,CC BY-SA 4.0 — credit: RLSP2020,false,,,false,,,false,Phase-2 sweep; FJC + CourtListener.
,Jerry Wayne Blackwell,Blackwell,mnd,MND0803,active,false,Joseph R. Biden,Democratic,2022-06-15,2022-12-07,2022-12-20,,,University of North Carolina School of Law,1987,Well Qualified,,https://upload.wikimedia.org/wikipedia/commons/thumb/6/68/%28Jerry_W._Blackwell%29.jpg/330px-%28Jerry_W._Blackwell%29.jpg?utm_source=commons.wikimedia.org&utm_campaign=imageinfo&utm_content=thumbnail,https://commons.wikimedia.org/wiki/File:(Jerry_W._Blackwell).jpg,Public domain,false,,,false,,,false,Phase-2 sweep; FJC + CourtListener.
,Jeffrey Marc Bryan,Bryan,mnd,MND0505,active,false,Joseph R. Biden,Democratic,2023-07-27,2023-11-28,2023-11-30,,,Yale Law School,2002,Well Qualified,,https://upload.wikimedia.org/wikipedia/commons/thumb/a/a1/Jeffrey_Bryan.jpg/330px-Jeffrey_Bryan.jpg?utm_source=commons.wikimedia.org&utm_campaign=imageinfo&utm_content=thumbnail,https://commons.wikimedia.org/wiki/File:Jeffrey_Bryan.jpg,Public domain,false,,,false,,,false,Phase-2 sweep; FJC + CourtListener.
,Laura Margarete Provinzino,Provinzino,mnd,MND0208,active,false,Joseph R. Biden,Democratic,2024-06-13,2024-09-12,2024-09-16,,,Yale Law School,2003,Well Qualified,,https://upload.wikimedia.org/wikipedia/commons/thumb/8/81/Judge_Laura_M._Provinzino.png/330px-Judge_Laura_M._Provinzino.png?utm_source=commons.wikimedia.org&utm_campaign=imageinfo&utm_content=thumbnail,https://commons.wikimedia.org/wiki/File:Judge_Laura_M._Provinzino.png,CC0,false,,,false,,,false,Phase-2 sweep; FJC + CourtListener.
1053,Edward Louis Filippine,Filippine,moed,MOED0205,senior,false,Jimmy Carter,Democratic,1977-06-22,1977-07-21,1977-07-22,1995-06-11,,St. Louis University School of Law,1957,Qualified,https://www.courtlistener.com/person/1053/edward-louis-filippine/,,,,false,,,false,,,false,Phase-2 sweep; FJC + CourtListener.
1345,Jean Constance Hamilton,Hamilton,moed,MOED0503,senior,false,George H.W. Bush,Republican,1990-08-03,1990-09-28,1990-10-01,2013-07-01,,Washington University School of Law,1971,Well Qualified,https://www.courtlistener.com/person/1345/jean-constance-hamilton/,https://upload.wikimedia.org/wikipedia/commons/thumb/3/32/Jean_C._Hamilton%2C_U.S._District_Court_Judge.jpg/330px-Jean_C._Hamilton%2C_U.S._District_Court_Judge.jpg?utm_source=commons.wikimedia.org&utm_campaign=imageinfo&utm_content=thumbnail,"https://commons.wikimedia.org/wiki/File:Jean_C._Hamilton,_U.S._District_Court_Judge.jpg",Public domain,false,,,false,,,false,Phase-2 sweep; FJC + CourtListener.
2543,Catherine D. Perry,Perry,moed,MOED0111,senior,false,William J. Clinton,Democratic,1994-07-15,1994-10-06,1994-10-07,2018-12-31,,Washington University School of Law,1980,Well Qualified,https://www.courtlistener.com/person/2543/catherine-d-perry/,https://upload.wikimedia.org/wikipedia/commons/thumb/c/cf/Cartherine_D._Perry_1_%28cropped%29.jpg/330px-Cartherine_D._Perry_1_%28cropped%29.jpg?utm_source=commons.wikimedia.org&utm_campaign=imageinfo&utm_content=thumbnail,https://commons.wikimedia.org/wiki/File:Cartherine_D._Perry_1_(cropped).jpg,Public domain,false,,,false,,,false,Phase-2 sweep; FJC + CourtListener.
3401,E. Richard Webber,Webber,moed,MOED0206,senior,false,William J. Clinton,Democratic,1995-08-10,1995-12-22,1995-12-26,2009-06-30,,University of Missouri School of Law,1967,Well Qualified,https://www.courtlistener.com/person/3401/e-richard-webber/,https://upload.wikimedia.org/wikipedia/commons/thumb/5/5c/Judge_E._Richard_Webber_%28cropped%29.jpg/330px-Judge_E._Richard_Webber_%28cropped%29.jpg?utm_source=commons.wikimedia.org&utm_campaign=imageinfo&utm_content=thumbnail,https://commons.wikimedia.org/wiki/File:Judge_E._Richard_Webber_(cropped).jpg,Public domain,false,,,false,,,false,Phase-2 sweep; FJC + CourtListener.
1866,Nanette Kay Laughrey,Laughrey,moed,MOED0404,senior,false,William J. Clinton,Democratic,1995-10-20,1996-07-24,1996-08-01,2011-08-27,,University of Missouri School of Law,1975,Qualified,https://www.courtlistener.com/person/1866/nanette-kay-laughrey/,https://upload.wikimedia.org/wikipedia/commons/0/0a/Nanette_Laughrey_District_Judge.JPG?utm_source=commons.wikimedia.org&utm_campaign=imageinfo&utm_content=thumbnail_unscaled,https://commons.wikimedia.org/wiki/File:Nanette_Laughrey_District_Judge.JPG,Public domain,false,,,false,,,false,Phase-2 sweep; FJC + CourtListener.
2982,Rodney W. Sippel,Sippel,moed,MOED0307,senior,false,William J. Clinton,Democratic,1997-05-15,1997-11-08,1997-11-12,2023-01-28,,Washington University School of Law,1981,Qualified,https://www.courtlistener.com/person/2982/rodney-w-sippel/,https://upload.wikimedia.org/wikipedia/commons/thumb/d/d1/Rodney_W._Sippel%2C_U.S._District_Court_Judge.jpg/330px-Rodney_W._Sippel%2C_U.S._District_Court_Judge.jpg?utm_source=commons.wikimedia.org&utm_campaign=imageinfo&utm_content=thumbnail,"https://commons.wikimedia.org/wiki/File:Rodney_W._Sippel,_U.S._District_Court_Judge.jpg",Public domain,false,,,false,,,false,Phase-2 sweep; FJC + CourtListener.
141,Henry Edward Autrey,Autrey,moed,MOED0702,active,false,George W. Bush,Republican,2002-03-21,2002-08-01,2002-08-02,,,St. Louis University School of Law,1977,Qualified,https://www.courtlistener.com/person/141/henry-edward-autrey/,https://upload.wikimedia.org/wikipedia/commons/thumb/f/f3/Henry_E._Autrey%2C_U.S._District_Court_Judge.jpg/330px-Henry_E._Autrey%2C_U.S._District_Court_Judge.jpg?utm_source=commons.wikimedia.org&utm_campaign=imageinfo&utm_content=thumbnail,"https://commons.wikimedia.org/wiki/File:Henry_E._Autrey,_U.S._District_Court_Judge.jpg",Public domain,false,,,false,,,false,Phase-2 sweep; FJC + CourtListener.
1934,Stephen Nathaniel Limbaugh Jr.,Limbaugh,moed,MOED0802,senior,false,George W. Bush,Republican,2007-12-06,2008-06-10,2008-08-01,2020-08-01,,Southern Methodist University School of Law (now Dedman School of Law),1976,Well Qualified,https://www.courtlistener.com/person/1934/stephen-nathaniel-limbaugh-jr/,https://upload.wikimedia.org/wikipedia/commons/4/49/Stephen_N._Limbaugh_Jr.jpg?utm_source=commons.wikimedia.org&utm_campaign=imageinfo&utm_content=thumbnail_unscaled,https://commons.wikimedia.org/wiki/File:Stephen_N._Limbaugh_Jr.jpg,Public domain,false,,,false,,,false,Phase-2 sweep; FJC + CourtListener.
1077,Audrey Goldstein Fleissig,Fleissig,moed,MOED0207,senior,false,Barack Obama,Democratic,2010-01-20,2010-06-07,2010-06-09,2023-04-14,,Washington University School of Law,1980,Well Qualified,https://www.courtlistener.com/person/1077/audrey-goldstein-fleissig/,https://upload.wikimedia.org/wikipedia/commons/thumb/d/db/Audrey_G._Fleissig%2C_U.S._District_Court_Judge.jpg/330px-Audrey_G._Fleissig%2C_U.S._District_Court_Judge.jpg?utm_source=commons.wikimedia.org&utm_campaign=imageinfo&utm_content=thumbnail,"https://commons.wikimedia.org/wiki/File:Audrey_G._Fleissig,_U.S._District_Court_Judge.jpg",Public domain,false,,,false,,,false,Phase-2 sweep; FJC + CourtListener.
2791,John Andrew Ross,Ross,moed,MOED0902,senior,false,Barack Obama,Democratic,2011-01-05,2011-09-20,2011-10-11,2023-06-09,,Emory University School of Law,1979,Well Qualified,https://www.courtlistener.com/person/2791/john-andrew-ross/,https://upload.wikimedia.org/wikipedia/commons/e/e3/John_A._Ross%2C_U.S._District_Court_Judge.jpg?utm_source=commons.wikimedia.org&utm_campaign=imageinfo&utm_content=thumbnail_unscaled,"https://commons.wikimedia.org/wiki/File:John_A._Ross,_U.S._District_Court_Judge.jpg",Public domain,false,,,false,,,false,Phase-2 sweep; FJC + CourtListener.
3508,Brian Curtis Wimes,Wimes,moed,MOED0405,active,false,Barack Obama,Democratic,2011-09-22,2012-04-23,2012-04-30,,,"Texas Southern University, Thurgood Marshall School of Law",1994,Qualified,https://www.courtlistener.com/person/3508/brian-curtis-wimes/,https://upload.wikimedia.org/wikipedia/commons/8/8b/Judge_Brian_C._Wimes.jpg?utm_source=commons.wikimedia.org&utm_campaign=imageinfo&utm_content=thumbnail_unscaled,https://commons.wikimedia.org/wiki/File:Judge_Brian_C._Wimes.jpg,Public domain,false,,,false,,,false,Phase-2 sweep; FJC + CourtListener.
8562,Stephen Robert Clark Sr.,Clark,moed,MOED0603,active,true,Donald J. Trump,Republican,2019-01-23,2019-05-22,2019-06-12,,,St. Louis University School of Law,1991,Well Qualified,https://www.courtlistener.com/person/8562/stephen-robert-clark-sr/,https://upload.wikimedia.org/wikipedia/commons/thumb/c/c5/Stephen_R._Clark_Sr._-_SBD_-_Federalist_Society_-_Missouri-11_%2849451142871%29_%28cropped%29.jpg/330px-Stephen_R._Clark_Sr._-_SBD_-_Federalist_Society_-_Missouri-11_%2849451142871%29_%28cropped%29.jpg?utm_source=commons.wikimedia.org&utm_campaign=imageinfo&utm_content=thumbnail,https://commons.wikimedia.org/wiki/File:Stephen_R._Clark_Sr._-_SBD_-_Federalist_Society_-_Missouri-11_(49451142871)_(cropped).jpg,CC BY 2.0 — credit: US Department of Education,true,member,https://en.wikipedia.org/w/index.php?title=Stephen_R._Clark&oldid=1363374809,false,,,false,Phase-2 sweep; FJC + CourtListener.
15366,Sarah Elizabeth Pitlyk,Pitlyk,moed,MOED0112,active,false,Donald J. Trump,Republican,2019-09-09,2019-12-04,2019-12-05,,,Yale Law School,2008,Not Qualified,https://www.courtlistener.com/person/15366/sarah-elizabeth-pitlyk/,https://upload.wikimedia.org/wikipedia/commons/thumb/b/b0/Judge_Sarah_E._Pitlyk_%282019%29.jpg/330px-Judge_Sarah_E._Pitlyk_%282019%29.jpg?utm_source=commons.wikimedia.org&utm_campaign=imageinfo&utm_content=thumbnail,https://commons.wikimedia.org/wiki/File:Judge_Sarah_E._Pitlyk_(2019).jpg,Public domain,true,member,https://en.wikipedia.org/w/index.php?title=Sarah_Pitlyk&oldid=1353743971,false,,,false,Phase-2 sweep; FJC + CourtListener.
,Matthew Thomas Schelp,Schelp,moed,MOED0803,active,false,Donald J. Trump,Republican,2020-01-03,2020-02-12,2020-08-04,,,University of Missouri School of Law,1996,Well Qualified,,https://upload.wikimedia.org/wikipedia/commons/thumb/a/ad/Matthew_Schelp_%28Judge%29_%28cropped%29.jpg/330px-Matthew_Schelp_%28Judge%29_%28cropped%29.jpg?utm_source=commons.wikimedia.org&utm_campaign=imageinfo&utm_content=thumbnail,https://commons.wikimedia.org/wiki/File:Matthew_Schelp_(Judge)_(cropped).jpg,Public domain,true,member,https://en.wikipedia.org/w/index.php?title=Matthew_T._Schelp&oldid=1369735273,false,,,false,Phase-2 sweep; FJC + CourtListener.
,Cristian Matthew Stevens,Stevens,moed,MOED0208,active,false,Donald J. Trump,Republican,2025-05-12,2025-07-22,2025-07-23,,,University of Missouri School of Law,1998,Well Qualified,,https://upload.wikimedia.org/wikipedia/commons/thumb/e/e2/Cristian_M._Stevens.png/330px-Cristian_M._Stevens.png?utm_source=commons.wikimedia.org&utm_campaign=imageinfo&utm_content=thumbnail,https://commons.wikimedia.org/wiki/File:Cristian_M._Stevens.png,Public domain,true,member,https://en.wikipedia.org/w/index.php?title=Cristian_Stevens&oldid=1345013748,false,,,false,Phase-2 sweep; FJC + CourtListener.
,Zachary Maxwell Bluestone,Bluestone,moed,MOED0903,active,false,Donald J. Trump,Republican,2025-05-12,2025-07-23,2025-07-24,,,Harvard Law School,2016,,,https://upload.wikimedia.org/wikipedia/commons/2/24/Zack_Bluestone.png,https://commons.wikimedia.org/wiki/File:Zack_Bluestone.png,Public domain (PD-USGov) — credit: U.S. Senate Judiciary Committee,false,,,false,,,false,Phase-2 sweep; FJC + CourtListener.
,Joshua Michael Divine,Divine,moed,MOED0308,active,false,Donald J. Trump,Republican,2025-05-12,2025-07-22,2025-07-24,,,Yale Law School,2016,Well Qualified,,https://upload.wikimedia.org/wikipedia/commons/thumb/f/f2/Joshua_M._Divine.png/330px-Joshua_M._Divine.png?utm_source=commons.wikimedia.org&utm_campaign=imageinfo&utm_content=thumbnail,https://commons.wikimedia.org/wiki/File:Joshua_M._Divine.png,Public domain,true,member,https://en.wikipedia.org/w/index.php?title=Josh_Divine&oldid=1370352031,false,,,false,Phase-2 sweep; FJC + CourtListener.
,Maria Ann Lanahan,Lanahan,moed,MOED0505,active,false,Donald J. Trump,Republican,2025-05-12,2025-09-09,2025-09-24,,,University of Chicago Law School,2013,Well Qualified,,https://upload.wikimedia.org/wikipedia/commons/3/3e/Maria_Lanahan.png,https://commons.wikimedia.org/wiki/File:Maria_Lanahan.png,Public domain (PD-USGov) — credit: U.S. Senate Judiciary Committee,false,,,false,,,false,Phase-2 sweep; FJC + CourtListener.
2822,Howard Frederic Sachs,Sachs,mowd,MOWD0701,senior,false,Jimmy Carter,Democratic,1979-05-17,1979-09-25,1979-09-26,1992-10-31,,Harvard Law School,1950,Well Qualified,https://www.courtlistener.com/person/2822/howard-frederic-sachs/,https://upload.wikimedia.org/wikipedia/commons/4/4e/Howard_F._Sachs.jpeg?utm_source=commons.wikimedia.org&utm_campaign=imageinfo&utm_content=thumbnail_unscaled,https://commons.wikimedia.org/wiki/File:Howard_F._Sachs.jpeg,Public domain,false,,,false,,,false,Phase-2 sweep; FJC + CourtListener.
3443,Dean Whipple,Whipple,mowd,MOWD0505,senior,false,Ronald Reagan,Republican,1987-09-14,1987-12-08,1987-12-09,2007-04-30,,University of Missouri-Kansas City School of Law,1965,Qualified,https://www.courtlistener.com/person/3443/dean-whipple/,https://upload.wikimedia.org/wikipedia/commons/thumb/8/8a/Dean_Whipple.jpg/330px-Dean_Whipple.jpg?utm_source=commons.wikimedia.org&utm_campaign=imageinfo&utm_content=thumbnail,https://commons.wikimedia.org/wiki/File:Dean_Whipple.jpg,Public domain,false,,,false,,,false,Phase-2 sweep; FJC + CourtListener.
1141,Fernando J. Gaitan Jr.,Gaitan,mowd,MOWD0109,senior,false,George H.W. Bush,Republican,1991-05-16,1991-07-18,1991-08-02,2014-01-03,,University of Missouri-Kansas City School of Law,1974,Well Qualified,https://www.courtlistener.com/person/1141/fernando-j-gaitan-jr/,https://upload.wikimedia.org/wikipedia/commons/8/87/Fernando_J._Gaitan%2C_Jr.jpg?utm_source=commons.wikimedia.org&utm_campaign=imageinfo&utm_content=thumbnail_unscaled,"https://commons.wikimedia.org/wiki/File:Fernando_J._Gaitan,_Jr.jpg",Public domain,false,,,false,,,false,Phase-2 sweep; FJC + CourtListener.
3018,Ortrie D. Smith,Smith,mowd,MOWD0702,senior,false,William J. Clinton,Democratic,1995-06-30,1995-08-11,1995-08-14,2011-04-30,,University of Missouri-Kansas City School of Law,1971,Qualified,https://www.courtlistener.com/person/3018/ortrie-d-smith/,https://upload.wikimedia.org/wikipedia/commons/f/f4/Ortrie_Smith_%28cropped%29.jpg?utm_source=commons.wikimedia.org&utm_campaign=imageinfo&utm_content=thumbnail_unscaled,https://commons.wikimedia.org/wiki/File:Ortrie_Smith_(cropped).jpg,Public domain,false,,,false,,,false,Phase-2 sweep; FJC + CourtListener.
1042,Gary A. Fenner,Fenner,mowd,MOWD0602,senior,false,William J. Clinton,Democratic,1995-12-13,1996-07-10,1996-07-25,2015-09-08,,University of Missouri-Kansas City School of Law,1973,Well Qualified,https://www.courtlistener.com/person/1042/gary-a-fenner/,https://upload.wikimedia.org/wikipedia/commons/thumb/f/fb/Gary_August_Fenner.jpg/330px-Gary_August_Fenner.jpg?utm_source=commons.wikimedia.org&utm_campaign=imageinfo&utm_content=thumbnail,https://commons.wikimedia.org/wiki/File:Gary_August_Fenner.jpg,Public domain,false,,,false,,,false,Phase-2 sweep; FJC + CourtListener.
1866,Nanette Kay Laughrey,Laughrey,mowd,MOWD0404,senior,false,William J. Clinton,Democratic,1995-10-20,1996-07-24,1996-08-01,2011-08-27,,University of Missouri School of Law,1975,Qualified,https://www.courtlistener.com/person/1866/nanette-kay-laughrey/,https://upload.wikimedia.org/wikipedia/commons/0/0a/Nanette_Laughrey_District_Judge.JPG?utm_source=commons.wikimedia.org&utm_campaign=imageinfo&utm_content=thumbnail_unscaled,https://commons.wikimedia.org/wiki/File:Nanette_Laughrey_District_Judge.JPG,Public domain,false,,,false,,,false,Phase-2 sweep; FJC + CourtListener.
2982,Rodney W. Sippel,Sippel,mowd,MOWD0307,senior,false,William J. Clinton,Democratic,1997-05-15,1997-11-08,1997-11-12,2023-01-28,,Washington University School of Law,1981,Qualified,https://www.courtlistener.com/person/2982/rodney-w-sippel/,https://upload.wikimedia.org/wikipedia/commons/thumb/d/d1/Rodney_W._Sippel%2C_U.S._District_Court_Judge.jpg/330px-Rodney_W._Sippel%2C_U.S._District_Court_Judge.jpg?utm_source=commons.wikimedia.org&utm_campaign=imageinfo&utm_content=thumbnail,"https://commons.wikimedia.org/wiki/File:Rodney_W._Sippel,_U.S._District_Court_Judge.jpg",Public domain,false,,,false,,,false,Phase-2 sweep; FJC + CourtListener.
1716,David Gregory Kays,Kays,mowd,MOWD0506,active,false,George W. Bush,Republican,2007-11-15,2008-06-10,2008-06-19,,,University of Arkansas School of Law,1987,Qualified,https://www.courtlistener.com/person/1716/david-gregory-kays/,https://upload.wikimedia.org/wikipedia/commons/6/6f/Greg_Kays.jpg?utm_source=commons.wikimedia.org&utm_campaign=imageinfo&utm_content=thumbnail_unscaled,https://commons.wikimedia.org/wiki/File:Greg_Kays.jpg,Public domain,false,,,false,,,false,Phase-2 sweep; FJC + CourtListener.
2558,Mary Elizabeth Phillips,Phillips,mowd,MOWD0703,active,false,Barack Obama,Democratic,2011-06-07,2012-03-06,2012-03-22,,,University of Missouri School of Law,1996,Well Qualified,https://www.courtlistener.com/person/2558/mary-elizabeth-phillips/,https://upload.wikimedia.org/wikipedia/commons/thumb/5/58/Beth_Phillips_US_Attorney.JPG/330px-Beth_Phillips_US_Attorney.JPG?utm_source=commons.wikimedia.org&utm_campaign=imageinfo&utm_content=thumbnail,https://commons.wikimedia.org/wiki/File:Beth_Phillips_US_Attorney.JPG,Public domain,false,,,false,,,false,Phase-2 sweep; FJC + CourtListener.
3508,Brian Curtis Wimes,Wimes,mowd,MOWD0405,active,true,Barack Obama,Democratic,2011-09-22,2012-04-23,2012-04-30,,,"Texas Southern University, Thurgood Marshall School of Law",1994,Qualified,https://www.courtlistener.com/person/3508/brian-curtis-wimes/,https://upload.wikimedia.org/wikipedia/commons/8/8b/Judge_Brian_C._Wimes.jpg?utm_source=commons.wikimedia.org&utm_campaign=imageinfo&utm_content=thumbnail_unscaled,https://commons.wikimedia.org/wiki/File:Judge_Brian_C._Wimes.jpg,Public domain,false,,,false,,,false,Phase-2 sweep; FJC + CourtListener.
1371,M. Douglas Harpool,Harpool,mowd,MOWD0207,senior,false,Barack Obama,Democratic,2014-01-06,2014-03-26,2014-03-28,2026-02-04,,University of Missouri School of Law,1980,Well Qualified,https://www.courtlistener.com/person/1371/m-douglas-harpool/,https://upload.wikimedia.org/wikipedia/commons/thumb/2/26/Doug_Harpool.jpg/330px-Doug_Harpool.jpg?utm_source=commons.wikimedia.org&utm_campaign=imageinfo&utm_content=thumbnail,https://commons.wikimedia.org/wiki/File:Doug_Harpool.jpg,Public domain,false,,,false,,,false,Phase-2 sweep; FJC + CourtListener.
337,Stephen Rogers Bough,Bough,mowd,MOWD0110,active,false,Barack Obama,Democratic,2014-01-16,2014-12-16,2014-12-19,,,University of Missouri-Kansas City School of Law,1997,Qualified,https://www.courtlistener.com/person/337/stephen-rogers-bough/,https://upload.wikimedia.org/wikipedia/commons/7/72/Judge_S._Bough.jpg?utm_source=commons.wikimedia.org&utm_campaign=imageinfo&utm_content=thumbnail_unscaled,https://commons.wikimedia.org/wiki/File:Judge_S._Bough.jpg,Public domain,false,,,false,,,false,Phase-2 sweep; FJC + CourtListener.
8592,Roseann Ambrosia Ketchmark,Ketchmark,mowd,MOWD0603,active,false,Barack Obama,Democratic,2015-01-07,2015-09-08,2015-09-14,,,University of Kansas School of Law,1990,Qualified,https://www.courtlistener.com/person/8592/roseann-ambrosia-ketchmark/,https://upload.wikimedia.org/wikipedia/commons/thumb/4/4f/JudgeKetchmark.jpg/330px-JudgeKetchmark.jpg?utm_source=commons.wikimedia.org&utm_campaign=imageinfo&utm_content=thumbnail,https://commons.wikimedia.org/wiki/File:JudgeKetchmark.jpg,Public domain,false,,,false,,,false,Phase-2 sweep; FJC + CourtListener.
,Joshua Michael Divine,Divine,mowd,MOWD0308,active,false,Donald J. Trump,Republican,2025-05-12,2025-07-22,2025-07-24,,,Yale Law School,2016,Well Qualified,,https://upload.wikimedia.org/wikipedia/commons/thumb/f/f2/Joshua_M._Divine.png/330px-Joshua_M._Divine.png?utm_source=commons.wikimedia.org&utm_campaign=imageinfo&utm_content=thumbnail,https://commons.wikimedia.org/wiki/File:Joshua_M._Divine.png,Public domain,true,member,https://en.wikipedia.org/w/index.php?title=Josh_Divine&oldid=1370352031,false,,,false,Phase-2 sweep; FJC + CourtListener.
,Megan Blair Benton,Benton,mowd,MOWD0208,active,false,Donald J. Trump,Republican,2026-01-05,2026-02-04,2026-02-10,,,Vanderbilt University Law School,2010,Qualified,,https://upload.wikimedia.org/wikipedia/commons/thumb/9/9c/Megan_Benton.png/330px-Megan_Benton.png?utm_source=commons.wikimedia.org&utm_campaign=imageinfo&utm_content=thumbnail,https://commons.wikimedia.org/wiki/File:Megan_Benton.png,Public domain,false,,,false,,,false,Phase-2 sweep; FJC + CourtListener.
801,Glen H. Davidson,Davidson,msnd,MSND0401,senior,false,Ronald Reagan,Republican,1985-07-23,1985-10-16,1985-10-17,2007-06-01,,University of Mississippi School of Law,1965,Qualified,https://www.courtlistener.com/person/801/glen-h-davidson/,,,,false,,,false,,,false,Phase-2 sweep; FJC + CourtListener.
2265,Michael P. Mills,Mills,msnd,MSND0303,senior,false,George W. Bush,Republican,2001-09-04,2001-10-11,2001-10-16,2021-11-01,,University of Mississippi School of Law,1980,Qualified,https://www.courtlistener.com/person/2265/michael-p-mills/,,,,false,,,false,,,false,Phase-2 sweep; FJC + CourtListener.
143,Sharion Aycock,Aycock,msnd,MSND0402,senior,false,George W. Bush,Republican,2007-03-19,2007-10-04,2007-10-22,2025-04-15,,Mississippi College School of Law,1980,Well Qualified,https://www.courtlistener.com/person/143/sharion-aycock/,,,,false,,,false,,,false,Phase-2 sweep; FJC + CourtListener.
418,Debra Marie Brown,Brown,msnd,MSND0206,active,true,Barack Obama,Democratic,2013-05-16,2013-11-04,2013-11-05,,,University of Mississippi School of Law,1997,Qualified,https://www.courtlistener.com/person/418/debra-marie-brown/,https://upload.wikimedia.org/wikipedia/commons/d/d3/Debra_M_Brown.jpg?utm_source=commons.wikimedia.org&utm_campaign=imageinfo&utm_content=thumbnail_unscaled,https://commons.wikimedia.org/wiki/File:Debra_M_Brown.jpg,Public domain,false,,,false,,,false,Phase-2 sweep; FJC + CourtListener.
,Robert Porter Chamberlin,Chamberlin,msnd,MSND0403,active,false,Donald J. Trump,Republican,2025-09-02,2025-12-09,2025-12-16,,,University of Mississippi School of Law,1990,Well Qualified,,https://upload.wikimedia.org/wikipedia/commons/3/37/Robert_Chamberlin.png,https://commons.wikimedia.org/wiki/File:Robert_Chamberlin.png,Public domain (PD-USGov) — credit: U.S. Senate Judiciary Committee,false,,,false,,,false,Phase-2 sweep; FJC + CourtListener.
7674,James Donald Maxwell II,Maxwell,msnd,MSND0304,active,false,Donald J. Trump,Republican,2025-09-02,2025-12-09,2025-12-18,,,University of Mississippi School of Law,2001,Qualified,https://www.courtlistener.com/person/7674/james-d-maxwell-ii/,https://upload.wikimedia.org/wikipedia/commons/6/6b/James_Maxwell.png,https://commons.wikimedia.org/wiki/File:James_Maxwell.png,Public domain (PD-USGov) — credit: U.S. Senate Judiciary Committee,false,,,false,,,false,Phase-2 sweep; FJC + CourtListener.
1893,Tom Stewart Lee,Lee,mssd,MSSD0108,senior,false,Ronald Reagan,Republican,1984-05-15,1984-06-11,1984-06-11,2006-04-08,,University of Mississippi School of Law,1965,Qualified,https://www.courtlistener.com/person/1893/tom-stewart-lee/,,,,false,,,false,,,false,Phase-2 sweep; FJC + CourtListener.
3513,Henry Travillion Wingate,Wingate,mssd,MSSD0401,active,false,Ronald Reagan,Republican,1985-09-11,1985-10-16,1985-10-17,,,Yale Law School,1972,Qualified,https://www.courtlistener.com/person/3513/henry-travillion-wingate/,,,,false,,,false,,,false,Phase-2 sweep; FJC + CourtListener.
364,David C. Bramlette,Bramlette,mssd,MSSD0601,senior,false,George H.W. Bush,Republican,1991-07-26,1991-11-21,1991-11-25,2006-03-20,,University of Mississippi School of Law,1965,Qualified,https://www.courtlistener.com/person/364/david-c-bramlette/,https://upload.wikimedia.org/wikipedia/commons/c/cf/David_C_Bramlette.jpg?utm_source=commons.wikimedia.org&utm_campaign=imageinfo&utm_content=thumbnail_unscaled,https://commons.wikimedia.org/wiki/File:David_C_Bramlette.jpg,Public domain,false,,,false,,,false,Phase-2 sweep; FJC + CourtListener.
1305,Louis Guirola Jr.,Guirola,mssd,MSSD0502,senior,false,George W. Bush,Republican,2003-09-23,2004-03-12,2004-03-22,2018-03-23,,University of Mississippi School of Law,1979,Well Qualified,https://www.courtlistener.com/person/1305/louis-guirola-jr/,https://upload.wikimedia.org/wikipedia/commons/7/78/Louis_Guirola_%28cropped%29.jpg?utm_source=commons.wikimedia.org&utm_campaign=imageinfo&utm_content=thumbnail_unscaled,https://commons.wikimedia.org/wiki/File:Louis_Guirola_(cropped).jpg,Public domain,false,,,false,,,false,Phase-2 sweep; FJC + CourtListener.
3086,Keith Starrett,Starrett,mssd,MSSD0303,senior,false,George W. Bush,Republican,2004-07-06,2004-11-20,2004-12-13,2019-04-30,,University of Mississippi School of Law,1974,Well Qualified,https://www.courtlistener.com/person/3086/keith-starrett/,https://upload.wikimedia.org/wikipedia/commons/9/9b/Keith_Starrett_%28cropped%29.jpg?utm_source=commons.wikimedia.org&utm_campaign=imageinfo&utm_content=thumbnail_unscaled,https://commons.wikimedia.org/wiki/File:Keith_Starrett_(cropped).jpg,Public domain,false,,,false,,,false,Phase-2 sweep; FJC + CourtListener.
1678,Daniel Porter Jordan III,Jordan,mssd,MSSD0109,active,false,George W. Bush,Republican,2006-04-24,2006-07-20,2006-08-07,,,University of Virginia School of Law,1993,Qualified,https://www.courtlistener.com/person/1678/daniel-porter-jordan-iii/,https://upload.wikimedia.org/wikipedia/commons/thumb/f/fb/Daniel_P._Jordan_%28cropped%29.jpg/330px-Daniel_P._Jordan_%28cropped%29.jpg?utm_source=commons.wikimedia.org&utm_campaign=imageinfo&utm_content=thumbnail,https://commons.wikimedia.org/wiki/File:Daniel_P._Jordan_(cropped).jpg,Public domain,false,,,false,,,false,Phase-2 sweep; FJC + CourtListener.
2484,Halil Suleyman Ozerden,Ozerden,mssd,MSSD0602,active,true,George W. Bush,Republican,2007-01-09,2007-04-24,2007-05-01,,,Stanford Law School,1998,Qualified,https://www.courtlistener.com/person/2484/halil-suleyman-ozerden/,https://upload.wikimedia.org/wikipedia/commons/thumb/b/b2/Halil_S._Ozerden_%28cropped%29.jpg/330px-Halil_S._Ozerden_%28cropped%29.jpg?utm_source=commons.wikimedia.org&utm_campaign=imageinfo&utm_content=thumbnail,https://commons.wikimedia.org/wiki/File:Halil_S._Ozerden_(cropped).jpg,Public domain,true,member,https://en.wikipedia.org/w/index.php?title=Halil_Suleyman_Ozerden&oldid=1367397372,false,,,false,Phase-2 sweep; FJC + CourtListener.
2686,Carlton Wayne Reeves,Reeves,mssd,MSSD0203,active,false,Barack Obama,Democratic,2010-04-28,2010-12-19,2010-12-20,,,University of Virginia School of Law,1989,Qualified,https://www.courtlistener.com/person/2686/carlton-wayne-reeves/,https://upload.wikimedia.org/wikipedia/commons/thumb/c/c2/Carlton_Reeves.jpg/330px-Carlton_Reeves.jpg?utm_source=commons.wikimedia.org&utm_campaign=imageinfo&utm_content=thumbnail,https://commons.wikimedia.org/wiki/File:Carlton_Reeves.jpg,Public domain,false,,,false,,,false,Phase-2 sweep; FJC + CourtListener.
,Kristi Haskins Johnson,Johnson,mssd,MSSD0304,active,false,Donald J. Trump,Republican,2020-05-04,2020-11-17,2020-12-01,,,Mississippi College School of Law,2008,Qualified,,https://upload.wikimedia.org/wikipedia/commons/thumb/5/5c/Kristi_Johnson_%28Judge%29_%28cropped%29.jpg/330px-Kristi_Johnson_%28Judge%29_%28cropped%29.jpg?utm_source=commons.wikimedia.org&utm_campaign=imageinfo&utm_content=thumbnail,https://commons.wikimedia.org/wiki/File:Kristi_Johnson_(Judge)_(cropped).jpg,Public domain,true,member,https://en.wikipedia.org/w/index.php?title=Kristi_Haskins_Johnson&oldid=1352407419,false,,,false,Phase-2 sweep; FJC + CourtListener.
,Taylor Brantley McNeel,McNeel,mssd,MSSD0503,active,false,Donald J. Trump,Republican,2020-07-02,2020-12-01,2020-12-14,,,University of Mississippi School of Law,2008,Qualified,,https://upload.wikimedia.org/wikipedia/commons/thumb/b/b2/Taylor_McNeel_%28Judge%29.jpg/330px-Taylor_McNeel_%28Judge%29.jpg?utm_source=commons.wikimedia.org&utm_campaign=imageinfo&utm_content=thumbnail,https://commons.wikimedia.org/wiki/File:Taylor_McNeel_(Judge).jpg,Public domain,true,member,https://en.wikipedia.org/w/index.php?title=Taylor_B._McNeel&oldid=1350806047,false,,,false,Phase-2 sweep; FJC + CourtListener.
2278,Donald W. Molloy,Molloy,mtd,MTD0110,senior,false,William J. Clinton,Democratic,1995-12-21,1996-07-18,1996-08-01,2011-08-16,,University of Montana School of Law,1976,Well Qualified,https://www.courtlistener.com/person/2278/donald-w-molloy/,https://upload.wikimedia.org/wikipedia/commons/thumb/e/e7/Donald_W._Molloy_District_Judge.JPG/330px-Donald_W._Molloy_District_Judge.JPG?utm_source=commons.wikimedia.org&utm_campaign=imageinfo&utm_content=thumbnail,https://commons.wikimedia.org/wiki/File:Donald_W._Molloy_District_Judge.JPG,Public domain,false,,,false,,,false,Phase-2 sweep; FJC + CourtListener.
616,Dana Lewis Christensen,Christensen,mtd,MTD0111,senior,false,Barack Obama,Democratic,2011-05-04,2011-12-05,2011-12-06,2025-11-07,,University of Montana School of Law,1976,Well Qualified,https://www.courtlistener.com/person/616/dana-lewis-christensen/,https://upload.wikimedia.org/wikipedia/commons/8/86/Dana_L._Christensen_District_Judge.jpg?utm_source=commons.wikimedia.org&utm_campaign=imageinfo&utm_content=thumbnail_unscaled,https://commons.wikimedia.org/wiki/File:Dana_L._Christensen_District_Judge.jpg,Public domain,false,,,false,,,false,Phase-2 sweep; FJC + CourtListener.
2315,Brian Matthew Morris,Morris,mtd,MTD0303,active,true,Barack Obama,Democratic,2013-05-23,2013-12-12,2013-12-17,,,Stanford Law School,1992,Well Qualified,https://www.courtlistener.com/person/2315/brian-matthew-morris/,https://upload.wikimedia.org/wikipedia/commons/8/8a/Judge_Brian_Morris_%282014%29.jpg?utm_source=commons.wikimedia.org&utm_campaign=imageinfo&utm_content=thumbnail_unscaled,https://commons.wikimedia.org/wiki/File:Judge_Brian_Morris_(2014).jpg,Public domain,false,,,false,,,false,Phase-2 sweep; FJC + CourtListener.
3395,Susan Pamela Watters,Watters,mtd,MTD0206,senior,false,Barack Obama,Democratic,2013-05-23,2013-12-12,2013-12-18,2026-06-08,,University of Montana School of Law,1988,Qualified,https://www.courtlistener.com/person/3395/susan-pamela-watters/,https://upload.wikimedia.org/wikipedia/commons/d/d8/Susan_P_Watters.jpg?utm_source=commons.wikimedia.org&utm_campaign=imageinfo&utm_content=thumbnail_unscaled,https://commons.wikimedia.org/wiki/File:Susan_P_Watters.jpg,Public domain,false,,,false,,,false,Phase-2 sweep; FJC + CourtListener.
,William Walter Mercer,Mercer,mtd,MTD0112,active,false,Donald J. Trump,Republican,2025-07-15,2025-10-22,2025-11-06,,,George Mason University School of Law (now Antonin Scalia Law School),1993,Well Qualified,,https://upload.wikimedia.org/wikipedia/commons/5/5a/William_W._Mercer.png,https://commons.wikimedia.org/wiki/File:William_W._Mercer.png,Public domain (PD-USGov) — credit: U.S. Senate Judiciary Committee,false,,,false,,,false,Phase-2 sweep; FJC + CourtListener.
,Kathleen Smithgall Lane,Lane,mtd,,active,false,Donald J. Trump,Republican,2026-03-02,2026-06-02,2026-06-18,,,George Mason University Antonin Scalia Law School,2017,Not Qualified,,https://upload.wikimedia.org/wikipedia/commons/8/87/Kathleen_S._Lane.png,https://commons.wikimedia.org/wiki/File:Kathleen_S._Lane.png,Public domain (PD-USGov) — credit: U.S. Senate Judiciary Committee,false,,,false,,,false,Phase-2 sweep; FJC + CourtListener.
396,William Earl Britt,Britt,nced,NCED0202,senior,false,Jimmy Carter,Democratic,1980-04-14,1980-05-21,1980-05-23,1997-12-07,,Wake Forest College School of Law,1958,Qualified,https://www.courtlistener.com/person/396/william-earl-britt/,https://upload.wikimedia.org/wikipedia/commons/thumb/9/95/W_Earl_Britt.png/330px-W_Earl_Britt.png?utm_source=commons.wikimedia.org&utm_campaign=imageinfo&utm_content=thumbnail,https://commons.wikimedia.org/wiki/File:W_Earl_Britt.png,Public domain,false,,,false,,,false,Phase-2 sweep; FJC + CourtListener.
355,Terrence William Boyle,Boyle,nced,NCED0302,active,false,Ronald Reagan,Republican,1984-04-04,1984-04-24,1984-05-03,,,"American University, Washington College of Law",1970,Qualified,https://www.courtlistener.com/person/355/terrence-william-boyle/,https://upload.wikimedia.org/wikipedia/commons/0/09/Terrence_Boyle.jpg?utm_source=commons.wikimedia.org&utm_campaign=imageinfo&utm_content=thumbnail_unscaled,https://commons.wikimedia.org/wiki/File:Terrence_Boyle.jpg,Public domain,false,,,false,,,false,Phase-2 sweep; FJC + CourtListener.
1074,Louise W. Flanagan,Flanagan,nced,NCED0402,active,false,George W. Bush,Republican,2003-01-29,2003-07-17,2003-07-18,,,University of Virginia School of Law,1988,Qualified,https://www.courtlistener.com/person/1074/louise-w-flanagan/,,,,false,,,false,,,false,Phase-2 sweep; FJC + CourtListener.
861,James C. Dever III,Dever,nced,NCED0203,active,false,George W. Bush,Republican,2005-02-14,2005-04-28,2005-05-02,,,Duke University School of Law,1987,Qualified,https://www.courtlistener.com/person/861/james-c-dever-iii/,https://upload.wikimedia.org/wikipedia/commons/thumb/3/3a/James_Dever_%28cropped%29.jpg/330px-James_Dever_%28cropped%29.jpg?utm_source=commons.wikimedia.org&utm_campaign=imageinfo&utm_content=thumbnail,https://commons.wikimedia.org/wiki/File:James_Dever_(cropped).jpg,Public domain,false,,,false,,,false,Phase-2 sweep; FJC + CourtListener.
15370,Richard Ernest Myers II,Myers,nced,NCED0502,active,true,Donald J. Trump,Republican,2019-09-09,2019-12-05,2019-12-10,,,University of North Carolina School of Law,1998,Well Qualified,https://www.courtlistener.com/person/15370/richard-ernest-myers-ii/,https://upload.wikimedia.org/wikipedia/commons/thumb/5/55/Richard_E._Myers_II.png/330px-Richard_E._Myers_II.png?utm_source=commons.wikimedia.org&utm_campaign=imageinfo&utm_content=thumbnail,https://commons.wikimedia.org/wiki/File:Richard_E._Myers_II.png,Public domain,true,advisor,https://en.wikipedia.org/w/index.php?title=Richard_E._Myers_II&oldid=1363374689,false,,,false,Phase-2 sweep; FJC + CourtListener.
3230,Norwood Carlton Tilley Jr.,Tilley,ncmd,NCMD0104,senior,false,Ronald Reagan,Republican,1988-04-26,1988-10-14,1988-10-17,2008-12-16,,Wake Forest University School of Law,1969,Well Qualified,https://www.courtlistener.com/person/3230/norwood-carlton-tilley-jr/,,,,false,,,false,,,false,Phase-2 sweep; FJC + CourtListener.
2476,William Lindsay Osteen Jr.,Osteen,ncmd,NCMD0402,active,false,George W. Bush,Republican,2007-01-09,2007-09-10,2007-09-19,,,University of North Carolina School of Law,1987,Well Qualified,https://www.courtlistener.com/person/2476/william-lindsay-osteen-jr/,,,,false,,,false,,,false,Phase-2 sweep; FJC + CourtListener.
2873,Thomas D. Schroeder,Schroeder,ncmd,NCMD0204,active,false,George W. Bush,Republican,2007-01-09,2007-12-14,2008-01-08,,,Notre Dame Law School,1984,Well Qualified,https://www.courtlistener.com/person/2873/thomas-d-schroeder/,,,,false,,,false,,,false,Phase-2 sweep; FJC + CourtListener.
958,Catherine Caldwell Eagles,Eagles,ncmd,NCMD0105,senior,true,Barack Obama,Democratic,2010-03-10,2010-12-16,2010-12-22,2024-12-31,,George Washington University Law School,1982,Well Qualified,https://www.courtlistener.com/person/958/catherine-caldwell-eagles/,https://upload.wikimedia.org/wikipedia/commons/thumb/2/22/Catherine_Eagles_%28Judge%29.jpg/330px-Catherine_Eagles_%28Judge%29.jpg?utm_source=commons.wikimedia.org&utm_campaign=imageinfo&utm_content=thumbnail,https://commons.wikimedia.org/wiki/File:Catherine_Eagles_(Judge).jpg,Public domain,false,,,false,,,false,Phase-2 sweep; FJC + CourtListener.
275,Loretta Copeland Biggs,Biggs,ncmd,NCMD0303,senior,false,Barack Obama,Democratic,2014-09-18,2014-12-16,2014-12-19,2024-12-31,,Howard University School of Law,1979,Qualified,https://www.courtlistener.com/person/275/loretta-copeland-biggs/,https://upload.wikimedia.org/wikipedia/commons/thumb/f/f6/Loretta_Biggs.jpg/330px-Loretta_Biggs.jpg?utm_source=commons.wikimedia.org&utm_campaign=imageinfo&utm_content=thumbnail,https://commons.wikimedia.org/wiki/File:Loretta_Biggs.jpg,Public domain,false,,,false,,,false,Phase-2 sweep; FJC + CourtListener.
,David Alan Bragdon,Bragdon,ncmd,NCMD0304,active,false,Donald J. Trump,Republican,2025-09-15,2025-12-02,2025-12-12,,,University of Virginia School of Law,2002,Well Qualified,,https://upload.wikimedia.org/wikipedia/commons/8/8e/David_A._Bragdon.png,https://commons.wikimedia.org/wiki/File:David_A._Bragdon.png,Public domain (PD-USGov) — credit: U.S. Senate Judiciary Committee,false,,,false,,,false,Phase-2 sweep; FJC + CourtListener.
,Lindsey Ann Freeman,Freeman,ncmd,NCMD0106,active,false,Donald J. Trump,Republican,2025-09-15,2025-12-02,2025-12-19,,,University of Pennsylvania Law School (now Carey Law School),2011,Well Qualified,,https://upload.wikimedia.org/wikipedia/commons/a/ad/Lindsey_Ann_Freeman.png,https://commons.wikimedia.org/wiki/File:Lindsey_Ann_Freeman.png,Public domain (PD-USGov) — credit: U.S. Senate Judiciary Committee,false,,,false,,,false,Phase-2 sweep; FJC + CourtListener.
3330,Richard Lesley Voorhees,Voorhees,ncwd,NCWD0304,senior,false,Ronald Reagan,Republican,1987-07-31,1988-10-14,1988-10-17,2017-08-31,,University of North Carolina School of Law,1968,Qualified,https://www.courtlistener.com/person/3330/richard-lesley-voorhees/,,,,false,,,false,,,false,Phase-2 sweep; FJC + CourtListener.
2344,Graham Calder Mullen,Mullen,ncwd,NCWD0205,senior,false,George H.W. Bush,Republican,1990-02-20,1990-09-10,1990-09-11,2005-12-01,,Duke University School of Law,1969,Well Qualified,https://www.courtlistener.com/person/2344/graham-calder-mullen/,,,,false,,,false,,,false,Phase-2 sweep; FJC + CourtListener.
3456,Frank DeArmon Whitney,Whitney,ncwd,NCWD0502,senior,false,George W. Bush,Republican,2006-02-14,2006-06-22,2006-07-05,2024-12-01,,University of North Carolina School of Law,1987,Qualified,https://www.courtlistener.com/person/3456/frank-dearmon-whitney/,https://upload.wikimedia.org/wikipedia/commons/thumb/b/b5/Frank_D._Whitney_%28cropped%29.jpg/330px-Frank_D._Whitney_%28cropped%29.jpg?utm_source=commons.wikimedia.org&utm_campaign=imageinfo&utm_content=thumbnail,https://commons.wikimedia.org/wiki/File:Frank_D._Whitney_(cropped).jpg,Public domain,false,,,false,,,false,Phase-2 sweep; FJC + CourtListener.
2692,Martin Karl Reidinger,Reidinger,ncwd,NCWD0206,active,true,George W. Bush,Republican,2007-01-09,2007-09-10,2007-09-12,,,University of North Carolina School of Law,1984,Well Qualified,https://www.courtlistener.com/person/2692/martin-karl-reidinger/,,,,false,,,false,,,false,Phase-2 sweep; FJC + CourtListener.
665,Max Oliver Cogburn Jr.,Cogburn,ncwd,NCWD0403,active,false,Barack Obama,Democratic,2011-01-05,2011-03-10,2011-03-11,,,"Samford University, Cumberland School of Law",1976,Well Qualified,https://www.courtlistener.com/person/665/max-oliver-cogburn-jr/,https://upload.wikimedia.org/wikipedia/commons/thumb/0/03/Max_Coburn_%28Judge%29.jpg/330px-Max_Coburn_%28Judge%29.jpg?utm_source=commons.wikimedia.org&utm_campaign=imageinfo&utm_content=thumbnail,https://commons.wikimedia.org/wiki/File:Max_Coburn_(Judge).jpg,Public domain,false,,,false,,,false,Phase-2 sweep; FJC + CourtListener.
8546,Kenneth Davis Bell Sr.,Bell,ncwd,NCWD0305,active,false,Donald J. Trump,Republican,2019-01-23,2019-05-22,2019-06-12,,,Wake Forest University School of Law,1983,Well Qualified,https://www.courtlistener.com/person/8546/kenneth-davis-bell-sr/,https://upload.wikimedia.org/wikipedia/commons/thumb/c/c0/Kenneth_D_Bell.png/330px-Kenneth_D_Bell.png?utm_source=commons.wikimedia.org&utm_campaign=imageinfo&utm_content=thumbnail,https://commons.wikimedia.org/wiki/File:Kenneth_D_Bell.png,Public domain,false,,,false,,,false,Phase-2 sweep; FJC + CourtListener.
,Susan Courtwright Rodriguez,Rodriguez,ncwd,NCWD0503,active,false,Donald J. Trump,Republican,2025-09-15,2025-12-04,2025-12-06,,,George Mason University School of Law (now Antonin Scalia Law School),2009,Well Qualified,,https://upload.wikimedia.org/wikipedia/commons/f/f3/Susan_Courtwright_Rodriguez.png,https://commons.wikimedia.org/wiki/File:Susan_Courtwright_Rodriguez.png,Public domain (PD-USGov) — credit: U.S. Senate Judiciary Committee,false,,,false,,,false,Phase-2 sweep; FJC + CourtListener.
,Matthew Emile Orso,Orso,ncwd,NCWD0602,active,false,Donald J. Trump,Republican,2025-09-15,2025-12-03,2025-12-12,,,St. Louis University School of Law,2009,Qualified,,https://upload.wikimedia.org/wikipedia/commons/a/aa/Matthew_E._Orso.png,https://commons.wikimedia.org/wiki/File:Matthew_E._Orso.png,Public domain (PD-USGov) — credit: U.S. Senate Judiciary Committee,false,,,false,,,false,Phase-2 sweep; FJC + CourtListener.
698,Patrick Anthony Conmy,Conmy,ndd,NDD0303,senior,false,Ronald Reagan,Republican,1985-10-16,1985-12-16,1985-12-17,2000-01-05,,Georgetown College (now Georgetown University) Law Center,1959,Qualified,https://www.courtlistener.com/person/698/patrick-anthony-conmy/,,,,false,,,false,,,false,Phase-2 sweep; FJC + CourtListener.
1526,Daniel L. Hovland,Hovland,ndd,NDD0304,senior,false,George W. Bush,Republican,2002-06-26,2002-11-14,2002-11-26,2019-11-10,,University of North Dakota School of Law,1979,Qualified,https://www.courtlistener.com/person/1526/daniel-l-hovland/,,,,false,,,false,,,false,Phase-2 sweep; FJC + CourtListener.
14457,Peter David Welte,Welte,ndd,NDD0207,active,true,Donald J. Trump,Republican,2019-01-17,2019-07-30,2019-08-05,,,University of North Dakota School of Law,1997,Well Qualified,https://www.courtlistener.com/person/14457/peter-david-welte/,https://upload.wikimedia.org/wikipedia/commons/thumb/8/8c/Peter_Welte_%28cropped%29.jpg/330px-Peter_Welte_%28cropped%29.jpg?utm_source=commons.wikimedia.org&utm_campaign=imageinfo&utm_content=thumbnail,https://commons.wikimedia.org/wiki/File:Peter_Welte_(cropped).jpg,Public domain,false,,,false,,,false,Phase-2 sweep; FJC + CourtListener.
,Daniel Mack Traynor,Traynor,ndd,NDD0305,active,false,Donald J. Trump,Republican,2019-09-19,2019-12-19,2020-01-13,,,University of North Dakota School of Law,1997,Well Qualified,,https://upload.wikimedia.org/wikipedia/commons/thumb/6/65/Daniel_Traynor_%28Judge%29_%28cropped%29.jpg/330px-Daniel_Traynor_%28Judge%29_%28cropped%29.jpg?utm_source=commons.wikimedia.org&utm_campaign=imageinfo&utm_content=thumbnail,https://commons.wikimedia.org/wiki/File:Daniel_Traynor_(Judge)_(cropped).jpg,Public domain,true,member,https://en.wikipedia.org/w/index.php?title=Daniel_M._Traynor&oldid=1369777604,false,,,false,Phase-2 sweep; FJC + CourtListener.
199,Joseph F. Bataillon,Bataillon,ned,NED0110,senior,false,William J. Clinton,Democratic,1997-01-07,1997-09-11,1997-09-18,2014-10-03,,Creighton University School of Law,1974,Qualified,https://www.courtlistener.com/person/199/joseph-f-bataillon/,https://upload.wikimedia.org/wikipedia/commons/thumb/0/0e/Joseph_F._Bataillon_District_Judge.jpg/330px-Joseph_F._Bataillon_District_Judge.jpg?utm_source=commons.wikimedia.org&utm_campaign=imageinfo&utm_content=thumbnail,https://commons.wikimedia.org/wiki/File:Joseph_F._Bataillon_District_Judge.jpg,Public domain,false,,,false,,,false,Phase-2 sweep; FJC + CourtListener.
1176,John Melvin Gerrard,Gerrard,ned,NED0206,senior,false,Barack Obama,Democratic,2011-05-04,2012-01-23,2012-02-06,2023-02-06,,"University of the Pacific, McGeorge School of Law",1981,Well Qualified,https://www.courtlistener.com/person/1176/john-melvin-gerrard/,https://upload.wikimedia.org/wikipedia/commons/thumb/1/1d/John_M._Gerrard%2C_U.S._District_Court_Judge.jpg/330px-John_M._Gerrard%2C_U.S._District_Court_Judge.jpg?utm_source=commons.wikimedia.org&utm_campaign=imageinfo&utm_content=thumbnail,"https://commons.wikimedia.org/wiki/File:John_M._Gerrard,_U.S._District_Court_Judge.jpg",Public domain,false,,,false,,,false,Phase-2 sweep; FJC + CourtListener.
8631,Robert F. Rossiter Jr.,Rossiter,ned,NED0111,active,true,Barack Obama,Democratic,2015-06-11,2016-06-27,2016-06-29,,,Creighton University School of Law,1981,Qualified,https://www.courtlistener.com/person/8631/robert-f-rossiter-jr/,https://upload.wikimedia.org/wikipedia/commons/thumb/a/ae/Robert_Rossiter_Jr.jpg/330px-Robert_Rossiter_Jr.jpg?utm_source=commons.wikimedia.org&utm_campaign=imageinfo&utm_content=thumbnail,https://commons.wikimedia.org/wiki/File:Robert_Rossiter_Jr.jpg,Public domain,false,,,false,,,false,Phase-2 sweep; FJC + CourtListener.
14413,Brian Craig Buescher,Buescher,ned,NED0305,active,false,Donald J. Trump,Republican,2019-01-23,2019-07-24,2019-08-06,,,Georgetown University Law Center,2000,Qualified,https://www.courtlistener.com/person/14413/brian-craig-buescher/,https://upload.wikimedia.org/wikipedia/commons/thumb/6/6b/Brian_C_Buescher.jpg/330px-Brian_C_Buescher.jpg?utm_source=commons.wikimedia.org&utm_campaign=imageinfo&utm_content=thumbnail,https://commons.wikimedia.org/wiki/File:Brian_C_Buescher.jpg,Public domain,false,,,false,,,false,Phase-2 sweep; FJC + CourtListener.
9369,Susan Mason Bazis,Bazis,ned,NED0207,active,false,Joseph R. Biden,Democratic,2024-01-10,2024-04-09,2024-04-10,,,Creighton University School of Law,1993,Well Qualified,https://www.courtlistener.com/person/9369/susan-m-bazis/,https://upload.wikimedia.org/wikipedia/commons/thumb/9/91/Susan_M._Bazis%2C_U.S._District_Court_Judge.jpg/330px-Susan_M._Bazis%2C_U.S._District_Court_Judge.jpg?utm_source=commons.wikimedia.org&utm_campaign=imageinfo&utm_content=thumbnail,"https://commons.wikimedia.org/wiki/File:Susan_M._Bazis,_U.S._District_Court_Judge.jpg",Public domain,false,,,false,,,false,Phase-2 sweep; FJC + CourtListener.
164,Paul J. Barbadoro,Barbadoro,nhd,NHD0111,senior,false,George H.W. Bush,Republican,1992-09-09,1992-10-08,1992-10-09,2021-03-01,,Boston College Law School,1980,Well Qualified,https://www.courtlistener.com/person/164/paul-j-barbadoro/,,,,false,,,false,,,false,Phase-2 sweep; FJC + CourtListener.
2097,Steven J. McAuliffe,McAuliffe,nhd,NHD0203,senior,false,George H.W. Bush,Republican,1992-09-09,1992-10-08,1992-10-10,2013-04-01,,Georgetown University Law Center,1973,Well Qualified,https://www.courtlistener.com/person/2097/steven-j-mcauliffe/,,,,false,,,false,,,false,Phase-2 sweep; FJC + CourtListener.
1856,Joseph Normand Laplante,Laplante,nhd,NHD0302,active,false,George W. Bush,Republican,2007-06-13,2007-12-14,2007-12-28,,,Georgetown University Law Center,1990,Qualified,https://www.courtlistener.com/person/1856/joseph-normand-laplante/,,,,false,,,false,,,false,Phase-2 sweep; FJC + CourtListener.
2100,Landya B. McCafferty,McCafferty,nhd,NHD0204,active,false,Barack Obama,Democratic,2013-05-23,2013-12-12,2013-12-17,,,Northeastern University School of Law,1991,Well Qualified,https://www.courtlistener.com/person/2100/landya-b-mccafferty/,https://upload.wikimedia.org/wikipedia/commons/thumb/e/ea/Landya_McCafferty.jpg/330px-Landya_McCafferty.jpg?utm_source=commons.wikimedia.org&utm_campaign=imageinfo&utm_content=thumbnail,https://commons.wikimedia.org/wiki/File:Landya_McCafferty.jpg,Public domain,false,,,false,,,false,Phase-2 sweep; FJC + CourtListener.
,Samantha Dowd Elliott,Elliott,nhd,NHD0112,active,true,Joseph R. Biden,Democratic,2021-09-30,2021-12-15,2021-12-21,,,Columbia Law School,2006,Well Qualified,,https://upload.wikimedia.org/wikipedia/commons/thumb/2/29/Samantha_D._Elliott.jpg/330px-Samantha_D._Elliott.jpg?utm_source=commons.wikimedia.org&utm_campaign=imageinfo&utm_content=thumbnail,https://commons.wikimedia.org/wiki/File:Samantha_D._Elliott.jpg,Public domain,false,,,false,,,false,Phase-2 sweep; FJC + CourtListener.
3210,Anne Elise Thompson,Thompson,njd,NJD1301,senior,false,Jimmy Carter,Democratic,1979-09-28,1979-10-31,1979-11-02,2001-06-01,,Howard University School of Law,1964,Qualified,https://www.courtlistener.com/person/3210/anne-elise-thompson/,,,,false,,,false,,,false,Phase-2 sweep; FJC + CourtListener.
2757,Joseph H. Rodriguez,Rodriguez,njd,NJD1401,senior,false,Ronald Reagan,Republican,1985-02-28,1985-05-03,1985-05-10,1998-05-22,,Rutgers School of Law -- Camden,1958,,https://www.courtlistener.com/person/2757/joseph-h-rodriguez/,https://upload.wikimedia.org/wikipedia/commons/thumb/2/2c/Joseph_H._Rodriguez.jpg/330px-Joseph_H._Rodriguez.jpg?utm_source=commons.wikimedia.org&utm_campaign=imageinfo&utm_content=thumbnail,https://commons.wikimedia.org/wiki/File:Joseph_H._Rodriguez.jpg,Public domain,false,,,false,,,false,"Phase-2 sweep; FJC + CourtListener. [[note]] FJC has no ABA rating on file for this appointment — checked (2026-08-25). Confirmed gap, not an extraction bug."
724,Mary Little Cooper,Cooper,njd,NJD1701,senior,false,George H.W. Bush,Republican,1991-07-26,1992-02-27,1992-03-02,2011-08-31,,Villanova University School of Law,1972,Qualified,https://www.courtlistener.com/person/724/mary-little-cooper/,,,,false,,,false,,,false,Phase-2 sweep; FJC + CourtListener.
1402,Katharine Sweeney Hayden,Hayden,njd,NJD0309,senior,false,William J. Clinton,Democratic,1997-06-05,1997-09-25,1997-09-29,2010-05-30,,Seton Hall University School of Law,1975,Well Qualified,https://www.courtlistener.com/person/1402/katharine-sweeney-hayden/,,,,false,,,false,,,false,Phase-2 sweep; FJC + CourtListener.
2069,William J. Martini,Martini,njd,NJD0804,senior,false,George W. Bush,Republican,2002-01-23,2002-11-14,2002-11-19,2015-02-10,,Rutgers School of Law -- Newark,1972,Qualified,https://www.courtlistener.com/person/2069/william-j-martini/,https://upload.wikimedia.org/wikipedia/commons/0/0a/WJMartini.jpg?utm_source=commons.wikimedia.org&utm_campaign=imageinfo&utm_content=thumbnail_unscaled,https://commons.wikimedia.org/wiki/File:WJMartini.jpg,Public domain,false,,,false,,,false,Phase-2 sweep; FJC + CourtListener.
601,Stanley R. Chesler,Chesler,njd,NJD1302,senior,false,George W. Bush,Republican,2002-01-23,2002-11-14,2002-12-04,2015-06-15,,St. John's University School of Law,1974,Well Qualified,https://www.courtlistener.com/person/601/stanley-r-chesler/,,,,false,,,false,,,false,Phase-2 sweep; FJC + CourtListener.
459,Renée Marie Bumb,Bumb,njd,NJD0507,active,true,George W. Bush,Republican,2006-01-25,2006-06-06,2006-06-12,,,Rutgers School of Law -- Newark,1987,Well Qualified,https://www.courtlistener.com/person/459/renee-marie-bumb/,,,,false,,,false,,,false,Phase-2 sweep; FJC + CourtListener.
2950,Peter G. Sheridan,Sheridan,njd,NJD1203,senior,false,George W. Bush,Republican,2005-02-14,2006-06-08,2006-06-12,2018-06-14,,Seton Hall University School of Law,1977,Qualified,https://www.courtlistener.com/person/2950/peter-g-sheridan/,,,,false,,,false,,,false,Phase-2 sweep; FJC + CourtListener.
3464,Susan Davis Wigenton,Wigenton,njd,NJD0605,active,false,George W. Bush,Republican,2006-01-25,2006-05-26,2006-06-12,,,William and Mary Law School,1987,Qualified,https://www.courtlistener.com/person/3464/susan-davis-wigenton/,,,,false,,,false,,,false,Phase-2 sweep; FJC + CourtListener.
576,Claire Claudia Cecchi,Cecchi,njd,NJD0706,active,false,Barack Obama,Democratic,2011-01-05,2011-06-14,2011-06-14,,,Fordham University School of Law,1989,Qualified,https://www.courtlistener.com/person/576/claire-claudia-cecchi/,https://upload.wikimedia.org/wikipedia/commons/thumb/8/8f/Claire_C_Cecchi.png/330px-Claire_C_Cecchi.png?utm_source=commons.wikimedia.org&utm_campaign=imageinfo&utm_content=thumbnail,https://commons.wikimedia.org/wiki/File:Claire_C_Cecchi.png,Public domain,false,,,false,,,false,Phase-2 sweep; FJC + CourtListener.
2826,Esther Salas,Salas,njd,NJD0310,active,false,Barack Obama,Democratic,2011-01-05,2011-06-14,2011-06-14,,,Rutgers School of Law -- Newark,1994,Well Qualified,https://www.courtlistener.com/person/2826/esther-salas/,https://upload.wikimedia.org/wikipedia/commons/6/64/Esther_Salas_%28cropped%29.jpg?utm_source=commons.wikimedia.org&utm_campaign=imageinfo&utm_content=thumbnail_unscaled,https://commons.wikimedia.org/wiki/File:Esther_Salas_(cropped).jpg,Public domain,false,,,false,,,false,Phase-2 sweep; FJC + CourtListener.
2189,Kevin McNulty,McNulty,njd,NJD1602,senior,false,Barack Obama,Democratic,2011-12-16,2012-07-16,2012-07-18,2023-10-31,,New York University School of Law,1983,Well Qualified,https://www.courtlistener.com/person/2189/kevin-mcnulty/,https://upload.wikimedia.org/wikipedia/commons/thumb/9/91/Kevin_McNulty_%28Judge%29.jpg/330px-Kevin_McNulty_%28Judge%29.jpg?utm_source=commons.wikimedia.org&utm_campaign=imageinfo&utm_content=thumbnail,https://commons.wikimedia.org/wiki/File:Kevin_McNulty_(Judge).jpg,Public domain,false,,,false,,,false,Phase-2 sweep; FJC + CourtListener.
2955,Michael Andre Shipp,Shipp,njd,NJD1702,active,false,Barack Obama,Democratic,2012-01-23,2012-07-23,2012-07-26,,,Seton Hall University School of Law,1994,Qualified,https://www.courtlistener.com/person/2955/michael-andre-shipp/,https://upload.wikimedia.org/wikipedia/commons/thumb/8/84/Michael_Shipp_%28Judge%29.jpg/330px-Michael_Shipp_%28Judge%29.jpg?utm_source=commons.wikimedia.org&utm_campaign=imageinfo&utm_content=thumbnail,https://commons.wikimedia.org/wiki/File:Michael_Shipp_(Judge).jpg,Public domain,false,,,false,,,false,Phase-2 sweep; FJC + CourtListener.
124,Madeline Cox Arleo,Arleo,njd,NJD1504,active,false,Barack Obama,Democratic,2014-06-26,2014-11-20,2014-11-21,,,Seton Hall University School of Law,1989,Well Qualified,https://www.courtlistener.com/person/124/madeline-cox-arleo/,https://upload.wikimedia.org/wikipedia/commons/thumb/8/85/Madeline_C_Arleo.png/330px-Madeline_C_Arleo.png?utm_source=commons.wikimedia.org&utm_campaign=imageinfo&utm_content=thumbnail,https://commons.wikimedia.org/wiki/File:Madeline_C_Arleo.png,Public domain,false,,,false,,,false,Phase-2 sweep; FJC + CourtListener.
8598,Brian R. Martinotti,Martinotti,njd,NJD1303,active,false,Barack Obama,Democratic,2015-06-11,2016-07-06,2016-07-11,,,Seton Hall University School of Law,1986,Well Qualified,https://www.courtlistener.com/person/8598/brian-r-martinotti/,https://upload.wikimedia.org/wikipedia/commons/thumb/c/c9/Brian_Martinotti.jpg/330px-Brian_Martinotti.jpg?utm_source=commons.wikimedia.org&utm_campaign=imageinfo&utm_content=thumbnail,https://commons.wikimedia.org/wiki/File:Brian_Martinotti.jpg,Public domain,false,,,false,,,false,Phase-2 sweep; FJC + CourtListener.
,Julien Xavier Neals,Neals,njd,NJD0805,active,false,Joseph R. Biden,Democratic,2021-04-19,2021-06-08,2021-06-22,,,Emory University School of Law,1991,Well Qualified,,https://upload.wikimedia.org/wikipedia/commons/thumb/c/c7/Julien_Neals.jpg/330px-Julien_Neals.jpg?utm_source=commons.wikimedia.org&utm_campaign=imageinfo&utm_content=thumbnail,https://commons.wikimedia.org/wiki/File:Julien_Neals.jpg,Public domain,false,,,false,,,false,Phase-2 sweep; FJC + CourtListener.
9386,Zahid Nisar Quraishi,Quraishi,njd,NJD1204,active,false,Joseph R. Biden,Democratic,2021-04-19,2021-06-10,2021-06-22,,,Rutgers School of Law -- Newark,2000,Well Qualified,https://www.courtlistener.com/person/9386/zahid-nisar-quraishi/,https://upload.wikimedia.org/wikipedia/commons/thumb/5/50/Judge_Zahid_Quraishi.png/330px-Judge_Zahid_Quraishi.png?utm_source=commons.wikimedia.org&utm_campaign=imageinfo&utm_content=thumbnail,https://commons.wikimedia.org/wiki/File:Judge_Zahid_Quraishi.png,Public domain,false,,,false,,,false,Phase-2 sweep; FJC + CourtListener.
,Christine Patricia O'Hearn,O'Hearn,njd,NJD1803,active,false,Joseph R. Biden,Democratic,2021-04-29,2021-10-19,2021-10-22,,,Temple University School of Law (now James E. Beasley School of Law),1993,Well Qualified,,https://upload.wikimedia.org/wikipedia/commons/thumb/d/d9/Judge_Christine_O%27Hearn.png/330px-Judge_Christine_O%27Hearn.png?utm_source=commons.wikimedia.org&utm_campaign=imageinfo&utm_content=thumbnail,https://commons.wikimedia.org/wiki/File:Judge_Christine_O%27Hearn.png,Public domain,false,,,false,,,false,Phase-2 sweep; FJC + CourtListener.
,Karen McGlashan Williams,Williams,njd,NJD1902,active,false,Joseph R. Biden,Democratic,2021-05-12,2021-10-26,2021-11-01,,,Temple University School of Law (now James E. Beasley School of Law),1992,Well Qualified,,https://upload.wikimedia.org/wikipedia/commons/thumb/3/3c/Judge_Karen_Williams.png/330px-Judge_Karen_Williams.png?utm_source=commons.wikimedia.org&utm_campaign=imageinfo&utm_content=thumbnail,https://commons.wikimedia.org/wiki/File:Judge_Karen_Williams.png,Public domain,false,,,false,,,false,Phase-2 sweep; FJC + CourtListener.
,Georgette Castner,Castner,njd,NJD1104,active,false,Joseph R. Biden,Democratic,2022-01-03,2022-03-31,2022-04-05,,,Rutgers School of Law -- Camden,2006,Qualified,,https://upload.wikimedia.org/wikipedia/commons/thumb/e/e4/Georgette_Castner_%28Judge%29_%28cropped%29.jpg/330px-Georgette_Castner_%28Judge%29_%28cropped%29.jpg?utm_source=commons.wikimedia.org&utm_campaign=imageinfo&utm_content=thumbnail,https://commons.wikimedia.org/wiki/File:Georgette_Castner_(Judge)_(cropped).jpg,Public domain,false,,,false,,,false,Phase-2 sweep; FJC + CourtListener.
,Evelyn Padin,Padin,njd,NJD1403,active,false,Joseph R. Biden,Democratic,2021-12-15,2022-05-25,2022-06-24,,,Seton Hall University School of Law,1992,Qualified,,https://upload.wikimedia.org/wikipedia/commons/thumb/1/10/Evelyn_Padin_%28Judge%29_%28cropped%29.jpg/330px-Evelyn_Padin_%28Judge%29_%28cropped%29.jpg?utm_source=commons.wikimedia.org&utm_campaign=imageinfo&utm_content=thumbnail,https://commons.wikimedia.org/wiki/File:Evelyn_Padin_(Judge)_(cropped).jpg,Public domain,false,,,false,,,false,Phase-2 sweep; FJC + CourtListener.
,Michael Etan Farbiarz,Farbiarz,njd,NJD0219,active,false,Joseph R. Biden,Democratic,2023-01-03,2023-05-02,2023-05-05,,,Yale Law School,1999,Well Qualified,,https://upload.wikimedia.org/wikipedia/commons/thumb/b/bb/Michael_Farbiarz.jpg/330px-Michael_Farbiarz.jpg?utm_source=commons.wikimedia.org&utm_campaign=imageinfo&utm_content=thumbnail,https://commons.wikimedia.org/wiki/File:Michael_Farbiarz.jpg,Public domain,false,,,false,,,false,Phase-2 sweep; FJC + CourtListener.
,Robert Andrew Kirsch,Kirsch,njd,NJD0409,active,false,Joseph R. Biden,Democratic,2023-01-03,2023-05-02,2023-05-08,,,Fordham University School of Law,1991,Well Qualified,,https://upload.wikimedia.org/wikipedia/commons/thumb/2/2d/Robert_Kirsch.jpg/330px-Robert_Kirsch.jpg?utm_source=commons.wikimedia.org&utm_campaign=imageinfo&utm_content=thumbnail,https://commons.wikimedia.org/wiki/File:Robert_Kirsch.jpg,Public domain,false,,,false,,,false,Phase-2 sweep; FJC + CourtListener.
,Jamel Ken Semper,Semper,njd,NJD1006,active,false,Joseph R. Biden,Democratic,2023-09-18,2023-11-29,2023-12-01,,,Rutgers School of Law -- Newark,2007,Well Qualified,,https://upload.wikimedia.org/wikipedia/commons/thumb/6/65/Jamel_Semper.jpg/330px-Jamel_Semper.jpg?utm_source=commons.wikimedia.org&utm_campaign=imageinfo&utm_content=thumbnail,https://commons.wikimedia.org/wiki/File:Jamel_Semper.jpg,Public domain,false,,,false,,,false,Phase-2 sweep; FJC + CourtListener.
9383,Edward Sunyol Kiel,Kiel,njd,NJD1603,active,false,Joseph R. Biden,Democratic,2024-01-08,2024-03-20,2024-03-25,,,University of Notre Dame,1991,Well Qualified,https://www.courtlistener.com/person/9383/edward-s-kiel/,https://upload.wikimedia.org/wikipedia/commons/1/1a/Edward_Kiel.jpg,https://commons.wikimedia.org/wiki/File:Edward_Kiel.jpg,Public domain — credit: U.S. Senate Judiciary Committee,false,,,false,,,false,Phase-2 sweep; FJC + CourtListener.
3316,Martha Alicia Vázquez,Vázquez,nmd,NMD0106,senior,false,William J. Clinton,Democratic,1993-08-06,1993-09-30,1993-10-01,2021-12-31,,Notre Dame Law School,1978,Well Qualified,https://www.courtlistener.com/person/3316/martha-alicia-vazquez/,https://upload.wikimedia.org/wikipedia/commons/thumb/5/5f/Judge_Martha_V%C3%A1zquez.jpg/330px-Judge_Martha_V%C3%A1zquez.jpg?utm_source=commons.wikimedia.org&utm_campaign=imageinfo&utm_content=thumbnail,https://commons.wikimedia.org/wiki/File:Judge_Martha_V%C3%A1zquez.jpg,CC BY-SA 4.0 — credit: NMJURIST,false,,,false,,,false,Phase-2 sweep; FJC + CourtListener.
125,M. Christina Armijo,Armijo,nmd,NMD0701,senior,false,George W. Bush,Republican,2001-09-04,2001-11-06,2001-11-12,2018-02-07,,University of New Mexico School of Law,1975,Qualified,https://www.courtlistener.com/person/125/m-christina-armijo/,https://upload.wikimedia.org/wikipedia/commons/c/c0/M_Christina_Armijo.png?utm_source=commons.wikimedia.org&utm_campaign=imageinfo&utm_content=thumbnail_unscaled,https://commons.wikimedia.org/wiki/File:M_Christina_Armijo.png,Public domain,false,,,false,,,false,Phase-2 sweep; FJC + CourtListener.
1647,William Paul Johnson,Johnson,nmd,NMD0404,senior,false,George W. Bush,Republican,2001-09-04,2001-12-13,2001-12-21,2025-01-10,,Washington and Lee University School of Law,1985,Qualified,https://www.courtlistener.com/person/1647/william-paul-johnson/,https://upload.wikimedia.org/wikipedia/commons/thumb/a/a1/William_P._Johnson.jpg/330px-William_P._Johnson.jpg?utm_source=commons.wikimedia.org&utm_campaign=imageinfo&utm_content=thumbnail,https://commons.wikimedia.org/wiki/File:William_P._Johnson.jpg,Public domain,false,,,false,,,false,Phase-2 sweep; FJC + CourtListener.
358,Robert C. Brack,Brack,nmd,NMD0801,senior,false,George W. Bush,Republican,2003-04-28,2003-07-14,2003-07-15,2018-07-25,,University of New Mexico School of Law,1978,Well Qualified,https://www.courtlistener.com/person/358/robert-c-brack/,,,,false,,,false,,,false,Phase-2 sweep; FJC + CourtListener.
430,James O. Browning,Browning,nmd,NMD0602,senior,false,George W. Bush,Republican,2003-04-28,2003-07-31,2003-08-01,2026-02-01,,University of Virginia School of Law,1981,Well Qualified,https://www.courtlistener.com/person/430/james-o-browning/,https://upload.wikimedia.org/wikipedia/commons/thumb/1/14/James_O._Browning.jpg/330px-James_O._Browning.jpg?utm_source=commons.wikimedia.org&utm_campaign=imageinfo&utm_content=thumbnail,https://commons.wikimedia.org/wiki/File:James_O._Browning.jpg,Public domain,false,,,false,,,false,Phase-2 sweep; FJC + CourtListener.
1441,Judith C. Herrera,Herrera,nmd,NMD0304,senior,false,George W. Bush,Republican,2003-09-23,2004-06-03,2004-06-13,2019-07-01,,Georgetown University Law Center,1979,Well Qualified,https://www.courtlistener.com/person/1441/judith-c-herrera/,,,,false,,,false,,,false,Phase-2 sweep; FJC + CourtListener.
1233,Kenneth John Gonzales,Gonzales,nmd,NMD0503,active,true,Barack Obama,Democratic,2013-01-04,2013-06-17,2013-08-09,,,University of New Mexico School of Law,1994,Qualified,https://www.courtlistener.com/person/1233/kenneth-john-gonzales/,https://upload.wikimedia.org/wikipedia/commons/f/fb/Kenneth_Gonzales_US_Attorney_%28cropped%29.jpg?utm_source=commons.wikimedia.org&utm_campaign=imageinfo&utm_content=thumbnail_unscaled,https://commons.wikimedia.org/wiki/File:Kenneth_Gonzales_US_Attorney_(cropped).jpg,Public domain,false,,,false,,,false,Phase-2 sweep; FJC + CourtListener.
10088,Kea Whetzal Riggs,Riggs,nmd,NMD0702,active,false,Donald J. Trump,Republican,2019-05-13,2019-12-19,2019-12-31,,,University of Oklahoma College of Law,1990,Well Qualified,https://www.courtlistener.com/person/10088/kea-w-riggs/,https://upload.wikimedia.org/wikipedia/commons/thumb/a/ae/Kea_Riggs_%28cropped%29.jpg/330px-Kea_Riggs_%28cropped%29.jpg?utm_source=commons.wikimedia.org&utm_campaign=imageinfo&utm_content=thumbnail,https://commons.wikimedia.org/wiki/File:Kea_Riggs_(cropped).jpg,Public domain,false,,,false,,,false,Phase-2 sweep; FJC + CourtListener.
,Margaret Irene Strickland,Strickland,nmd,NMD0802,active,false,Joseph R. Biden,Democratic,2021-04-19,2021-09-21,2021-10-22,,,New York University School of Law,2006,Well Qualified,,https://upload.wikimedia.org/wikipedia/commons/thumb/d/d4/Margaret_Strickland_%28Judge%29_%28cropped%29.jpg/330px-Margaret_Strickland_%28Judge%29_%28cropped%29.jpg?utm_source=commons.wikimedia.org&utm_campaign=imageinfo&utm_content=thumbnail,https://commons.wikimedia.org/wiki/File:Margaret_Strickland_(Judge)_(cropped).jpg,Public domain,false,,,false,,,false,Phase-2 sweep; FJC + CourtListener.
,David Herrera Urias,Urias,nmd,NMD0107,active,false,Joseph R. Biden,Democratic,2021-09-20,2021-12-17,2022-01-14,,,University of New Mexico School of Law,2001,Well Qualified,,https://upload.wikimedia.org/wikipedia/commons/thumb/4/4d/Judge_David_Urias.png/330px-Judge_David_Urias.png?utm_source=commons.wikimedia.org&utm_campaign=imageinfo&utm_content=thumbnail,https://commons.wikimedia.org/wiki/File:Judge_David_Urias.png,Public domain,false,,,false,,,false,Phase-2 sweep; FJC + CourtListener.
,Matthew Lane Garcia,Garcia,nmd,NMD0305,active,false,Joseph R. Biden,Democratic,2023-01-03,2023-02-14,2023-02-21,,,University of New Mexico School of Law,2005,Well Qualified,,https://upload.wikimedia.org/wikipedia/commons/thumb/0/0d/Matthew_L._Garcia.jpg/330px-Matthew_L._Garcia.jpg?utm_source=commons.wikimedia.org&utm_campaign=imageinfo&utm_content=thumbnail,https://commons.wikimedia.org/wiki/File:Matthew_L._Garcia.jpg,Public domain,false,,,false,,,false,Phase-2 sweep; FJC + CourtListener.
,Sarah Morgan Davenport,Davenport,nmd,NMD0405,active,false,Joseph R. Biden,Democratic,2024-09-09,2024-12-05,2025-01-13,,,University of New Mexico School of Law,2006,Qualified,,https://upload.wikimedia.org/wikipedia/commons/8/81/Sarah-M-Davenport-9-25-24.jpg,https://commons.wikimedia.org/wiki/File:Sarah-M-Davenport-9-25-24.jpg,Public domain (PD-USGov-Senate) — credit: U.S. Senate Judiciary Committee,false,,,false,,,false,Phase-2 sweep; FJC + CourtListener.
10257,Ramona Villagomez Manglona,Manglona,nmid,,active,true,Joseph R. Biden,Democratic,2023-09-06,2024-04-18,2024-04-22,,2034-04-22,University of New Mexico School of Law,1996,,https://www.courtlistener.com/person/10257/ramona-v-manglona/,https://upload.wikimedia.org/wikipedia/commons/thumb/3/34/Ramona_Villagomez_Manglona.JPG/330px-Ramona_Villagomez_Manglona.JPG?utm_source=commons.wikimedia.org&utm_campaign=imageinfo&utm_content=thumbnail,https://commons.wikimedia.org/wiki/File:Ramona_Villagomez_Manglona.JPG,Public domain,false,,,false,,,false,"Documented manual pull (2026-07-16+; see DATA_SOURCES.md and territorial_judges_manual.csv) - no systematic FJC/CL source exists for this court. Verified 2026-07-16 against https://www.nmid.uscourts.gov/news/chief-judge-manglona-takes-oath-second-term. Reappointment to a FRESH term (original term 2011-2021, held over 2021-2024 pending this reappointment - same holdover mechanism as Guam, now resolved). Fields above are for the CURRENT (second) term, consistent with how this project treats CFC reappointments (Horn) elsewhere. Cross-checked against nmid.uscourts.gov/about-us."
2158,Howard D. McKibben,McKibben,nvd,NVD0501,senior,false,Ronald Reagan,Republican,1984-09-28,1984-10-04,1984-10-04,2005-04-01,,University of Michigan Law School,1967,Well Qualified,https://www.courtlistener.com/person/2158/howard-d-mckibben/,https://upload.wikimedia.org/wikipedia/commons/a/a3/JudgeMcKibben.png?utm_source=commons.wikimedia.org&utm_campaign=imageinfo&utm_content=thumbnail_unscaled,https://commons.wikimedia.org/wiki/File:JudgeMcKibben.png,Public domain,false,,,false,,,false,Phase-2 sweep; FJC + CourtListener.
1564,Roger L. Hunt,Hunt,nvd,NVD0701,senior,false,William J. Clinton,Democratic,2000-03-27,2000-05-24,2000-05-25,2011-05-26,,George Washington University Law School,1970,Well Qualified,https://www.courtlistener.com/person/1564/roger-l-hunt/,https://upload.wikimedia.org/wikipedia/commons/5/59/Roger_L._Hunt.gif?utm_source=commons.wikimedia.org&utm_campaign=imageinfo&utm_content=thumbnail_unscaled,https://commons.wikimedia.org/wiki/File:Roger_L._Hunt.gif,Public domain,false,,,false,,,false,Phase-2 sweep; FJC + CourtListener.
831,Kent J. Dawson,Dawson,nvd,NVD0601,senior,false,William J. Clinton,Democratic,2000-04-06,2000-05-24,2000-05-31,2012-07-09,,University of Utah College of Law (now S.J. Quinney College of Law),1971,Qualified,https://www.courtlistener.com/person/831/kent-j-dawson/,https://upload.wikimedia.org/wikipedia/commons/f/f9/Judge_Kent_J._Dawson.jpg?utm_source=commons.wikimedia.org&utm_campaign=imageinfo&utm_content=thumbnail_unscaled,https://commons.wikimedia.org/wiki/File:Judge_Kent_J._Dawson.jpg,Public domain,false,,,false,,,false,Phase-2 sweep; FJC + CourtListener.
2017,James C. Mahan,Mahan,nvd,NVD0801,senior,false,George W. Bush,Republican,2001-09-10,2002-01-25,2002-01-30,2018-06-29,,Vanderbilt University Law School,1973,Well Qualified,https://www.courtlistener.com/person/2017/james-c-mahan/,https://upload.wikimedia.org/wikipedia/commons/5/5d/JamesMahan2018.jpg?utm_source=commons.wikimedia.org&utm_campaign=imageinfo&utm_content=thumbnail_unscaled,https://commons.wikimedia.org/wiki/File:JamesMahan2018.jpg,Public domain,false,,,false,,,false,Phase-2 sweep; FJC + CourtListener.
1668,Robert Clive Jones,Jones,nvd,NVD0403,senior,false,George W. Bush,Republican,2003-06-09,2003-10-02,2003-11-30,2016-02-01,,"University of California, Los Angeles, School of Law",1975,Well Qualified,https://www.courtlistener.com/person/1668/robert-clive-jones/,https://upload.wikimedia.org/wikipedia/commons/f/f4/Robert_C._Jones_District_Judge.jpg?utm_source=commons.wikimedia.org&utm_campaign=imageinfo&utm_content=thumbnail_unscaled,https://commons.wikimedia.org/wiki/File:Robert_C._Jones_District_Judge.jpg,Public domain,false,,,false,,,false,Phase-2 sweep; FJC + CourtListener.
2375,Gloria Maria Navarro,Navarro,nvd,NVD0503,active,false,Barack Obama,Democratic,2009-12-24,2010-05-05,2010-05-06,,,Arizona State University College of Law (now Sandra Day O’Connor College of Law),1992,Qualified,https://www.courtlistener.com/person/2375/gloria-maria-navarro/,https://upload.wikimedia.org/wikipedia/commons/2/24/Gloria_M._Navarro_District_Judge.jpg?utm_source=commons.wikimedia.org&utm_campaign=imageinfo&utm_content=thumbnail_unscaled,https://commons.wikimedia.org/wiki/File:Gloria_M._Navarro_District_Judge.jpg,Public domain,false,,,false,,,false,Phase-2 sweep; FJC + CourtListener.
922,Miranda Mai Du,Du,nvd,NVD0702,active,false,Barack Obama,Democratic,2011-08-02,2012-03-28,2012-03-30,,,"University of California, Berkeley, School of Law",1994,Qualified,https://www.courtlistener.com/person/922/miranda-mai-du/,https://upload.wikimedia.org/wikipedia/commons/thumb/1/1e/Miranda_M._Du%2C_U.S._District_Court_Judge.jpg/330px-Miranda_M._Du%2C_U.S._District_Court_Judge.jpg?utm_source=commons.wikimedia.org&utm_campaign=imageinfo&utm_content=thumbnail,"https://commons.wikimedia.org/wiki/File:Miranda_M._Du,_U.S._District_Court_Judge.jpg",Public domain,false,,,false,,,false,Phase-2 sweep; FJC + CourtListener.
1242,Andrew Patrick Gordon,Gordon,nvd,NVD0602,active,true,Barack Obama,Democratic,2013-01-04,2013-03-11,2013-03-12,,,Harvard Law School,1987,Well Qualified,https://www.courtlistener.com/person/1242/andrew-patrick-gordon/,https://upload.wikimedia.org/wikipedia/commons/8/82/Andrew_P._Gordon.JPG?utm_source=commons.wikimedia.org&utm_campaign=imageinfo&utm_content=thumbnail_unscaled,https://commons.wikimedia.org/wiki/File:Andrew_P._Gordon.JPG,Public domain,false,,,false,,,false,Phase-2 sweep; FJC + CourtListener.
901,Jennifer Anna Dorsey,Dorsey,nvd,NVD0305,active,false,Barack Obama,Democratic,2013-01-04,2013-07-09,2013-07-09,,,Pepperdine University School of Law (now Rick J. Caruso School of Law),1997,Qualified,https://www.courtlistener.com/person/901/jennifer-anna-dorsey/,https://upload.wikimedia.org/wikipedia/commons/a/af/Jennifer_A._Dorsey.JPG?utm_source=commons.wikimedia.org&utm_campaign=imageinfo&utm_content=thumbnail_unscaled,https://commons.wikimedia.org/wiki/File:Jennifer_A._Dorsey.JPG,Public domain,false,,,false,,,false,Phase-2 sweep; FJC + CourtListener.
338,Richard Franklin Boulware II,Boulware,nvd,NVD0205,active,false,Barack Obama,Democratic,2014-01-16,2014-06-10,2014-06-10,,,Columbia Law School,2002,Qualified,https://www.courtlistener.com/person/338/richard-franklin-boulware-ii/,https://upload.wikimedia.org/wikipedia/commons/a/a8/RichardBoulware2015.JPG?utm_source=commons.wikimedia.org&utm_campaign=imageinfo&utm_content=thumbnail_unscaled,https://commons.wikimedia.org/wiki/File:RichardBoulware2015.JPG,Public domain,false,,,false,,,false,Phase-2 sweep; FJC + CourtListener.
,Cristina Dionne Silva,Silva,nvd,NVD0802,active,false,Joseph R. Biden,Democratic,2022-01-03,2022-03-23,2022-04-07,,,"American University, Washington College of Law",2007,Well Qualified,,https://upload.wikimedia.org/wikipedia/commons/thumb/1/1f/Cristina_D._Silva%2C_U.S._District_Court_Judge.png/330px-Cristina_D._Silva%2C_U.S._District_Court_Judge.png?utm_source=commons.wikimedia.org&utm_campaign=imageinfo&utm_content=thumbnail,"https://commons.wikimedia.org/wiki/File:Cristina_D._Silva,_U.S._District_Court_Judge.png",Public domain,false,,,false,,,false,Phase-2 sweep; FJC + CourtListener.
,Anne Rachel Traum,Traum,nvd,NVD0404,active,false,Joseph R. Biden,Democratic,2022-01-03,2022-03-23,2022-04-07,,,"University of California Hastings College of the Law (now UC College of the Law, San Francisco)",1996,Well Qualified,,https://upload.wikimedia.org/wikipedia/commons/thumb/0/0f/Anne_R._Traum%2C_U.S._District_Court_Judge.jpg/330px-Anne_R._Traum%2C_U.S._District_Court_Judge.jpg?utm_source=commons.wikimedia.org&utm_campaign=imageinfo&utm_content=thumbnail,"https://commons.wikimedia.org/wiki/File:Anne_R._Traum,_U.S._District_Court_Judge.jpg",Public domain,false,,,false,,,false,Phase-2 sweep; FJC + CourtListener.
1214,Israel Leo Glasser,Glasser,nyed,NYED0503,senior,false,Ronald Reagan,Republican,1981-11-23,1981-12-09,1981-12-10,1993-07-01,,Brooklyn Law School,1948,Qualified,https://www.courtlistener.com/person/1214/israel-leo-glasser/,https://upload.wikimedia.org/wikipedia/commons/thumb/2/2a/Leo_Glasser_%28cropped%29.jpg/330px-Leo_Glasser_%28cropped%29.jpg?utm_source=commons.wikimedia.org&utm_campaign=imageinfo&utm_content=thumbnail,https://commons.wikimedia.org/wiki/File:Leo_Glasser_(cropped).jpg,Public domain,false,,,false,,,false,Phase-2 sweep; FJC + CourtListener.
1812,Edward Robert Korman,Korman,nyed,NYED1101,senior,false,Ronald Reagan,Republican,1985-10-02,1985-11-01,1985-11-04,2007-10-25,,Brooklyn Law School,1966,Well Qualified,https://www.courtlistener.com/person/1812/edward-robert-korman/,https://upload.wikimedia.org/wikipedia/commons/thumb/b/b1/Judge_Edward_R._Korman.jpg/330px-Judge_Edward_R._Korman.jpg?utm_source=commons.wikimedia.org&utm_campaign=imageinfo&utm_content=thumbnail,https://commons.wikimedia.org/wiki/File:Judge_Edward_R._Korman.jpg,"CC BY 2.0 — credit: Douglas Palmer from Brooklyn, NY, USA",false,,,false,,,false,Phase-2 sweep; FJC + CourtListener.
841,Raymond Joseph Dearie,Dearie,nyed,NYED1201,senior,false,Ronald Reagan,Republican,1986-02-03,1986-03-14,1986-03-19,2011-04-03,,St. John's University School of Law,1969,Qualified,https://www.courtlistener.com/person/841/raymond-joseph-dearie/,,,,false,,,false,,,false,Phase-2 sweep; FJC + CourtListener.
97,Carol Bagley Amon,Amon,nyed,NYED0902,senior,false,George H.W. Bush,Republican,1990-05-18,1990-08-03,1990-08-07,2016-11-30,,University of Virginia School of Law,1971,Well Qualified,https://www.courtlistener.com/person/97/carol-bagley-amon/,https://upload.wikimedia.org/wikipedia/commons/thumb/1/1e/Judge_Carol_Bagley_Amon.jpg/330px-Judge_Carol_Bagley_Amon.jpg?utm_source=commons.wikimedia.org&utm_campaign=imageinfo&utm_content=thumbnail,https://commons.wikimedia.org/wiki/File:Judge_Carol_Bagley_Amon.jpg,"CC BY 2.0 — credit: Douglas Palmer from Brooklyn, NY, USA",false,,,false,,,false,Phase-2 sweep; FJC + CourtListener.
1576,Denis Reagan Hurley,Hurley,nyed,NYED1301,senior,false,George H.W. Bush,Republican,1991-06-27,1991-10-31,1991-11-05,2004-12-18,,Fordham University School of Law,1966,Qualified,https://www.courtlistener.com/person/1576/denis-reagan-hurley/,,,,false,,,false,,,false,Phase-2 sweep; FJC + CourtListener.
2915,Joanna Seybert,Seybert,nyed,NYED1401,senior,false,William J. Clinton,Democratic,1993-09-24,1993-11-20,1993-11-24,2014-01-13,,St. John's University School of Law,1971,Qualified,https://www.courtlistener.com/person/2915/joanna-seybert/,,,,false,,,false,,,false,Phase-2 sweep; FJC + CourtListener.
308,Frederic Block,Block,nyed,NYED0306,senior,false,William J. Clinton,Democratic,1994-07-22,1994-09-28,1994-09-29,2005-09-01,,Cornell Law School,1959,Well Qualified,https://www.courtlistener.com/person/308/frederic-block/,https://upload.wikimedia.org/wikipedia/commons/6/64/Frederic_Block.png?utm_source=commons.wikimedia.org&utm_campaign=imageinfo&utm_content=thumbnail_unscaled,https://commons.wikimedia.org/wiki/File:Frederic_Block.png,Public domain,false,,,false,,,false,Phase-2 sweep; FJC + CourtListener.
2785,Allyne R. Ross,Ross,nyed,NYED0504,senior,false,William J. Clinton,Democratic,1994-07-22,1994-09-28,1994-09-29,2011-04-05,,Harvard Law School,1970,Well Qualified,https://www.courtlistener.com/person/2785/allyne-r-ross/,,,,false,,,false,,,false,Phase-2 sweep; FJC + CourtListener.
1178,Nina Gershon,Gershon,nyed,NYED0605,senior,false,William J. Clinton,Democratic,1995-10-18,1996-07-30,1996-08-01,2008-10-16,,Yale Law School,1965,Qualified,https://www.courtlistener.com/person/1178/nina-gershon/,,,,false,,,false,,,false,Phase-2 sweep; FJC + CourtListener.
1145,Nicholas Garaufis,Garaufis,nyed,NYED0703,senior,false,William J. Clinton,Democratic,2000-02-28,2000-05-24,2000-05-25,2014-10-01,,Columbia Law School,1974,Qualified,https://www.courtlistener.com/person/1145/nicholas-garaufis/,https://upload.wikimedia.org/wikipedia/commons/thumb/5/5c/Nicholas_Garaufis.jpg/330px-Nicholas_Garaufis.jpg?utm_source=commons.wikimedia.org&utm_campaign=imageinfo&utm_content=thumbnail,https://commons.wikimedia.org/wiki/File:Nicholas_Garaufis.jpg,Public domain,false,,,false,,,false,Phase-2 sweep; FJC + CourtListener.
1596,Dora L. Irizarry,Irizarry,nyed,NYED0406,senior,false,George W. Bush,Republican,2003-04-28,2004-06-24,2004-07-08,2020-01-26,,Columbia Law School,1979,Not Qualified,https://www.courtlistener.com/person/1596/dora-l-irizarry/,https://upload.wikimedia.org/wikipedia/commons/thumb/1/19/Passing_of_the_Torch_Ceremony_%2820_of_40%29_%2825848415463%29.jpg/330px-Passing_of_the_Torch_Ceremony_%2820_of_40%29_%2825848415463%29.jpg?utm_source=commons.wikimedia.org&utm_campaign=imageinfo&utm_content=thumbnail,https://commons.wikimedia.org/wiki/File:Passing_of_the_Torch_Ceremony_(20_of_40)_(25848415463).jpg,"CC BY 2.0 — credit: Douglas Palmer from Brooklyn, NY, USA",false,,,false,,,false,Phase-2 sweep; FJC + CourtListener.
3325,Eric Nicholas Vitaliano,Vitaliano,nyed,NYED0109,senior,false,George W. Bush,Republican,2005-10-06,2005-12-21,2006-01-19,2017-02-28,,New York University School of Law,1971,Qualified,https://www.courtlistener.com/person/3325/eric-nicholas-vitaliano/,https://upload.wikimedia.org/wikipedia/commons/thumb/0/0d/Eric_Vitaliano_%28cropped%29.jpg/330px-Eric_Vitaliano_%28cropped%29.jpg?utm_source=commons.wikimedia.org&utm_campaign=imageinfo&utm_content=thumbnail,https://commons.wikimedia.org/wiki/File:Eric_Vitaliano_(cropped).jpg,Public domain,false,,,false,,,false,Phase-2 sweep; FJC + CourtListener.
664,Brian Mark Cogan,Cogan,nyed,NYED0307,senior,false,George W. Bush,Republican,2006-01-25,2006-05-04,2006-06-07,2020-06-12,,Cornell Law School,1979,Qualified,https://www.courtlistener.com/person/664/brian-mark-cogan/,,,,false,,,false,,,false,Phase-2 sweep; FJC + CourtListener.
2080,Kiyo A. Matsumoto,Matsumoto,nyed,NYED1102,senior,false,George W. Bush,Republican,2008-03-11,2008-07-17,2008-07-22,2022-07-23,,Georgetown University Law Center,1981,Well Qualified,https://www.courtlistener.com/person/2080/kiyo-a-matsumoto/,https://upload.wikimedia.org/wikipedia/commons/thumb/4/46/Kiyo_A._Matsumoto_%28cropped%29.jpg/330px-Kiyo_A._Matsumoto_%28cropped%29.jpg?utm_source=commons.wikimedia.org&utm_campaign=imageinfo&utm_content=thumbnail,https://commons.wikimedia.org/wiki/File:Kiyo_A._Matsumoto_(cropped).jpg,Public domain,false,,,false,,,false,Phase-2 sweep; FJC + CourtListener.
1830,William Francis Kuntz II,Kuntz,nyed,NYED0606,senior,false,Barack Obama,Democratic,2011-03-09,2011-10-03,2011-10-04,2022-01-01,,Harvard Law School,1977,Well Qualified,https://www.courtlistener.com/person/1830/william-francis-kuntz-ii/,https://upload.wikimedia.org/wikipedia/commons/thumb/4/43/William_Kuntz_%28cropped%29.jpg/330px-William_Kuntz_%28cropped%29.jpg?utm_source=commons.wikimedia.org&utm_campaign=imageinfo&utm_content=thumbnail,https://commons.wikimedia.org/wiki/File:William_Kuntz_(cropped).jpg,Public domain,false,,,false,,,false,Phase-2 sweep; FJC + CourtListener.
403,Margo Kitsy Brodie,Brodie,nyed,NYED0505,active,true,Barack Obama,Democratic,2011-06-07,2012-02-27,2012-02-29,,,University of Pennsylvania Law School (now Carey Law School),1991,Qualified,https://www.courtlistener.com/person/403/margo-kitsy-brodie/,https://upload.wikimedia.org/wikipedia/commons/thumb/9/98/Margo_Brodie.png/330px-Margo_Brodie.png?utm_source=commons.wikimedia.org&utm_campaign=imageinfo&utm_content=thumbnail,https://commons.wikimedia.org/wiki/File:Margo_Brodie.png,Public domain,false,,,false,,,false,Phase-2 sweep; FJC + CourtListener.
597,Pamela Ki Mai Chen,Chen,nyed,NYED1202,active,false,Barack Obama,Democratic,2013-01-04,2013-03-04,2013-03-05,,,Georgetown University Law Center,1986,Qualified,https://www.courtlistener.com/person/597/pamela-ki-mai-chen/,https://upload.wikimedia.org/wikipedia/commons/thumb/0/0f/Pamela_K_Chen.png/330px-Pamela_K_Chen.png?utm_source=commons.wikimedia.org&utm_campaign=imageinfo&utm_content=thumbnail,https://commons.wikimedia.org/wiki/File:Pamela_K_Chen.png,Public domain,false,,,false,,,false,Phase-2 sweep; FJC + CourtListener.
144,Joan Marie Azrack,Azrack,nyed,NYED1402,senior,false,Barack Obama,Democratic,2014-09-18,2014-12-16,2014-12-19,2024-12-19,,New York Law School,1979,Well Qualified,https://www.courtlistener.com/person/144/joan-marie-azrack/,https://upload.wikimedia.org/wikipedia/commons/thumb/d/dc/Joan_Marie_Azrack.png/330px-Joan_Marie_Azrack.png?utm_source=commons.wikimedia.org&utm_campaign=imageinfo&utm_content=thumbnail,https://commons.wikimedia.org/wiki/File:Joan_Marie_Azrack.png,Public domain,false,,,false,,,false,Phase-2 sweep; FJC + CourtListener.
8569,Ann Marie Donnelly,Donnelly,nyed,NYED1004,active,false,Barack Obama,Democratic,2015-01-07,2015-10-20,2015-10-21,,,Ohio State University College of Law (now Michael E. Moritz College of Law),1984,Qualified,https://www.courtlistener.com/person/8569/ann-marie-donnelly/,https://upload.wikimedia.org/wikipedia/commons/thumb/8/84/Ann_Donnelly.jpg/330px-Ann_Donnelly.jpg?utm_source=commons.wikimedia.org&utm_campaign=imageinfo&utm_content=thumbnail,https://commons.wikimedia.org/wiki/File:Ann_Donnelly.jpg,Public domain,false,,,false,,,false,Phase-2 sweep; FJC + CourtListener.
8580,LaShann Moutique DeArcy Hall,DeArcy Hall,nyed,NYED0704,active,false,Barack Obama,Democratic,2015-01-07,2015-11-16,2015-11-17,,,Howard University School of Law,2000,Qualified,https://www.courtlistener.com/person/8580/lashann-moutique-dearcy-hall/,https://upload.wikimedia.org/wikipedia/commons/thumb/2/2c/LaShann_DeArcy_Hall.jpg/330px-LaShann_DeArcy_Hall.jpg?utm_source=commons.wikimedia.org&utm_campaign=imageinfo&utm_content=thumbnail,https://commons.wikimedia.org/wiki/File:LaShann_DeArcy_Hall.jpg,Public domain,false,,,false,,,false,Phase-2 sweep; FJC + CourtListener.
14462,Rachel Peter Kovner,Kovner,nyed,NYED0903,active,false,Donald J. Trump,Republican,2019-05-21,2019-10-16,2019-10-17,,,Stanford Law School,2006,Well Qualified,https://www.courtlistener.com/person/14462/rachel-peter-kovner/,https://upload.wikimedia.org/wikipedia/commons/thumb/2/2e/Rachel_Kovner_%28Judge%29_%28cropped%29.jpg/330px-Rachel_Kovner_%28Judge%29_%28cropped%29.jpg?utm_source=commons.wikimedia.org&utm_campaign=imageinfo&utm_content=thumbnail,https://commons.wikimedia.org/wiki/File:Rachel_Kovner_(Judge)_(cropped).jpg,Public domain,false,,,false,,,false,Phase-2 sweep; FJC + CourtListener.
,Eric Ross Komitee,Komitee,nyed,NYED0110,active,false,Donald J. Trump,Republican,2019-05-21,2019-12-03,2019-12-05,,,New York University School of Law,1995,Well Qualified,,https://upload.wikimedia.org/wikipedia/commons/thumb/1/1e/Eric_Komitee_%28Judge%29_%28cropped%29.jpg/330px-Eric_Komitee_%28Judge%29_%28cropped%29.jpg?utm_source=commons.wikimedia.org&utm_campaign=imageinfo&utm_content=thumbnail,https://commons.wikimedia.org/wiki/File:Eric_Komitee_(Judge)_(cropped).jpg,Public domain,false,,,false,,,false,Phase-2 sweep; FJC + CourtListener.
9415,Gary Richard Brown,Brown,nyed,NYED0804,active,false,Donald J. Trump,Republican,2019-05-21,2019-12-19,2019-12-31,,,Yale Law School,1988,Well Qualified,https://www.courtlistener.com/person/9415/gary-r-brown/,https://upload.wikimedia.org/wikipedia/commons/thumb/4/4d/Gary_R_Brown.png/330px-Gary_R_Brown.png?utm_source=commons.wikimedia.org&utm_campaign=imageinfo&utm_content=thumbnail,https://commons.wikimedia.org/wiki/File:Gary_R_Brown.png,Public domain,false,,,false,,,false,Phase-2 sweep; FJC + CourtListener.
15343,Diane Gujarati,Gujarati,nyed,NYED0207,active,false,Donald J. Trump,Republican,2019-05-21,2020-09-10,2020-09-18,,,Yale Law School,1995,Well Qualified,https://www.courtlistener.com/person/15343/diane-gujarati/,https://upload.wikimedia.org/wikipedia/commons/thumb/9/9d/Diane_Gujarati_%28Judge%29_%28cropped%29.jpg/330px-Diane_Gujarati_%28Judge%29_%28cropped%29.jpg?utm_source=commons.wikimedia.org&utm_campaign=imageinfo&utm_content=thumbnail,https://commons.wikimedia.org/wiki/File:Diane_Gujarati_(Judge)_(cropped).jpg,Public domain,false,,,false,,,false,Phase-2 sweep; FJC + CourtListener.
,Hector Gonzalez,Gonzalez,nyed,NYED0308,active,false,Joseph R. Biden,Democratic,2021-12-15,2022-03-23,2022-04-18,,,University of Pennsylvania Law School (now Carey Law School),1988,Well Qualified,,https://upload.wikimedia.org/wikipedia/commons/thumb/3/3f/Hector_Gonzalez_Judiciary_Committee.png/330px-Hector_Gonzalez_Judiciary_Committee.png?utm_source=commons.wikimedia.org&utm_campaign=imageinfo&utm_content=thumbnail,https://commons.wikimedia.org/wiki/File:Hector_Gonzalez_Judiciary_Committee.png,Public domain,false,,,false,,,false,Phase-2 sweep; FJC + CourtListener.
,Nina Rauh Morrison,Morrison,nyed,NYED0407,active,false,Joseph R. Biden,Democratic,2021-12-15,2022-06-08,2022-08-11,,,New York University School of Law,1998,Well Qualified,,https://upload.wikimedia.org/wikipedia/commons/thumb/1/18/Nina_Morrison_%28Judge%29_%28cropped%29.jpg/330px-Nina_Morrison_%28Judge%29_%28cropped%29.jpg?utm_source=commons.wikimedia.org&utm_campaign=imageinfo&utm_content=thumbnail,https://commons.wikimedia.org/wiki/File:Nina_Morrison_(Judge)_(cropped).jpg,Public domain,false,,,false,,,false,Phase-2 sweep; FJC + CourtListener.
,Orelia Eleta Merchant,Merchant,nyed,NYED0607,active,false,Joseph R. Biden,Democratic,2023-01-23,2023-05-03,2023-05-12,,,Tulane University Law School,1998,Qualified,,https://upload.wikimedia.org/wikipedia/commons/thumb/5/58/Orelia_Merchant.jpg/330px-Orelia_Merchant.jpg?utm_source=commons.wikimedia.org&utm_campaign=imageinfo&utm_content=thumbnail,https://commons.wikimedia.org/wiki/File:Orelia_Merchant.jpg,Public domain,false,,,false,,,false,Phase-2 sweep; FJC + CourtListener.
,Nusrat Jahan Choudhury,Choudhury,nyed,NYED1303,active,false,Joseph R. Biden,Democratic,2023-01-03,2023-06-15,2023-07-05,,,Yale Law School,2006,Well Qualified,,https://upload.wikimedia.org/wikipedia/commons/thumb/1/1d/Nursat_Choudhury_%28Judge%29.jpg/330px-Nursat_Choudhury_%28Judge%29.jpg?utm_source=commons.wikimedia.org&utm_campaign=imageinfo&utm_content=thumbnail,https://commons.wikimedia.org/wiki/File:Nursat_Choudhury_(Judge).jpg,Public domain,false,,,false,,,false,Phase-2 sweep; FJC + CourtListener.
,Natasha Clarise Merle,Merle,nyed,NYED1601,active,false,Joseph R. Biden,Democratic,2023-01-03,2023-06-21,2023-08-11,,,New York University School of Law,2008,Well Qualified,,https://upload.wikimedia.org/wikipedia/commons/thumb/2/2b/Natasha_Merle_%28Judge%29.jpg/330px-Natasha_Merle_%28Judge%29.jpg?utm_source=commons.wikimedia.org&utm_campaign=imageinfo&utm_content=thumbnail,https://commons.wikimedia.org/wiki/File:Natasha_Merle_(Judge).jpg,Public domain,false,,,false,,,false,Phase-2 sweep; FJC + CourtListener.
9425,Ramon Ernesto Reyes Jr.,Reyes,nyed,NYED1103,active,false,Joseph R. Biden,Democratic,2023-01-23,2023-11-08,2023-11-13,,,Brooklyn Law School,1992,Well Qualified,https://www.courtlistener.com/person/9425/ramon-e-reyes-jr/,https://upload.wikimedia.org/wikipedia/commons/thumb/e/ed/Ramon_Ernesto_Reyes%2C_Jr.jpg/330px-Ramon_Ernesto_Reyes%2C_Jr.jpg?utm_source=commons.wikimedia.org&utm_campaign=imageinfo&utm_content=thumbnail,"https://commons.wikimedia.org/wiki/File:Ramon_Ernesto_Reyes,_Jr.jpg",Public domain,false,,,false,,,false,Phase-2 sweep; FJC + CourtListener.
9416,Sanket Jayshukh Bulsara,Bulsara,nyed,NYED1403,active,false,Joseph R. Biden,Democratic,2024-02-08,2024-05-15,2024-12-20,,,Harvard Law School,2002,Well Qualified,https://www.courtlistener.com/person/9416/sanket-j-bulsara/,https://upload.wikimedia.org/wikipedia/commons/thumb/3/34/Sanket_J._Bulsara.png/330px-Sanket_J._Bulsara.png?utm_source=commons.wikimedia.org&utm_campaign=imageinfo&utm_content=thumbnail,https://commons.wikimedia.org/wiki/File:Sanket_J._Bulsara.png,Public domain,false,,,false,,,false,Phase-2 sweep; FJC + CourtListener.
2098,Thomas James McAvoy,McAvoy,nynd,NYND0501,senior,false,Ronald Reagan,Republican,1986-01-29,1986-03-03,1986-03-04,2003-09-17,,Albany Law School,1964,Well Qualified,https://www.courtlistener.com/person/2098/thomas-james-mcavoy/,,,,false,,,false,,,false,Phase-2 sweep; FJC + CourtListener.
2892,Frederick James Scullin Jr.,Scullin,nynd,NYND0601,senior,false,George H.W. Bush,Republican,1991-09-12,1992-02-06,1992-02-10,2006-03-13,,Syracuse University College of Law,1964,Qualified,https://www.courtlistener.com/person/2892/frederick-james-scullin-jr/,,,,false,,,false,,,false,Phase-2 sweep; FJC + CourtListener.
1692,Lawrence E. Kahn,Kahn,nynd,NYND0402,senior,false,William J. Clinton,Democratic,1996-04-18,1996-07-16,1996-08-01,2007-08-01,,Harvard Law School,1962,Qualified,https://www.courtlistener.com/person/1692/lawrence-e-kahn/,,,,false,,,false,,,false,Phase-2 sweep; FJC + CourtListener.
1574,David N. Hurd,Hurd,nynd,NYND0306,senior,false,William J. Clinton,Democratic,1999-02-12,1999-09-13,1999-09-22,2024-12-09,,Syracuse University College of Law,1963,Well Qualified,https://www.courtlistener.com/person/1574/david-n-hurd/,,,,false,,,false,,,false,Phase-2 sweep; FJC + CourtListener.
3129,Glenn T. Suddaby,Suddaby,nynd,NYND0403,senior,false,George W. Bush,Republican,2007-12-11,2008-07-22,2008-08-29,2024-09-01,,Syracuse University College of Law,1985,Well Qualified,https://www.courtlistener.com/person/3129/glenn-t-suddaby/,,,,false,,,false,,,false,Phase-2 sweep; FJC + CourtListener.
783,Mae Avila D'Agostino,D'Agostino,nynd,NYND0602,active,false,Barack Obama,Democratic,2011-01-05,2011-03-28,2011-03-30,,,Syracuse University College of Law,1980,Well Qualified,https://www.courtlistener.com/person/783/mae-avila-dagostino/,https://upload.wikimedia.org/wikipedia/commons/thumb/0/0f/Mae_D%27Agostino.jpg/330px-Mae_D%27Agostino.jpg?utm_source=commons.wikimedia.org&utm_campaign=imageinfo&utm_content=thumbnail,https://commons.wikimedia.org/wiki/File:Mae_D%27Agostino.jpg,Public domain,false,,,false,,,false,Phase-2 sweep; FJC + CourtListener.
2840,Brenda Kay Sannes,Sannes,nynd,NYND0207,active,true,Barack Obama,Democratic,2014-05-08,2014-11-20,2014-11-21,,,University of Wisconsin Law School,1983,Well Qualified,https://www.courtlistener.com/person/2840/brenda-kay-sannes/,https://upload.wikimedia.org/wikipedia/commons/thumb/e/e8/Brenda_Sannes_1_%28cropped%29.jpg/330px-Brenda_Sannes_1_%28cropped%29.jpg?utm_source=commons.wikimedia.org&utm_campaign=imageinfo&utm_content=thumbnail,https://commons.wikimedia.org/wiki/File:Brenda_Sannes_1_(cropped).jpg,Public domain,false,,,false,,,false,Phase-2 sweep; FJC + CourtListener.
,Anne Marie Nardacci,Nardacci,nynd,NYND0503,active,false,Joseph R. Biden,Democratic,2022-05-19,2022-11-30,2022-12-16,,,Cornell Law School,2002,Qualified,,https://upload.wikimedia.org/wikipedia/commons/thumb/3/3c/%28Anne_Nardacci%29.jpg/330px-%28Anne_Nardacci%29.jpg?utm_source=commons.wikimedia.org&utm_campaign=imageinfo&utm_content=thumbnail,https://commons.wikimedia.org/wiki/File:(Anne_Nardacci).jpg,Public domain,false,,,false,,,false,Phase-2 sweep; FJC + CourtListener.
,Anthony Joseph Brindisi,Brindisi,nynd,NYND0307,active,false,Joseph R. Biden,Democratic,2024-07-31,2024-12-04,2024-12-09,,,Albany Law School,2004,Qualified,,"https://upload.wikimedia.org/wikipedia/commons/0/03/Anthony_Brindisi,_official_portrait,_116th_Congress_(3x4_cropped).jpg","https://commons.wikimedia.org/wiki/File:Anthony_Brindisi,_official_portrait,_116th_Congress_(3x4_cropped).jpg",Public domain (PD-USGov-Congress) — official 116th Congress portrait (prior role as U.S. Representative),false,,,false,,,false,Phase-2 sweep; FJC + CourtListener.
,Elizabeth Cheryl Coombe,Coombe,nynd,NYND0404,active,false,Joseph R. Biden,Democratic,2024-09-09,2024-12-04,2024-12-09,,,University of Michigan Law School,1992,Well Qualified,,https://upload.wikimedia.org/wikipedia/commons/3/34/Elizabeth-C-Coombe-9-25-24.jpg,https://commons.wikimedia.org/wiki/File:Elizabeth-C-Coombe-9-25-24.jpg,Public domain (PD-USGov-Senate) — credit: U.S. Senate Judiciary Committee,false,,,false,,,false,Phase-2 sweep; FJC + CourtListener.
1319,Charles Sherman Haight Jr.,Haight,nysd,NYSD1105,senior,false,Gerald Ford,Republican,1976-03-02,1976-03-26,1976-03-29,1995-09-23,,Yale Law School,1955,Qualified,https://www.courtlistener.com/person/1319/charles-sherman-haight-jr/,,,,false,,,false,,,false,Phase-2 sweep; FJC + CourtListener.
3081,Louis Lee Stanton,Stanton,nysd,NYSD0804,senior,false,Ronald Reagan,Republican,1985-06-12,1985-07-16,1985-07-18,1996-10-01,,University of Virginia School of Law,1955,Well Qualified,https://www.courtlistener.com/person/3081/louis-lee-stanton/,,,,false,,,false,,,false,Phase-2 sweep; FJC + CourtListener.
3539,Kimba Maureen Wood,Wood,nysd,NYSD0504,senior,false,Ronald Reagan,Republican,1987-12-18,1988-04-19,1988-04-20,2009-06-01,,Harvard Law School,1969,Qualified,https://www.courtlistener.com/person/3539/kimba-maureen-wood/,https://upload.wikimedia.org/wikipedia/commons/thumb/f/f8/Kimba_Wood_on_the_Final_Pretrial_Conference_and_the_Civil_Trial.jpg/330px-Kimba_Wood_on_the_Final_Pretrial_Conference_and_the_Civil_Trial.jpg?utm_source=commons.wikimedia.org&utm_campaign=imageinfo&utm_content=thumbnail,https://commons.wikimedia.org/wiki/File:Kimba_Wood_on_the_Final_Pretrial_Conference_and_the_Civil_Trial.jpg,CC BY 3.0 — credit: PublicResourceOrg,false,,,false,,,false,Phase-2 sweep; FJC + CourtListener.
2623,Loretta A. Preska,Preska,nysd,NYSD0111,senior,false,George H.W. Bush,Republican,1992-03-31,1992-08-11,1992-08-12,2017-03-01,,Fordham University School of Law,1973,Well Qualified,https://www.courtlistener.com/person/2623/loretta-a-preska/,https://upload.wikimedia.org/wikipedia/commons/2/2e/Loretta_A._Preska.jpg?utm_source=commons.wikimedia.org&utm_campaign=imageinfo&utm_content=thumbnail_unscaled,https://commons.wikimedia.org/wiki/File:Loretta_A._Preska.jpg,Public domain,true,advisor,https://en.wikipedia.org/w/index.php?title=Loretta_Preska&oldid=1347406609,false,,,false,Phase-2 sweep; FJC + CourtListener.
733,Denise Cote,Cote,nysd,NYSD1504,senior,false,William J. Clinton,Democratic,1994-04-26,1994-08-09,1994-08-10,2011-12-15,,Columbia Law School,1975,Qualified,https://www.courtlistener.com/person/733/denise-cote/,,,,false,,,false,,,false,Phase-2 sweep; FJC + CourtListener.
1702,Lewis A. Kaplan,Kaplan,nysd,NYSD2703,senior,false,William J. Clinton,Democratic,1994-05-05,1994-08-09,1994-08-10,2011-02-01,,Harvard Law School,1969,Well Qualified,https://www.courtlistener.com/person/1702/lewis-a-kaplan/,https://upload.wikimedia.org/wikipedia/commons/thumb/1/1e/Lewis_A._Kaplan_%28cropped%29.jpg/330px-Lewis_A._Kaplan_%28cropped%29.jpg?utm_source=commons.wikimedia.org&utm_campaign=imageinfo&utm_content=thumbnail,https://commons.wikimedia.org/wiki/File:Lewis_A._Kaplan_(cropped).jpg,Public domain,false,,,false,,,false,Phase-2 sweep; FJC + CourtListener.
1807,John George Koeltl,Koeltl,nysd,NYSD1205,active,false,William J. Clinton,Democratic,1994-04-26,1994-08-09,1994-08-10,,,Harvard Law School,1971,Well Qualified,https://www.courtlistener.com/person/1807/john-george-koeltl/,https://upload.wikimedia.org/wikipedia/commons/thumb/f/f5/John_G._Koeltl_%28cropped%29.jpg/330px-John_G._Koeltl_%28cropped%29.jpg?utm_source=commons.wikimedia.org&utm_campaign=imageinfo&utm_content=thumbnail,https://commons.wikimedia.org/wiki/File:John_G._Koeltl_(cropped).jpg,Public domain,false,,,false,,,false,Phase-2 sweep; FJC + CourtListener.
3095,Sidney H. Stein,Stein,nysd,NYSD2103,senior,false,William J. Clinton,Democratic,1995-01-11,1995-03-17,1995-03-17,2010-09-01,,Yale Law School,1972,Well Qualified,https://www.courtlistener.com/person/3095/sidney-h-stein/,,,,false,,,false,,,false,Phase-2 sweep; FJC + CourtListener.
2652,Jed Saul Rakoff,Rakoff,nysd,NYSD0903,senior,false,William J. Clinton,Democratic,1995-10-11,1995-12-29,1996-01-04,2010-12-31,,Harvard Law School,1969,Well Qualified,https://www.courtlistener.com/person/2652/jed-saul-rakoff/,,,,false,,,false,,,false,Phase-2 sweep; FJC + CourtListener.
260,Richard M. Berman,Berman,nysd,NYSD2303,senior,false,William J. Clinton,Democratic,1998-05-21,1998-10-21,1998-10-22,2011-09-11,,New York University School of Law,1967,Qualified,https://www.courtlistener.com/person/260/richard-m-berman/,https://upload.wikimedia.org/wikipedia/commons/thumb/7/70/Richard_M._Berman.jpg/330px-Richard_M._Berman.jpg?utm_source=commons.wikimedia.org&utm_campaign=imageinfo&utm_content=thumbnail,https://commons.wikimedia.org/wiki/File:Richard_M._Berman.jpg,CC BY-SA 4.0 — credit: Piratethekid,false,,,false,,,false,Phase-2 sweep; FJC + CourtListener.
1421,Alvin K. Hellerstein,Hellerstein,nysd,NYSD0805,senior,false,William J. Clinton,Democratic,1998-05-15,1998-10-21,1998-10-22,2011-01-30,,Columbia Law School,1956,Well Qualified,https://www.courtlistener.com/person/1421/alvin-k-hellerstein/,,,,false,,,false,,,false,Phase-2 sweep; FJC + CourtListener.
2174,Colleen McMahon,McMahon,nysd,NYSD1904,senior,false,William J. Clinton,Democratic,1998-05-21,1998-10-21,1998-10-22,2021-04-10,,Harvard Law School,1976,Well Qualified,https://www.courtlistener.com/person/2174/colleen-mcmahon/,https://upload.wikimedia.org/wikipedia/commons/thumb/b/b5/Colleen_McMahon_%28cropped%29.jpg/330px-Colleen_McMahon_%28cropped%29.jpg?utm_source=commons.wikimedia.org&utm_campaign=imageinfo&utm_content=thumbnail,https://commons.wikimedia.org/wiki/File:Colleen_McMahon_(cropped).jpg,Public domain,false,,,false,,,false,Phase-2 sweep; FJC + CourtListener.
450,Naomi Reice Buchwald,Buchwald,nysd,NYSD1704,senior,false,William J. Clinton,Democratic,1999-02-12,1999-09-13,1999-09-22,2012-03-21,,Columbia Law School,1968,Well Qualified,https://www.courtlistener.com/person/450/naomi-reice-buchwald/,,,,false,,,false,,,false,Phase-2 sweep; FJC + CourtListener.
2045,Victor Marrero,Marrero,nysd,NYSD0308,senior,false,William J. Clinton,Democratic,1999-05-27,1999-10-01,1999-10-05,2010-12-31,,Yale Law School,1968,Qualified,https://www.courtlistener.com/person/2045/victor-marrero/,https://upload.wikimedia.org/wikipedia/commons/e/eb/Victor_Marrero.jpg?utm_source=commons.wikimedia.org&utm_campaign=imageinfo&utm_content=thumbnail_unscaled,https://commons.wikimedia.org/wiki/File:Victor_Marrero.jpg,Public domain,false,,,false,,,false,Phase-2 sweep; FJC + CourtListener.
794,George B. Daniels,Daniels,nysd,NYSD1307,senior,false,William J. Clinton,Democratic,1999-08-05,2000-02-24,2000-03-09,2021-05-01,,"University of California, Berkeley, School of Law",1978,Well Qualified,https://www.courtlistener.com/person/794/george-b-daniels/,https://upload.wikimedia.org/wikipedia/commons/thumb/a/a0/George_B._Daniels_2025.jpg/330px-George_B._Daniels_2025.jpg?utm_source=commons.wikimedia.org&utm_campaign=imageinfo&utm_content=thumbnail,https://commons.wikimedia.org/wiki/File:George_B._Daniels_2025.jpg,CC0,false,,,false,,,false,Phase-2 sweep; FJC + CourtListener.
3144,Laura Taylor Swain,Swain,nysd,NYSD2802,active,true,William J. Clinton,Democratic,2000-04-25,2000-06-16,2000-07-11,,,Harvard Law School,1982,Qualified,https://www.courtlistener.com/person/3144/laura-taylor-swain/,,,,false,,,false,,,false,Phase-2 sweep; FJC + CourtListener.
567,P. Kevin Castel,Castel,nysd,NYSD1804,senior,false,George W. Bush,Republican,2003-03-05,2003-09-17,2003-09-22,2017-08-05,,St. John's University School of Law,1975,Well Qualified,https://www.courtlistener.com/person/567/p-kevin-castel/,https://upload.wikimedia.org/wikipedia/commons/e/e6/Kevin_Castel.jpg?utm_source=commons.wikimedia.org&utm_campaign=imageinfo&utm_content=thumbnail_unscaled,https://commons.wikimedia.org/wiki/File:Kevin_Castel.jpg,Public domain,false,,,false,,,false,Phase-2 sweep; FJC + CourtListener.
1703,Kenneth M. Karas,Karas,nysd,NYSD2404,active,false,George W. Bush,Republican,2003-09-18,2004-06-03,2004-06-13,,,Columbia Law School,1991,Well Qualified,https://www.courtlistener.com/person/1703/kenneth-m-karas/,,,,false,,,false,,,false,Phase-2 sweep; FJC + CourtListener.
766,Paul Austin Crotty,Crotty,nysd,NYSD2504,senior,false,George W. Bush,Republican,2005-02-14,2005-04-11,2005-04-15,2015-08-01,,Cornell Law School,1967,Well Qualified,https://www.courtlistener.com/person/766/paul-austin-crotty/,,,,false,,,false,,,false,Phase-2 sweep; FJC + CourtListener.
2900,Cathy Seibel,Seibel,nysd,NYSD1107,senior,false,George W. Bush,Republican,2008-03-11,2008-07-22,2008-07-30,2025-11-03,,Fordham University School of Law,1985,Well Qualified,https://www.courtlistener.com/person/2900/cathy-seibel/,,,,false,,,false,,,false,Phase-2 sweep; FJC + CourtListener.
1152,Paul G. Gardephe,Gardephe,nysd,NYSD1403,senior,false,George W. Bush,Republican,2008-04-29,2008-07-17,2008-08-08,2023-08-09,,Columbia Law School,1982,Well Qualified,https://www.courtlistener.com/person/1152/paul-g-gardephe/,,,,false,,,false,,,false,Phase-2 sweep; FJC + CourtListener.
385,Vincent Louis Briccetti,Briccetti,nysd,NYSD0505,senior,false,Barack Obama,Democratic,2011-01-05,2011-04-12,2011-04-14,2023-04-21,,Fordham University School of Law,1980,Well Qualified,https://www.courtlistener.com/person/385/vincent-louis-briccetti/,https://upload.wikimedia.org/wikipedia/commons/thumb/f/fb/Vincent_L_Briccetti.png/330px-Vincent_L_Briccetti.png?utm_source=commons.wikimedia.org&utm_campaign=imageinfo&utm_content=thumbnail,https://commons.wikimedia.org/wiki/File:Vincent_L_Briccetti.png,Public domain,false,,,false,,,false,Phase-2 sweep; FJC + CourtListener.
2463,James Paul Oetken,Oetken,nysd,NYSD2902,active,false,Barack Obama,Democratic,2011-01-26,2011-07-18,2011-07-20,,,Yale Law School,1991,Qualified,https://www.courtlistener.com/person/2463/james-paul-oetken/,https://upload.wikimedia.org/wikipedia/commons/thumb/c/ce/JPO_Photo.jpg/330px-JPO_Photo.jpg?utm_source=commons.wikimedia.org&utm_campaign=imageinfo&utm_content=thumbnail,https://commons.wikimedia.org/wiki/File:JPO_Photo.jpg,CC BY-SA 4.0 — credit: JPOfanboy,false,,,false,,,false,Phase-2 sweep; FJC + CourtListener.
997,Paul Adam Engelmayer,Engelmayer,nysd,NYSD0607,active,false,Barack Obama,Democratic,2011-02-02,2011-07-26,2011-07-27,,,Harvard Law School,1987,Well Qualified,https://www.courtlistener.com/person/997/paul-adam-engelmayer/,https://upload.wikimedia.org/wikipedia/commons/thumb/b/b2/Paul_A._Engelmayer_%28cropped%29.jpg/330px-Paul_A._Engelmayer_%28cropped%29.jpg?utm_source=commons.wikimedia.org&utm_campaign=imageinfo&utm_content=thumbnail,https://commons.wikimedia.org/wiki/File:Paul_A._Engelmayer_(cropped).jpg,Public domain,false,,,false,,,false,Phase-2 sweep; FJC + CourtListener.
2655,Edgardo Ramos,Ramos,nysd,NYSD0408,active,false,Barack Obama,Democratic,2011-05-04,2011-12-05,2011-12-06,,,Harvard Law School,1987,Well Qualified,https://www.courtlistener.com/person/2655/edgardo-ramos/,https://upload.wikimedia.org/wikipedia/commons/thumb/e/ee/Edgardo_Ramos_%28Judge%29.jpg/330px-Edgardo_Ramos_%28Judge%29.jpg?utm_source=commons.wikimedia.org&utm_campaign=imageinfo&utm_content=thumbnail,https://commons.wikimedia.org/wiki/File:Edgardo_Ramos_(Judge).jpg,Public domain,false,,,false,,,false,Phase-2 sweep; FJC + CourtListener.
552,Andrew Lamar Carter Jr.,Carter,nysd,NYSD0309,active,false,Barack Obama,Democratic,2011-05-19,2011-12-05,2011-12-08,,,Harvard Law School,1994,Qualified,https://www.courtlistener.com/person/552/andrew-lamar-carter-jr/,https://upload.wikimedia.org/wikipedia/commons/thumb/5/5e/Andrew_L_Carter_Jr.png/330px-Andrew_L_Carter_Jr.png?utm_source=commons.wikimedia.org&utm_campaign=imageinfo&utm_content=thumbnail,https://commons.wikimedia.org/wiki/File:Andrew_L_Carter_Jr.png,Public domain,false,,,false,,,false,Phase-2 sweep; FJC + CourtListener.
1136,Jesse Matthew Furman,Furman,nysd,NYSD0806,active,false,Barack Obama,Democratic,2011-06-07,2012-02-17,2012-02-17,,,Yale Law School,1998,Qualified,https://www.courtlistener.com/person/1136/jesse-matthew-furman/,https://upload.wikimedia.org/wikipedia/commons/thumb/6/6d/Jesse_M._Furman_%28Judge%29.jpg/330px-Jesse_M._Furman_%28Judge%29.jpg?utm_source=commons.wikimedia.org&utm_campaign=imageinfo&utm_content=thumbnail,https://commons.wikimedia.org/wiki/File:Jesse_M._Furman_(Judge).jpg,Public domain,false,,,false,,,false,Phase-2 sweep; FJC + CourtListener.
45,Ronnie Abrams,Abrams,nysd,NYSD2704,active,false,Barack Obama,Democratic,2011-07-28,2012-03-22,2012-03-23,,,Yale Law School,1993,Qualified,https://www.courtlistener.com/person/45/ronnie-abrams/,https://upload.wikimedia.org/wikipedia/commons/thumb/9/9a/Ronnie_Abrams.jpg/330px-Ronnie_Abrams.jpg?utm_source=commons.wikimedia.org&utm_campaign=imageinfo&utm_content=thumbnail,https://commons.wikimedia.org/wiki/File:Ronnie_Abrams.jpg,CC BY-SA 4.0 — credit: Kbarnofsky,false,,,false,,,false,Phase-2 sweep; FJC + CourtListener.
2867,Lorna Gail Schofield,Schofield,nysd,NYSD2605,senior,false,Barack Obama,Democratic,2012-04-25,2012-12-13,2012-12-13,2025-01-01,,New York University School of Law,1981,Well Qualified,https://www.courtlistener.com/person/2867/lorna-gail-schofield/,https://upload.wikimedia.org/wikipedia/commons/d/d7/Federal_District_Judge_Lorna_Schofield.jpg?utm_source=commons.wikimedia.org&utm_campaign=imageinfo&utm_content=thumbnail_unscaled,https://commons.wikimedia.org/wiki/File:Federal_District_Judge_Lorna_Schofield.jpg,Public domain,false,,,false,,,false,Phase-2 sweep; FJC + CourtListener.
1025,Katherine Polk Failla,Failla,nysd,NYSD1505,active,false,Barack Obama,Democratic,2013-01-04,2013-03-04,2013-03-05,,,Harvard Law School,1993,Well Qualified,https://www.courtlistener.com/person/1025/katherine-polk-failla/,https://upload.wikimedia.org/wikipedia/commons/thumb/6/68/Katherine_Failla.jpg/330px-Katherine_Failla.jpg?utm_source=commons.wikimedia.org&utm_campaign=imageinfo&utm_content=thumbnail,https://commons.wikimedia.org/wiki/File:Katherine_Failla.jpg,Public domain,false,,,false,,,false,Phase-2 sweep; FJC + CourtListener.
3243,Analisa Nadine Torres,Torres,nysd,NYSD1705,active,false,Barack Obama,Democratic,2013-01-04,2013-04-18,2013-04-23,,,Columbia Law School,1984,Qualified,https://www.courtlistener.com/person/3243/analisa-nadine-torres/,https://upload.wikimedia.org/wikipedia/commons/thumb/f/f1/Analisa_Torres_%28Judge%29_%28cropped%29.jpg/330px-Analisa_Torres_%28Judge%29_%28cropped%29.jpg?utm_source=commons.wikimedia.org&utm_campaign=imageinfo&utm_content=thumbnail,https://commons.wikimedia.org/wiki/File:Analisa_Torres_(Judge)_(cropped).jpg,Public domain,false,,,false,,,false,Phase-2 sweep; FJC + CourtListener.
2768,Nelson Stephen Román,Román,nysd,NYSD2304,active,false,Barack Obama,Democratic,2013-01-04,2013-05-09,2013-05-13,,,Brooklyn Law School,1989,Well Qualified,https://www.courtlistener.com/person/2768/nelson-stephen-roman/,https://upload.wikimedia.org/wikipedia/commons/thumb/6/62/Nelson_Roman_%28Judge%29_%28cropped%29.jpg/330px-Nelson_Roman_%28Judge%29_%28cropped%29.jpg?utm_source=commons.wikimedia.org&utm_campaign=imageinfo&utm_content=thumbnail,https://commons.wikimedia.org/wiki/File:Nelson_Roman_(Judge)_(cropped).jpg,Public domain,false,,,false,,,false,Phase-2 sweep; FJC + CourtListener.
401,Vernon Speede Broderick,Broderick,nysd,NYSD0209,active,false,Barack Obama,Democratic,2013-04-15,2013-09-09,2013-09-10,,,Harvard Law School,1988,Well Qualified,https://www.courtlistener.com/person/401/vernon-speede-broderick/,https://upload.wikimedia.org/wikipedia/commons/d/db/Vernon_Broderick.jpg?utm_source=commons.wikimedia.org&utm_campaign=imageinfo&utm_content=thumbnail_unscaled,https://commons.wikimedia.org/wiki/File:Vernon_Broderick.jpg,Public domain,false,,,false,,,false,Phase-2 sweep; FJC + CourtListener.
3549,Gregory Howard Woods III,Woods,nysd,NYSD2005,active,false,Barack Obama,Democratic,2013-05-09,2013-11-04,2013-11-18,,,Yale Law School,1995,Qualified,https://www.courtlistener.com/person/3549/gregory-howard-woods-iii/,https://upload.wikimedia.org/wikipedia/commons/thumb/7/7a/Gregory_Woods_%28Judge%29.jpg/330px-Gregory_Woods_%28Judge%29.jpg?utm_source=commons.wikimedia.org&utm_campaign=imageinfo&utm_content=thumbnail,https://commons.wikimedia.org/wiki/File:Gregory_Woods_(Judge).jpg,Public domain,false,,,false,,,false,Phase-2 sweep; FJC + CourtListener.
532,Valerie Elaine Caproni,Caproni,nysd,NYSD1006,senior,false,Barack Obama,Democratic,2013-01-04,2013-09-09,2013-12-02,2025-01-07,,University of Georgia School of Law,1979,Well Qualified,https://www.courtlistener.com/person/532/valerie-elaine-caproni/,https://upload.wikimedia.org/wikipedia/commons/thumb/0/03/Valerie_Caproni.jpg/330px-Valerie_Caproni.jpg?utm_source=commons.wikimedia.org&utm_campaign=imageinfo&utm_content=thumbnail,https://commons.wikimedia.org/wiki/File:Valerie_Caproni.jpg,Public domain,false,,,false,,,false,Phase-2 sweep; FJC + CourtListener.
8908,Mary Kay Vyskocil,Vyskocil,nysd,NYSD0112,active,false,Donald J. Trump,Republican,2019-05-21,2019-12-19,2019-12-20,,,St. John's University School of Law,1983,Well Qualified,https://www.courtlistener.com/person/8908/mary-kay-vyskocil/,https://upload.wikimedia.org/wikipedia/commons/thumb/2/28/Mary_Kay_Vyskocil_%28Judge%29_%28cropped%29.jpg/330px-Mary_Kay_Vyskocil_%28Judge%29_%28cropped%29.jpg?utm_source=commons.wikimedia.org&utm_campaign=imageinfo&utm_content=thumbnail,https://commons.wikimedia.org/wiki/File:Mary_Kay_Vyskocil_(Judge)_(cropped).jpg,Public domain,true,member,https://en.wikipedia.org/w/index.php?title=Mary_Kay_Vyskocil&oldid=1352407279,false,,,false,Phase-2 sweep; FJC + CourtListener.
14461,Lewis Jeffrey Liman,Liman,nysd,NYSD2505,active,false,Donald J. Trump,Republican,2019-05-21,2019-12-19,2019-12-31,,,Yale Law School,1987,Well Qualified,https://www.courtlistener.com/person/14461/lewis-jeffrey-liman/,https://upload.wikimedia.org/wikipedia/commons/thumb/a/a5/Lewis_Liman_%28Judge%29_%28cropped%29.jpg/330px-Lewis_Liman_%28Judge%29_%28cropped%29.jpg?utm_source=commons.wikimedia.org&utm_campaign=imageinfo&utm_content=thumbnail,https://commons.wikimedia.org/wiki/File:Lewis_Liman_(Judge)_(cropped).jpg,Public domain,false,,,false,,,false,Phase-2 sweep; FJC + CourtListener.
,Philip Morgan Halpern,Halpern,nysd,NYSD1805,active,false,Donald J. Trump,Republican,2019-01-23,2020-02-12,2020-02-21,,,Pace University School of Law (now Elisabeth Haub School of Law),1980,Well Qualified,,https://upload.wikimedia.org/wikipedia/commons/f/f5/Phillip_Halpern_%28Judge%29_%28cropped%29.jpg?utm_source=commons.wikimedia.org&utm_campaign=imageinfo&utm_content=thumbnail_unscaled,https://commons.wikimedia.org/wiki/File:Phillip_Halpern_(Judge)_(cropped).jpg,Public domain,false,,,false,,,false,Phase-2 sweep; FJC + CourtListener.
15332,John Peter Cronan,Cronan,nysd,NYSD2205,active,false,Donald J. Trump,Republican,2020-02-27,2020-08-06,2020-08-10,,,Yale Law School,2001,Well Qualified,https://www.courtlistener.com/person/15332/john-peter-cronan/,https://upload.wikimedia.org/wikipedia/commons/thumb/f/fc/John_P._Cronan_official_photo.jpg/330px-John_P._Cronan_official_photo.jpg?utm_source=commons.wikimedia.org&utm_campaign=imageinfo&utm_content=thumbnail,https://commons.wikimedia.org/wiki/File:John_P._Cronan_official_photo.jpg,Public domain,true,member,https://en.wikipedia.org/w/index.php?title=John_P._Cronan&oldid=1356253630,false,,,false,Phase-2 sweep; FJC + CourtListener.
,Jennifer Louise Rochon,Rochon,nysd,NYSD1308,active,false,Joseph R. Biden,Democratic,2021-12-15,2022-05-18,2022-06-13,,,New York University School of Law,1997,Well Qualified,,https://upload.wikimedia.org/wikipedia/commons/thumb/6/67/Jennifer_L._Rochon.jpg/330px-Jennifer_L._Rochon.jpg?utm_source=commons.wikimedia.org&utm_campaign=imageinfo&utm_content=thumbnail,https://commons.wikimedia.org/wiki/File:Jennifer_L._Rochon.jpg,Public domain,false,,,false,,,false,Phase-2 sweep; FJC + CourtListener.
,Jennifer Hutchison Rearden,Rearden,nysd,NYSD1606,active,false,Joseph R. Biden,Democratic,2022-01-19,2022-09-08,2022-10-07,,,New York University School of Law,1996,Well Qualified,,https://upload.wikimedia.org/wikipedia/commons/thumb/3/35/Jennifer_Rearden_%28Judge%29.jpg/330px-Jennifer_Rearden_%28Judge%29.jpg?utm_source=commons.wikimedia.org&utm_campaign=imageinfo&utm_content=thumbnail,https://commons.wikimedia.org/wiki/File:Jennifer_Rearden_(Judge).jpg,Public domain,false,,,false,,,false,Phase-2 sweep; FJC + CourtListener.
,Arun Srinivas Subramanian,Subramanian,nysd,NYSD2105,active,false,Joseph R. Biden,Democratic,2023-01-23,2023-03-07,2023-04-13,,,Columbia Law School,2004,Well Qualified,,https://upload.wikimedia.org/wikipedia/commons/thumb/f/f2/Arun_Subramanian.jpg/330px-Arun_Subramanian.jpg?utm_source=commons.wikimedia.org&utm_campaign=imageinfo&utm_content=thumbnail,https://commons.wikimedia.org/wiki/File:Arun_Subramanian.jpg,Public domain,false,,,false,,,false,Phase-2 sweep; FJC + CourtListener.
,Jessica Gloria Lynn Clarke,Clarke,nysd,NYSD1905,active,false,Joseph R. Biden,Democratic,2023-01-03,2023-03-16,2023-04-20,,,Ohio State University Michael E. Moritz College of Law,2008,Qualified,,https://upload.wikimedia.org/wikipedia/commons/thumb/4/45/Jessica_G.L._Clarke.jpg/330px-Jessica_G.L._Clarke.jpg?utm_source=commons.wikimedia.org&utm_campaign=imageinfo&utm_content=thumbnail,https://commons.wikimedia.org/wiki/File:Jessica_G.L._Clarke.jpg,Public domain,false,,,false,,,false,Phase-2 sweep; FJC + CourtListener.
,Dale Edwin Ho,Ho,nysd,NYSD0905,active,false,Joseph R. Biden,Democratic,2023-01-03,2023-06-14,2023-08-18,,,Yale Law School,2005,Well Qualified,,https://upload.wikimedia.org/wikipedia/commons/thumb/6/6a/Dale_Ho_%28Judge%29.jpg/330px-Dale_Ho_%28Judge%29.jpg?utm_source=commons.wikimedia.org&utm_campaign=imageinfo&utm_content=thumbnail,https://commons.wikimedia.org/wiki/File:Dale_Ho_(Judge).jpg,Public domain,false,,,false,,,false,Phase-2 sweep; FJC + CourtListener.
,Margaret M. Garnett,Garnett,nysd,NYSD0506,active,false,Joseph R. Biden,Democratic,2023-07-11,2023-11-28,2024-01-09,,,Columbia Law School,2000,Well Qualified,,https://upload.wikimedia.org/wikipedia/commons/thumb/c/c1/Margaret_M._Garnett.jpg/330px-Margaret_M._Garnett.jpg?utm_source=commons.wikimedia.org&utm_campaign=imageinfo&utm_content=thumbnail,https://commons.wikimedia.org/wiki/File:Margaret_M._Garnett.jpg,Public domain,false,,,false,,,false,Phase-2 sweep; FJC + CourtListener.
,Jeannette Anne Vargas,Vargas,nysd,NYSD1404,active,false,Joseph R. Biden,Democratic,2024-03-21,2024-09-10,2024-11-06,,,Yale Law School,2000,Well Qualified,,https://upload.wikimedia.org/wikipedia/commons/1/12/Judge_Jeannette_A._Vargas.png,https://commons.wikimedia.org/wiki/File:Judge_Jeannette_A._Vargas.png,Public domain (PD-USGov) — credit: U.S. Senate Judiciary Committee,false,,,false,,,false,Phase-2 sweep; FJC + CourtListener.
1858,David G. Larimer,Larimer,nywd,NYWD0401,senior,false,Ronald Reagan,Republican,1987-05-05,1987-11-05,1987-11-06,2009-03-03,,Notre Dame Law School,1969,Well Qualified,https://www.courtlistener.com/person/1858/david-g-larimer/,https://library.ca2.uscourts.gov/wdny-125/wp-content/uploads/sites/3/2024/03/Larimer-e1729872951286.png,https://library.ca2.uscourts.gov/wdny-125/judges/david-g-larimer/,"Public domain (PD-USGov) — credit: 2nd Circuit Library, WDNY 125th Anniversary project",false,,,false,,,false,"Phase-2 sweep; FJC + CourtListener. photo hosted on the 2nd Circuit Library's official 'WDNY 125th Anniversary' history site (library.ca2.uscourts.gov); the site itself carries no page-level license statement. Treated as PD-USGov by the operator's explicit decision (2026-08-28, session bh manual-review pass) given it is federal-judiciary work product, not by an automated license tag."
119,Richard Joseph Arcara,Arcara,nywd,NYWD0106,senior,false,Ronald Reagan,Republican,1987-08-07,1988-02-19,1988-02-22,2015-01-03,,Villanova University School of Law,1965,Well Qualified,https://www.courtlistener.com/person/119/richard-joseph-arcara/,https://upload.wikimedia.org/wikipedia/commons/thumb/0/0c/Richard_J_Arcara.jpg/330px-Richard_J_Arcara.jpg?utm_source=commons.wikimedia.org&utm_campaign=imageinfo&utm_content=thumbnail,https://commons.wikimedia.org/wiki/File:Richard_J_Arcara.jpg,Public domain,false,,,false,,,false,Phase-2 sweep; FJC + CourtListener.
2991,William M. Skretny,Skretny,nywd,NYWD0302,senior,false,George H.W. Bush,Republican,1990-06-12,1990-08-03,1990-08-07,2015-03-08,,Howard University School of Law,1969,Qualified,https://www.courtlistener.com/person/2991/william-m-skretny/,https://library.ca2.uscourts.gov/wdny-125/wp-content/uploads/sites/3/2024/03/Skretny.png,https://library.ca2.uscourts.gov/wdny-125/judges/william-m-skretny/,"Public domain (PD-USGov) — credit: 2nd Circuit Library, WDNY 125th Anniversary project",false,,,false,,,false,"Phase-2 sweep; FJC + CourtListener. photo hosted on the 2nd Circuit Library's official 'WDNY 125th Anniversary' history site (library.ca2.uscourts.gov); the site itself carries no page-level license statement. Treated as PD-USGov by the operator's explicit decision (2026-08-28, session bh manual-review pass) given it is federal-judiciary work product, not by an automated license tag."
2983,Charles J. Siragusa,Siragusa,nywd,NYWD0205,senior,false,William J. Clinton,Democratic,1997-07-15,1997-10-30,1997-11-05,2012-12-15,,Albany Law School,1976,Well Qualified,https://www.courtlistener.com/person/2983/charles-j-siragusa/,https://library.ca2.uscourts.gov/wdny-125/wp-content/uploads/sites/3/2024/03/Siragusa.png,https://library.ca2.uscourts.gov/wdny-125/judges/charles-j-siragusa/,"Public domain (PD-USGov) — credit: 2nd Circuit Library, WDNY 125th Anniversary project",false,,,false,,,false,"Phase-2 sweep; FJC + CourtListener. photo hosted on the 2nd Circuit Library's official 'WDNY 125th Anniversary' history site (library.ca2.uscourts.gov); the site itself carries no page-level license statement. Treated as PD-USGov by the operator's explicit decision (2026-08-28, session bh manual-review pass) given it is federal-judiciary work product, not by an automated license tag."
1174,Frank Paul Geraci Jr.,Geraci,nywd,NYWD0402,senior,false,Barack Obama,Democratic,2012-05-14,2012-12-13,2013-01-02,2023-04-01,,University of Dayton School of Law,1977,Well Qualified,https://www.courtlistener.com/person/1174/frank-paul-geraci-jr/,https://upload.wikimedia.org/wikipedia/commons/thumb/b/b6/Frank_Paul_Geraci_Jr.jpg/330px-Frank_Paul_Geraci_Jr.jpg?utm_source=commons.wikimedia.org&utm_campaign=imageinfo&utm_content=thumbnail,https://commons.wikimedia.org/wiki/File:Frank_Paul_Geraci_Jr.jpg,Public domain,false,,,false,,,false,Phase-2 sweep; FJC + CourtListener.
3526,Elizabeth Ann Wolford,Wolford,nywd,NYWD0206,active,true,Barack Obama,Democratic,2013-05-16,2013-12-12,2013-12-17,,,Notre Dame Law School,1992,Qualified,https://www.courtlistener.com/person/3526/elizabeth-ann-wolford/,https://upload.wikimedia.org/wikipedia/commons/4/43/Elizabeth_A._Wolford.jpg?utm_source=commons.wikimedia.org&utm_campaign=imageinfo&utm_content=thumbnail_unscaled,https://commons.wikimedia.org/wiki/File:Elizabeth_A._Wolford.jpg,Public domain,false,,,false,,,false,Phase-2 sweep; FJC + CourtListener.
8645,Lawrence Joseph Vilardo,Vilardo,nywd,NYWD0107,active,false,Barack Obama,Democratic,2015-02-04,2015-10-26,2015-10-29,,,Harvard Law School,1980,Well Qualified,https://www.courtlistener.com/person/8645/lawrence-joseph-vilardo/,https://upload.wikimedia.org/wikipedia/commons/thumb/c/c3/Lawrence_Vilardo.jpg/330px-Lawrence_Vilardo.jpg?utm_source=commons.wikimedia.org&utm_campaign=imageinfo&utm_content=thumbnail,https://commons.wikimedia.org/wiki/File:Lawrence_Vilardo.jpg,Public domain,false,,,false,,,false,Phase-2 sweep; FJC + CourtListener.
14465,John Leonard Sinatra Jr.,Sinatra,nywd,NYWD0303,active,false,Donald J. Trump,Republican,2019-05-21,2019-12-04,2019-12-05,,,State University of New York at Buffalo Law School,1996,Qualified,https://www.courtlistener.com/person/14465/john-leonard-sinatra-jr/,https://upload.wikimedia.org/wikipedia/commons/thumb/3/3c/John_L._Sinatra_Jr._%28Judge%29_%28cropped%29.jpg/330px-John_L._Sinatra_Jr._%28Judge%29_%28cropped%29.jpg?utm_source=commons.wikimedia.org&utm_campaign=imageinfo&utm_content=thumbnail,https://commons.wikimedia.org/wiki/File:John_L._Sinatra_Jr._(Judge)_(cropped).jpg,Public domain,true,member,https://en.wikipedia.org/w/index.php?title=John_Sinatra&oldid=1317027973,false,,,false,Phase-2 sweep; FJC + CourtListener.
,Meredith Anne Vacca,Vacca,nywd,NYWD0403,active,false,Joseph R. Biden,Democratic,2024-05-14,2024-07-31,2024-08-01,,,State University of New York at Buffalo Law School,2005,Qualified,,https://upload.wikimedia.org/wikipedia/commons/thumb/4/4f/Judge_Meredith_A._Vacca.png/330px-Judge_Meredith_A._Vacca.png?utm_source=commons.wikimedia.org&utm_campaign=imageinfo&utm_content=thumbnail,https://commons.wikimedia.org/wiki/File:Judge_Meredith_A._Vacca.png,CC0,false,,,false,,,false,Phase-2 sweep; FJC + CourtListener.
547,James G. Carr,Carr,ohnd,OHND0506,senior,false,William J. Clinton,Democratic,1994-01-27,1994-05-06,1994-05-09,2010-06-01,,Harvard Law School,1969,Well Qualified,https://www.courtlistener.com/person/547/james-g-carr/,https://upload.wikimedia.org/wikipedia/commons/thumb/f/fa/James_G._Carr.jpg/330px-James_G._Carr.jpg?utm_source=commons.wikimedia.org&utm_campaign=imageinfo&utm_content=thumbnail,https://commons.wikimedia.org/wiki/File:James_G._Carr.jpg,Public domain,false,,,false,,,false,Phase-2 sweep; FJC + CourtListener.
2468,Solomon Oliver Jr.,Oliver,ohnd,OHND1302,senior,false,William J. Clinton,Democratic,1994-03-09,1994-05-06,1994-05-09,2021-02-15,,New York University School of Law,1972,Qualified,https://www.courtlistener.com/person/2468/solomon-oliver-jr/,https://upload.wikimedia.org/wikipedia/commons/thumb/a/a8/Solomon_Oliver_Jr.jpg/330px-Solomon_Oliver_Jr.jpg?utm_source=commons.wikimedia.org&utm_campaign=imageinfo&utm_content=thumbnail,https://commons.wikimedia.org/wiki/File:Solomon_Oliver_Jr.jpg,Public domain,false,,,false,,,false,Phase-2 sweep; FJC + CourtListener.
965,Peter C. Economus,Economus,ohnd,OHND0702,senior,false,William J. Clinton,Democratic,1995-02-28,1995-06-30,1995-06-30,2009-07-03,,University of Akron School of Law,1970,Well Qualified,https://www.courtlistener.com/person/965/peter-c-economus/,https://upload.wikimedia.org/wikipedia/commons/4/41/Peter_C._Economus.jpg?utm_source=commons.wikimedia.org&utm_campaign=imageinfo&utm_content=thumbnail_unscaled,https://commons.wikimedia.org/wiki/File:Peter_C._Economus.jpg,Public domain,false,,,false,,,false,Phase-2 sweep; FJC + CourtListener.
2437,Donald C. Nugent,Nugent,ohnd,OHND0902,senior,false,William J. Clinton,Democratic,1995-04-27,1995-06-30,1995-06-30,2017-01-01,,"Cleveland State University, Cleveland-Marshall College of Law",1974,Well Qualified,https://www.courtlistener.com/person/2437/donald-c-nugent/,https://upload.wikimedia.org/wikipedia/commons/thumb/c/c5/Donald_C._Nugent_fuzzy.jpg/330px-Donald_C._Nugent_fuzzy.jpg?utm_source=commons.wikimedia.org&utm_campaign=imageinfo&utm_content=thumbnail,https://commons.wikimedia.org/wiki/File:Donald_C._Nugent_fuzzy.jpg,Public domain,false,,,false,,,false,Phase-2 sweep; FJC + CourtListener.
1165,Patricia Anne Gaughan,Gaughan,ohnd,OHND1202,senior,false,William J. Clinton,Democratic,1995-09-29,1995-12-22,1995-12-26,2023-10-01,,Notre Dame Law School,1978,Well Qualified,https://www.courtlistener.com/person/1165/patricia-anne-gaughan/,https://upload.wikimedia.org/wikipedia/commons/thumb/5/57/Patricia_Anne_Gaughan_fuzzy.jpg/330px-Patricia_Anne_Gaughan_fuzzy.jpg?utm_source=commons.wikimedia.org&utm_campaign=imageinfo&utm_content=thumbnail,https://commons.wikimedia.org/wiki/File:Patricia_Anne_Gaughan_fuzzy.jpg,Public domain,false,,,false,,,false,Phase-2 sweep; FJC + CourtListener.
1311,James S. Gwin,Gwin,ohnd,OHND1003,senior,false,William J. Clinton,Democratic,1997-07-31,1997-11-05,1997-11-07,2021-01-31,,University of Akron School of Law,1979,Well Qualified,https://www.courtlistener.com/person/1311/james-s-gwin/,https://upload.wikimedia.org/wikipedia/commons/thumb/c/ce/James_S._Gwin_fuzzy.jpg/330px-James_S._Gwin_fuzzy.jpg?utm_source=commons.wikimedia.org&utm_campaign=imageinfo&utm_content=thumbnail,https://commons.wikimedia.org/wiki/File:James_S._Gwin_fuzzy.jpg,Public domain,false,,,false,,,false,Phase-2 sweep; FJC + CourtListener.
2591,Dan A. Polster,Polster,ohnd,OHND0604,senior,false,William J. Clinton,Democratic,1997-07-31,1998-07-31,1998-08-03,2021-01-31,,Harvard Law School,1976,Well Qualified,https://www.courtlistener.com/person/2591/dan-a-polster/,https://upload.wikimedia.org/wikipedia/commons/d/df/Dan_A._Polster.jpg?utm_source=commons.wikimedia.org&utm_campaign=imageinfo&utm_content=thumbnail_unscaled,https://commons.wikimedia.org/wiki/File:Dan_A._Polster.jpg,Public domain,false,,,false,,,false,Phase-2 sweep; FJC + CourtListener.
58,John R. Adams,Adams,ohnd,OHND1102,active,false,George W. Bush,Republican,2003-01-07,2003-02-10,2003-02-12,,,University of Akron School of Law,1983,Qualified,https://www.courtlistener.com/person/58/john-r-adams/,https://upload.wikimedia.org/wikipedia/commons/thumb/0/03/John_Randell_Adams_Jr.jpg/330px-John_Randell_Adams_Jr.jpg?utm_source=commons.wikimedia.org&utm_campaign=imageinfo&utm_content=thumbnail,https://commons.wikimedia.org/wiki/File:John_Randell_Adams_Jr.jpg,Public domain,false,,,false,,,false,Phase-2 sweep; FJC + CourtListener.
349,Christopher A. Boyko,Boyko,ohnd,OHND1402,senior,false,George W. Bush,Republican,2004-07-22,2004-11-21,2005-01-03,2020-01-06,,"Cleveland State University, Cleveland-Marshall College of Law",1979,Well Qualified,https://www.courtlistener.com/person/349/christopher-a-boyko/,https://upload.wikimedia.org/wikipedia/commons/thumb/3/3a/Christopher_Boyko.png/330px-Christopher_Boyko.png?utm_source=commons.wikimedia.org&utm_campaign=imageinfo&utm_content=thumbnail,https://commons.wikimedia.org/wiki/File:Christopher_Boyko.png,Public domain,false,,,false,,,false,Phase-2 sweep; FJC + CourtListener.
3602,Jack Zouhary,Zouhary,ohnd,OHND0307,senior,false,George W. Bush,Republican,2005-12-14,2006-03-16,2006-03-28,2019-07-01,,University of Toledo College of Law,1976,Well Qualified,https://www.courtlistener.com/person/3602/jack-zouhary/,https://upload.wikimedia.org/wikipedia/commons/b/b2/Jack_Zouhary_fuzzy.jpg?utm_source=commons.wikimedia.org&utm_campaign=imageinfo&utm_content=thumbnail_unscaled,https://commons.wikimedia.org/wiki/File:Jack_Zouhary_fuzzy.jpg,Public domain,false,,,false,,,false,Phase-2 sweep; FJC + CourtListener.
1943,Sara Elizabeth Lioi,Lioi,ohnd,OHND0804,active,true,George W. Bush,Republican,2007-01-09,2007-03-08,2007-03-14,,,Ohio State University College of Law (now Michael E. Moritz College of Law),1987,Well Qualified,https://www.courtlistener.com/person/1943/sara-elizabeth-lioi/,https://upload.wikimedia.org/wikipedia/commons/a/a9/Sara_Elizabeth_Lioi_fuzzy.jpg?utm_source=commons.wikimedia.org&utm_campaign=imageinfo&utm_content=thumbnail_unscaled,https://commons.wikimedia.org/wiki/File:Sara_Elizabeth_Lioi_fuzzy.jpg,Public domain,false,,,false,,,false,Phase-2 sweep; FJC + CourtListener.
2524,Benita Yalonda Pearson,Pearson,ohnd,OHND0703,active,false,Barack Obama,Democratic,2009-12-03,2010-12-21,2010-12-27,,,"Cleveland State University, Cleveland-Marshall College of Law",1995,Well Qualified,https://www.courtlistener.com/person/2524/benita-yalonda-pearson/,https://upload.wikimedia.org/wikipedia/commons/thumb/1/12/Benita_Y._Pearson.jpg/330px-Benita_Y._Pearson.jpg?utm_source=commons.wikimedia.org&utm_campaign=imageinfo&utm_content=thumbnail,https://commons.wikimedia.org/wiki/File:Benita_Y._Pearson.jpg,Public domain,false,,,false,,,false,Phase-2 sweep; FJC + CourtListener.
1422,Jeffrey James Helmick,Helmick,ohnd,OHND0507,active,false,Barack Obama,Democratic,2011-05-11,2012-06-06,2012-06-07,,,Ohio State University College of Law (now Michael E. Moritz College of Law),1988,Well Qualified,https://www.courtlistener.com/person/1422/jeffrey-james-helmick/,https://upload.wikimedia.org/wikipedia/commons/thumb/c/cd/Jeffrey_Helmick_%28cropped%29.jpg/330px-Jeffrey_Helmick_%28cropped%29.jpg?utm_source=commons.wikimedia.org&utm_campaign=imageinfo&utm_content=thumbnail,https://commons.wikimedia.org/wiki/File:Jeffrey_Helmick_(cropped).jpg,Public domain,false,,,false,,,false,Phase-2 sweep; FJC + CourtListener.
8542,Pamela Ann Barker,Barker,ohnd,OHND0903,active,false,Donald J. Trump,Republican,2019-01-23,2019-06-12,2019-06-18,,,Ohio State University College of Law (now Michael E. Moritz College of Law),1982,Well Qualified,https://www.courtlistener.com/person/8542/pamela-ann-barker/,https://upload.wikimedia.org/wikipedia/commons/thumb/1/15/Pamela_A_Barker.png/330px-Pamela_A_Barker.png?utm_source=commons.wikimedia.org&utm_campaign=imageinfo&utm_content=thumbnail,https://commons.wikimedia.org/wiki/File:Pamela_A_Barker.png,Public domain,false,,,false,,,false,Phase-2 sweep; FJC + CourtListener.
9466,James Ray Knepp II,Knepp,ohnd,OHND0308,active,false,Donald J. Trump,Republican,2020-03-03,2020-11-10,2020-11-13,,,University of Toledo College of Law,1992,Well Qualified,https://www.courtlistener.com/person/9466/james-r-knepp-ii/,https://upload.wikimedia.org/wikipedia/commons/thumb/0/00/James_Knepp.jpg/330px-James_Knepp.jpg?utm_source=commons.wikimedia.org&utm_campaign=imageinfo&utm_content=thumbnail,https://commons.wikimedia.org/wiki/File:James_Knepp.jpg,Public domain,false,,,false,,,false,Phase-2 sweep; FJC + CourtListener.
,J. Philip Calabrese,Calabrese,ohnd,OHND1403,active,false,Donald J. Trump,Republican,2020-03-03,2020-12-01,2020-12-03,,,Harvard Law School,2000,Well Qualified,,https://upload.wikimedia.org/wikipedia/commons/thumb/1/17/J_Philip_Calabrese.png/330px-J_Philip_Calabrese.png?utm_source=commons.wikimedia.org&utm_campaign=imageinfo&utm_content=thumbnail,https://commons.wikimedia.org/wiki/File:J_Philip_Calabrese.png,Public domain,true,member,https://en.wikipedia.org/w/index.php?title=J._Philip_Calabrese&oldid=1365215935,false,,,false,Phase-2 sweep; FJC + CourtListener.
,Bridget Meehan Brennan,Brennan,ohnd,OHND0605,active,false,Joseph R. Biden,Democratic,2022-01-03,2022-02-01,2022-02-08,,,Case Western Reserve University School of Law,2000,Qualified,,https://upload.wikimedia.org/wikipedia/commons/7/70/Bridget_M._Brennan.jpg?utm_source=commons.wikimedia.org&utm_campaign=imageinfo&utm_content=thumbnail_unscaled,https://commons.wikimedia.org/wiki/File:Bridget_M._Brennan.jpg,Public domain,false,,,false,,,false,Phase-2 sweep; FJC + CourtListener.
,Charles Esque Fleming,Fleming,ohnd,OHND1004,active,false,Joseph R. Biden,Democratic,2022-01-03,2022-02-01,2022-02-08,,,Case Western Reserve University School of Law,1990,Well Qualified,,https://upload.wikimedia.org/wikipedia/commons/thumb/7/75/Charles_Fleming_%28Judge%29_%28cropped%29.jpg/330px-Charles_Fleming_%28Judge%29_%28cropped%29.jpg?utm_source=commons.wikimedia.org&utm_campaign=imageinfo&utm_content=thumbnail,https://commons.wikimedia.org/wiki/File:Charles_Fleming_(Judge)_(cropped).jpg,Public domain,false,,,false,,,false,Phase-2 sweep; FJC + CourtListener.
9469,David Augustin Ruiz,Ruiz,ohnd,OHND1303,active,false,Joseph R. Biden,Democratic,2022-01-03,2022-02-01,2022-02-08,,,Ohio State University College of Law (now Michael E. Moritz College of Law),2000,Well Qualified,https://www.courtlistener.com/person/9469/david-a-ruiz/,https://upload.wikimedia.org/wikipedia/commons/thumb/f/ff/David_Ruiz_%28Judge%29_%28cropped%29.jpg/330px-David_Ruiz_%28Judge%29_%28cropped%29.jpg?utm_source=commons.wikimedia.org&utm_campaign=imageinfo&utm_content=thumbnail,https://commons.wikimedia.org/wiki/File:David_Ruiz_(Judge)_(cropped).jpg,Public domain,false,,,false,,,false,Phase-2 sweep; FJC + CourtListener.
2709,Walter Herbert Rice,Rice,ohsd,OHSD0503,senior,false,Jimmy Carter,Democratic,1980-04-14,1980-05-21,1980-05-23,2004-11-30,,Columbia Law School,1962,Well Qualified,https://www.courtlistener.com/person/2709/walter-herbert-rice/,https://upload.wikimedia.org/wikipedia/commons/8/89/Walter_Rice_Senior_District_Judge.jpg?utm_source=commons.wikimedia.org&utm_campaign=imageinfo&utm_content=thumbnail_unscaled,https://commons.wikimedia.org/wiki/File:Walter_Rice_Senior_District_Judge.jpg,Public domain,false,,,false,,,false,Phase-2 sweep; FJC + CourtListener.
3403,Herman Jacob Weber,Weber,ohsd,OHSD0901,senior,false,Ronald Reagan,Republican,1985-02-28,1985-04-03,1985-04-04,2002-01-01,,Ohio State University College of Law (now Michael E. Moritz College of Law),1952,Well Qualified,https://www.courtlistener.com/person/3403/herman-jacob-weber/,https://upload.wikimedia.org/wikipedia/commons/4/46/Herman_J._Weber.jpg?utm_source=commons.wikimedia.org&utm_campaign=imageinfo&utm_content=thumbnail_unscaled,https://commons.wikimedia.org/wiki/File:Herman_J._Weber.jpg,Public domain,false,,,false,,,false,Phase-2 sweep; FJC + CourtListener.
1259,James L. Graham,Graham,ohsd,OHSD0308,senior,false,Ronald Reagan,Republican,1986-08-15,1986-09-25,1986-09-26,2004-08-31,,Ohio State University College of Law (now Michael E. Moritz College of Law),1962,Qualified,https://www.courtlistener.com/person/1259/james-l-graham/,https://upload.wikimedia.org/wikipedia/commons/f/fe/James_L._Graham_fuzzy.jpg?utm_source=commons.wikimedia.org&utm_campaign=imageinfo&utm_content=thumbnail_unscaled,https://commons.wikimedia.org/wiki/File:James_L._Graham_fuzzy.jpg,Public domain,false,,,false,,,false,Phase-2 sweep; FJC + CourtListener.
228,Sandra Shank Beckwith,Beckwith,ohsd,OHSD1001,senior,false,George H.W. Bush,Republican,1991-07-26,1992-02-06,1992-02-10,2009-01-01,,University of Cincinnati College of Law,1968,Qualified,https://www.courtlistener.com/person/228/sandra-shank-beckwith/,https://upload.wikimedia.org/wikipedia/commons/1/18/Sandra_Beckwith.jpg?utm_source=commons.wikimedia.org&utm_campaign=imageinfo&utm_content=thumbnail_unscaled,https://commons.wikimedia.org/wiki/File:Sandra_Beckwith.jpg,Public domain,false,,,false,,,false,Phase-2 sweep; FJC + CourtListener.
885,Susan J. Dlott,Dlott,ohsd,OHSD0603,senior,false,William J. Clinton,Democratic,1995-08-10,1995-12-22,1995-12-26,2018-05-31,,Boston University School of Law,1973,Well Qualified,https://www.courtlistener.com/person/885/susan-j-dlott/,https://upload.wikimedia.org/wikipedia/commons/thumb/3/3b/Susan_Dlott_District_Judge.jpg/330px-Susan_Dlott_District_Judge.jpg?utm_source=commons.wikimedia.org&utm_campaign=imageinfo&utm_content=thumbnail,https://commons.wikimedia.org/wiki/File:Susan_Dlott_District_Judge.jpg,Public domain,false,,,false,,,false,Phase-2 sweep; FJC + CourtListener.
2841,Edmund A. Sargus Jr.,Sargus,ohsd,OHSD0702,active,false,William J. Clinton,Democratic,1995-12-22,1996-07-22,1996-08-01,,,Case Western Reserve University School of Law,1978,Well Qualified,https://www.courtlistener.com/person/2841/edmund-a-sargus-jr/,https://upload.wikimedia.org/wikipedia/commons/6/6c/Edmund_Sargus_%28cropped%29.jpg?utm_source=commons.wikimedia.org&utm_campaign=imageinfo&utm_content=thumbnail_unscaled,https://commons.wikimedia.org/wiki/File:Edmund_Sargus_(cropped).jpg,Public domain,false,,,false,,,false,Phase-2 sweep; FJC + CourtListener.
2034,Algenon L. Marbley,Marbley,ohsd,OHSD0802,active,false,William J. Clinton,Democratic,1997-07-31,1997-10-27,1997-11-07,,,Northwestern University School of Law (now Pritzker School of Law),1979,Qualified,https://www.courtlistener.com/person/2034/algenon-l-marbley/,https://upload.wikimedia.org/wikipedia/commons/thumb/9/98/Algenon_L._Marbley%2C_U.S._District_Court_Judge.jpg/330px-Algenon_L._Marbley%2C_U.S._District_Court_Judge.jpg?utm_source=commons.wikimedia.org&utm_campaign=imageinfo&utm_content=thumbnail,"https://commons.wikimedia.org/wiki/File:Algenon_L._Marbley,_U.S._District_Court_Judge.jpg",Public domain,false,,,false,,,false,Phase-2 sweep; FJC + CourtListener.
2772,Thomas M. Rose,Rose,ohsd,OHSD0902,senior,false,George W. Bush,Republican,2002-01-23,2002-05-09,2002-05-10,2017-06-30,,University of Cincinnati College of Law,1973,Well Qualified,https://www.courtlistener.com/person/2772/thomas-m-rose/,https://upload.wikimedia.org/wikipedia/commons/b/bb/Thomas_Rose_District_Judge.jpg?utm_source=commons.wikimedia.org&utm_campaign=imageinfo&utm_content=thumbnail_unscaled,https://commons.wikimedia.org/wiki/File:Thomas_Rose_District_Judge.jpg,Public domain,false,,,false,,,false,Phase-2 sweep; FJC + CourtListener.
3394,Michael H. Watson,Watson,ohsd,OHSD0309,senior,false,George W. Bush,Republican,2004-04-06,2004-09-07,2004-09-10,2025-11-01,,Capital University Law School,1987,Qualified,https://www.courtlistener.com/person/3394/michael-h-watson/,https://upload.wikimedia.org/wikipedia/commons/0/0f/Michael_Watson_District_Judge.jpg?utm_source=commons.wikimedia.org&utm_campaign=imageinfo&utm_content=thumbnail_unscaled,https://commons.wikimedia.org/wiki/File:Michael_Watson_District_Judge.jpg,Public domain,false,,,false,,,false,Phase-2 sweep; FJC + CourtListener.
185,Michael Ryan Barrett,Barrett,ohsd,OHSD0504,senior,false,George W. Bush,Republican,2005-12-16,2006-05-01,2006-05-05,2019-02-15,,University of Cincinnati College of Law,1977,Well Qualified,https://www.courtlistener.com/person/185/michael-ryan-barrett/,https://upload.wikimedia.org/wikipedia/commons/8/8a/Michael_Barrett_District_Judge.gif?utm_source=commons.wikimedia.org&utm_campaign=imageinfo&utm_content=thumbnail_unscaled,https://commons.wikimedia.org/wiki/File:Michael_Barrett_District_Judge.gif,Public domain,false,,,false,,,false,Phase-2 sweep; FJC + CourtListener.
292,Timothy Seymour Black,Black,ohsd,OHSD1002,senior,false,Barack Obama,Democratic,2009-12-24,2010-05-11,2010-05-13,2022-05-18,,"Northern Kentucky University, Salmon P. Chase College of Law",1983,Well Qualified,https://www.courtlistener.com/person/292/timothy-seymour-black/,https://upload.wikimedia.org/wikipedia/commons/3/32/Timothy_Black_District_Judge.jpg?utm_source=commons.wikimedia.org&utm_campaign=imageinfo&utm_content=thumbnail_unscaled,https://commons.wikimedia.org/wiki/File:Timothy_Black_District_Judge.jpg,Public domain,false,,,false,,,false,Phase-2 sweep; FJC + CourtListener.
8606,Sarah Daggett Morrison,Morrison,ohsd,OHSD0208,active,true,Donald J. Trump,Republican,2019-01-23,2019-06-11,2019-06-14,,,Capital University Law School,1997,Qualified,https://www.courtlistener.com/person/8606/sarah-daggett-morrison/,https://upload.wikimedia.org/wikipedia/commons/a/a8/Sarah_D._Morrison_%28cropped%29.jpg?utm_source=commons.wikimedia.org&utm_campaign=imageinfo&utm_content=thumbnail_unscaled,https://commons.wikimedia.org/wiki/File:Sarah_D._Morrison_(cropped).jpg,Public domain,false,,,false,,,false,Phase-2 sweep; FJC + CourtListener.
15330,Douglas Russell Cole,Cole,ohsd,OHSD0604,active,false,Donald J. Trump,Republican,2019-05-13,2019-12-04,2019-12-05,,,University of Chicago Law School,1993,Well Qualified,https://www.courtlistener.com/person/15330/douglas-russell-cole/,https://upload.wikimedia.org/wikipedia/commons/thumb/8/81/Douglas_R._Cole_%28cropped%29.jpg/330px-Douglas_R._Cole_%28cropped%29.jpg?utm_source=commons.wikimedia.org&utm_campaign=imageinfo&utm_content=thumbnail,https://commons.wikimedia.org/wiki/File:Douglas_R._Cole_(cropped).jpg,Public domain,false,,,false,,,false,Phase-2 sweep; FJC + CourtListener.
8115,Matthew Walden McFarland,McFarland,ohsd,OHSD0903,active,false,Donald J. Trump,Republican,2019-01-23,2019-12-18,2019-12-31,,,Capital University Law School,1992,Qualified,https://www.courtlistener.com/person/8115/matthew-walden-mcfarland/,https://upload.wikimedia.org/wikipedia/commons/2/24/Matthew_W._McFarland%2C_U.S._District_Court_Judge.png?utm_source=commons.wikimedia.org&utm_campaign=imageinfo&utm_content=thumbnail_unscaled,"https://commons.wikimedia.org/wiki/File:Matthew_W._McFarland,_U.S._District_Court_Judge.png",Public domain,true,member,https://en.wikipedia.org/w/index.php?title=Matthew_W._McFarland&oldid=1361433497,false,,,false,Phase-2 sweep; FJC + CourtListener.
9477,Michael Jay Newman,Newman,ohsd,OHSD0505,active,false,Donald J. Trump,Republican,2020-03-03,2020-10-22,2020-11-10,,,"American University, Washington College of Law",1989,Well Qualified,https://www.courtlistener.com/person/9477/michael-j-newman/,https://upload.wikimedia.org/wikipedia/commons/0/0e/Michael_J._Newman%2C_U.S._District_Court_Judge.jpg?utm_source=commons.wikimedia.org&utm_campaign=imageinfo&utm_content=thumbnail_unscaled,"https://commons.wikimedia.org/wiki/File:Michael_J._Newman,_U.S._District_Court_Judge.jpg",Public domain,true,member,https://en.wikipedia.org/w/index.php?title=Michael_J._Newman&oldid=1355460538,false,,,false,Phase-2 sweep; FJC + CourtListener.
8922,Jeffery Paul Hopkins,Hopkins,ohsd,OHSD1003,active,false,Joseph R. Biden,Democratic,2022-08-01,2022-12-08,2022-12-16,,,Ohio State University College of Law (now Michael E. Moritz College of Law),1985,Well Qualified,https://www.courtlistener.com/person/8922/jeffery-p-hopkins/,https://upload.wikimedia.org/wikipedia/commons/thumb/f/f6/Jeffery_P._Hopkins%2C_U.S._District_Court_Judge.jpg/330px-Jeffery_P._Hopkins%2C_U.S._District_Court_Judge.jpg?utm_source=commons.wikimedia.org&utm_campaign=imageinfo&utm_content=thumbnail,"https://commons.wikimedia.org/wiki/File:Jeffery_P._Hopkins,_U.S._District_Court_Judge.jpg",Public domain,false,,,false,,,false,Phase-2 sweep; FJC + CourtListener.
2897,Frank Howell Seay,Seay,oked,OKED0106,senior,false,Jimmy Carter,Democratic,1979-09-28,1979-10-31,1979-11-02,2003-09-25,,University of Oklahoma College of Law,1963,Qualified,https://www.courtlistener.com/person/2897/frank-howell-seay/,https://upload.wikimedia.org/wikipedia/commons/9/99/Frank_Howell_Seay_Senior_District_Judge.jpg?utm_source=commons.wikimedia.org&utm_campaign=imageinfo&utm_content=thumbnail_unscaled,https://commons.wikimedia.org/wiki/File:Frank_Howell_Seay_Senior_District_Judge.jpg,Public domain,false,,,false,,,false,Phase-2 sweep; FJC + CourtListener.
3452,Ronald A. White,White,oked,OKED0107,senior,false,George W. Bush,Republican,2003-05-15,2003-09-30,2003-10-02,2026-01-27,,University of Oklahoma College of Law,1986,Qualified,https://www.courtlistener.com/person/3452/ronald-a-white/,,,,false,,,false,,,false,Phase-2 sweep; FJC + CourtListener.
,John Frederick Heil III,Heil,oked,OKED0308,active,true,Donald J. Trump,Republican,2020-01-06,2020-05-20,2020-05-27,,,University of Tulsa College of Law,1994,Well Qualified,,https://upload.wikimedia.org/wikipedia/commons/c/cc/John_Heil_%28cropped%29.jpg?utm_source=commons.wikimedia.org&utm_campaign=imageinfo&utm_content=thumbnail_unscaled,https://commons.wikimedia.org/wiki/File:John_Heil_(cropped).jpg,Public domain,false,,,false,,,false,Phase-2 sweep; FJC + CourtListener.
1758,Terence C. Kern,Kern,oknd,OKND0501,senior,false,William J. Clinton,Democratic,1994-03-09,1994-06-08,1994-06-09,2010-01-04,,University of Oklahoma College of Law,1969,Qualified,https://www.courtlistener.com/person/1758/terence-c-kern/,,,,false,,,false,,,false,Phase-2 sweep; FJC + CourtListener.
957,Claire Eagan,Eagan,oknd,OKND0402,senior,false,George W. Bush,Republican,2001-09-04,2001-10-23,2001-10-24,2022-10-01,,Fordham University School of Law,1976,Well Qualified,https://www.courtlistener.com/person/957/claire-eagan/,https://upload.wikimedia.org/wikipedia/commons/thumb/8/83/Claire_V._Eagan%2C_U.S._District_Court_Judge.jpg/330px-Claire_V._Eagan%2C_U.S._District_Court_Judge.jpg?utm_source=commons.wikimedia.org&utm_campaign=imageinfo&utm_content=thumbnail,"https://commons.wikimedia.org/wiki/File:Claire_V._Eagan,_U.S._District_Court_Judge.jpg",Public domain,false,,,false,,,false,Phase-2 sweep; FJC + CourtListener.
1127,Gregory Kent Frizzell,Frizzell,oknd,OKND0106,senior,false,George W. Bush,Republican,2007-01-09,2007-02-01,2007-02-02,2025-03-01,,University of Michigan Law School,1984,Well Qualified,https://www.courtlistener.com/person/1127/gregory-kent-frizzell/,,,,false,,,false,,,false,Phase-2 sweep; FJC + CourtListener.
908,John Edward Dowdell,Dowdell,oknd,OKND0502,senior,false,Barack Obama,Democratic,2012-02-29,2012-12-11,2012-12-12,2021-06-21,,University of Tulsa College of Law,1981,Well Qualified,https://www.courtlistener.com/person/908/john-edward-dowdell/,https://upload.wikimedia.org/wikipedia/commons/c/c6/Judge_John_E._Dowdell.jpg?utm_source=commons.wikimedia.org&utm_campaign=imageinfo&utm_content=thumbnail_unscaled,https://commons.wikimedia.org/wiki/File:Judge_John_E._Dowdell.jpg,Public domain,false,,,false,,,false,Phase-2 sweep; FJC + CourtListener.
,John Frederick Heil III,Heil,oknd,OKND0208,active,true,Donald J. Trump,Republican,2020-01-06,2020-05-20,2020-05-27,,,University of Tulsa College of Law,1994,Well Qualified,,https://upload.wikimedia.org/wikipedia/commons/c/cc/John_Heil_%28cropped%29.jpg?utm_source=commons.wikimedia.org&utm_campaign=imageinfo&utm_content=thumbnail_unscaled,https://commons.wikimedia.org/wiki/File:John_Heil_(cropped).jpg,Public domain,false,,,false,,,false,Phase-2 sweep; FJC + CourtListener.
,Sara Elizabeth Hill,Hill,oknd,OKND0403,active,false,Joseph R. Biden,Democratic,2023-10-24,2023-12-19,2024-01-02,,,University of Tulsa College of Law,2003,Qualified,,https://upload.wikimedia.org/wikipedia/commons/2/2d/Sara_E._Hill.jpg,https://commons.wikimedia.org/wiki/File:Sara_E._Hill.jpg,Public domain (PD-USGov-Congress) — credit: U.S. Senate Judiciary Committee,false,,,false,,,false,Phase-2 sweep; FJC + CourtListener.
,John David Russell,Russell,oknd,OKND0503,active,false,Joseph R. Biden,Democratic,2023-10-24,2023-12-19,2024-01-04,,,University of Oklahoma College of Law,1988,Well Qualified,,https://upload.wikimedia.org/wikipedia/commons/9/9f/John_David_Russell.jpg,https://commons.wikimedia.org/wiki/File:John_David_Russell.jpg,Public domain (PD-USGov-Congress) — credit: U.S. Senate Judiciary Committee,false,,,false,,,false,Phase-2 sweep; FJC + CourtListener.
2806,David Lynn Russell,Russell,okwd,OKWD0402,senior,false,Ronald Reagan,Republican,1981-12-04,1981-12-16,1981-12-17,2013-07-07,,University of Oklahoma College of Law,1965,Qualified,https://www.courtlistener.com/person/2806/david-lynn-russell/,,,,false,,,false,,,false,Phase-2 sweep; FJC + CourtListener.
82,Wayne Edward Alley,Alley,okwd,OKWD0701,senior,false,Ronald Reagan,Republican,1985-05-29,1985-07-10,1985-07-11,1999-05-16,,Stanford Law School,1957,Qualified,https://www.courtlistener.com/person/82/wayne-edward-alley/,https://upload.wikimedia.org/wikipedia/commons/thumb/3/3c/Wayne_E_Alley.jpg/330px-Wayne_E_Alley.jpg?utm_source=commons.wikimedia.org&utm_campaign=imageinfo&utm_content=thumbnail,https://commons.wikimedia.org/wiki/File:Wayne_E_Alley.jpg,Public domain,false,,,false,,,false,Phase-2 sweep; FJC + CourtListener.
572,Robin J. Cauthron,Cauthron,okwd,OKWD0801,senior,false,George H.W. Bush,Republican,1991-02-07,1991-03-21,1991-03-25,2015-07-14,,University of Oklahoma College of Law,1977,Well Qualified,https://www.courtlistener.com/person/572/robin-j-cauthron/,https://upload.wikimedia.org/wikipedia/commons/2/2a/Robin_J._Cauthron_District_Judge.jpg?utm_source=commons.wikimedia.org&utm_campaign=imageinfo&utm_content=thumbnail_unscaled,https://commons.wikimedia.org/wiki/File:Robin_J._Cauthron_District_Judge.jpg,Public domain,false,,,false,,,false,Phase-2 sweep; FJC + CourtListener.
2246,Vicki Miles-LaGrange,Miles-LaGrange,okwd,OKWD0602,senior,false,William J. Clinton,Democratic,1994-09-22,1994-10-07,1994-11-28,2018-11-05,,Howard University School of Law,1977,Qualified,https://www.courtlistener.com/person/2246/vicki-miles-lagrange/,https://upload.wikimedia.org/wikipedia/commons/e/e9/LaGrange.jpg?utm_source=commons.wikimedia.org&utm_campaign=imageinfo&utm_content=thumbnail_unscaled,https://commons.wikimedia.org/wiki/File:LaGrange.jpg,Public domain,false,,,false,,,false,Phase-2 sweep; FJC + CourtListener.
1126,Stephen P. Friot,Friot,okwd,OKWD0702,senior,false,George W. Bush,Republican,2001-09-04,2001-11-06,2001-11-12,2014-12-01,,University of Oklahoma College of Law,1972,Well Qualified,https://www.courtlistener.com/person/1126/stephen-p-friot/,https://upload.wikimedia.org/wikipedia/commons/thumb/f/f9/Stephen_Friot.jpg/330px-Stephen_Friot.jpg?utm_source=commons.wikimedia.org&utm_campaign=imageinfo&utm_content=thumbnail,https://commons.wikimedia.org/wiki/File:Stephen_Friot.jpg,CC BY-SA 4.0 — credit: Jurisedit,false,,,false,,,false,Phase-2 sweep; FJC + CourtListener.
1418,Joe L. Heaton,Heaton,okwd,OKWD0303,senior,false,George W. Bush,Republican,2001-09-04,2001-12-06,2001-12-10,2019-07-01,,University of Oklahoma College of Law,1976,Well Qualified,https://www.courtlistener.com/person/1418/joe-l-heaton/,,,,false,,,false,,,false,Phase-2 sweep; FJC + CourtListener.
845,Timothy D. DeGiusti,DeGiusti,okwd,OKWD0504,active,false,George W. Bush,Republican,2007-02-15,2007-08-03,2007-08-09,,,University of Oklahoma College of Law,1988,Well Qualified,https://www.courtlistener.com/person/845/timothy-d-degiusti/,,,,false,,,false,,,false,Phase-2 sweep; FJC + CourtListener.
8619,Scott Lawrence Palk,Palk,okwd,OKWD0703,active,true,Donald J. Trump,Republican,2017-05-08,2017-10-26,2017-10-31,,,University of Oklahoma College of Law,1992,Qualified,https://www.courtlistener.com/person/8619/scott-lawrence-palk/,https://upload.wikimedia.org/wikipedia/commons/thumb/5/5d/Scott_L._Palk_%28cropped%29.jpg/330px-Scott_L._Palk_%28cropped%29.jpg?utm_source=commons.wikimedia.org&utm_campaign=imageinfo&utm_content=thumbnail,https://commons.wikimedia.org/wiki/File:Scott_L._Palk_(cropped).jpg,Public domain,false,,,false,,,false,Phase-2 sweep; FJC + CourtListener.
8576,Charles Barnes Goodwin,Goodwin,okwd,OKWD0802,active,false,Donald J. Trump,Republican,2018-01-08,2018-08-28,2018-08-30,,,University of Oklahoma College of Law,1997,Not Qualified,https://www.courtlistener.com/person/8576/charles-barnes-goodwin/,https://upload.wikimedia.org/wikipedia/commons/thumb/1/15/Charles_Barnes_Goodwin_%28Judge%29_%28cropped%29.jpg/330px-Charles_Barnes_Goodwin_%28Judge%29_%28cropped%29.jpg?utm_source=commons.wikimedia.org&utm_campaign=imageinfo&utm_content=thumbnail,https://commons.wikimedia.org/wiki/File:Charles_Barnes_Goodwin_(Judge)_(cropped).jpg,Public domain,false,,,false,,,false,Phase-2 sweep; FJC + CourtListener.
8654,Patrick Robert Wyrick,Wyrick,okwd,OKWD0403,active,false,Donald J. Trump,Republican,2019-01-23,2019-04-09,2019-04-10,,,University of Oklahoma College of Law,2007,Qualified,https://www.courtlistener.com/person/8654/patrick-robert-wyrick/,https://upload.wikimedia.org/wikipedia/commons/thumb/b/b5/Patrick_Wyrick_%28Judge%29_%28cropped%29.jpg/330px-Patrick_Wyrick_%28Judge%29_%28cropped%29.jpg?utm_source=commons.wikimedia.org&utm_campaign=imageinfo&utm_content=thumbnail,https://commons.wikimedia.org/wiki/File:Patrick_Wyrick_(Judge)_(cropped).jpg,Public domain,true,member,https://en.wikipedia.org/w/index.php?title=Patrick_Wyrick&oldid=1363946659,false,,,false,Phase-2 sweep; FJC + CourtListener.
15333,Jodi Warmbrod Dishman,Dishman,okwd,OKWD0603,active,false,Donald J. Trump,Republican,2019-09-09,2019-12-19,2019-12-20,,,University of Oklahoma College of Law,2005,Well Qualified,https://www.courtlistener.com/person/15333/jodi-warmbrod-dishman/,https://upload.wikimedia.org/wikipedia/commons/thumb/8/89/Jodi_Dishman_%28Judge%29_%28cropped%29.jpg/330px-Jodi_Dishman_%28Judge%29_%28cropped%29.jpg?utm_source=commons.wikimedia.org&utm_campaign=imageinfo&utm_content=thumbnail,https://commons.wikimedia.org/wiki/File:Jodi_Dishman_(Judge)_(cropped).jpg,Public domain,false,,,false,,,false,Phase-2 sweep; FJC + CourtListener.
9486,Bernard M. Jones,Jones,okwd,OKWD0304,active,false,Donald J. Trump,Republican,2019-10-17,2019-12-19,2019-12-31,,,Notre Dame Law School,2004,Well Qualified,https://www.courtlistener.com/person/9486/bernard-m-jones-ii/,https://upload.wikimedia.org/wikipedia/commons/thumb/1/19/Bernard_M._Jones_%28Judge%29.jpg/330px-Bernard_M._Jones_%28Judge%29.jpg?utm_source=commons.wikimedia.org&utm_campaign=imageinfo&utm_content=thumbnail,https://commons.wikimedia.org/wiki/File:Bernard_M._Jones_(Judge).jpg,Public domain,false,,,false,,,false,Phase-2 sweep; FJC + CourtListener.
,John Frederick Heil III,Heil,okwd,OKWD0208,active,false,Donald J. Trump,Republican,2020-01-06,2020-05-20,2020-05-27,,,University of Tulsa College of Law,1994,Well Qualified,,https://upload.wikimedia.org/wikipedia/commons/c/cc/John_Heil_%28cropped%29.jpg?utm_source=commons.wikimedia.org&utm_campaign=imageinfo&utm_content=thumbnail_unscaled,https://commons.wikimedia.org/wiki/File:John_Heil_(cropped).jpg,Public domain,false,,,false,,,false,Phase-2 sweep; FJC + CourtListener.
1316,Ancer Lee Haggerty,Haggerty,ord,ORD0110,senior,false,William J. Clinton,Democratic,1993-11-19,1994-03-25,1994-03-28,2009-08-26,,"University of California Hastings College of the Law (now UC College of the Law, San Francisco)",1973,Well Qualified,https://www.courtlistener.com/person/1316/ancer-lee-haggerty/,https://upload.wikimedia.org/wikipedia/commons/e/e8/United_States_District_Judge_Ancer_Lee_Haggerty.png?utm_source=commons.wikimedia.org&utm_campaign=imageinfo&utm_content=thumbnail_unscaled,https://commons.wikimedia.org/wiki/File:United_States_District_Judge_Ancer_Lee_Haggerty.png,Public domain,false,,,false,,,false,Phase-2 sweep; FJC + CourtListener.
66,Ann L. Aiken,Aiken,ord,ORD0402,senior,false,William J. Clinton,Democratic,1997-01-07,1998-01-28,1998-02-04,2023-12-29,,University of Oregon School of Law,1979,Qualified,https://www.courtlistener.com/person/66/ann-l-aiken/,https://upload.wikimedia.org/wikipedia/commons/5/50/Ann_Aiken_13.JPG?utm_source=commons.wikimedia.org&utm_campaign=imageinfo&utm_content=thumbnail_unscaled,https://commons.wikimedia.org/wiki/File:Ann_Aiken_13.JPG,Public domain,false,,,false,,,false,Phase-2 sweep; FJC + CourtListener.
415,Anna J. Brown,Brown,ord,ORD0207,senior,false,William J. Clinton,Democratic,1999-04-22,1999-10-15,1999-10-26,2017-07-27,,Northwestern School of Law of Lewis and Clark College,1980,Qualified,https://www.courtlistener.com/person/415/anna-j-brown/,https://upload.wikimedia.org/wikipedia/commons/thumb/f/fd/Judge_Anna_J._Brown.jpg/330px-Judge_Anna_J._Brown.jpg?utm_source=commons.wikimedia.org&utm_campaign=imageinfo&utm_content=thumbnail,https://commons.wikimedia.org/wiki/File:Judge_Anna_J._Brown.jpg,Public domain,false,,,false,,,false,Phase-2 sweep; FJC + CourtListener.
2332,Michael W. Mosman,Mosman,ord,ORD0304,senior,false,George W. Bush,Republican,2003-05-08,2003-09-25,2003-09-26,2021-12-27,,"Brigham Young University, J. Reuben Clark Law School",1984,Well Qualified,https://www.courtlistener.com/person/2332/michael-w-mosman/,https://upload.wikimedia.org/wikipedia/commons/7/75/Michael_Mosman_District_Judge.jpg?utm_source=commons.wikimedia.org&utm_campaign=imageinfo&utm_content=thumbnail_unscaled,https://commons.wikimedia.org/wiki/File:Michael_Mosman_District_Judge.jpg,Public domain,false,,,false,,,false,Phase-2 sweep; FJC + CourtListener.
1439,Marco Antonio Hernandez,Hernandez,ord,ORD0503,senior,false,Barack Obama,Democratic,2011-01-05,2011-02-07,2011-02-09,2024-08-21,,University of Washington School of Law,1986,Qualified,https://www.courtlistener.com/person/1439/marco-antonio-hernandez/,https://upload.wikimedia.org/wikipedia/commons/0/08/Judge_Marco_A._Hernandez.jpg?utm_source=commons.wikimedia.org&utm_campaign=imageinfo&utm_content=thumbnail_unscaled,https://commons.wikimedia.org/wiki/File:Judge_Marco_A._Hernandez.jpg,Public domain,false,,,false,,,false,Phase-2 sweep; FJC + CourtListener.
2971,Michael H. Simon,Simon,ord,ORD0111,active,false,Barack Obama,Democratic,2011-01-05,2011-06-21,2011-06-22,,,Harvard Law School,1981,Well Qualified,https://www.courtlistener.com/person/2971/michael-howard-simon/,https://upload.wikimedia.org/wikipedia/commons/9/98/Judge_Michael_H._Simon.jpg?utm_source=commons.wikimedia.org&utm_campaign=imageinfo&utm_content=thumbnail_unscaled,https://commons.wikimedia.org/wiki/File:Judge_Michael_H._Simon.jpg,Public domain,false,,,false,,,false,Phase-2 sweep; FJC + CourtListener.
2196,Michael Jerome McShane,McShane,ord,ORD0602,active,true,Barack Obama,Democratic,2013-01-04,2013-05-20,2013-05-30,,,Northwestern School of Law of Lewis and Clark College,1988,Qualified,https://www.courtlistener.com/person/2196/michael-jerome-mcshane/,https://upload.wikimedia.org/wikipedia/commons/6/69/Judge_Michael_McShane_in_US_Senate_Judidiary_Committee_Hearing.jpg?utm_source=commons.wikimedia.org&utm_campaign=imageinfo&utm_content=thumbnail_unscaled,https://commons.wikimedia.org/wiki/File:Judge_Michael_McShane_in_US_Senate_Judidiary_Committee_Hearing.jpg,Public domain,false,,,false,,,false,Phase-2 sweep; FJC + CourtListener.
14440,Karin Johanna Immergut,Immergut,ord,ORD0208,active,false,Donald J. Trump,Republican,2019-01-23,2019-07-31,2019-08-05,,,"University of California, Berkeley, School of Law",1987,Well Qualified,https://www.courtlistener.com/person/14440/karin-immergut/,https://upload.wikimedia.org/wikipedia/commons/thumb/6/68/Karin_J._Immergut.jpg/330px-Karin_J._Immergut.jpg?utm_source=commons.wikimedia.org&utm_campaign=imageinfo&utm_content=thumbnail,https://commons.wikimedia.org/wiki/File:Karin_J._Immergut.jpg,CC BY-SA 4.0 — credit: Peregrin0149,false,,,false,,,false,Phase-2 sweep; FJC + CourtListener.
,Adrienne Camille Nelson,Nelson,ord,ORD0305,active,false,Joseph R. Biden,Democratic,2023-01-03,2023-02-15,2023-02-23,,,University of Texas School of Law,1993,Well Qualified,,https://upload.wikimedia.org/wikipedia/commons/thumb/e/e0/Adrienne_C._Nelson.jpg/330px-Adrienne_C._Nelson.jpg?utm_source=commons.wikimedia.org&utm_campaign=imageinfo&utm_content=thumbnail,https://commons.wikimedia.org/wiki/File:Adrienne_C._Nelson.jpg,Public domain,false,,,false,,,false,Phase-2 sweep; FJC + CourtListener.
,Amy Margaret Baggio,Baggio,ord,ORD0504,active,false,Joseph R. Biden,Democratic,2024-01-08,2024-02-06,2024-08-22,,,Northwestern School of Law of Lewis and Clark College,2001,Well Qualified,,https://upload.wikimedia.org/wikipedia/commons/thumb/2/28/Amy_Margaret_Baggio_Cropped.png/330px-Amy_Margaret_Baggio_Cropped.png?utm_source=commons.wikimedia.org&utm_campaign=imageinfo&utm_content=thumbnail,https://commons.wikimedia.org/wiki/File:Amy_Margaret_Baggio_Cropped.png,CC BY-SA 4.0 — credit: U.S. Senate Judiciary Committee,false,,,false,,,false,Phase-2 sweep; FJC + CourtListener.
9495,Mustafa Taher Kasubhai,Kasubhai,ord,ORD0403,active,false,Joseph R. Biden,Democratic,2024-01-08,2024-11-19,2024-11-22,,,University of Oregon School of Law,1996,Well Qualified,https://www.courtlistener.com/person/9495/mustafa-kasubhai/,https://upload.wikimedia.org/wikipedia/commons/thumb/b/bf/Judge_Mustafa_T._Kasubhai.jpg/330px-Judge_Mustafa_T._Kasubhai.jpg?utm_source=commons.wikimedia.org&utm_campaign=imageinfo&utm_content=thumbnail,https://commons.wikimedia.org/wiki/File:Judge_Mustafa_T._Kasubhai.jpg,CC BY-SA 4.0 — credit: Wikilawcontributor,false,,,false,,,false,Phase-2 sweep; FJC + CourtListener.
1742,Robert F. Kelly,Kelly,paed,PAED2102,senior,false,Ronald Reagan,Republican,1987-05-01,1987-06-25,1987-06-26,2001-07-17,,Temple University School of Law (now James E. Beasley School of Law),1960,Well Qualified,https://www.courtlistener.com/person/1742/robert-f-kelly/,,,,false,,,false,,,false,Phase-2 sweep; FJC + CourtListener.
454,Ronald Lawrence Buckwalter,Buckwalter,paed,PAED1502,senior,false,George H.W. Bush,Republican,1989-11-17,1990-03-09,1990-03-12,2003-12-11,,William and Mary Law School,1962,Well Qualified,https://www.courtlistener.com/person/454/ronald-lawrence-buckwalter/,https://upload.wikimedia.org/wikipedia/commons/d/df/Ronald_L_Buchwalter.jpg?utm_source=commons.wikimedia.org&utm_campaign=imageinfo&utm_content=thumbnail_unscaled,https://commons.wikimedia.org/wiki/File:Ronald_L_Buchwalter.jpg,Public domain,false,,,false,,,false,Phase-2 sweep; FJC + CourtListener.
191,Harvey Bartle III,Bartle,paed,PAED1603,senior,false,George H.W. Bush,Republican,1991-05-15,1991-09-12,1991-09-16,2011-10-01,,University of Pennsylvania Law School (now Carey Law School),1965,Well Qualified,https://www.courtlistener.com/person/191/harvey-bartle-iii/,https://upload.wikimedia.org/wikipedia/commons/9/98/Harvey_Bartle.png?utm_source=commons.wikimedia.org&utm_campaign=imageinfo&utm_content=thumbnail_unscaled,https://commons.wikimedia.org/wiki/File:Harvey_Bartle.png,Public domain,false,,,false,,,false,Phase-2 sweep; FJC + CourtListener.
2486,John R. Padova,Padova,paed,PAED2501,senior,false,George H.W. Bush,Republican,1991-11-05,1992-03-13,1992-03-18,2008-02-11,,Temple University School of Law (now James E. Beasley School of Law),1959,Well Qualified,https://www.courtlistener.com/person/2486/john-r-padova/,,,,false,,,false,,,false,Phase-2 sweep; FJC + CourtListener.
404,Anita Blumstein Brody,Brody,paed,PAED2701,senior,false,George H.W. Bush,Republican,1991-11-22,1992-09-29,1992-10-02,2009-06-08,,Columbia Law School,1958,Qualified,https://www.courtlistener.com/person/404/anita-blumstein-brody/,,,,false,,,false,,,false,Phase-2 sweep; FJC + CourtListener.
3272,Petrese B. Tucker,Tucker,paed,PAED1803,senior,false,William J. Clinton,Democratic,1999-07-27,2000-05-24,2000-06-01,2021-06-01,,Temple University School of Law (now James E. Beasley School of Law),1976,Well Qualified,https://www.courtlistener.com/person/3272/petrese-b-tucker/,,,,false,,,false,,,false,Phase-2 sweep; FJC + CourtListener.
3139,R[ichard] Barclay Surrick,Surrick,paed,PAED0307,senior,false,William J. Clinton,Democratic,2000-04-11,2000-05-24,2000-06-05,2011-02-01,,Dickinson School of Law (now Penn State Dickinson Law),1965,Well Qualified,https://www.courtlistener.com/person/3139/richard-barclay-surrick/,,,,false,,,false,,,false,Phase-2 sweep; FJC + CourtListener.
820,Legrome D. Davis,Davis,paed,PAED2303,senior,false,George W. Bush,Republican,2002-01-23,2002-04-18,2002-04-23,2017-09-28,,Rutgers School of Law -- Camden,1976,Well Qualified,https://www.courtlistener.com/person/820/legrome-d-davis/,,,,false,,,false,,,false,Phase-2 sweep; FJC + CourtListener.
2803,Cynthia M. Rufe,Rufe,paed,PAED2203,senior,false,George W. Bush,Republican,2002-01-23,2002-04-30,2002-05-03,2021-12-31,,State University of New York at Buffalo Law School,1977,Well Qualified,https://www.courtlistener.com/person/2803/cynthia-m-rufe/,https://upload.wikimedia.org/wikipedia/commons/thumb/7/7d/Rufe%2C_Hon_CynthiaVLF22561r_web2.jpg/330px-Rufe%2C_Hon_CynthiaVLF22561r_web2.jpg?utm_source=commons.wikimedia.org&utm_campaign=imageinfo&utm_content=thumbnail,"https://commons.wikimedia.org/wiki/File:Rufe,_Hon_CynthiaVLF22561r_web2.jpg",CC BY-SA 4.0 — credit: Cmr2024,false,,,false,,,false,Phase-2 sweep; FJC + CourtListener.
213,Michael M. Baylson,Baylson,paed,PAED2103,senior,false,George W. Bush,Republican,2002-01-23,2002-04-30,2002-06-19,2012-07-13,,University of Pennsylvania Law School (now Carey Law School),1964,Well Qualified,https://www.courtlistener.com/person/213/michael-m-baylson/,https://upload.wikimedia.org/wikipedia/commons/4/4b/Michael_M_Baylson.png?utm_source=commons.wikimedia.org&utm_campaign=imageinfo&utm_content=thumbnail_unscaled,https://commons.wikimedia.org/wiki/File:Michael_M_Baylson.png,Public domain,false,,,false,,,false,Phase-2 sweep; FJC + CourtListener.
2847,Timothy J. Savage,Savage,paed,PAED0113,senior,false,George W. Bush,Republican,2002-03-21,2002-08-01,2002-08-01,2021-03-01,,Temple University School of Law (now James E. Beasley School of Law),1971,Well Qualified,https://www.courtlistener.com/person/2847/timothy-j-savage/,,,,false,,,false,,,false,Phase-2 sweep; FJC + CourtListener.
866,Paul Steven Diamond,Diamond,paed,PAED1104,active,false,George W. Bush,Republican,2004-01-20,2004-06-16,2004-06-22,,,University of Pennsylvania Law School (now Carey Law School),1977,Well Qualified,https://www.courtlistener.com/person/866/paul-steven-diamond/,,,,false,,,false,,,false,Phase-2 sweep; FJC + CourtListener.
2834,Juan Ramon Sánchez,Sánchez,paed,PAED2003,active,false,George W. Bush,Republican,2003-11-25,2004-06-23,2004-06-24,,,University of Pennsylvania Law School (now Carey Law School),1981,Well Qualified,https://www.courtlistener.com/person/2834/juan-ramon-sanchez/,https://upload.wikimedia.org/wikipedia/commons/thumb/7/75/Juan_Ramon_S%C3%A1nchez_%28Judge%29.jpg/330px-Juan_Ramon_S%C3%A1nchez_%28Judge%29.jpg?utm_source=commons.wikimedia.org&utm_campaign=imageinfo&utm_content=thumbnail,https://commons.wikimedia.org/wiki/File:Juan_Ramon_S%C3%A1nchez_(Judge).jpg,Public domain,false,,,false,,,false,Phase-2 sweep; FJC + CourtListener.
2996,Joel Harvey Slomsky,Slomsky,paed,PAED1005,senior,false,George W. Bush,Republican,2008-07-24,2008-09-26,2008-10-06,2018-10-09,,New York Law School,1970,Well Qualified,https://www.courtlistener.com/person/2996/joel-harvey-slomsky/,,,,false,,,false,,,false,Phase-2 sweep; FJC + CourtListener.
1653,C. Darnell Jones II,Jones,paed,PAED1704,senior,false,George W. Bush,Republican,2008-07-24,2008-09-26,2008-10-30,2021-03-15,,"American University, Washington College of Law",1975,Well Qualified,https://www.courtlistener.com/person/1653/c-darnell-jones-ii/,,,,false,,,false,,,false,Phase-2 sweep; FJC + CourtListener.
2644,Nitza Ileana Quiñones Alejandro,Quiñones Alejandro,paed,PAED0308,active,false,Barack Obama,Democratic,2013-01-04,2013-06-13,2013-06-19,,,University of Puerto Rico School of Law,1975,Qualified,https://www.courtlistener.com/person/2644/nitza-ileana-quinones-alejandro/,https://upload.wikimedia.org/wikipedia/commons/thumb/1/1f/Nitza_I_Quinones_Alejandro.png/330px-Nitza_I_Quinones_Alejandro.png?utm_source=commons.wikimedia.org&utm_campaign=imageinfo&utm_content=thumbnail,https://commons.wikimedia.org/wiki/File:Nitza_I_Quinones_Alejandro.png,Public domain,false,,,false,,,false,Phase-2 sweep; FJC + CourtListener.
2863,Jeffrey L. Schmehl,Schmehl,paed,PAED1404,active,false,Barack Obama,Democratic,2013-01-04,2013-06-13,2013-06-25,,,University of Toledo College of Law,1980,Well Qualified,https://www.courtlistener.com/person/2863/jeffrey-l-schmehl/,https://upload.wikimedia.org/wikipedia/commons/thumb/6/6c/Jeffrey_Schmehl.jpg/330px-Jeffrey_Schmehl.jpg?utm_source=commons.wikimedia.org&utm_campaign=imageinfo&utm_content=thumbnail,https://commons.wikimedia.org/wiki/File:Jeffrey_Schmehl.jpg,Public domain,false,,,false,,,false,Phase-2 sweep; FJC + CourtListener.
2145,Gerald Austin McHugh Jr.,McHugh,paed,PAED1604,active,false,Barack Obama,Democratic,2014-01-06,2014-03-26,2014-03-28,,,University of Pennsylvania Law School (now Carey Law School),1979,Well Qualified,https://www.courtlistener.com/person/2145/gerald-austin-mchugh-jr/,https://upload.wikimedia.org/wikipedia/commons/thumb/0/03/Gerald_McHugh_Jr.jpg/330px-Gerald_McHugh_Jr.jpg?utm_source=commons.wikimedia.org&utm_campaign=imageinfo&utm_content=thumbnail,https://commons.wikimedia.org/wiki/File:Gerald_McHugh_Jr.jpg,Public domain,false,,,false,,,false,Phase-2 sweep; FJC + CourtListener.
234,Wendy Beetlestone,Beetlestone,paed,PAED2104,active,true,Barack Obama,Democratic,2014-06-16,2014-11-20,2014-11-21,,,University of Pennsylvania Law School (now Carey Law School),1993,Qualified,https://www.courtlistener.com/person/234/wendy-beetlestone/,https://upload.wikimedia.org/wikipedia/commons/thumb/c/c4/Judge_Wendy_Beetlestone.png/330px-Judge_Wendy_Beetlestone.png?utm_source=commons.wikimedia.org&utm_campaign=imageinfo&utm_content=thumbnail,https://commons.wikimedia.org/wiki/File:Judge_Wendy_Beetlestone.png,Public domain,false,,,false,,,false,Phase-2 sweep; FJC + CourtListener.
1719,Mark A. Kearney,Kearney,paed,PAED2602,active,false,Barack Obama,Democratic,2014-06-16,2014-12-03,2014-12-04,,,Villanova University School of Law,1987,Qualified,https://www.courtlistener.com/person/1719/mark-a-kearney/,,,,false,,,false,,,false,Phase-2 sweep; FJC + CourtListener.
2495,Gerald John Pappert,Pappert,paed,PAED2402,active,false,Barack Obama,Democratic,2014-06-16,2014-12-03,2014-12-04,,,Notre Dame Law School,1988,Well Qualified,https://www.courtlistener.com/person/2495/gerald-john-pappert/,https://upload.wikimedia.org/wikipedia/commons/thumb/a/a3/Gerald_John_Pappert.jpg/330px-Gerald_John_Pappert.jpg?utm_source=commons.wikimedia.org&utm_campaign=imageinfo&utm_content=thumbnail,https://commons.wikimedia.org/wiki/File:Gerald_John_Pappert.jpg,Public domain,false,,,false,,,false,Phase-2 sweep; FJC + CourtListener.
1895,Joseph F. Leeson Jr.,Leeson,paed,PAED0705,active,false,Barack Obama,Democratic,2014-06-16,2014-12-04,2014-12-05,,,"Catholic University of America, Columbus School of Law",1980,Qualified,https://www.courtlistener.com/person/1895/joseph-f-leeson-jr/,https://upload.wikimedia.org/wikipedia/commons/thumb/d/d5/Joseph_Lesson_Jr.jpg/330px-Joseph_Lesson_Jr.jpg?utm_source=commons.wikimedia.org&utm_campaign=imageinfo&utm_content=thumbnail,https://commons.wikimedia.org/wiki/File:Joseph_Lesson_Jr.jpg,Public domain,false,,,false,,,false,Phase-2 sweep; FJC + CourtListener.
8590,Chad Francis Kenney Sr.,Kenney,paed,PAED2703,active,false,Donald J. Trump,Republican,2017-12-20,2018-10-11,2018-10-24,,,Temple University School of Law (now James E. Beasley School of Law),1980,Well Qualified,https://www.courtlistener.com/person/8590/chad-francis-kenney-sr/,https://upload.wikimedia.org/wikipedia/commons/thumb/5/5d/Chad_F._Kenney_%28Judge%29_%28cropped%29.jpg/330px-Chad_F._Kenney_%28Judge%29_%28cropped%29.jpg?utm_source=commons.wikimedia.org&utm_campaign=imageinfo&utm_content=thumbnail,https://commons.wikimedia.org/wiki/File:Chad_F._Kenney_(Judge)_(cropped).jpg,Public domain,false,,,false,,,false,Phase-2 sweep; FJC + CourtListener.
8652,Joshua David Wolson,Wolson,paed,PAED0506,active,false,Donald J. Trump,Republican,2019-01-23,2019-05-02,2019-05-28,,,Harvard Law School,1999,Qualified,https://www.courtlistener.com/person/8652/joshua-david-wolson/,https://upload.wikimedia.org/wikipedia/commons/thumb/6/6b/Joshua_Wolson_%28Judge%29_%28cropped%29.jpg/330px-Joshua_Wolson_%28Judge%29_%28cropped%29.jpg?utm_source=commons.wikimedia.org&utm_campaign=imageinfo&utm_content=thumbnail,https://commons.wikimedia.org/wiki/File:Joshua_Wolson_(Judge)_(cropped).jpg,Public domain,true,member,https://en.wikipedia.org/w/index.php?title=Joshua_Wolson&oldid=1361795412,false,,,false,Phase-2 sweep; FJC + CourtListener.
14414,John Milton Younge,Younge,paed,PAED1204,active,false,Donald J. Trump,Republican,2019-01-23,2019-07-31,2019-08-20,,,Howard University School of Law,1981,Qualified,https://www.courtlistener.com/person/14414/john-milton-younge/,https://upload.wikimedia.org/wikipedia/commons/thumb/c/cb/John_M._Younge.jpg/330px-John_M._Younge.jpg?utm_source=commons.wikimedia.org&utm_campaign=imageinfo&utm_content=thumbnail,https://commons.wikimedia.org/wiki/File:John_M._Younge.jpg,Public domain,false,,,false,,,false,Phase-2 sweep; FJC + CourtListener.
15382,Karen Spencer Marston,Marston,paed,PAED2304,active,false,Donald J. Trump,Republican,2019-09-09,2019-12-19,2019-12-20,,,Wake Forest University School of Law,1998,Well Qualified,https://www.courtlistener.com/person/15382/karen-spencer-marston/,https://upload.wikimedia.org/wikipedia/commons/thumb/8/88/Karen_Marston_%28Judge%29_%28cropped%29.jpg/330px-Karen_Marston_%28Judge%29_%28cropped%29.jpg?utm_source=commons.wikimedia.org&utm_campaign=imageinfo&utm_content=thumbnail,https://commons.wikimedia.org/wiki/File:Karen_Marston_(Judge)_(cropped).jpg,Public domain,true,member,https://en.wikipedia.org/w/index.php?title=Karen_S._Marston&oldid=1352407545,false,,,false,Phase-2 sweep; FJC + CourtListener.
,John Michael Gallagher,Gallagher,paed,PAED1006,active,false,Donald J. Trump,Republican,2019-10-15,2019-12-19,2019-12-31,,,New York Law School,1994,Well Qualified,,https://upload.wikimedia.org/wikipedia/commons/thumb/9/98/John_M._Gallagher_%28Judge%29_%28cropped%29.jpg/330px-John_M._Gallagher_%28Judge%29_%28cropped%29.jpg?utm_source=commons.wikimedia.org&utm_campaign=imageinfo&utm_content=thumbnail,https://commons.wikimedia.org/wiki/File:John_M._Gallagher_(Judge)_(cropped).jpg,Public domain,false,,,false,,,false,Phase-2 sweep; FJC + CourtListener.
,Mia Roberts Perez,Perez,paed,PAED0114,active,false,Joseph R. Biden,Democratic,2022-07-12,2022-12-07,2022-12-16,,,Temple University James E. Beasley School of Law,2006,Well Qualified,,https://upload.wikimedia.org/wikipedia/commons/thumb/b/b6/Mia_Roberts_Perez.png/330px-Mia_Roberts_Perez.png?utm_source=commons.wikimedia.org&utm_campaign=imageinfo&utm_content=thumbnail,https://commons.wikimedia.org/wiki/File:Mia_Roberts_Perez.png,Public domain,false,,,false,,,false,Phase-2 sweep; FJC + CourtListener.
,Kelley Brisbon Hodge,Hodge,paed,PAED1804,active,false,Joseph R. Biden,Democratic,2022-07-12,2022-12-06,2022-12-23,,,University of Richmond T.C. Williams School of Law (now University of Richmond School of Law),1996,Well Qualified,,https://upload.wikimedia.org/wikipedia/commons/thumb/e/ec/Kelley_Brisbon_Hodge.png/330px-Kelley_Brisbon_Hodge.png?utm_source=commons.wikimedia.org&utm_campaign=imageinfo&utm_content=thumbnail,https://commons.wikimedia.org/wiki/File:Kelley_Brisbon_Hodge.png,Public domain,false,,,false,,,false,Phase-2 sweep; FJC + CourtListener.
2360,John Frank Murphy,Murphy,paed,PAED1504,active,false,Joseph R. Biden,Democratic,2022-07-12,2022-12-07,2022-12-23,,,Harvard Law School,2007,Well Qualified,https://www.courtlistener.com/person/2360/john-william-murphy/,https://upload.wikimedia.org/wikipedia/commons/thumb/9/96/John_Frank_Murphy_-_Judge_in_Penn.png/330px-John_Frank_Murphy_-_Judge_in_Penn.png?utm_source=commons.wikimedia.org&utm_campaign=imageinfo&utm_content=thumbnail,https://commons.wikimedia.org/wiki/File:John_Frank_Murphy_-_Judge_in_Penn.png,Public domain,false,,,false,,,false,Phase-2 sweep; FJC + CourtListener.
,Kai Niambi Scott,Scott,paed,PAED1705,active,false,Joseph R. Biden,Democratic,2022-07-12,2022-12-07,2023-01-18,,,West Virginia University College of Law,1995,Well Qualified,,https://upload.wikimedia.org/wikipedia/commons/thumb/0/03/Kai_N._Scott.png/330px-Kai_N._Scott.png?utm_source=commons.wikimedia.org&utm_campaign=imageinfo&utm_content=thumbnail,https://commons.wikimedia.org/wiki/File:Kai_N._Scott.png,Public domain,false,,,false,,,false,Phase-2 sweep; FJC + CourtListener.
,Mary Kathleen Costello,Costello,paed,PAED2204,active,false,Joseph R. Biden,Democratic,2024-06-13,2024-09-17,2024-09-19,,,Temple University James E. Beasley School of Law,2001,Well Qualified,,https://upload.wikimedia.org/wikipedia/commons/0/04/Mary_K._Costello.png,https://commons.wikimedia.org/wiki/File:Mary_K._Costello.png,CC0 1.0 — credit: U.S. Senate Judiciary Committee,false,,,false,,,false,Phase-2 sweep; FJC + CourtListener.
,Catherine Henry,Henry,paed,PAED1905,active,false,Joseph R. Biden,Democratic,2024-06-04,2024-12-03,2024-12-06,,,District of Columbia School of Law (now University of the District of Columbia Clarke School of Law),1995,Well Qualified,,https://upload.wikimedia.org/wikipedia/commons/3/31/Catherine-Henry-6-20-24.jpg,https://commons.wikimedia.org/wiki/File:Catherine-Henry-6-20-24.jpg,Public domain — credit: U.S. Senate Committee on the Judiciary,false,,,false,,,false,Phase-2 sweep; FJC + CourtListener.
,Gail Allison Weilheimer,Weilheimer,paed,PAED1305,active,false,Joseph R. Biden,Democratic,2024-07-08,2024-12-03,2025-01-02,,,Hofstra University School of Law,1995,Well Qualified,,https://upload.wikimedia.org/wikipedia/commons/4/42/Gail_A._Weilheimer-7-31-24.jpg,https://commons.wikimedia.org/wiki/File:Gail_A._Weilheimer-7-31-24.jpg,Public domain — credit: U.S. Senate Committee on the Judiciary,false,,,false,,,false,Phase-2 sweep; FJC + CourtListener.
1699,Yvette Kane,Kane,pamd,PAMD0503,senior,false,William J. Clinton,Democratic,1998-06-04,1998-10-21,1998-10-22,2018-10-11,,Tulane University Law School,1976,Qualified,https://www.courtlistener.com/person/1699/yvette-kane/,,,,false,,,false,,,false,Phase-2 sweep; FJC + CourtListener.
2037,Robert David Mariani,Mariani,pamd,PAMD0305,senior,false,Barack Obama,Democratic,2011-01-05,2011-10-19,2011-10-19,2022-09-30,,Syracuse University College of Law,1976,Well Qualified,https://www.courtlistener.com/person/2037/robert-david-mariani/,https://upload.wikimedia.org/wikipedia/commons/thumb/5/50/U.S._District_Judge_Robert_D._Mariani.jpg/330px-U.S._District_Judge_Robert_D._Mariani.jpg?utm_source=commons.wikimedia.org&utm_campaign=imageinfo&utm_content=thumbnail,https://commons.wikimedia.org/wiki/File:U.S._District_Judge_Robert_D._Mariani.jpg,Public domain,false,,,false,,,false,Phase-2 sweep; FJC + CourtListener.
367,Matthew William Brann,Brann,pamd,PAMD0802,active,true,Barack Obama,Democratic,2012-05-17,2012-12-21,2012-12-27,,,Dickinson School of Law (now Penn State Dickinson Law),1990,Qualified,https://www.courtlistener.com/person/367/matthew-william-brann/,https://upload.wikimedia.org/wikipedia/commons/thumb/b/ba/Matthew_Brann.png/330px-Matthew_Brann.png?utm_source=commons.wikimedia.org&utm_campaign=imageinfo&utm_content=thumbnail,https://commons.wikimedia.org/wiki/File:Matthew_Brann.png,Public domain,false,,,false,,,false,Phase-2 sweep; FJC + CourtListener.
2029,Malachy Edward Mannion,Mannion,pamd,PAMD0603,senior,false,Barack Obama,Democratic,2012-05-17,2012-12-21,2012-12-27,2024-01-03,,Pace University School of Law (now Elisabeth Haub School of Law),1979,Well Qualified,https://www.courtlistener.com/person/2029/malachy-edward-mannion/,https://upload.wikimedia.org/wikipedia/commons/thumb/4/4c/Malachy_Mannion_%28cropped%29.jpg/330px-Malachy_Mannion_%28cropped%29.jpg?utm_source=commons.wikimedia.org&utm_campaign=imageinfo&utm_content=thumbnail,https://commons.wikimedia.org/wiki/File:Malachy_Mannion_(cropped).jpg,Public domain,false,,,false,,,false,Phase-2 sweep; FJC + CourtListener.
15349,Jennifer Philpott Wilson,Wilson,pamd,PAMD0504,active,false,Donald J. Trump,Republican,2019-05-13,2019-11-07,2019-11-08,,,Brooklyn Law School,2001,Well Qualified,https://www.courtlistener.com/person/15349/jennifer-philpott-wilson/,https://upload.wikimedia.org/wikipedia/commons/thumb/d/d7/Jennifer_P._Wilson_%28cropped%29.jpg/330px-Jennifer_P._Wilson_%28cropped%29.jpg?utm_source=commons.wikimedia.org&utm_campaign=imageinfo&utm_content=thumbnail,https://commons.wikimedia.org/wiki/File:Jennifer_P._Wilson_(cropped).jpg,Public domain,false,,,false,,,false,Phase-2 sweep; FJC + CourtListener.
,Julia Kathleen Munley,Munley,pamd,PAMD0306,active,false,Joseph R. Biden,Democratic,2023-05-04,2023-10-17,2023-11-07,,,Dickinson School of Law (now Penn State Dickinson Law),1992,Well Qualified,,https://upload.wikimedia.org/wikipedia/commons/thumb/c/c1/Julia_Munley.jpg/330px-Julia_Munley.jpg?utm_source=commons.wikimedia.org&utm_campaign=imageinfo&utm_content=thumbnail,https://commons.wikimedia.org/wiki/File:Julia_Munley.jpg,Public domain,false,,,false,,,false,Phase-2 sweep; FJC + CourtListener.
9514,Karoline Mehalchick,Mehalchick,pamd,PAMD0108,active,false,Joseph R. Biden,Democratic,2023-07-11,2024-01-31,2024-02-05,,,Tulane University Law School,2001,Qualified,https://www.courtlistener.com/person/9514/karoline-mehalchick/,https://upload.wikimedia.org/wikipedia/commons/thumb/2/2b/Judge_Karoline_Mehalchick.png/330px-Judge_Karoline_Mehalchick.png?utm_source=commons.wikimedia.org&utm_campaign=imageinfo&utm_content=thumbnail,https://commons.wikimedia.org/wiki/File:Judge_Karoline_Mehalchick.png,Public domain,false,,,false,,,false,Phase-2 sweep; FJC + CourtListener.
9515,Joseph Francis Saporito Jr.,Saporito,pamd,PAMD0604,active,false,Joseph R. Biden,Democratic,2024-05-14,2024-07-31,2024-08-13,,,Dickinson School of Law (now Penn State Dickinson Law),1985,Well Qualified,https://www.courtlistener.com/person/9515/joseph-f-saporito-jr/,https://upload.wikimedia.org/wikipedia/commons/6/60/Judge_Joseph_F._Saporito_Jr.png,https://commons.wikimedia.org/wiki/File:Judge_Joseph_F._Saporito_Jr.png,CC0 1.0 — credit: U.S. Senate Judiciary Committee,false,,,false,,,false,Phase-2 sweep; FJC + CourtListener.
,Keli Marie Neary,Neary,pamd,PAMD0703,active,false,Joseph R. Biden,Democratic,2024-07-31,2024-12-10,2025-01-17,,,Widener University Commonwealth Law School,2006,Well Qualified,,https://upload.wikimedia.org/wikipedia/commons/4/45/Keli-M-Neary-9-25-24.jpg,https://commons.wikimedia.org/wiki/File:Keli-M-Neary-9-25-24.jpg,Public domain (PD-USGov-Congress) — credit: U.S. Senate Judiciary Committee,false,,,false,,,false,Phase-2 sweep; FJC + CourtListener.
95,Donetta W. Ambrose,Ambrose,pawd,PAWD0603,senior,false,William J. Clinton,Democratic,1993-10-25,1993-11-20,1993-11-24,2010-11-05,,Duquesne University School of Law,1970,Well Qualified,https://www.courtlistener.com/person/95/donetta-w-ambrose/,https://upload.wikimedia.org/wikipedia/commons/6/6a/JAmbrose.jpg?utm_source=commons.wikimedia.org&utm_campaign=imageinfo&utm_content=thumbnail_unscaled,https://commons.wikimedia.org/wiki/File:JAmbrose.jpg,Public domain,false,,,false,,,false,Phase-2 sweep; FJC + CourtListener.
707,Joy Flowers Conti,Conti,pawd,PAWD0703,senior,false,George W. Bush,Republican,2002-01-23,2002-07-29,2002-07-31,2018-12-06,,Duquesne University School of Law,1973,Well Qualified,https://www.courtlistener.com/person/707/joy-flowers-conti/,https://upload.wikimedia.org/wikipedia/commons/6/6c/Joy_Flowers_Conti_District_Judge.png?utm_source=commons.wikimedia.org&utm_campaign=imageinfo&utm_content=thumbnail_unscaled,https://commons.wikimedia.org/wiki/File:Joy_Flowers_Conti_District_Judge.png,Public domain,false,,,false,,,false,Phase-2 sweep; FJC + CourtListener.
581,David S. Cercone,Cercone,pawd,PAWD0305,senior,false,George W. Bush,Republican,2002-03-21,2002-08-01,2002-08-02,2017-11-24,,Duquesne University School of Law,1977,Qualified,https://www.courtlistener.com/person/581/david-s-cercone/,https://upload.wikimedia.org/wikipedia/commons/b/b1/CerconeDavid.jpg?utm_source=commons.wikimedia.org&utm_campaign=imageinfo&utm_content=thumbnail_unscaled,https://commons.wikimedia.org/wiki/File:CerconeDavid.jpg,Public domain,false,,,false,,,false,Phase-2 sweep; FJC + CourtListener.
2874,Arthur J. Schwab,Schwab,pawd,PAWD0903,senior,false,George W. Bush,Republican,2002-01-23,2002-09-13,2002-09-17,2018-01-01,,University of Virginia School of Law,1972,Qualified,https://www.courtlistener.com/person/2874/arthur-j-schwab/,https://upload.wikimedia.org/wikipedia/commons/2/25/ArthurJSchwab.jpg?utm_source=commons.wikimedia.org&utm_campaign=imageinfo&utm_content=thumbnail_unscaled,https://commons.wikimedia.org/wiki/File:ArthurJSchwab.jpg,Public domain,false,,,false,,,false,Phase-2 sweep; FJC + CourtListener.
1060,Nora Barry Fischer,Fischer,pawd,PAWD0804,senior,false,George W. Bush,Republican,2007-01-09,2007-02-14,2007-04-02,2019-06-13,,Notre Dame Law School,1976,Well Qualified,https://www.courtlistener.com/person/1060/nora-barry-fischer/,https://upload.wikimedia.org/wikipedia/commons/2/2e/NoraBFischer.jpg?utm_source=commons.wikimedia.org&utm_campaign=imageinfo&utm_content=thumbnail_unscaled,https://commons.wikimedia.org/wiki/File:NoraBFischer.jpg,Public domain,false,,,false,,,false,Phase-2 sweep; FJC + CourtListener.
285,Cathy Bissoon,Bissoon,pawd,PAWD1104,active,true,Barack Obama,Democratic,2011-01-05,2011-10-17,2011-10-19,,,Harvard Law School,1993,Qualified,https://www.courtlistener.com/person/285/cathy-bissoon/,https://upload.wikimedia.org/wikipedia/commons/b/b5/Cathy_Bissoon.jpg?utm_source=commons.wikimedia.org&utm_campaign=imageinfo&utm_content=thumbnail_unscaled,https://commons.wikimedia.org/wiki/File:Cathy_Bissoon.jpg,Public domain,false,,,false,,,false,Phase-2 sweep; FJC + CourtListener.
1518,Mark Raymond Hornak,Hornak,pawd,PAWD0604,active,false,Barack Obama,Democratic,2011-01-05,2011-10-19,2011-10-19,,,University of Pittsburgh School of Law,1981,Well Qualified,https://www.courtlistener.com/person/1518/mark-raymond-hornak/,https://upload.wikimedia.org/wikipedia/commons/thumb/8/82/JudgeHornak.jpg/330px-JudgeHornak.jpg?utm_source=commons.wikimedia.org&utm_campaign=imageinfo&utm_content=thumbnail,https://commons.wikimedia.org/wiki/File:JudgeHornak.jpg,Public domain,false,,,false,,,false,Phase-2 sweep; FJC + CourtListener.
8544,Susan Paradise Baxter,Baxter,pawd,PAWD0507,active,false,Donald J. Trump,Republican,2017-12-20,2018-08-28,2018-09-10,,,Temple University School of Law (now James E. Beasley School of Law),1983,Well Qualified,https://www.courtlistener.com/person/8544/susan-paradise-baxter/,https://upload.wikimedia.org/wikipedia/commons/thumb/4/41/JudgeBaxter.jpg/330px-JudgeBaxter.jpg?utm_source=commons.wikimedia.org&utm_campaign=imageinfo&utm_content=thumbnail,https://commons.wikimedia.org/wiki/File:JudgeBaxter.jpg,Public domain,false,,,false,,,false,Phase-2 sweep; FJC + CourtListener.
8583,Marilyn Jean Horan,Horan,pawd,PAWD0119,active,false,Donald J. Trump,Republican,2017-12-20,2018-09-06,2018-09-19,,,University of Pittsburgh School of Law,1979,Well Qualified,https://www.courtlistener.com/person/8583/marilyn-jean-horan/,https://upload.wikimedia.org/wikipedia/commons/thumb/2/29/JudgeHoran.jpg/330px-JudgeHoran.jpg?utm_source=commons.wikimedia.org&utm_campaign=imageinfo&utm_content=thumbnail,https://commons.wikimedia.org/wiki/File:JudgeHoran.jpg,Public domain,false,,,false,,,false,Phase-2 sweep; FJC + CourtListener.
14417,J. Nicholas Ranjan,Ranjan,pawd,PAWD1005,active,false,Donald J. Trump,Republican,2019-01-23,2019-07-10,2019-07-12,,,University of Michigan Law School,2003,Well Qualified,https://www.courtlistener.com/person/14417/j-nicholas-ranjan/,https://upload.wikimedia.org/wikipedia/commons/thumb/e/e8/Judge_Ranjan.jpg/330px-Judge_Ranjan.jpg?utm_source=commons.wikimedia.org&utm_campaign=imageinfo&utm_content=thumbnail,https://commons.wikimedia.org/wiki/File:Judge_Ranjan.jpg,Public domain,false,,,false,,,false,Phase-2 sweep; FJC + CourtListener.
14434,William Shaw Stickman IV,Stickman,pawd,PAWD0704,active,false,Donald J. Trump,Republican,2019-05-13,2019-07-31,2019-08-05,,,Duquesne University School of Law,2005,Well Qualified,https://www.courtlistener.com/person/14434/william-shaw-stickman-iv/,https://upload.wikimedia.org/wikipedia/commons/thumb/a/a6/Judge_Stickman.jpg/330px-Judge_Stickman.jpg?utm_source=commons.wikimedia.org&utm_campaign=imageinfo&utm_content=thumbnail,https://commons.wikimedia.org/wiki/File:Judge_Stickman.jpg,Public domain,false,,,false,,,false,Phase-2 sweep; FJC + CourtListener.
14409,Stephanie Lou Haines,Haines,pawd,PAWD0306,active,false,Donald J. Trump,Republican,2019-03-05,2019-09-11,2019-09-30,,,"Ohio Northern University, Claude W. Pettit College of Law",1995,Qualified,https://www.courtlistener.com/person/14409/stephanie-lou-haines/,https://upload.wikimedia.org/wikipedia/commons/thumb/a/ad/Stephanie_L._Haines%2C_U.S._District_Court_Judge.jpg/330px-Stephanie_L._Haines%2C_U.S._District_Court_Judge.jpg?utm_source=commons.wikimedia.org&utm_campaign=imageinfo&utm_content=thumbnail,"https://commons.wikimedia.org/wiki/File:Stephanie_L._Haines,_U.S._District_Court_Judge.jpg",Public domain,false,,,false,,,false,Phase-2 sweep; FJC + CourtListener.
15331,Robert John Colville,Colville,pawd,PAWD0904,active,false,Donald J. Trump,Republican,2019-03-05,2019-12-19,2019-12-31,,,Duquesne University School of Law,1992,Well Qualified,https://www.courtlistener.com/person/15331/robert-john-colville/,https://upload.wikimedia.org/wikipedia/commons/thumb/9/9d/Robert_Colville_%28cropped%29.jpg/330px-Robert_Colville_%28cropped%29.jpg?utm_source=commons.wikimedia.org&utm_campaign=imageinfo&utm_content=thumbnail,https://commons.wikimedia.org/wiki/File:Robert_Colville_(cropped).jpg,Public domain,false,,,false,,,false,Phase-2 sweep; FJC + CourtListener.
,William Scott Hardy,Hardy,pawd,PAWD0805,active,false,Donald J. Trump,Republican,2020-01-06,2020-07-27,2020-07-31,,,Notre Dame Law School,1996,Well Qualified,,https://upload.wikimedia.org/wikipedia/commons/thumb/5/5e/W._Scott_Hardy%2C_U.S._District_Court_Judge.jpg/330px-W._Scott_Hardy%2C_U.S._District_Court_Judge.jpg?utm_source=commons.wikimedia.org&utm_campaign=imageinfo&utm_content=thumbnail,"https://commons.wikimedia.org/wiki/File:W._Scott_Hardy,_U.S._District_Court_Judge.jpg",Public domain,false,,,false,,,false,Phase-2 sweep; FJC + CourtListener.
15351,Christy Criswell Wiegand,Wiegand,pawd,PAWD0207,active,false,Donald J. Trump,Republican,2020-02-12,2020-09-09,2020-09-11,,,Cornell Law School,2000,Well Qualified,https://www.courtlistener.com/person/15351/christy-chriswell-wiegand/,https://upload.wikimedia.org/wikipedia/commons/thumb/b/b2/Wiegand.jpg/330px-Wiegand.jpg?utm_source=commons.wikimedia.org&utm_campaign=imageinfo&utm_content=thumbnail,https://commons.wikimedia.org/wiki/File:Wiegand.jpg,Public domain,false,,,false,,,false,Phase-2 sweep; FJC + CourtListener.
1151,Jay A. Garcia-Gregory,Garcia-Gregory,prd,PRD0303,senior,false,William J. Clinton,Democratic,2000-04-05,2000-06-16,2000-07-11,2018-09-30,,University of Puerto Rico School of Law,1972,Qualified,https://www.courtlistener.com/person/1151/jay-a-garcia-gregory/,https://upload.wikimedia.org/wikipedia/commons/e/e9/Jay_A._Garc%C3%ADa-Gregory%2C_U.S._District_Court_Judge.jpg?utm_source=commons.wikimedia.org&utm_campaign=imageinfo&utm_content=thumbnail_unscaled,"https://commons.wikimedia.org/wiki/File:Jay_A._Garc%C3%ADa-Gregory,_U.S._District_Court_Judge.jpg",Public domain,false,,,false,,,false,Phase-2 sweep; FJC + CourtListener.
852,Aida M. Delgado-Colón,Delgado-Colón,prd,PRD0703,active,false,George W. Bush,Republican,2005-10-25,2006-03-06,2006-03-17,,,Catholic University of Puerto Rico School of Law,1980,Well Qualified,https://www.courtlistener.com/person/852/aida-m-delgado-colon/,https://upload.wikimedia.org/wikipedia/commons/f/fd/Aida_M._Delgado-Col%C3%B3n%2C_U.S._District_Court_Judge.jpg?utm_source=commons.wikimedia.org&utm_campaign=imageinfo&utm_content=thumbnail_unscaled,"https://commons.wikimedia.org/wiki/File:Aida_M._Delgado-Col%C3%B3n,_U.S._District_Court_Judge.jpg",Public domain,false,,,false,,,false,Phase-2 sweep; FJC + CourtListener.
265,Francisco Augusto Besosa,Besosa,prd,PRD0402,senior,false,George W. Bush,Republican,2006-05-16,2006-09-25,2006-09-27,2022-01-01,,Georgetown University Law Center,1979,Well Qualified,https://www.courtlistener.com/person/265/francisco-augusto-besosa/,https://upload.wikimedia.org/wikipedia/commons/0/0d/Francisco_Augusto_Besosa%2C_U.S._District_Court_Judge.jpg?utm_source=commons.wikimedia.org&utm_campaign=imageinfo&utm_content=thumbnail_unscaled,"https://commons.wikimedia.org/wiki/File:Francisco_Augusto_Besosa,_U.S._District_Court_Judge.jpg",Public domain,false,,,false,,,false,Phase-2 sweep; FJC + CourtListener.
851,Pedro Alberto Delgado Hernández,Delgado Hernández,prd,PRD0503,active,false,Barack Obama,Democratic,2014-01-06,2014-03-05,2014-03-07,,,University of Puerto Rico School of Law,1983,Well Qualified,https://www.courtlistener.com/person/851/pedro-alberto-delgado-hernandez/,https://upload.wikimedia.org/wikipedia/commons/thumb/a/aa/Pedro_Delgado_Hernandez.jpg/330px-Pedro_Delgado_Hernandez.jpg?utm_source=commons.wikimedia.org&utm_campaign=imageinfo&utm_content=thumbnail,https://commons.wikimedia.org/wiki/File:Pedro_Delgado_Hernandez.jpg,Public domain,false,,,false,,,false,Phase-2 sweep; FJC + CourtListener.
8535,Raúl Manuel Arias-Marxuach,Arias-Marxuach,prd,PRD0104,active,true,Donald J. Trump,Republican,2019-01-23,2019-05-02,2019-05-13,,,University of Puerto Rico School of Law,1992,Well Qualified,https://www.courtlistener.com/person/8535/raul-manuel-arias-marxuach/,https://upload.wikimedia.org/wikipedia/commons/thumb/b/b7/Hon._Ra%C3%BAl_M._Arias-Marxuach.jpg/330px-Hon._Ra%C3%BAl_M._Arias-Marxuach.jpg?utm_source=commons.wikimedia.org&utm_campaign=imageinfo&utm_content=thumbnail,https://commons.wikimedia.org/wiki/File:Hon._Ra%C3%BAl_M._Arias-Marxuach.jpg,CC BY-SA 4.0 — credit: Japontelucena,false,,,false,,,false,Phase-2 sweep; FJC + CourtListener.
,Silvia Luisa Carreño-Coll,Carreño-Coll,prd,PRD0304,active,false,Donald J. Trump,Republican,2019-10-15,2020-02-25,2020-02-26,,,University of Puerto Rico School of Law,1986,Well Qualified,,https://upload.wikimedia.org/wikipedia/commons/thumb/3/38/Hon-Silvia-Carreno-Coll.jpg/330px-Hon-Silvia-Carreno-Coll.jpg?utm_source=commons.wikimedia.org&utm_campaign=imageinfo&utm_content=thumbnail,https://commons.wikimedia.org/wiki/File:Hon-Silvia-Carreno-Coll.jpg,CC BY-SA 4.0 — credit: Japontelucena,false,,,false,,,false,Phase-2 sweep; FJC + CourtListener.
,María del R. Antongiorgi-Jordán,Antongiorgi-Jordán,prd,PRD0205,active,false,Joseph R. Biden,Democratic,2022-06-15,2022-11-15,2022-12-01,,,Interamerican University of Puerto Rico School of Law,1992,Qualified,,https://upload.wikimedia.org/wikipedia/commons/thumb/0/05/Mar%C3%ADa_del_R._Antongiorgi-Jord%C3%A1n.jpg/330px-Mar%C3%ADa_del_R._Antongiorgi-Jord%C3%A1n.jpg?utm_source=commons.wikimedia.org&utm_campaign=imageinfo&utm_content=thumbnail,https://commons.wikimedia.org/wiki/File:Mar%C3%ADa_del_R._Antongiorgi-Jord%C3%A1n.jpg,Public domain,false,,,false,,,false,Phase-2 sweep; FJC + CourtListener.
,Camille Lizette Vélez-Rivé,Vélez-Rivé,prd,PRD0403,active,false,Joseph R. Biden,Democratic,2022-06-15,2022-11-30,2022-12-09,,,University of Puerto Rico School of Law,1993,Well Qualified,,https://upload.wikimedia.org/wikipedia/commons/thumb/1/1d/Camille_L._V%C3%A9lez-Riv%C3%A9.jpg/330px-Camille_L._V%C3%A9lez-Riv%C3%A9.jpg?utm_source=commons.wikimedia.org&utm_campaign=imageinfo&utm_content=thumbnail,https://commons.wikimedia.org/wiki/File:Camille_L._V%C3%A9lez-Riv%C3%A9.jpg,Public domain,false,,,false,,,false,Phase-2 sweep; FJC + CourtListener.
,Gina Raquel Méndez-Miró,Méndez-Miró,prd,PRD0602,active,false,Joseph R. Biden,Democratic,2023-01-03,2023-02-14,2023-02-24,,,University of Puerto Rico School of Law,2001,Qualified,,https://upload.wikimedia.org/wikipedia/commons/thumb/9/9b/Official_Portrait_Judge_M%C3%A9ndez-Mir%C3%B3.jpg/330px-Official_Portrait_Judge_M%C3%A9ndez-Mir%C3%B3.jpg?utm_source=commons.wikimedia.org&utm_campaign=imageinfo&utm_content=thumbnail,https://commons.wikimedia.org/wiki/File:Official_Portrait_Judge_M%C3%A9ndez-Mir%C3%B3.jpg,CC BY-SA 4.0 — credit: Judicialreporting,false,,,false,,,false,Phase-2 sweep; FJC + CourtListener.
1946,Mary M. Lisi,Lisi,rid,RID0117,senior,false,William J. Clinton,Democratic,1994-01-27,1994-05-06,1994-05-09,2015-10-01,,Temple University School of Law (now James E. Beasley School of Law),1977,Qualified,https://www.courtlistener.com/person/1946/mary-m-lisi/,https://upload.wikimedia.org/wikipedia/commons/thumb/0/0e/MaryMLisi.jpg/330px-MaryMLisi.jpg?utm_source=commons.wikimedia.org&utm_campaign=imageinfo&utm_content=thumbnail,https://commons.wikimedia.org/wiki/File:MaryMLisi.jpg,Public domain,false,,,false,,,false,Phase-2 sweep; FJC + CourtListener.
2115,John James McConnell Jr.,McConnell,rid,RID0204,active,true,Barack Obama,Democratic,2011-01-05,2011-05-04,2011-05-06,,,Case Western Reserve University School of Law,1983,Qualified,https://www.courtlistener.com/person/2115/john-james-mcconnell-jr/,https://upload.wikimedia.org/wikipedia/commons/c/c0/JohnJMcConnell.jpg?utm_source=commons.wikimedia.org&utm_campaign=imageinfo&utm_content=thumbnail_unscaled,https://commons.wikimedia.org/wiki/File:JohnJMcConnell.jpg,Public domain,false,,,false,,,false,Phase-2 sweep; FJC + CourtListener.
14420,Mary Susan McElroy,McElroy,rid,RID0118,active,false,Donald J. Trump,Republican,2019-05-21,2019-09-11,2019-09-30,,,Suffolk University Law School,1992,Qualified,https://www.courtlistener.com/person/14420/mary-susan-mcelroy/,https://upload.wikimedia.org/wikipedia/commons/thumb/8/8f/Judge_Mary_S._McElroy.jpg/330px-Judge_Mary_S._McElroy.jpg?utm_source=commons.wikimedia.org&utm_campaign=imageinfo&utm_content=thumbnail,https://commons.wikimedia.org/wiki/File:Judge_Mary_S._McElroy.jpg,Public domain,false,,,false,,,false,Phase-2 sweep; FJC + CourtListener.
,Melissa Raye DuBose,DuBose,rid,RID0303,active,false,Joseph R. Biden,Democratic,2024-02-01,2024-03-12,2025-01-02,,,Roger Williams University School of Law,2004,Qualified,,https://upload.wikimedia.org/wikipedia/commons/thumb/c/c5/Melissa-R-DuBose-02-08-24.jpg/330px-Melissa-R-DuBose-02-08-24.jpg?utm_source=commons.wikimedia.org&utm_campaign=imageinfo&utm_content=thumbnail,https://commons.wikimedia.org/wiki/File:Melissa-R-DuBose-02-08-24.jpg,Public domain,false,,,false,,,false,Phase-2 sweep; FJC + CourtListener.
105,Joseph Fletcher Anderson Jr.,Anderson,scd,SCD0402,senior,false,Ronald Reagan,Republican,1986-09-26,1986-10-08,1986-10-14,2014-11-16,,University of South Carolina School of Law,1975,Qualified,https://www.courtlistener.com/person/105/joseph-fletcher-anderson-jr/,https://upload.wikimedia.org/wikipedia/commons/thumb/b/b5/Joseph_Fletcher_Anderson_Jr.png/330px-Joseph_Fletcher_Anderson_Jr.png?utm_source=commons.wikimedia.org&utm_campaign=imageinfo&utm_content=thumbnail,https://commons.wikimedia.org/wiki/File:Joseph_Fletcher_Anderson_Jr.png,Public domain,false,,,false,,,false,Phase-2 sweep; FJC + CourtListener.
2431,David C. Norton,Norton,scd,SCD0504,active,false,George H.W. Bush,Republican,1990-04-18,1990-06-28,1990-07-12,,,University of South Carolina School of Law,1975,Well Qualified,https://www.courtlistener.com/person/2431/david-c-norton/,,,,false,,,false,,,false,Phase-2 sweep; FJC + CourtListener.
1436,Henry Michael Herlong Jr.,Herlong,scd,SCD1001,senior,false,George H.W. Bush,Republican,1991-04-09,1991-05-09,1991-05-14,2009-06-01,,University of South Carolina School of Law,1970,Well Qualified,https://www.courtlistener.com/person/1436/henry-michael-herlong-jr/,,,,false,,,false,,,false,Phase-2 sweep; FJC + CourtListener.
775,Cameron McGowan Currie,Currie,scd,SCD0802,senior,false,William J. Clinton,Democratic,1994-01-27,1994-03-10,1994-03-11,2013-10-03,,George Washington University Law School,1975,Well Qualified,https://www.courtlistener.com/person/775/cameron-mcgowan-currie/,https://upload.wikimedia.org/wikipedia/commons/6/69/Cameron_McGowan_Currie_%28cropped%29.jpg?utm_source=commons.wikimedia.org&utm_campaign=imageinfo&utm_content=thumbnail_unscaled,https://commons.wikimedia.org/wiki/File:Cameron_McGowan_Currie_(cropped).jpg,Public domain,false,,,false,,,false,Phase-2 sweep; FJC + CourtListener.
3558,Terry L. Wooten,Wooten,scd,SCD1101,senior,false,George W. Bush,Republican,2001-09-04,2001-11-08,2001-11-26,2019-02-28,,University of South Carolina School of Law,1980,Well Qualified,https://www.courtlistener.com/person/3558/terry-l-wooten/,https://upload.wikimedia.org/wikipedia/commons/thumb/1/1e/Chief_Judge_Terry_Wooten.png/330px-Chief_Judge_Terry_Wooten.png?utm_source=commons.wikimedia.org&utm_campaign=imageinfo&utm_content=thumbnail,https://commons.wikimedia.org/wiki/File:Chief_Judge_Terry_Wooten.png,Public domain,false,,,false,,,false,Phase-2 sweep; FJC + CourtListener.
1387,Robert Bryan Harwell,Harwell,scd,SCD0902,senior,false,George W. Bush,Republican,2004-01-20,2004-06-24,2004-06-30,2024-06-04,,University of South Carolina School of Law,1982,Qualified,https://www.courtlistener.com/person/1387/robert-bryan-harwell/,,,,false,,,false,,,false,Phase-2 sweep; FJC + CourtListener.
1175,Richard Mark Gergel,Gergel,scd,SCD1002,active,false,Barack Obama,Democratic,2009-12-22,2010-08-05,2010-08-09,,,Duke University School of Law,1979,Well Qualified,https://www.courtlistener.com/person/1175/richard-mark-gergel/,https://upload.wikimedia.org/wikipedia/commons/thumb/e/eb/Richard_M._Gergel.png/330px-Richard_M._Gergel.png?utm_source=commons.wikimedia.org&utm_campaign=imageinfo&utm_content=thumbnail,https://commons.wikimedia.org/wiki/File:Richard_M._Gergel.png,Public domain,false,,,false,,,false,Phase-2 sweep; FJC + CourtListener.
505,Timothy Martin Cain,Cain,scd,SCD0703,active,true,Barack Obama,Democratic,2011-02-16,2011-09-20,2011-09-26,,,University of South Carolina School of Law,1986,Qualified,https://www.courtlistener.com/person/505/timothy-martin-cain/,https://upload.wikimedia.org/wikipedia/commons/b/bc/Timothy_M_Cain.png?utm_source=commons.wikimedia.org&utm_campaign=imageinfo&utm_content=thumbnail_unscaled,https://commons.wikimedia.org/wiki/File:Timothy_M_Cain.png,Public domain,false,,,false,,,false,Phase-2 sweep; FJC + CourtListener.
1926,Mary Geiger Lewis,Lewis,scd,SCD0306,active,false,Barack Obama,Democratic,2011-03-16,2012-06-18,2012-06-20,,,University of South Carolina School of Law,1984,Qualified,https://www.courtlistener.com/person/1926/mary-geiger-lewis/,https://upload.wikimedia.org/wikipedia/commons/thumb/f/f4/Mary_Geiger_Lewis.jpg/330px-Mary_Geiger_Lewis.jpg?utm_source=commons.wikimedia.org&utm_campaign=imageinfo&utm_content=thumbnail,https://commons.wikimedia.org/wiki/File:Mary_Geiger_Lewis.jpg,Public domain,false,,,false,,,false,Phase-2 sweep; FJC + CourtListener.
1431,Bruce Howe Hendricks,Hendricks,scd,SCD0605,active,false,Barack Obama,Democratic,2014-01-06,2014-06-04,2014-06-05,,,University of South Carolina School of Law,1990,Well Qualified,https://www.courtlistener.com/person/1431/bruce-howe-hendricks/,https://upload.wikimedia.org/wikipedia/commons/thumb/b/bf/Robe_B%26W.JPG/330px-Robe_B%26W.JPG?utm_source=commons.wikimedia.org&utm_campaign=imageinfo&utm_content=thumbnail,https://commons.wikimedia.org/wiki/File:Robe_B%26W.JPG,CC BY-SA 4.0 — credit: Djosevbrewer,false,,,false,,,false,Phase-2 sweep; FJC + CourtListener.
8563,Donald Cecil Coggins Jr.,Coggins,scd,SCD0403,active,false,Donald J. Trump,Republican,2017-08-03,2017-11-16,2017-11-20,,,University of South Carolina School of Law,1984,Well Qualified,https://www.courtlistener.com/person/8563/donald-cecil-coggins-jr/,https://upload.wikimedia.org/wikipedia/commons/thumb/4/45/Donald_Coggins_Jr_%28cropped%29.jpg/330px-Donald_Coggins_Jr_%28cropped%29.jpg?utm_source=commons.wikimedia.org&utm_campaign=imageinfo&utm_content=thumbnail,https://commons.wikimedia.org/wiki/File:Donald_Coggins_Jr_(cropped).jpg,Public domain,false,,,false,,,false,Phase-2 sweep; FJC + CourtListener.
,Sherri Allen Lydon,Lydon,scd,SCD0804,active,false,Donald J. Trump,Republican,2019-10-15,2019-12-05,2019-12-10,,,University of South Carolina School of Law,1987,Well Qualified,,https://upload.wikimedia.org/wikipedia/commons/thumb/1/16/Sherri_A._Lydon_official_photo.jpg/330px-Sherri_A._Lydon_official_photo.jpg?utm_source=commons.wikimedia.org&utm_campaign=imageinfo&utm_content=thumbnail,https://commons.wikimedia.org/wiki/File:Sherri_A._Lydon_official_photo.jpg,Public domain,false,,,false,,,false,Phase-2 sweep; FJC + CourtListener.
,Joseph Dawson III,Dawson,scd,SCD1102,active,false,Donald J. Trump,Republican,2020-10-23,2020-12-16,2020-12-22,,,University of South Carolina School of Law,1997,Well Qualified,,https://upload.wikimedia.org/wikipedia/commons/thumb/5/5f/Joseph_Dawson_III_%28Judge%29.jpg/330px-Joseph_Dawson_III_%28Judge%29.jpg?utm_source=commons.wikimedia.org&utm_campaign=imageinfo&utm_content=thumbnail,https://commons.wikimedia.org/wiki/File:Joseph_Dawson_III_(Judge).jpg,Public domain,false,,,false,,,false,Phase-2 sweep; FJC + CourtListener.
9530,Jacquelyn Denise Austin,Austin,scd,SCD0204,active,false,Joseph R. Biden,Democratic,2023-11-06,2024-01-24,2024-01-29,,,University of South Carolina School of Law,1996,Well Qualified,https://www.courtlistener.com/person/9530/jacquelyn-d-austin/,https://upload.wikimedia.org/wikipedia/commons/thumb/8/82/Jacquelyn_D._Austin_2nd_Cropped.png/330px-Jacquelyn_D._Austin_2nd_Cropped.png?utm_source=commons.wikimedia.org&utm_campaign=imageinfo&utm_content=thumbnail,https://commons.wikimedia.org/wiki/File:Jacquelyn_D._Austin_2nd_Cropped.png,CC BY-SA 4.0 — credit: U.S. Senate Judiciary Committee,false,,,false,,,false,Phase-2 sweep; FJC + CourtListener.
,Sheria Akins Clarke,Clarke,scd,SCD0903,active,false,Donald J. Trump,Republican,2026-03-02,2026-05-19,2026-06-18,,,University of North Carolina School of Law,2006,Well Qualified,,https://upload.wikimedia.org/wikipedia/commons/3/3e/Sheria_Akins_Clarke.png,https://commons.wikimedia.org/wiki/File:Sheria_Akins_Clarke.png,Public domain (PD-USGov) — credit: U.S. Senate Judiciary Committee,false,,,false,,,false,Phase-2 sweep; FJC + CourtListener.
3200,Clarence Thomas,Thomas,scotus,SCT1108,active,false,George H.W. Bush,Republican,1991-07-08,1991-10-15,1991-10-18,,,Yale Law School,1974,Qualified,https://www.courtlistener.com/person/3200/clarence-thomas/,https://upload.wikimedia.org/wikipedia/commons/thumb/5/58/Clarence_Thomas_official_SCOTUS_portrait.jpg/330px-Clarence_Thomas_official_SCOTUS_portrait.jpg?utm_source=commons.wikimedia.org&utm_campaign=imageinfo&utm_content=thumbnail,https://commons.wikimedia.org/wiki/File:Clarence_Thomas_official_SCOTUS_portrait.jpg,Public domain,false,,,false,,,false,Phase-2 sweep; FJC + CourtListener.
2738,John Glover Roberts Jr.,Roberts,scotus,SCT0117,active,true,George W. Bush,Republican,2005-09-06,2005-09-29,2005-09-29,,,Harvard Law School,1979,Well Qualified,https://www.courtlistener.com/person/2738/john-glover-roberts-jr/,https://upload.wikimedia.org/wikipedia/commons/thumb/4/43/Official_roberts_CJ.jpg/330px-Official_roberts_CJ.jpg?utm_source=commons.wikimedia.org&utm_campaign=imageinfo&utm_content=thumbnail,https://commons.wikimedia.org/wiki/File:Official_roberts_CJ.jpg,Public domain,false,,,false,,,false,Phase-2 sweep; FJC + CourtListener.
77,Samuel A. Alito Jr.,Alito,scotus,SCT0911,active,false,George W. Bush,Republican,2005-11-10,2006-01-31,2006-01-31,,,Yale Law School,1975,Well Qualified,https://www.courtlistener.com/person/77/samuel-a-alito-jr/,https://upload.wikimedia.org/wikipedia/commons/4/4f/Justice_Alito_official.jpg?utm_source=commons.wikimedia.org&utm_campaign=imageinfo&utm_content=thumbnail_unscaled,https://commons.wikimedia.org/wiki/File:Justice_Alito_official.jpg,Public domain,true,member,https://en.wikipedia.org/w/index.php?title=Samuel_Alito&oldid=1370974644,false,,,false,Phase-2 sweep; FJC + CourtListener.
3045,Sonia Sotomayor,Sotomayor,scotus,SCT0417,active,false,Barack Obama,Democratic,2009-06-01,2009-08-06,2009-08-06,,,Yale Law School,1979,Well Qualified,https://www.courtlistener.com/person/3045/sonia-sotomayor/,https://upload.wikimedia.org/wikipedia/commons/thumb/4/49/Sonia_Sotomayor_7_in_robe%2C_2009.jpg/330px-Sonia_Sotomayor_7_in_robe%2C_2009.jpg?utm_source=commons.wikimedia.org&utm_campaign=imageinfo&utm_content=thumbnail,"https://commons.wikimedia.org/wiki/File:Sonia_Sotomayor_7_in_robe,_2009.jpg",CC BY 3.0 — credit: Stacey Ilyse,false,,,false,,,false,Phase-2 sweep; FJC + CourtListener.
1691,Elena Kagan,Kagan,scotus,SCT0513,active,false,Barack Obama,Democratic,2010-05-10,2010-08-05,2010-08-06,,,Harvard Law School,1986,Well Qualified,https://www.courtlistener.com/person/1691/elena-kagan/,https://upload.wikimedia.org/wikipedia/commons/thumb/c/ce/Elena_Kagan_Official_SCOTUS_Portrait_%282013%29.jpg/330px-Elena_Kagan_Official_SCOTUS_Portrait_%282013%29.jpg?utm_source=commons.wikimedia.org&utm_campaign=imageinfo&utm_content=thumbnail,https://commons.wikimedia.org/wiki/File:Elena_Kagan_Official_SCOTUS_Portrait_(2013).jpg,"CC BY-SA 3.0 — credit: Steve Petteway, Collection of the Supreme Court of the United States",false,,,false,,,false,Phase-2 sweep; FJC + CourtListener.
1250,Neil M. Gorsuch,Gorsuch,scotus,SCT1008,active,false,Donald J. Trump,Republican,2017-02-01,2017-04-07,2017-04-08,,,Harvard Law School,1991,Well Qualified,https://www.courtlistener.com/person/1250/neil-mcgill-gorsuch/,https://upload.wikimedia.org/wikipedia/commons/thumb/9/97/Associate_Justice_Neil_Gorsuch_Official_Portrait.jpg/330px-Associate_Justice_Neil_Gorsuch_Official_Portrait.jpg?utm_source=commons.wikimedia.org&utm_campaign=imageinfo&utm_content=thumbnail,https://commons.wikimedia.org/wiki/File:Associate_Justice_Neil_Gorsuch_Official_Portrait.jpg,Public domain,true,listed,http://www.fed-soc.org/experts/detail/neil-gorsuch,false,,,false,Phase-2 sweep; FJC + CourtListener.
1713,Brett M. Kavanaugh,Kavanaugh,scotus,SCT0214,active,false,Donald J. Trump,Republican,2018-07-10,2018-10-06,2018-10-06,,,Yale Law School,1990,Well Qualified,https://www.courtlistener.com/person/1713/brett-m-kavanaugh/,https://upload.wikimedia.org/wikipedia/commons/thumb/a/a2/Associate_Justice_Brett_Kavanaugh_Official_Portrait.jpg/330px-Associate_Justice_Brett_Kavanaugh_Official_Portrait.jpg?utm_source=commons.wikimedia.org&utm_campaign=imageinfo&utm_content=thumbnail,https://commons.wikimedia.org/wiki/File:Associate_Justice_Brett_Kavanaugh_Official_Portrait.jpg,Public domain,true,member,https://en.wikipedia.org/w/index.php?title=Brett_Kavanaugh&oldid=1371542564,false,,,false,Phase-2 sweep; FJC + CourtListener.
8543,Amy Coney Barrett,Barrett,scotus,SCT0714,active,false,Donald J. Trump,Republican,2020-09-29,2020-10-26,2020-10-26,,,Notre Dame Law School,1997,Well Qualified,https://www.courtlistener.com/person/8543/amy-coney-barrett/,https://upload.wikimedia.org/wikipedia/commons/thumb/f/f2/Amy_Coney_Barrett_official_portrait.jpg/330px-Amy_Coney_Barrett_official_portrait.jpg?utm_source=commons.wikimedia.org&utm_campaign=imageinfo&utm_content=thumbnail,https://commons.wikimedia.org/wiki/File:Amy_Coney_Barrett_official_portrait.jpg,Public domain,true,member,https://en.wikipedia.org/w/index.php?title=Amy_Coney_Barrett&oldid=1371476330,false,,,false,Phase-2 sweep; FJC + CourtListener.
1609,Ketanji Brown Jackson,Jackson,scotus,SCT0314,active,false,Joseph R. Biden,Democratic,2022-02-28,2022-04-07,2022-04-08,,,Harvard Law School,1996,Well Qualified,https://www.courtlistener.com/person/1609/ketanji-brown-jackson/,https://upload.wikimedia.org/wikipedia/commons/thumb/0/0e/Ketanji_Brown_Jackson_2020.jpeg/330px-Ketanji_Brown_Jackson_2020.jpeg?utm_source=commons.wikimedia.org&utm_campaign=imageinfo&utm_content=thumbnail,https://commons.wikimedia.org/wiki/File:Ketanji_Brown_Jackson_2020.jpeg,"CC BY-SA 4.0 — credit: File:Ketanji Brown Jackson at Loeb House (Harvard University, 2020).jpg: Rose Lincoln, Harvard University derivative wor",false,,,false,,,false,Phase-2 sweep; FJC + CourtListener.
2568,Lawrence L. Piersol,Piersol,sdd,SDD0502,senior,false,William J. Clinton,Democratic,1993-08-06,1993-11-20,1993-11-22,2009-07-31,,University of South Dakota School of Law (now Knudson School of Law),1965,Well Qualified,https://www.courtlistener.com/person/2568/lawrence-l-piersol/,https://upload.wikimedia.org/wikipedia/commons/thumb/f/f8/Lawrence_Piersol.jpg/330px-Lawrence_Piersol.jpg?utm_source=commons.wikimedia.org&utm_campaign=imageinfo&utm_content=thumbnail,https://commons.wikimedia.org/wiki/File:Lawrence_Piersol.jpg,CC BY-SA 3.0 — credit: Koncurrentkat,false,,,false,,,false,Phase-2 sweep; FJC + CourtListener.
1813,Charles B. Kornmann,Kornmann,sdd,SDD0304,senior,false,William J. Clinton,Democratic,1995-01-23,1995-03-24,1995-03-24,2008-07-31,,Georgetown College (now Georgetown University) Law Center,1962,Qualified,https://www.courtlistener.com/person/1813/charles-b-kornmann/,,,,false,,,false,,,false,Phase-2 sweep; FJC + CourtListener.
2870,Karen E. Schreier,Schreier,sdd,SDD0404,senior,false,William J. Clinton,Democratic,1999-03-08,1999-06-30,1999-07-07,2024-05-15,,St. Louis University School of Law,1981,Qualified,https://www.courtlistener.com/person/2870/karen-e-schreier/,https://upload.wikimedia.org/wikipedia/commons/thumb/6/60/Karen_Schreier_%28cropped%29.jpg/330px-Karen_Schreier_%28cropped%29.jpg?utm_source=commons.wikimedia.org&utm_campaign=imageinfo&utm_content=thumbnail,https://commons.wikimedia.org/wiki/File:Karen_Schreier_(cropped).jpg,Public domain,false,,,false,,,false,Phase-2 sweep; FJC + CourtListener.
1853,Roberto Antonio Lange,Lange,sdd,SDD0305,active,true,Barack Obama,Democratic,2009-07-08,2009-10-21,2009-10-21,,,Northwestern University School of Law (now Pritzker School of Law),1988,Well Qualified,https://www.courtlistener.com/person/1853/roberto-antonio-lange/,https://upload.wikimedia.org/wikipedia/commons/thumb/9/97/Roberto_A._Lange_Headshot.png/330px-Roberto_A._Lange_Headshot.png?utm_source=commons.wikimedia.org&utm_campaign=imageinfo&utm_content=thumbnail,https://commons.wikimedia.org/wiki/File:Roberto_A._Lange_Headshot.png,Public domain,false,,,false,,,false,Phase-2 sweep; FJC + CourtListener.
,Eric Claude Schulte,Schulte,sdd,SDD0405,active,false,Joseph R. Biden,Democratic,2024-02-08,2024-05-15,2024-06-03,,,University of South Dakota School of Law (now Knudson School of Law),1999,Well Qualified,,https://upload.wikimedia.org/wikipedia/commons/thumb/e/e5/Eric_C._Schulte.png/330px-Eric_C._Schulte.png?utm_source=commons.wikimedia.org&utm_campaign=imageinfo&utm_content=thumbnail,https://commons.wikimedia.org/wiki/File:Eric_C._Schulte.png,Public domain,false,,,false,,,false,Phase-2 sweep; FJC + CourtListener.
,Camela Catherine Theeler,Theeler,sdd,SDD0504,active,false,Joseph R. Biden,Democratic,2024-02-08,2024-05-16,2024-06-04,,,University of South Dakota School of Law (now Knudson School of Law),2000,Well Qualified,,https://upload.wikimedia.org/wikipedia/commons/thumb/f/f3/Camela_C._Theeler.png/330px-Camela_C._Theeler.png?utm_source=commons.wikimedia.org&utm_campaign=imageinfo&utm_content=thumbnail,https://commons.wikimedia.org/wiki/File:Camela_C._Theeler.png,Public domain,false,,,false,,,false,Phase-2 sweep; FJC + CourtListener.
969,Robert Allan Edgar,Edgar,tned,TNED0303,senior,false,Ronald Reagan,Republican,1985-02-26,1985-04-15,1985-04-16,2005-10-07,,Duke University School of Law,1965,Qualified,https://www.courtlistener.com/person/969/robert-allan-edgar/,https://upload.wikimedia.org/wikipedia/commons/7/75/R._Allan_Edgar.jpg?utm_source=commons.wikimedia.org&utm_campaign=imageinfo&utm_content=thumbnail_unscaled,https://commons.wikimedia.org/wiki/File:R._Allan_Edgar.jpg,Public domain,false,,,false,,,false,Phase-2 sweep; FJC + CourtListener.
679,Curtis Lynn Collier,Collier,tned,TNED0501,senior,false,William J. Clinton,Democratic,1995-02-13,1995-05-08,1995-05-10,2014-10-31,,Duke University School of Law,1974,Well Qualified,https://www.courtlistener.com/person/679/curtis-lynn-collier/,https://upload.wikimedia.org/wikipedia/commons/b/bb/Curtis_L._Collier.jpg?utm_source=commons.wikimedia.org&utm_campaign=imageinfo&utm_content=thumbnail_unscaled,https://commons.wikimedia.org/wiki/File:Curtis_L._Collier.jpg,Public domain,false,,,false,,,false,Phase-2 sweep; FJC + CourtListener.
2560,Thomas W. Phillips,Phillips,tned,TNED0402,senior,false,George W. Bush,Republican,2002-06-26,2002-11-14,2002-11-15,2013-08-01,,Vanderbilt University Law School,1969,Well Qualified,https://www.courtlistener.com/person/2560/thomas-w-phillips/,https://upload.wikimedia.org/wikipedia/commons/5/5f/Thomas_W._Phillips.jpg?utm_source=commons.wikimedia.org&utm_campaign=imageinfo&utm_content=thumbnail_unscaled,https://commons.wikimedia.org/wiki/File:Thomas_W._Phillips.jpg,Public domain,false,,,false,,,false,Phase-2 sweep; FJC + CourtListener.
3313,Thomas A. Varlan,Varlan,tned,TNED0112,active,false,George W. Bush,Republican,2003-01-07,2003-03-13,2003-03-14,,,Vanderbilt University Law School,1981,Qualified,https://www.courtlistener.com/person/3313/thomas-a-varlan/,,,,false,,,false,,,false,Phase-2 sweep; FJC + CourtListener.
1280,J. Ronnie Greer,Greer,tned,TNED0204,senior,false,George W. Bush,Republican,2003-04-09,2003-06-11,2003-06-12,2018-06-30,,University of Tennessee College of Law,1980,Qualified,https://www.courtlistener.com/person/1280/j-ronnie-greer/,,,,false,,,false,,,false,Phase-2 sweep; FJC + CourtListener.
8601,Travis Randall McDonough,McDonough,tned,TNED0502,active,true,Barack Obama,Democratic,2015-01-07,2015-12-07,2015-12-10,,,Vanderbilt University Law School,1997,Qualified,https://www.courtlistener.com/person/8601/travis-randall-mcdonough/,https://upload.wikimedia.org/wikipedia/commons/thumb/5/5d/Travis_Randall_McDonough.jpg/330px-Travis_Randall_McDonough.jpg?utm_source=commons.wikimedia.org&utm_campaign=imageinfo&utm_content=thumbnail,https://commons.wikimedia.org/wiki/File:Travis_Randall_McDonough.jpg,CC BY-SA 4.0 — credit: TupeloBilly,false,,,false,,,false,Phase-2 sweep; FJC + CourtListener.
9919,Clifton Leland Corker,Corker,tned,TNED0205,active,false,Donald J. Trump,Republican,2019-01-23,2019-07-18,2019-07-22,,,William and Mary Law School,1993,Well Qualified,https://www.courtlistener.com/person/9919/clifton-l-corker/,https://upload.wikimedia.org/wikipedia/commons/thumb/a/af/Clifton_Corker_%28Judge%29_%28cropped%29.jpg/330px-Clifton_Corker_%28Judge%29_%28cropped%29.jpg?utm_source=commons.wikimedia.org&utm_campaign=imageinfo&utm_content=thumbnail,https://commons.wikimedia.org/wiki/File:Clifton_Corker_(Judge)_(cropped).jpg,Public domain,false,,,false,,,false,Phase-2 sweep; FJC + CourtListener.
,Charles Edward Atchley Jr.,Atchley,tned,TNED0305,active,false,Donald J. Trump,Republican,2020-09-22,2020-12-17,2020-12-22,,,"Samford University, Cumberland School of Law",1993,Qualified,,https://upload.wikimedia.org/wikipedia/commons/thumb/4/44/Charles_Edward_Atchley_Jr.png/330px-Charles_Edward_Atchley_Jr.png?utm_source=commons.wikimedia.org&utm_campaign=imageinfo&utm_content=thumbnail,https://commons.wikimedia.org/wiki/File:Charles_Edward_Atchley_Jr.png,Public domain,false,,,false,,,false,Phase-2 sweep; FJC + CourtListener.
,Katherine Amber Crytzer,Crytzer,tned,TNED0404,active,false,Donald J. Trump,Republican,2020-09-22,2020-12-16,2020-12-22,,,George Mason University School of Law (now Antonin Scalia Law School),2009,Qualified,,https://upload.wikimedia.org/wikipedia/commons/4/44/Katherine_A._Crytzer.jpg?utm_source=commons.wikimedia.org&utm_campaign=imageinfo&utm_content=thumbnail_unscaled,https://commons.wikimedia.org/wiki/File:Katherine_A._Crytzer.jpg,Public domain,false,,,false,,,false,Phase-2 sweep; FJC + CourtListener.
3253,Aleta Arthur Trauger,Trauger,tnmd,TNMD0602,active,false,William J. Clinton,Democratic,1998-09-22,1998-10-21,1998-10-22,,,Vanderbilt University Law School,1976,Well Qualified,https://www.courtlistener.com/person/3253/aleta-arthur-trauger/,,,,false,,,false,,,false,Phase-2 sweep; FJC + CourtListener.
8567,Waverly David Crenshaw Jr.,Crenshaw,tnmd,TNMD0405,active,false,Barack Obama,Democratic,2015-02-04,2016-04-11,2016-04-12,,,Vanderbilt University Law School,1981,Well Qualified,https://www.courtlistener.com/person/8567/waverly-david-crenshaw-jr/,https://upload.wikimedia.org/wikipedia/commons/thumb/f/f3/Waverly_D._Crenshaw_Jr_%28cropped%29.jpg/330px-Waverly_D._Crenshaw_Jr_%28cropped%29.jpg?utm_source=commons.wikimedia.org&utm_campaign=imageinfo&utm_content=thumbnail,https://commons.wikimedia.org/wiki/File:Waverly_D._Crenshaw_Jr_(cropped).jpg,Public domain,false,,,false,,,false,Phase-2 sweep; FJC + CourtListener.
8560,William Lynn Campbell Jr.,Campbell,tnmd,TNMD0703,active,true,Donald J. Trump,Republican,2017-07-13,2018-01-09,2018-01-12,,,University of Alabama School of Law,2001,Well Qualified,https://www.courtlistener.com/person/8560/william-lynn-campbell-jr/,https://upload.wikimedia.org/wikipedia/commons/thumb/6/6f/William_L_Campbell_Jr.png/330px-William_L_Campbell_Jr.png?utm_source=commons.wikimedia.org&utm_campaign=imageinfo&utm_content=thumbnail,https://commons.wikimedia.org/wiki/File:William_L_Campbell_Jr.png,Public domain,false,,,false,,,false,Phase-2 sweep; FJC + CourtListener.
8628,Eli Jeremy Richardson,Richardson,tnmd,TNMD0504,active,false,Donald J. Trump,Republican,2018-01-08,2018-10-11,2018-10-18,,,Vanderbilt University Law School,1992,Well Qualified,https://www.courtlistener.com/person/8628/eli-jeremy-richardson/,https://upload.wikimedia.org/wikipedia/commons/thumb/9/9c/Eli_J._Richardson_%28Judge%29_%28cropped%29.jpg/330px-Eli_J._Richardson_%28Judge%29_%28cropped%29.jpg?utm_source=commons.wikimedia.org&utm_campaign=imageinfo&utm_content=thumbnail,https://commons.wikimedia.org/wiki/File:Eli_J._Richardson_(Judge)_(cropped).jpg,Public domain,false,,,false,,,false,Phase-2 sweep; FJC + CourtListener.
3238,James Dale Todd,Todd,tnwd,TNWD0501,senior,false,Ronald Reagan,Republican,1985-06-05,1985-07-10,1985-07-11,2008-05-20,,Memphis State University (now University of Memphis) Cecil C. Humphreys School of Law,1972,Well Qualified,https://www.courtlistener.com/person/3238/james-dale-todd/,https://upload.wikimedia.org/wikipedia/commons/a/a0/James_Dale_Todd.jpg?utm_source=commons.wikimedia.org&utm_campaign=imageinfo&utm_content=thumbnail_unscaled,https://commons.wikimedia.org/wiki/File:James_Dale_Todd.jpg,Public domain,false,,,false,,,false,Phase-2 sweep; FJC + CourtListener.
2092,Samuel H. Mays Jr.,Mays,tnwd,TNWD0209,senior,false,George W. Bush,Republican,2002-01-23,2002-05-09,2002-05-10,2015-07-01,,Yale Law School,1973,Qualified,https://www.courtlistener.com/person/2092/samuel-h-mays-jr/,,,,false,,,false,,,false,Phase-2 sweep; FJC + CourtListener.
374,J. Daniel Breen,Breen,tnwd,TNWD0403,senior,false,George W. Bush,Republican,2003-01-07,2003-03-13,2003-03-14,2017-03-18,,University of Tennessee College of Law,1975,Well Qualified,https://www.courtlistener.com/person/374/j-daniel-breen/,https://upload.wikimedia.org/wikipedia/commons/b/bc/J._Daniel_Breen.png?utm_source=commons.wikimedia.org&utm_campaign=imageinfo&utm_content=thumbnail_unscaled,https://commons.wikimedia.org/wiki/File:J._Daniel_Breen.png,Public domain,false,,,false,,,false,Phase-2 sweep; FJC + CourtListener.
109,Stanley Thomas Anderson,Anderson,tnwd,TNWD0502,active,false,George W. Bush,Republican,2007-09-06,2008-04-10,2008-05-21,,,Memphis State University (now University of Memphis) Cecil C. Humphreys School of Law,1980,Qualified,https://www.courtlistener.com/person/109/stanley-thomas-anderson/,https://upload.wikimedia.org/wikipedia/commons/thumb/c/c8/Stanley_Thomas_Anderson.png/330px-Stanley_Thomas_Anderson.png?utm_source=commons.wikimedia.org&utm_campaign=imageinfo&utm_content=thumbnail,https://commons.wikimedia.org/wiki/File:Stanley_Thomas_Anderson.png,Public domain,false,,,false,,,false,Phase-2 sweep; FJC + CourtListener.
1101,John Thomas Fowlkes Jr.,Fowlkes,tnwd,TNWD0304,senior,false,Barack Obama,Democratic,2011-12-16,2012-07-10,2012-08-01,2022-09-01,,University of Denver College of Law (now Sturm College of Law),1977,Well Qualified,https://www.courtlistener.com/person/1101/john-thomas-fowlkes-jr/,https://upload.wikimedia.org/wikipedia/commons/9/90/John_Thomas_Fowlkes_Jr_%28cropped%29.jpg?utm_source=commons.wikimedia.org&utm_campaign=imageinfo&utm_content=thumbnail_unscaled,https://commons.wikimedia.org/wiki/File:John_Thomas_Fowlkes_Jr_(cropped).jpg,Public domain,false,,,false,,,false,Phase-2 sweep; FJC + CourtListener.
1945,Sheryl Halle Lipman,Lipman,tnwd,TNWD0602,active,true,Barack Obama,Democratic,2014-01-06,2014-04-30,2014-05-01,,,New York University School of Law,1987,Well Qualified,https://www.courtlistener.com/person/1945/sheryl-halle-lipman/,https://upload.wikimedia.org/wikipedia/commons/thumb/e/e0/Sheryl_H._Lipman%2C_U.S._District_Court_Judge.jpg/330px-Sheryl_H._Lipman%2C_U.S._District_Court_Judge.jpg?utm_source=commons.wikimedia.org&utm_campaign=imageinfo&utm_content=thumbnail,"https://commons.wikimedia.org/wiki/File:Sheryl_H._Lipman,_U.S._District_Court_Judge.jpg",Public domain,false,,,false,,,false,Phase-2 sweep; FJC + CourtListener.
8621,Thomas Lee Robinson Parker,Parker,tnwd,TNWD0210,active,false,Donald J. Trump,Republican,2017-07-13,2018-01-10,2018-01-30,,,Vanderbilt University Law School,1989,Well Qualified,https://www.courtlistener.com/person/8621/thomas-lee-robinson-parker/,https://upload.wikimedia.org/wikipedia/commons/thumb/a/a4/Thomas_Lee_R._Parker_%28cropped%29.jpg/330px-Thomas_Lee_R._Parker_%28cropped%29.jpg?utm_source=commons.wikimedia.org&utm_campaign=imageinfo&utm_content=thumbnail,https://commons.wikimedia.org/wiki/File:Thomas_Lee_R._Parker_(cropped).jpg,Public domain,false,,,false,,,false,Phase-2 sweep; FJC + CourtListener.
8614,Mark Saalfield Norris Sr.,Norris,tnwd,TNWD0404,active,false,Donald J. Trump,Republican,2018-01-08,2018-10-11,2018-11-08,,,University of Denver College of Law (now Sturm College of Law),1980,Qualified,https://www.courtlistener.com/person/8614/mark-saalfield-norris-sr/,https://upload.wikimedia.org/wikipedia/commons/thumb/8/8a/Mark_Norris_Sr._%28Judge%29_%28cropped%29.jpg/330px-Mark_Norris_Sr._%28Judge%29_%28cropped%29.jpg?utm_source=commons.wikimedia.org&utm_campaign=imageinfo&utm_content=thumbnail,https://commons.wikimedia.org/wiki/File:Mark_Norris_Sr._(Judge)_(cropped).jpg,Public domain,false,,,false,,,false,Phase-2 sweep; FJC + CourtListener.
,Brian Charles Lea,Lea,tnwd,TNWD0305,active,false,Donald J. Trump,Republican,2026-01-05,2026-02-05,2026-03-02,,,University of Georgia School of Law,2009,Well Qualified,,https://upload.wikimedia.org/wikipedia/commons/d/d7/Brian_Lea.png,https://commons.wikimedia.org/wiki/File:Brian_Lea.png,Public domain (PD-USGov) — credit: U.S. Senate Judiciary Committee,false,,,false,,,false,Phase-2 sweep; FJC + CourtListener.
2858,Richard A. Schell,Schell,txed,TXED0302,senior,false,Ronald Reagan,Republican,1988-04-13,1988-05-27,1988-06-06,2015-03-10,,Southern Methodist University School of Law (now Dedman School of Law),1975,Qualified,https://www.courtlistener.com/person/2858/richard-a-schell/,,,,false,,,false,,,false,Phase-2 sweep; FJC + CourtListener.
633,Ron Clark,Clark,txed,TXED0502,senior,false,George W. Bush,Republican,2002-01-23,2002-10-02,2002-10-10,2018-02-28,,University of Texas School of Law,1979,Well Qualified,https://www.courtlistener.com/person/633/ron-clark/,,,,false,,,false,,,false,Phase-2 sweep; FJC + CourtListener.
764,Marcia A. Crone,Crone,txed,TXED0801,active,false,George W. Bush,Republican,2003-05-01,2003-09-30,2003-10-03,,,University of Houston Law Center,1978,Qualified,https://www.courtlistener.com/person/764/marcia-a-crone/,,,,false,,,false,,,false,Phase-2 sweep; FJC + CourtListener.
1211,James Rodney Gilstrap,Gilstrap,txed,TXED0403,active,false,Barack Obama,Democratic,2011-05-19,2011-12-05,2011-12-06,,,Baylor University School of Law,1981,Qualified,https://www.courtlistener.com/person/1211/james-rodney-gilstrap/,https://upload.wikimedia.org/wikipedia/commons/4/40/J._Rodney_Gilstrap_%28cropped%29.jpg?utm_source=commons.wikimedia.org&utm_campaign=imageinfo&utm_content=thumbnail_unscaled,https://commons.wikimedia.org/wiki/File:J._Rodney_Gilstrap_(cropped).jpg,Public domain,false,,,false,,,false,Phase-2 sweep; FJC + CourtListener.
2093,Amos Louis Mazzant III,Mazzant,txed,TXED0112,active,true,Barack Obama,Democratic,2014-06-26,2014-12-16,2014-12-19,,,Baylor University School of Law,1990,Well Qualified,https://www.courtlistener.com/person/2093/amos-louis-mazzant-iii/,https://upload.wikimedia.org/wikipedia/commons/thumb/5/5b/Amos_Mazzant.jpg/330px-Amos_Mazzant.jpg?utm_source=commons.wikimedia.org&utm_campaign=imageinfo&utm_content=thumbnail,https://commons.wikimedia.org/wiki/File:Amos_Mazzant.jpg,Public domain,false,,,false,,,false,Phase-2 sweep; FJC + CourtListener.
2872,Robert William Schroeder III,Schroeder,txed,TXED0205,active,false,Barack Obama,Democratic,2014-06-26,2014-12-16,2014-12-19,,,"American University, Washington College of Law",1994,Well Qualified,https://www.courtlistener.com/person/2872/robert-william-schroeder-iii/,https://upload.wikimedia.org/wikipedia/commons/thumb/9/9f/Robert_Schroeder.jpg/330px-Robert_Schroeder.jpg?utm_source=commons.wikimedia.org&utm_campaign=imageinfo&utm_content=thumbnail,https://commons.wikimedia.org/wiki/File:Robert_Schroeder.jpg,Public domain,false,,,false,,,false,Phase-2 sweep; FJC + CourtListener.
8591,Jeremy Daniel Kernodle,Kernodle,txed,TXED0703,active,false,Donald J. Trump,Republican,2018-01-23,2018-10-11,2018-11-02,,,Vanderbilt University Law School,2001,Qualified,https://www.courtlistener.com/person/8591/jeremy-daniel-kernodle/,https://upload.wikimedia.org/wikipedia/commons/thumb/9/95/Jeremy_Kernodle_%28Judge%29_%28cropped%29.jpg/330px-Jeremy_Kernodle_%28Judge%29_%28cropped%29.jpg?utm_source=commons.wikimedia.org&utm_campaign=imageinfo&utm_content=thumbnail,https://commons.wikimedia.org/wiki/File:Jeremy_Kernodle_(Judge)_(cropped).jpg,Public domain,false,,,false,,,false,Phase-2 sweep; FJC + CourtListener.
8541,J. Campbell Barker,Barker,txed,TXED0603,active,false,Donald J. Trump,Republican,2019-01-23,2019-05-01,2019-05-03,,,University of Texas School of Law,2005,Well Qualified,https://www.courtlistener.com/person/8541/j-campbell-barker/,https://upload.wikimedia.org/wikipedia/commons/thumb/e/ea/J_Campbell_Barker.png/330px-J_Campbell_Barker.png?utm_source=commons.wikimedia.org&utm_campaign=imageinfo&utm_content=thumbnail,https://commons.wikimedia.org/wiki/File:J_Campbell_Barker.png,Public domain,false,,,false,,,false,Phase-2 sweep; FJC + CourtListener.
8643,Michael Joseph Truncale,Truncale,txed,TXED0503,active,false,Donald J. Trump,Republican,2019-01-23,2019-05-14,2019-05-16,,,Southern Methodist University School of Law (now Dedman School of Law),1985,Well Qualified,https://www.courtlistener.com/person/8643/michael-joseph-truncale/,https://upload.wikimedia.org/wikipedia/commons/thumb/1/13/Michael_J._Truncale_%28Judge%29_%28cropped%29.jpg/330px-Michael_J._Truncale_%28Judge%29_%28cropped%29.jpg?utm_source=commons.wikimedia.org&utm_campaign=imageinfo&utm_content=thumbnail,https://commons.wikimedia.org/wiki/File:Michael_J._Truncale_(Judge)_(cropped).jpg,Public domain,false,,,false,,,false,Phase-2 sweep; FJC + CourtListener.
14410,Sean D. Jordan,Jordan,txed,TXED0303,active,false,Donald J. Trump,Republican,2019-01-17,2019-07-30,2019-08-20,,,University of Texas School of Law,1994,Well Qualified,https://www.courtlistener.com/person/14410/sean-d-jordan/,https://upload.wikimedia.org/wikipedia/commons/thumb/b/bf/Sean_D._Jordan_%28Judge%29_%28cropped%29.jpg/330px-Sean_D._Jordan_%28Judge%29_%28cropped%29.jpg?utm_source=commons.wikimedia.org&utm_campaign=imageinfo&utm_content=thumbnail,https://commons.wikimedia.org/wiki/File:Sean_D._Jordan_(Judge)_(cropped).jpg,Public domain,true,member,https://en.wikipedia.org/w/index.php?title=Sean_D._Jordan&oldid=1350841354,false,,,false,Phase-2 sweep; FJC + CourtListener.
1061,A[llen] Joe Fish,Fish,txnd,TXND0503,senior,false,Ronald Reagan,Republican,1983-01-31,1983-02-23,1983-02-24,2007-11-12,,Yale Law School,1968,Qualified,https://www.courtlistener.com/person/1061/allen-joe-fish/,https://upload.wikimedia.org/wikipedia/commons/thumb/d/db/A._Joe_Fish%2C_U.S._District_Court_Judge.jpg/330px-A._Joe_Fish%2C_U.S._District_Court_Judge.jpg?utm_source=commons.wikimedia.org&utm_campaign=imageinfo&utm_content=thumbnail,"https://commons.wikimedia.org/wiki/File:A._Joe_Fish,_U.S._District_Court_Judge.jpg",Public domain,false,,,false,,,false,Phase-2 sweep; FJC + CourtListener.
2024,Robert B. Maloney,Maloney,txnd,TXND1101,senior,false,Ronald Reagan,Republican,1985-07-23,1985-10-16,1985-10-17,2000-08-31,,Southern Methodist University School of Law (now Dedman School of Law),1960,Qualified,https://www.courtlistener.com/person/2024/robert-b-maloney/,,,,false,,,false,,,false,Phase-2 sweep; FJC + CourtListener.
1073,Sidney Allen Fitzwater,Fitzwater,txnd,TXND0702,senior,false,Ronald Reagan,Republican,1986-01-29,1986-03-18,1986-03-19,2018-09-22,,Baylor University School of Law,1976,Qualified,https://www.courtlistener.com/person/1073/sidney-allen-fitzwater/,https://upload.wikimedia.org/wikipedia/commons/3/30/Sidney_Fitzwater_%28cropped%29.jpg?utm_source=commons.wikimedia.org&utm_campaign=imageinfo&utm_content=thumbnail_unscaled,https://commons.wikimedia.org/wiki/File:Sidney_Fitzwater_(cropped).jpg,Public domain,false,,,false,,,false,Phase-2 sweep; FJC + CourtListener.
770,Samuel Ray Cummings,Cummings,txnd,TXND0304,senior,false,Ronald Reagan,Republican,1987-07-31,1987-12-08,1987-12-09,2014-12-31,,Baylor University School of Law,1970,Qualified,https://www.courtlistener.com/person/770/samuel-ray-cummings/,,,,false,,,false,,,false,Phase-2 sweep; FJC + CourtListener.
2202,Terry R. Means,Means,txnd,TXND0802,senior,false,George H.W. Bush,Republican,1991-07-24,1991-10-31,1991-11-05,2013-07-03,,Southern Methodist University School of Law (now Dedman School of Law),1974,Qualified,https://www.courtlistener.com/person/2202/terry-r-means/,,,,false,,,false,,,false,Phase-2 sweep; FJC + CourtListener.
1940,Sam A. Lindsay,Lindsay,txnd,TXND1301,active,false,William J. Clinton,Democratic,1997-11-08,1998-03-11,1998-03-17,,,University of Texas School of Law,1977,Qualified,https://www.courtlistener.com/person/1940/sam-a-lindsay/,https://upload.wikimedia.org/wikipedia/commons/9/97/SamLindsay.JPG?utm_source=commons.wikimedia.org&utm_campaign=imageinfo&utm_content=thumbnail_unscaled,https://commons.wikimedia.org/wiki/File:SamLindsay.JPG,Public domain,false,,,false,,,false,Phase-2 sweep; FJC + CourtListener.
1220,David C. Godbey,Godbey,txnd,TXND1102,senior,false,George W. Bush,Republican,2002-01-23,2002-08-01,2002-08-02,2025-09-18,,Harvard Law School,1982,Well Qualified,https://www.courtlistener.com/person/1220/david-c-godbey/,,,,false,,,false,,,false,Phase-2 sweep; FJC + CourtListener.
1782,James E. Kinkeade,Kinkeade,txnd,TXND1202,active,false,George W. Bush,Republican,2002-07-18,2002-11-14,2002-11-15,,,Baylor University School of Law,1974,Well Qualified,https://www.courtlistener.com/person/1782/james-e-kinkeade/,,,,false,,,false,,,false,Phase-2 sweep; FJC + CourtListener.
352,Jane J. Boyle,Boyle,txnd,TXND0205,senior,false,George W. Bush,Republican,2003-11-24,2004-06-17,2004-06-29,2025-10-01,,Southern Methodist University School of Law (now Dedman School of Law),1981,Well Qualified,https://www.courtlistener.com/person/352/jane-j-boyle/,,,,false,,,false,,,false,Phase-2 sweep; FJC + CourtListener.
2448,Reed Charles O'Connor,O'Connor,txnd,TXND0504,active,true,George W. Bush,Republican,2007-06-27,2007-11-16,2007-11-21,,,South Texas College of Law,1989,Well Qualified,https://www.courtlistener.com/person/2448/reed-charles-oconnor/,https://upload.wikimedia.org/wikipedia/commons/thumb/4/47/Reed_O%27Connor_%28cropped%29.jpg/330px-Reed_O%27Connor_%28cropped%29.jpg?utm_source=commons.wikimedia.org&utm_campaign=imageinfo&utm_content=thumbnail,https://commons.wikimedia.org/wiki/File:Reed_O%27Connor_(cropped).jpg,Public domain,true,contributor,https://en.wikipedia.org/w/index.php?title=Reed_O%27Connor&oldid=1368195541,false,,,false,Phase-2 sweep; FJC + CourtListener.
8656,Karen Gren Scholer,Scholer,txnd,TXND0604,active,false,Donald J. Trump,Republican,2017-09-07,2018-03-05,2018-03-06,,,Cornell Law School,1982,Well Qualified,https://www.courtlistener.com/person/8656/karen-gren-scholer/,https://upload.wikimedia.org/wikipedia/commons/thumb/7/77/KGS_Swearing_In_Ceremony.jpg/330px-KGS_Swearing_In_Ceremony.jpg?utm_source=commons.wikimedia.org&utm_campaign=imageinfo&utm_content=thumbnail,https://commons.wikimedia.org/wiki/File:KGS_Swearing_In_Ceremony.jpg,CC BY-SA 4.0 — credit: VAE1126,false,,,false,,,false,Phase-2 sweep; FJC + CourtListener.
8587,Matthew Joseph Kacsmaryk,Kacsmaryk,txnd,TXND1002,active,false,Donald J. Trump,Republican,2019-01-23,2019-06-19,2019-06-21,,,University of Texas School of Law,2003,Qualified,https://www.courtlistener.com/person/8587/matthew-joseph-kacsmaryk/,https://upload.wikimedia.org/wikipedia/commons/thumb/c/c4/Matthew_Kacsmaryk_%28Judge%29_%28cropped%29.jpg/330px-Matthew_Kacsmaryk_%28Judge%29_%28cropped%29.jpg?utm_source=commons.wikimedia.org&utm_campaign=imageinfo&utm_content=thumbnail,https://commons.wikimedia.org/wiki/File:Matthew_Kacsmaryk_(Judge)_(cropped).jpg,Public domain,true,member,https://en.wikipedia.org/w/index.php?title=Matthew_Kacsmaryk&oldid=1369029159,false,,,false,Phase-2 sweep; FJC + CourtListener.
14412,Mark Timothy Pittman,Pittman,txnd,TXND0405,active,false,Donald J. Trump,Republican,2019-01-17,2019-07-31,2019-08-05,,,University of Texas School of Law,1999,Qualified,https://www.courtlistener.com/person/14412/mark-timothy-pittman/,https://upload.wikimedia.org/wikipedia/commons/6/6a/Judge_Mark_T._Pittman.jpg?utm_source=commons.wikimedia.org&utm_campaign=imageinfo&utm_content=thumbnail_unscaled,https://commons.wikimedia.org/wiki/File:Judge_Mark_T._Pittman.jpg,Public domain,true,member,https://en.wikipedia.org/w/index.php?title=Mark_T._Pittman&oldid=1366237921,false,,,false,Phase-2 sweep; FJC + CourtListener.
14422,Brantley David Starr,Starr,txnd,TXND0703,active,false,Donald J. Trump,Republican,2019-03-11,2019-07-31,2019-08-06,,,University of Texas School of Law,2004,Qualified,https://www.courtlistener.com/person/14422/brantley-david-starr/,https://upload.wikimedia.org/wikipedia/commons/thumb/0/0b/Brantley_Starr_%28Judge%29.jpg/330px-Brantley_Starr_%28Judge%29.jpg?utm_source=commons.wikimedia.org&utm_campaign=imageinfo&utm_content=thumbnail,https://commons.wikimedia.org/wiki/File:Brantley_Starr_(Judge).jpg,Public domain,true,member,https://en.wikipedia.org/w/index.php?title=Brantley_Starr&oldid=1368120525,false,,,false,Phase-2 sweep; FJC + CourtListener.
,James Wesley Hendrix,Hendrix,txnd,TXND0305,active,false,Donald J. Trump,Republican,2019-01-17,2019-07-30,2019-08-08,,,University of Texas School of Law,2003,Well Qualified,,https://upload.wikimedia.org/wikipedia/commons/5/56/James_Wesley_Hendrix_headshot.jpg?utm_source=commons.wikimedia.org&utm_campaign=imageinfo&utm_content=thumbnail_unscaled,https://commons.wikimedia.org/wiki/File:James_Wesley_Hendrix_headshot.jpg,Public domain,false,,,false,,,false,Phase-2 sweep; FJC + CourtListener.
14421,Ada Elene Brown,Brown,txnd,TXND0803,active,false,Donald J. Trump,Republican,2019-03-26,2019-09-11,2019-09-13,,,Emory University School of Law,1999,Well Qualified,https://www.courtlistener.com/person/14421/ada-elene-brown/,https://upload.wikimedia.org/wikipedia/commons/thumb/1/14/Ada_E._Brown.jpg/330px-Ada_E._Brown.jpg?utm_source=commons.wikimedia.org&utm_campaign=imageinfo&utm_content=thumbnail,https://commons.wikimedia.org/wiki/File:Ada_E._Brown.jpg,Public domain,true,member,https://en.wikipedia.org/w/index.php?title=Ada_Brown_%28judge%29&oldid=1366212772,false,,,false,Phase-2 sweep; FJC + CourtListener.
1412,Hayden Wilson Head Jr.,Head,txsd,TXSD0802,senior,false,Ronald Reagan,Republican,1981-09-17,1981-10-21,1981-10-26,2009-11-13,,University of Texas School of Law,1968,Qualified,https://www.courtlistener.com/person/1412/hayden-wilson-head-jr/,,,,false,,,false,,,false,Phase-2 sweep; FJC + CourtListener.
1469,Ricardo H. Hinojosa,Hinojosa,txsd,TXSD0702,senior,false,Ronald Reagan,Republican,1983-04-12,1983-05-04,1983-05-05,2025-05-21,,Harvard Law School,1975,Qualified,https://www.courtlistener.com/person/1469/ricardo-h-hinojosa/,https://upload.wikimedia.org/wikipedia/commons/b/b4/Ricardo_Hinojosa_District_Judge.jpg?utm_source=commons.wikimedia.org&utm_campaign=imageinfo&utm_content=thumbnail_unscaled,https://commons.wikimedia.org/wiki/File:Ricardo_Hinojosa_District_Judge.jpg,Public domain,false,,,false,,,false,Phase-2 sweep; FJC + CourtListener.
1550,Lynn Nettleton Hughes,Hughes,txsd,TXSD0303,senior,false,Ronald Reagan,Republican,1985-10-16,1985-12-16,1985-12-17,2023-02-12,,University of Texas School of Law,1966,Well Qualified,https://www.courtlistener.com/person/1550/lynn-nettleton-hughes/,https://upload.wikimedia.org/wikipedia/commons/7/7b/Lynn_Nettleton_Hughes.jpg?utm_source=commons.wikimedia.org&utm_campaign=imageinfo&utm_content=thumbnail_unscaled,https://commons.wikimedia.org/wiki/File:Lynn_Nettleton_Hughes.jpg,Public domain,false,,,false,,,false,Phase-2 sweep; FJC + CourtListener.
1471,David Hittner,Hittner,txsd,TXSD0902,senior,false,Ronald Reagan,Republican,1986-04-22,1986-06-06,1986-06-09,2004-11-11,,New York University School of Law,1964,Well Qualified,https://www.courtlistener.com/person/1471/david-hittner/,https://upload.wikimedia.org/wikipedia/commons/1/11/David_Hittner.jpg?utm_source=commons.wikimedia.org&utm_campaign=imageinfo&utm_content=thumbnail_unscaled,https://commons.wikimedia.org/wiki/File:David_Hittner.jpg,Public domain,false,,,false,,,false,Phase-2 sweep; FJC + CourtListener.
1541,Kenneth M. Hoyt,Hoyt,txsd,TXSD0106,senior,false,Ronald Reagan,Republican,1987-11-24,1988-03-31,1988-04-01,2013-03-02,,Texas Southern University School of Law,1972,Well Qualified,https://www.courtlistener.com/person/1541/kenneth-m-hoyt/,,,,false,,,false,,,false,Phase-2 sweep; FJC + CourtListener.
1840,Simeon Timothy Lake III,Lake,txsd,TXSD0204,senior,false,Ronald Reagan,Republican,1988-03-30,1988-08-11,1988-08-12,2019-07-05,,University of Texas School of Law,1969,Well Qualified,https://www.courtlistener.com/person/1840/simeon-timothy-lake-iii/,,,,false,,,false,,,false,Phase-2 sweep; FJC + CourtListener.
1368,Melinda Harmon,Harmon,txsd,TXSD0602,senior,false,George H.W. Bush,Republican,1989-02-28,1989-05-18,1989-05-22,2018-03-31,,University of Texas School of Law,1972,Qualified,https://www.courtlistener.com/person/1368/melinda-harmon/,,,,false,,,false,,,false,Phase-2 sweep; FJC + CourtListener.
2651,John David Rainey,Rainey,txsd,TXSD1202,senior,false,George H.W. Bush,Republican,1990-01-24,1990-05-11,1990-05-14,2010-06-11,,Southern Methodist University School of Law (now Dedman School of Law),1972,Well Qualified,https://www.courtlistener.com/person/2651/john-david-rainey/,,,,false,,,false,,,false,Phase-2 sweep; FJC + CourtListener.
3426,Ewing Werlein Jr.,Werlein,txsd,TXSD1401,senior,false,George H.W. Bush,Republican,1991-11-20,1992-04-08,1992-04-13,2006-01-01,,University of Texas School of Law,1961,Well Qualified,https://www.courtlistener.com/person/3426/ewing-werlein-jr/,,,,false,,,false,,,false,Phase-2 sweep; FJC + CourtListener.
2783,Lee Hyman Rosenthal,Rosenthal,txsd,TXSD1501,senior,false,George H.W. Bush,Republican,1992-03-20,1992-05-12,1992-05-13,2024-12-01,,University of Chicago Law School,1977,Well Qualified,https://www.courtlistener.com/person/2783/lee-hyman-rosenthal/,https://upload.wikimedia.org/wikipedia/commons/thumb/9/9b/Lee.Rosenthal4224.jpg/330px-Lee.Rosenthal4224.jpg?utm_source=commons.wikimedia.org&utm_campaign=imageinfo&utm_content=thumbnail,https://commons.wikimedia.org/wiki/File:Lee.Rosenthal4224.jpg,CC BY-SA 3.0 — credit: SPDuffy527,false,,,false,,,false,Phase-2 sweep; FJC + CourtListener.
1601,Janis Graham Jack,Jack,txsd,TXSD1601,senior,false,William J. Clinton,Democratic,1993-11-19,1994-03-10,1994-03-11,2011-06-01,,South Texas College of Law,1981,Qualified,https://www.courtlistener.com/person/1601/janis-graham-jack/,,,,false,,,false,,,false,Phase-2 sweep; FJC + CourtListener.
3159,Hilda G. Tagle,Tagle,txsd,TXSD1801,senior,false,William J. Clinton,Democratic,1997-03-21,1998-03-11,1998-03-17,2012-12-31,,University of Texas School of Law,1977,Qualified,https://www.courtlistener.com/person/3159/hilda-g-tagle/,,,,false,,,false,,,false,Phase-2 sweep; FJC + CourtListener.
990,Keith P. Ellison,Ellison,txsd,TXSD1102,active,false,William J. Clinton,Democratic,1999-01-26,1999-06-30,1999-07-07,,,Yale Law School,1976,Qualified,https://www.courtlistener.com/person/990/keith-p-ellison/,,,,false,,,false,,,false,Phase-2 sweep; FJC + CourtListener.
756,Randy Crane,Crane,txsd,TXSD1901,active,true,George W. Bush,Republican,2001-09-21,2002-03-18,2002-03-19,,,University of Texas School of Law,1987,Qualified,https://www.courtlistener.com/person/756/randy-crane/,https://upload.wikimedia.org/wikipedia/commons/thumb/4/44/Administrative_Office_of_the_U.S._Courts_photo_of_Judge_Randy_Crane.jpg/330px-Administrative_Office_of_the_U.S._Courts_photo_of_Judge_Randy_Crane.jpg?utm_source=commons.wikimedia.org&utm_campaign=imageinfo&utm_content=thumbnail,https://commons.wikimedia.org/wiki/File:Administrative_Office_of_the_U.S._Courts_photo_of_Judge_Randy_Crane.jpg,Public domain,false,,,false,,,false,Phase-2 sweep; FJC + CourtListener.
1354,Andrew S. Hanen,Hanen,txsd,TXSD0404,senior,false,George W. Bush,Republican,2002-01-23,2002-05-09,2002-05-10,2025-01-02,,Baylor University School of Law,1978,Well Qualified,https://www.courtlistener.com/person/1354/andrew-s-hanen/,https://upload.wikimedia.org/wikipedia/commons/3/38/Judge_Andrew_S._Hanen.jpg?utm_source=commons.wikimedia.org&utm_campaign=imageinfo&utm_content=thumbnail_unscaled,https://commons.wikimedia.org/wiki/File:Judge_Andrew_S._Hanen.jpg,Public domain,false,,,false,,,false,Phase-2 sweep; FJC + CourtListener.
92,Micaela Alvarez,Alvarez,txsd,TXSD0903,senior,false,George W. Bush,Republican,2004-06-16,2004-11-20,2004-12-13,2023-06-08,,University of Texas School of Law,1989,Qualified,https://www.courtlistener.com/person/92/micaela-alvarez/,https://upload.wikimedia.org/wikipedia/commons/thumb/5/51/Micaela_Alvarez.png/330px-Micaela_Alvarez.png?utm_source=commons.wikimedia.org&utm_campaign=imageinfo&utm_content=thumbnail,https://commons.wikimedia.org/wiki/File:Micaela_Alvarez.png,Public domain,false,,,false,,,false,Phase-2 sweep; FJC + CourtListener.
2250,Gray Hampton Miller,Miller,txsd,TXSD1402,senior,false,George W. Bush,Republican,2006-01-25,2006-04-25,2006-04-25,2018-12-09,,University of Houston Law Center,1978,Well Qualified,https://www.courtlistener.com/person/2250/gray-hampton-miller/,https://upload.wikimedia.org/wikipedia/commons/thumb/c/ce/Gray_Hampton_Miller.jpg/330px-Gray_Hampton_Miller.jpg?utm_source=commons.wikimedia.org&utm_campaign=imageinfo&utm_content=thumbnail,https://commons.wikimedia.org/wiki/File:Gray_Hampton_Miller.jpg,Public domain,false,,,false,,,false,Phase-2 sweep; FJC + CourtListener.
2827,Diana Saldaña,Saldaña,txsd,TXSD1302,active,false,Barack Obama,Democratic,2011-01-05,2011-02-07,2011-02-09,,,University of Texas School of Law,1997,Well Qualified,https://www.courtlistener.com/person/2827/diana-saldana/,https://upload.wikimedia.org/wikipedia/commons/thumb/7/74/Diana_Saldana_%28Judge%29.jpg/330px-Diana_Saldana_%28Judge%29.jpg?utm_source=commons.wikimedia.org&utm_campaign=imageinfo&utm_content=thumbnail,https://commons.wikimedia.org/wiki/File:Diana_Saldana_(Judge).jpg,Public domain,false,,,false,,,false,Phase-2 sweep; FJC + CourtListener.
2656,Nelva Gonzales Ramos,Ramos,txsd,TXSD0803,active,false,Barack Obama,Democratic,2011-01-26,2011-08-02,2011-08-04,,,University of Texas School of Law,1991,Qualified,https://www.courtlistener.com/person/2656/nelva-gonzales-ramos/,https://upload.wikimedia.org/wikipedia/commons/thumb/9/9e/Nelva_G._Ramos.jpg/330px-Nelva_G._Ramos.jpg?utm_source=commons.wikimedia.org&utm_campaign=imageinfo&utm_content=thumbnail,https://commons.wikimedia.org/wiki/File:Nelva_G._Ramos.jpg,Public domain,false,,,false,,,false,Phase-2 sweep; FJC + CourtListener.
1150,Marina Garcia Marmolejo,Garcia Marmolejo,txsd,TXSD0505,active,false,Barack Obama,Democratic,2011-01-05,2011-10-03,2011-10-04,,,"St. Mary's University School of Law, Texas",1996,Qualified,https://www.courtlistener.com/person/1150/marina-garcia-marmolejo/,https://upload.wikimedia.org/wikipedia/commons/f/fa/Marina_Marmolejo_%28cropped%29.jpg?utm_source=commons.wikimedia.org&utm_campaign=imageinfo&utm_content=thumbnail_unscaled,https://commons.wikimedia.org/wiki/File:Marina_Marmolejo_(cropped).jpg,Public domain,false,,,false,,,false,Phase-2 sweep; FJC + CourtListener.
250,Alfred Homer Bennett,Bennett,txsd,TXSD0107,active,false,Barack Obama,Democratic,2015-01-07,2015-04-13,2015-04-15,,,University of Texas School of Law,1991,Qualified,https://www.courtlistener.com/person/250/alfred-homer-bennett/,https://upload.wikimedia.org/wikipedia/commons/9/9b/Alfred_H_Bennett.jpg?utm_source=commons.wikimedia.org&utm_campaign=imageinfo&utm_content=thumbnail_unscaled,https://commons.wikimedia.org/wiki/File:Alfred_H_Bennett.jpg,Public domain,false,,,false,,,false,Phase-2 sweep; FJC + CourtListener.
8581,George Carol Hanks Jr.,Hanks,txsd,TXSD1003,active,false,Barack Obama,Democratic,2015-01-07,2015-04-20,2015-04-22,,,Harvard Law School,1989,Well Qualified,https://www.courtlistener.com/person/8581/george-carol-hanks-jr/,https://upload.wikimedia.org/wikipedia/commons/3/39/Judgegeorgehanks.png?utm_source=commons.wikimedia.org&utm_campaign=imageinfo&utm_content=thumbnail_unscaled,https://commons.wikimedia.org/wiki/File:Judgegeorgehanks.png,Public domain,false,,,false,,,false,Phase-2 sweep; FJC + CourtListener.
8617,Jose Rolando Olvera Jr.,Olvera,txsd,TXSD1802,active,false,Barack Obama,Democratic,2015-01-07,2015-05-21,2015-08-04,,,University of Texas School of Law,1989,Well Qualified,https://www.courtlistener.com/person/8617/jose-rolando-olvera-jr/,https://upload.wikimedia.org/wikipedia/commons/thumb/8/85/Jose_Olvera_Jr.jpg/330px-Jose_Olvera_Jr.jpg?utm_source=commons.wikimedia.org&utm_campaign=imageinfo&utm_content=thumbnail,https://commons.wikimedia.org/wiki/File:Jose_Olvera_Jr.jpg,Public domain,false,,,false,,,false,Phase-2 sweep; FJC + CourtListener.
8630,Fernando Rodriguez Jr.,Rodriguez,txsd,TXSD1204,active,false,Donald J. Trump,Republican,2017-09-07,2018-06-05,2018-06-12,,,University of Texas School of Law,1997,Qualified,https://www.courtlistener.com/person/8630/fernando-rodriguez-jr/,https://upload.wikimedia.org/wikipedia/commons/thumb/8/8b/Fernando_Rodriguez_Jr._%28Judge%29_%28cropped%29.jpg/330px-Fernando_Rodriguez_Jr._%28Judge%29_%28cropped%29.jpg?utm_source=commons.wikimedia.org&utm_campaign=imageinfo&utm_content=thumbnail,https://commons.wikimedia.org/wiki/File:Fernando_Rodriguez_Jr._(Judge)_(cropped).jpg,Public domain,false,,,false,,,false,Phase-2 sweep; FJC + CourtListener.
8605,David Steven Morales,Morales,txsd,TXSD1602,active,false,Donald J. Trump,Republican,2019-01-23,2019-04-10,2019-04-25,,,"St. Mary's University School of Law, Texas",1994,Well Qualified,https://www.courtlistener.com/person/8605/david-steven-morales/,https://upload.wikimedia.org/wikipedia/commons/thumb/a/ac/David_Steven_Morales_%28Judge%29.jpg/330px-David_Steven_Morales_%28Judge%29.jpg?utm_source=commons.wikimedia.org&utm_campaign=imageinfo&utm_content=thumbnail,https://commons.wikimedia.org/wiki/File:David_Steven_Morales_(Judge).jpg,Public domain,false,,,false,,,false,Phase-2 sweep; FJC + CourtListener.
,Jeffrey Vincent Brown,Brown,txsd,TXSD0603,active,false,Donald J. Trump,Republican,2019-03-11,2019-07-31,2019-09-04,,,University of Houston Law Center,1995,Well Qualified,,https://upload.wikimedia.org/wikipedia/commons/thumb/2/2a/JeffBrown_2.jpg/330px-JeffBrown_2.jpg?utm_source=commons.wikimedia.org&utm_campaign=imageinfo&utm_content=thumbnail,https://commons.wikimedia.org/wiki/File:JeffBrown_2.jpg,Public domain,false,,,false,,,false,Phase-2 sweep; FJC + CourtListener.
14443,Charles R. Eskridge III,Eskridge,txsd,TXSD1403,active,false,Donald J. Trump,Republican,2019-05-13,2019-10-16,2019-10-17,,,Pepperdine University School of Law (now Rick J. Caruso School of Law),1990,Well Qualified,https://www.courtlistener.com/person/14443/charles-r-eskridge-iii/,https://upload.wikimedia.org/wikipedia/commons/thumb/7/7d/Charles_Eskridge%2C_U.S._District_Court_Judge.jpg/330px-Charles_Eskridge%2C_U.S._District_Court_Judge.jpg?utm_source=commons.wikimedia.org&utm_campaign=imageinfo&utm_content=thumbnail,"https://commons.wikimedia.org/wiki/File:Charles_Eskridge,_U.S._District_Court_Judge.jpg",Public domain,true,member,https://en.wikipedia.org/w/index.php?title=Charles_R._Eskridge_III&oldid=1358418837,false,,,false,Phase-2 sweep; FJC + CourtListener.
,Drew Barnett Tipton,Tipton,txsd,TXSD0205,active,false,Donald J. Trump,Republican,2020-02-04,2020-06-03,2020-06-15,,,South Texas College of Law,1994,Well Qualified,,https://upload.wikimedia.org/wikipedia/commons/d/da/Judge-Drew-Tipton.jpg?utm_source=commons.wikimedia.org&utm_campaign=imageinfo&utm_content=thumbnail_unscaled,https://commons.wikimedia.org/wiki/File:Judge-Drew-Tipton.jpg,Public domain,false,,,false,,,false,Phase-2 sweep; FJC + CourtListener.
9583,John Andrew Kazen,Kazen,txsd,TXSD1702,active,false,Joseph R. Biden,Democratic,2023-09-11,2024-01-09,2024-01-12,,,University of Houston Law Center,1990,Well Qualified,https://www.courtlistener.com/person/9583/john-a-kazen/,https://upload.wikimedia.org/wikipedia/commons/f/f8/John_Kazen.jpg,https://commons.wikimedia.org/wiki/File:John_Kazen.jpg,Public domain (PD-USGov-Congress) — credit: U.S. Senate Judiciary Committee,false,,,false,,,false,Phase-2 sweep; FJC + CourtListener.
,Nicholas Jon Ganjei,Ganjei,txsd,TXSD0304,active,false,Donald J. Trump,Republican,2026-01-05,2026-02-03,2026-03-10,,,"University of California, Berkeley, School of Law",2005,Qualified,,https://upload.wikimedia.org/wikipedia/commons/2/21/Photo_of_Nicholas_Ganjei_at_press_conference_-_July_2025_-_1.jpg,https://commons.wikimedia.org/wiki/File:Photo_of_Nicholas_Ganjei_at_press_conference_-_July_2025_-_1.jpg,"CC0 1.0 — self-uploaded (uploader JDL6770, claimed as own work)",false,,,false,,,false,Phase-2 sweep; FJC + CourtListener.
2434,James Robertson Nowlin,Nowlin,txwd,TXWD0206,senior,false,Ronald Reagan,Republican,1981-09-17,1981-10-21,1981-10-26,2003-05-31,,University of Texas School of Law,1963,Qualified,https://www.courtlistener.com/person/2434/james-robertson-nowlin/,https://upload.wikimedia.org/wikipedia/commons/thumb/1/1c/James_Nowlin_%28cropped%29.jpg/330px-James_Nowlin_%28cropped%29.jpg?utm_source=commons.wikimedia.org&utm_campaign=imageinfo&utm_content=thumbnail,https://commons.wikimedia.org/wiki/File:James_Nowlin_(cropped).jpg,Public domain,false,,,false,,,false,Phase-2 sweep; FJC + CourtListener.
271,Samuel Frederick Biery Jr.,Biery,txwd,TXWD1001,active,false,William J. Clinton,Democratic,1993-11-19,1994-03-10,1994-03-11,,,Southern Methodist University School of Law (now Dedman School of Law),1973,Well Qualified,https://www.courtlistener.com/person/271/samuel-frederick-biery-jr/,https://upload.wikimedia.org/wikipedia/commons/8/87/Fred_Biery.jpg?utm_source=commons.wikimedia.org&utm_campaign=imageinfo&utm_content=thumbnail_unscaled,https://commons.wikimedia.org/wiki/File:Fred_Biery.jpg,Public domain,false,,,false,,,false,Phase-2 sweep; FJC + CourtListener.
1149,Orlando Luis Garcia,Garcia,txwd,TXWD0404,active,false,William J. Clinton,Democratic,1993-11-19,1994-03-10,1994-03-11,,,University of Texas School of Law,1978,Qualified,https://www.courtlistener.com/person/1149/orlando-luis-garcia/,https://upload.wikimedia.org/wikipedia/commons/thumb/5/5f/Orlando_Garcia_%28cropped%29.jpg/330px-Orlando_Garcia_%28cropped%29.jpg?utm_source=commons.wikimedia.org&utm_campaign=imageinfo&utm_content=thumbnail,https://commons.wikimedia.org/wiki/File:Orlando_Garcia_(cropped).jpg,Public domain,false,,,false,,,false,Phase-2 sweep; FJC + CourtListener.
393,David Briones,Briones,txwd,TXWD0503,senior,false,William J. Clinton,Democratic,1994-08-25,1994-10-07,1994-10-11,2009-02-26,,University of Texas School of Law,1971,Qualified,https://www.courtlistener.com/person/393/david-briones/,,,,false,,,false,,,false,Phase-2 sweep; FJC + CourtListener.
2330,Alia Moses,Moses,txwd,TXWD0303,active,true,George W. Bush,Republican,2002-07-11,2002-11-14,2002-11-15,,,University of Texas School of Law,1986,Well Qualified,https://www.courtlistener.com/person/2330/alia-moses/,,,,false,,,false,,,false,Phase-2 sweep; FJC + CourtListener.
535,Kathleen Cardone,Cardone,txwd,TXWD1201,active,false,George W. Bush,Republican,2003-05-01,2003-07-28,2003-07-29,,,"St. Mary's University School of Law, Texas",1979,Well Qualified,https://www.courtlistener.com/person/535/kathleen-cardone/,https://upload.wikimedia.org/wikipedia/commons/thumb/c/c8/Kathleen_Cardone.png/330px-Kathleen_Cardone.png?utm_source=commons.wikimedia.org&utm_campaign=imageinfo&utm_content=thumbnail,https://commons.wikimedia.org/wiki/File:Kathleen_Cardone.png,Public domain,false,,,false,,,false,Phase-2 sweep; FJC + CourtListener.
2282,Frank Montalvo,Montalvo,txwd,TXWD1301,senior,false,George W. Bush,Republican,2003-05-01,2003-07-31,2003-08-01,2022-12-01,,Wayne State University Law School,1985,Well Qualified,https://www.courtlistener.com/person/2282/frank-montalvo/,https://upload.wikimedia.org/wikipedia/commons/8/84/Frank_Montalvo.jpg?utm_source=commons.wikimedia.org&utm_campaign=imageinfo&utm_content=thumbnail_unscaled,https://commons.wikimedia.org/wiki/File:Frank_Montalvo.jpg,Public domain,false,,,false,,,false,Phase-2 sweep; FJC + CourtListener.
2758,Xavier Rodriguez,Rodriguez,txwd,TXWD0111,active,false,George W. Bush,Republican,2003-05-01,2003-07-31,2003-08-01,,,University of Texas School of Law,1987,Well Qualified,https://www.courtlistener.com/person/2758/xavier-rodriguez/,https://upload.wikimedia.org/wikipedia/commons/f/f0/Xavier_Rodriguez.jpg?utm_source=commons.wikimedia.org&utm_campaign=imageinfo&utm_content=thumbnail_unscaled,https://commons.wikimedia.org/wiki/File:Xavier_Rodriguez.jpg,Public domain,false,,,false,,,false,Phase-2 sweep; FJC + CourtListener.
1300,David Campos Guaderrama,Guaderrama,txwd,TXWD0504,senior,false,Barack Obama,Democratic,2011-09-14,2012-04-26,2012-04-30,2023-05-27,,Notre Dame Law School,1979,Well Qualified,https://www.courtlistener.com/person/1300/david-campos-guaderrama/,https://upload.wikimedia.org/wikipedia/commons/thumb/5/58/David_Guaderrama.jpg/330px-David_Guaderrama.jpg?utm_source=commons.wikimedia.org&utm_campaign=imageinfo&utm_content=thumbnail,https://commons.wikimedia.org/wiki/File:David_Guaderrama.jpg,Public domain,false,,,false,,,false,Phase-2 sweep; FJC + CourtListener.
2573,Robert Lee Pitman,Pitman,txwd,TXWD0902,active,false,Barack Obama,Democratic,2014-06-26,2014-12-16,2014-12-19,,,University of Texas School of Law,1988,Well Qualified,https://www.courtlistener.com/person/2573/robert-lee-pitman/,https://upload.wikimedia.org/wikipedia/commons/a/ab/Robert_L_Pitman_US_Attorney.jpg?utm_source=commons.wikimedia.org&utm_campaign=imageinfo&utm_content=thumbnail_unscaled,https://commons.wikimedia.org/wiki/File:Robert_L_Pitman_US_Attorney.jpg,Public domain,false,,,false,,,false,Phase-2 sweep; FJC + CourtListener.
8566,Walter David Counts III,Counts,txwd,TXWD0603,active,false,Donald J. Trump,Republican,2017-09-11,2018-01-11,2018-01-17,,,"St. Mary's University School of Law, Texas",1986,Well Qualified,https://www.courtlistener.com/person/8566/walter-david-counts-iii/,https://upload.wikimedia.org/wikipedia/commons/thumb/4/40/David_Counts_III_%28cropped%29.jpg/330px-David_Counts_III_%28cropped%29.jpg?utm_source=commons.wikimedia.org&utm_campaign=imageinfo&utm_content=thumbnail,https://commons.wikimedia.org/wiki/File:David_Counts_III_(cropped).jpg,Public domain,false,,,false,,,false,Phase-2 sweep; FJC + CourtListener.
8533,Alan D Albright,Albright,txwd,TXWD0702,active,false,Donald J. Trump,Republican,2018-01-24,2018-09-06,2018-09-10,,,University of Texas School of Law,1984,Well Qualified,https://www.courtlistener.com/person/8533/alan-d-albright/,https://upload.wikimedia.org/wikipedia/commons/thumb/d/d8/Alan_D_Albright.png/330px-Alan_D_Albright.png?utm_source=commons.wikimedia.org&utm_campaign=imageinfo&utm_content=thumbnail,https://commons.wikimedia.org/wiki/File:Alan_D_Albright.png,Public domain,false,,,false,,,false,Phase-2 sweep; FJC + CourtListener.
14438,Jason Kenneth Pulliam,Pulliam,txwd,TXWD0802,active,false,Donald J. Trump,Republican,2019-03-05,2019-07-31,2019-08-05,,,"Texas Southern University, Thurgood Marshall School of Law",2000,Well Qualified,https://www.courtlistener.com/person/14438/jason-k-pulliam/,https://upload.wikimedia.org/wikipedia/commons/thumb/8/84/Jason_Pulliam_%28Judge%29_%28cropped%29.jpg/330px-Jason_Pulliam_%28Judge%29_%28cropped%29.jpg?utm_source=commons.wikimedia.org&utm_campaign=imageinfo&utm_content=thumbnail,https://commons.wikimedia.org/wiki/File:Jason_Pulliam_(Judge)_(cropped).jpg,Public domain,false,,,false,,,false,Phase-2 sweep; FJC + CourtListener.
9604,Leon Schydlower,Schydlower,txwd,TXWD1302,active,false,Joseph R. Biden,Democratic,2024-02-07,2024-03-22,2024-03-26,,,University of Texas School of Law,1995,Well Qualified,https://www.courtlistener.com/person/9604/leon-schydlower/,https://upload.wikimedia.org/wikipedia/commons/thumb/6/64/Leon_Schydlower-01-24-24.jpg/330px-Leon_Schydlower-01-24-24.jpg?utm_source=commons.wikimedia.org&utm_campaign=imageinfo&utm_content=thumbnail,https://commons.wikimedia.org/wiki/File:Leon_Schydlower-01-24-24.jpg,Public domain,false,,,false,,,false,Phase-2 sweep; FJC + CourtListener.
,Ernest Gonzalez,Gonzalez,txwd,TXWD1102,active,false,Joseph R. Biden,Democratic,2024-02-07,2024-03-22,2024-04-09,,,"Texas Southern University, Thurgood Marshall School of Law",1993,Well Qualified,,https://upload.wikimedia.org/wikipedia/commons/7/79/Ernest_Gonzalez-01-24-24.jpg,https://commons.wikimedia.org/wiki/File:Ernest_Gonzalez-01-24-24.jpg,Public domain (PD-USGov-Congress) — credit: U.S. Senate Judiciary Committee,false,,,false,,,false,Phase-2 sweep; FJC + CourtListener.
16188,Christopher Robert Wolfe,Wolfe,txwd,TXWD0505,active,false,Donald J. Trump,Republican,2026-01-29,2026-04-14,2026-04-23,,,Baylor University School of Law,1998,Qualified,https://www.courtlistener.com/person/16188/christopher-r-wolfe/,https://upload.wikimedia.org/wikipedia/commons/thumb/9/9e/Christopher_R._Wolfe.png/330px-Christopher_R._Wolfe.png?utm_source=commons.wikimedia.org&utm_campaign=imageinfo&utm_content=thumbnail,https://commons.wikimedia.org/wiki/File:Christopher_R._Wolfe.png,Public domain,false,,,false,,,false,Phase-2 sweep; FJC + CourtListener.
,Andrew Bray Davis,Davis,txwd,TXWD0208,active,false,Donald J. Trump,Republican,2026-01-29,2026-04-20,2026-04-30,,,Columbia Law School,2012,Qualified,,https://upload.wikimedia.org/wikipedia/commons/0/07/Andrew_B._Davis.png,https://commons.wikimedia.org/wiki/File:Andrew_B._Davis.png,Public domain (PD-USGov) — credit: U.S. Senate Judiciary Committee,false,,,false,,,false,Phase-2 sweep; FJC + CourtListener.
14406,Loren A. Smith,Smith,uscfc,,senior,false,Ronald Reagan,Republican,1985-05-15,1985-07-10,1985-07-11,2000-07-10,2000-07-11,Northwestern University School of Law,1969,,https://www.courtlistener.com/person/14406/loren-a-smith/,https://upload.wikimedia.org/wikipedia/commons/b/b0/Loren_A._Smith_%28cropped%29.jpg?utm_source=commons.wikimedia.org&utm_campaign=imageinfo&utm_content=thumbnail_unscaled,https://commons.wikimedia.org/wiki/File:Loren_A._Smith_(cropped).jpg,Public domain,false,,,false,,,false,"Systematic FJC scrape (2026-07-16+; see DATA_SOURCES.md) - fjc.gov's per-judge 'History of the Federal Judiciary' pages, not the Article-III-only bulk export. FJC: https://www.fjc.gov/history/courts/us-court-federal-claims-smith-loren-allan."
9968,Eric G. Bruggink,Bruggink,uscfc,,senior,false,Ronald Reagan,Republican,1986-01-21,1986-04-15,1986-04-16,2001-04-16,2001-04-16,University of Alabama School of Law,1975,,https://www.courtlistener.com/person/9968/eric-g-bruggink/,https://upload.wikimedia.org/wikipedia/commons/thumb/5/5e/Eric_G_Bruggink.png/330px-Eric_G_Bruggink.png?utm_source=commons.wikimedia.org&utm_campaign=imageinfo&utm_content=thumbnail,https://commons.wikimedia.org/wiki/File:Eric_G_Bruggink.png,Public domain,false,,,false,,,false,"Systematic FJC scrape (2026-07-16+; see DATA_SOURCES.md) - fjc.gov's per-judge 'History of the Federal Judiciary' pages, not the Article-III-only bulk export. FJC: https://www.fjc.gov/history/courts/us-court-federal-claims-bruggink-eric-gerard."
9946,Edward J. Damich,Damich,uscfc,,senior,false,William J. Clinton,Democratic,1998-09-28,1998-10-21,1998-10-22,2013-10-22,2013-10-22,"Catholic University of America, Columbus School of Law",1976,,https://www.courtlistener.com/person/9946/edward-j-damich/,https://upload.wikimedia.org/wikipedia/commons/7/77/Edward_J._Damich_%28cropped%29.jpg?utm_source=commons.wikimedia.org&utm_campaign=imageinfo&utm_content=thumbnail_unscaled,https://commons.wikimedia.org/wiki/File:Edward_J._Damich_(cropped).jpg,Public domain,false,,,false,,,false,"Systematic FJC scrape (2026-07-16+; see DATA_SOURCES.md) - fjc.gov's per-judge 'History of the Federal Judiciary' pages, not the Article-III-only bulk export. FJC: https://www.fjc.gov/history/courts/us-court-federal-claims-damich-edward-john."
10121,Marian Blank Horn,Horn,uscfc,,senior,false,George W. Bush,Republican,2003-01-07,2003-03-03,2003-03-10,2018-03-09,2018-03-10,Fordham University School of Law,1969,,https://www.courtlistener.com/person/10121/marian-blank-horn/,https://upload.wikimedia.org/wikipedia/commons/1/11/Marian_Blank_Horn_%28cropped%29.jpg?utm_source=commons.wikimedia.org&utm_campaign=imageinfo&utm_content=thumbnail_unscaled,https://commons.wikimedia.org/wiki/File:Marian_Blank_Horn_(cropped).jpg,Public domain,false,,,false,,,false,"Systematic FJC scrape (2026-07-16+; see DATA_SOURCES.md) - fjc.gov's per-judge 'History of the Federal Judiciary' pages, not the Article-III-only bulk export. FJC: https://www.fjc.gov/history/courts/us-court-federal-claims-horn-marian-blank."
10229,Victor J. Wolski,Wolski,uscfc,,senior,false,George W. Bush,Republican,2003-01-07,2003-07-09,2003-07-14,2018-07-13,2018-07-14,University of Virginia School of Law,1991,,https://www.courtlistener.com/person/10229/victor-j-wolski/,https://upload.wikimedia.org/wikipedia/commons/e/e4/Victor_J._Wolski_%28cropped%29.jpg?utm_source=commons.wikimedia.org&utm_campaign=imageinfo&utm_content=thumbnail_unscaled,https://commons.wikimedia.org/wiki/File:Victor_J._Wolski_(cropped).jpg,Public domain,true,member,https://en.wikipedia.org/w/index.php?title=Victor_J._Wolski&oldid=1311824939,false,,,false,"Systematic FJC scrape (2026-07-16+; see DATA_SOURCES.md) - fjc.gov's per-judge 'History of the Federal Judiciary' pages, not the Article-III-only bulk export. FJC: https://www.fjc.gov/history/courts/us-court-federal-claims-wolski-victor-john."
9965,Elaine D. Kaplan,Kaplan,uscfc,,active,false,Barack Obama,Democratic,2013-03-19,2013-09-17,2013-11-01,,2028-11-01,Georgetown University Law Center,1979,,https://www.courtlistener.com/person/9965/elaine-d-kaplan/,https://upload.wikimedia.org/wikipedia/commons/thumb/3/32/Elaine_D._Kaplan.jpg/330px-Elaine_D._Kaplan.jpg?utm_source=commons.wikimedia.org&utm_campaign=imageinfo&utm_content=thumbnail,https://commons.wikimedia.org/wiki/File:Elaine_D._Kaplan.jpg,Public domain,false,,,false,,,false,"Systematic FJC scrape (2026-07-16+; see DATA_SOURCES.md) - fjc.gov's per-judge 'History of the Federal Judiciary' pages, not the Article-III-only bulk export. FJC: https://www.fjc.gov/history/courts/us-court-federal-claims-kaplan-elaine-debra."
14407,Richard A. Hertling,Hertling,uscfc,,active,false,Donald J. Trump,Republican,2019-01-23,2019-06-10,2019-06-12,,2034-06-12,University of Chicago Law School,1985,,https://www.courtlistener.com/person/14407/richard-a-hertling/,https://upload.wikimedia.org/wikipedia/commons/6/68/Richard_Hertling_%28cropped%29.jpg?utm_source=commons.wikimedia.org&utm_campaign=imageinfo&utm_content=thumbnail_unscaled,https://commons.wikimedia.org/wiki/File:Richard_Hertling_(cropped).jpg,Public domain,false,,,false,,,false,"Systematic FJC scrape (2026-07-16+; see DATA_SOURCES.md) - fjc.gov's per-judge 'History of the Federal Judiciary' pages, not the Article-III-only bulk export. FJC: https://www.fjc.gov/history/courts/us-court-federal-claims-hertling-richard-alan."
15086,Ryan T. Holte,Holte,uscfc,,active,false,Donald J. Trump,Republican,2019-01-23,2019-06-10,2019-07-11,,2034-07-11,"University of California, Davis, School of Law",2008,,https://www.courtlistener.com/person/15086/ryan-thomas-holte/,https://upload.wikimedia.org/wikipedia/commons/1/1c/Ryan_T._Holte_%28cropped%29.jpg?utm_source=commons.wikimedia.org&utm_campaign=imageinfo&utm_content=thumbnail_unscaled,https://commons.wikimedia.org/wiki/File:Ryan_T._Holte_(cropped).jpg,Public domain,true,member,https://en.wikipedia.org/w/index.php?title=Ryan_T._Holte&oldid=1336597545,false,,,false,"Systematic FJC scrape (2026-07-16+; see DATA_SOURCES.md) - fjc.gov's per-judge 'History of the Federal Judiciary' pages, not the Article-III-only bulk export. FJC: https://www.fjc.gov/history/courts/us-court-federal-claims-holte-ryan-thomas."
14455,David A. Tapp,Tapp,uscfc,,active,false,Donald J. Trump,Republican,2019-03-05,2019-11-05,2019-11-19,,2034-11-19,University of Louisville Louis D. Brandeis School of Law,1993,,https://www.courtlistener.com/person/14455/david-austin-tapp/,https://upload.wikimedia.org/wikipedia/commons/7/75/David_A._Tapp_(cropped).jpg,https://commons.wikimedia.org/wiki/File:David_A._Tapp_(cropped).jpg,CC BY-SA 4.0 — credit: Ajak6000,false,,,false,,,false,"Systematic FJC scrape (2026-07-16+; see DATA_SOURCES.md) - fjc.gov's per-judge 'History of the Federal Judiciary' pages, not the Article-III-only bulk export. FJC: https://www.fjc.gov/history/courts/us-court-federal-claims-tapp-david-austin."
,Matthew H. Solomson,Solomson,uscfc,,active,true,Donald J. Trump,Republican,2019-03-05,2020-01-08,2020-02-03,,2035-02-03,University of Maryland School of Law (now Francis King Carey School of Law),2002,,,https://upload.wikimedia.org/wikipedia/commons/b/b5/Matthew_H._Solomson_%28cropped%29.jpg?utm_source=commons.wikimedia.org&utm_campaign=imageinfo&utm_content=thumbnail_unscaled,https://commons.wikimedia.org/wiki/File:Matthew_H._Solomson_(cropped).jpg,Public domain,false,,,false,,,false,"Systematic FJC scrape (2026-07-16+; see DATA_SOURCES.md) - fjc.gov's per-judge 'History of the Federal Judiciary' pages, not the Article-III-only bulk export. FJC: https://www.fjc.gov/history/courts/us-court-federal-claims-solomson-matthew-hillel."
14456,Eleni M. Roumel,Roumel,uscfc,,active,false,Donald J. Trump,Republican,2019-06-24,2020-01-08,2020-02-24,,2035-02-24,Tulane University Law School,2000,,https://www.courtlistener.com/person/14456/eleni-m-roumel/,https://upload.wikimedia.org/wikipedia/commons/a/a8/Eleni_M._Roumel_%28cropped%29.jpg?utm_source=commons.wikimedia.org&utm_campaign=imageinfo&utm_content=thumbnail_unscaled,https://commons.wikimedia.org/wiki/File:Eleni_M._Roumel_(cropped).jpg,Public domain,true,member,https://en.wikipedia.org/w/index.php?title=Eleni_M._Roumel&oldid=1352407410,false,,,false,"Systematic FJC scrape (2026-07-16+; see DATA_SOURCES.md) - fjc.gov's per-judge 'History of the Federal Judiciary' pages, not the Article-III-only bulk export. FJC: https://www.fjc.gov/history/courts/us-court-federal-claims-roumel-eleni-maria."
14452,Edward H. Meyers,Meyers,uscfc,,active,false,Donald J. Trump,Republican,2020-01-06,2020-09-22,2020-10-20,,2035-10-20,"Catholic University of America, Columbus School of Law",2005,,https://www.courtlistener.com/person/14452/edward-hulvey-meyers/,https://upload.wikimedia.org/wikipedia/commons/2/28/Edward_H._Meyers_%28cropped%29.jpg?utm_source=commons.wikimedia.org&utm_campaign=imageinfo&utm_content=thumbnail_unscaled,https://commons.wikimedia.org/wiki/File:Edward_H._Meyers_(cropped).jpg,Public domain,true,member,https://en.wikipedia.org/w/index.php?title=Edward_H._Meyers&oldid=1358515031,false,,,false,"Systematic FJC scrape (2026-07-16+; see DATA_SOURCES.md) - fjc.gov's per-judge 'History of the Federal Judiciary' pages, not the Article-III-only bulk export. FJC: https://www.fjc.gov/history/courts/us-court-federal-claims-meyers-edward-hulvey."
,Kathryn C. Davis,Davis,uscfc,,active,false,Donald J. Trump,Republican,2020-02-04,2020-12-02,2020-12-16,,2035-12-16,Temple University James E. Beasley School of Law,2005,,,https://upload.wikimedia.org/wikipedia/commons/8/8a/Kathryn_C._Davis_%28cropped%29.jpg?utm_source=commons.wikimedia.org&utm_campaign=imageinfo&utm_content=thumbnail_unscaled,https://commons.wikimedia.org/wiki/File:Kathryn_C._Davis_(cropped).jpg,Public domain,false,,,false,,,false,"Systematic FJC scrape (2026-07-16+; see DATA_SOURCES.md) - fjc.gov's per-judge 'History of the Federal Judiciary' pages, not the Article-III-only bulk export. FJC: https://www.fjc.gov/history/courts/us-court-federal-claims-davis-kathryn-celia."
,Stephen S. Schwartz,Schwartz,uscfc,,active,false,Donald J. Trump,Republican,2020-01-09,2020-12-08,2020-12-22,,2035-12-22,University of Chicago Law School,2008,,,https://upload.wikimedia.org/wikipedia/commons/1/1c/Stephen_S._Schwartz_%28cropped%29.jpg?utm_source=commons.wikimedia.org&utm_campaign=imageinfo&utm_content=thumbnail_unscaled,https://commons.wikimedia.org/wiki/File:Stephen_S._Schwartz_(cropped).jpg,Public domain,false,,,false,,,false,"Systematic FJC scrape (2026-07-16+; see DATA_SOURCES.md) - fjc.gov's per-judge 'History of the Federal Judiciary' pages, not the Article-III-only bulk export. FJC: https://www.fjc.gov/history/courts/us-court-federal-claims-schwartz-stephen-sidney."
,Thompson M. Dietz,Dietz,uscfc,,active,false,Donald J. Trump,Republican,2020-07-02,2020-12-19,2020-12-22,,2035-12-22,Tulane University Law School,2005,,,https://upload.wikimedia.org/wikipedia/commons/4/44/Thompson_Michael_Dietz_(cropped).jpg,https://commons.wikimedia.org/wiki/File:Thompson_Michael_Dietz_(cropped).jpg,"Public domain (PD-USGov-Judiciary) — credit: Andrea Hanks, U.S. Court of Federal Claims",false,,,false,,,false,"Systematic FJC scrape (2026-07-16+; see DATA_SOURCES.md) - fjc.gov's per-judge 'History of the Federal Judiciary' pages, not the Article-III-only bulk export. FJC: https://www.fjc.gov/history/courts/us-court-federal-claims-dietz-thompson-michael."
,Zachary N. Somers,Somers,uscfc,,active,false,Donald J. Trump,Republican,2020-09-08,2020-12-17,2020-12-22,,2035-12-22,Georgetown University Law Center,2004,,,https://upload.wikimedia.org/wikipedia/commons/0/01/Zachary_Somers_%28cropped%29.jpg?utm_source=commons.wikimedia.org&utm_campaign=imageinfo&utm_content=thumbnail_unscaled,https://commons.wikimedia.org/wiki/File:Zachary_Somers_(cropped).jpg,Public domain,false,,,false,,,false,"Systematic FJC scrape (2026-07-16+; see DATA_SOURCES.md) - fjc.gov's per-judge 'History of the Federal Judiciary' pages, not the Article-III-only bulk export. FJC: https://www.fjc.gov/history/courts/us-court-federal-claims-somers-zachary-noah."
,Armando O. Bonilla,Bonilla,uscfc,,active,false,Joseph R. Biden,Democratic,2021-10-05,2021-12-18,2022-02-17,,2037-02-17,Seton Hall University School of Law,1992,,,https://upload.wikimedia.org/wikipedia/commons/thumb/b/b1/Judge_Armando_Bonilla_%28cropped%29.jpg/330px-Judge_Armando_Bonilla_%28cropped%29.jpg?utm_source=commons.wikimedia.org&utm_campaign=imageinfo&utm_content=thumbnail,https://commons.wikimedia.org/wiki/File:Judge_Armando_Bonilla_(cropped).jpg,Public domain,false,,,false,,,false,"Systematic FJC scrape (2026-07-16+; see DATA_SOURCES.md) - fjc.gov's per-judge 'History of the Federal Judiciary' pages, not the Article-III-only bulk export. FJC: https://www.fjc.gov/history/courts/us-court-federal-claims-bonilla-armando-omar."
,Carolyn N. Lerner,Lerner,uscfc,,active,false,Joseph R. Biden,Democratic,2021-07-13,2021-12-18,2022-02-17,,2037-02-17,New York University School of Law,1989,,,https://upload.wikimedia.org/wikipedia/commons/thumb/1/19/Carolyn_Lerner_Official_Court_Photo.jpg/330px-Carolyn_Lerner_Official_Court_Photo.jpg?utm_source=commons.wikimedia.org&utm_campaign=imageinfo&utm_content=thumbnail,https://commons.wikimedia.org/wiki/File:Carolyn_Lerner_Official_Court_Photo.jpg,Public domain,false,,,false,,,false,"Systematic FJC scrape (2026-07-16+; see DATA_SOURCES.md) - fjc.gov's per-judge 'History of the Federal Judiciary' pages, not the Article-III-only bulk export. FJC: https://www.fjc.gov/history/courts/us-court-federal-claims-lerner-carolyn-nancy."
,Molly R. Silfen,Silfen,uscfc,,active,false,Joseph R. Biden,Democratic,2023-02-27,2023-06-08,2023-06-13,,2038-06-13,Harvard Law School,2006,,,https://upload.wikimedia.org/wikipedia/commons/thumb/0/03/Molly_Silfen.jpg/330px-Molly_Silfen.jpg?utm_source=commons.wikimedia.org&utm_campaign=imageinfo&utm_content=thumbnail,https://commons.wikimedia.org/wiki/File:Molly_Silfen.jpg,Public domain,false,,,false,,,false,"Systematic FJC scrape (2026-07-16+; see DATA_SOURCES.md) - fjc.gov's per-judge 'History of the Federal Judiciary' pages, not the Article-III-only bulk export. FJC: https://www.fjc.gov/history/courts/us-court-federal-claims-silfen-molly-rebecca."
,Philip S. Hadji,Hadji,uscfc,,active,false,Joseph R. Biden,Democratic,2023-06-08,2023-09-21,2023-09-28,,2038-09-28,Case Western Reserve University School of Law,2009,,,https://upload.wikimedia.org/wikipedia/commons/thumb/c/c1/Philip_Hadji.jpg/330px-Philip_Hadji.jpg?utm_source=commons.wikimedia.org&utm_campaign=imageinfo&utm_content=thumbnail,https://commons.wikimedia.org/wiki/File:Philip_Hadji.jpg,Public domain,false,,,false,,,false,"Systematic FJC scrape (2026-07-16+; see DATA_SOURCES.md) - fjc.gov's per-judge 'History of the Federal Judiciary' pages, not the Article-III-only bulk export. FJC: https://www.fjc.gov/history/courts/us-court-federal-claims-hadji-philip-s."
9134,Robin M. Meriweather,Meriweather,uscfc,,active,false,Joseph R. Biden,Democratic,2024-01-10,2024-07-11,2024-08-08,,2039-08-08,Yale Law School,1998,,https://www.courtlistener.com/person/9134/robin-m-meriweather/,https://upload.wikimedia.org/wikipedia/commons/thumb/1/14/Robin_Michelle_Meriweather-01-24-24.jpg/330px-Robin_Michelle_Meriweather-01-24-24.jpg?utm_source=commons.wikimedia.org&utm_campaign=imageinfo&utm_content=thumbnail,https://commons.wikimedia.org/wiki/File:Robin_Michelle_Meriweather-01-24-24.jpg,Public domain,false,,,false,,,false,"Systematic FJC scrape (2026-07-16+; see DATA_SOURCES.md) - fjc.gov's per-judge 'History of the Federal Judiciary' pages, not the Article-III-only bulk export. FJC: https://www.fjc.gov/history/courts/us-court-federal-claims-meriweather-robin-michelle."
2828,David Sam,Sam,utd,UTD0203,senior,false,Ronald Reagan,Republican,1985-09-09,1985-10-16,1985-10-16,1999-11-01,,University of Utah College of Law (now S.J. Quinney College of Law),1960,Qualified,https://www.courtlistener.com/person/2828/david-sam/,,,,false,,,false,,,false,Phase-2 sweep; FJC + CourtListener.
524,Tena Campbell,Campbell,utd,UTD0105,senior,false,William J. Clinton,Democratic,1995-06-22,1995-06-30,1995-06-30,2011-01-01,,Arizona State University College of Law (now Sandra Day O’Connor College of Law),1977,Well Qualified,https://www.courtlistener.com/person/524/tena-campbell/,,,,false,,,false,,,false,Phase-2 sweep; FJC + CourtListener.
1773,Dale A. Kimball,Kimball,utd,UTD0302,senior,false,William J. Clinton,Democratic,1997-09-04,1997-10-21,1997-10-24,2009-11-30,,University of Utah College of Law (now S.J. Quinney College of Law),1967,Well Qualified,https://www.courtlistener.com/person/1773/dale-a-kimball/,https://upload.wikimedia.org/wikipedia/commons/thumb/2/2d/Dale_A._Kimball.jpg/330px-Dale_A._Kimball.jpg?utm_source=commons.wikimedia.org&utm_campaign=imageinfo&utm_content=thumbnail,https://commons.wikimedia.org/wiki/File:Dale_A._Kimball.jpg,Public domain,false,,,false,,,false,Phase-2 sweep; FJC + CourtListener.
3106,Brian Theadore Stewart,Stewart,utd,UTD0402,senior,false,William J. Clinton,Democratic,1999-07-27,1999-10-05,1999-11-11,2014-09-01,,University of Utah College of Law (now S.J. Quinney College of Law),1975,Qualified,https://www.courtlistener.com/person/3106/brian-theadore-stewart/,,,,false,,,false,,,false,Phase-2 sweep; FJC + CourtListener.
3334,Clark Waddoups,Waddoups,utd,UTD0205,senior,false,George W. Bush,Republican,2008-04-29,2008-09-26,2008-10-21,2019-01-31,,University of Utah College of Law (now S.J. Quinney College of Law),1973,Well Qualified,https://www.courtlistener.com/person/3334/clark-waddoups/,,,,false,,,false,,,false,Phase-2 sweep; FJC + CourtListener.
2436,David Ogden Nuffer,Nuffer,utd,UTD0303,senior,false,Barack Obama,Democratic,2011-06-29,2012-03-22,2012-03-23,2022-04-02,,"Brigham Young University, J. Reuben Clark Law School",1978,Well Qualified,https://www.courtlistener.com/person/2436/david-ogden-nuffer/,https://upload.wikimedia.org/wikipedia/commons/9/99/David_Nuffer_%28cropped%29.jpg?utm_source=commons.wikimedia.org&utm_campaign=imageinfo&utm_content=thumbnail_unscaled,https://commons.wikimedia.org/wiki/File:David_Nuffer_(cropped).jpg,Public domain,false,,,false,,,false,Phase-2 sweep; FJC + CourtListener.
2942,Robert James Shelby,Shelby,utd,UTD0106,active,false,Barack Obama,Democratic,2011-11-30,2012-09-22,2012-09-25,,,University of Virginia School of Law,1998,Qualified,https://www.courtlistener.com/person/2942/robert-james-shelby/,https://upload.wikimedia.org/wikipedia/commons/thumb/4/4b/Robert_Shelby_%28Judge%29.jpg/330px-Robert_Shelby_%28Judge%29.jpg?utm_source=commons.wikimedia.org&utm_campaign=imageinfo&utm_content=thumbnail,https://commons.wikimedia.org/wiki/File:Robert_Shelby_(Judge).jpg,Public domain,false,,,false,,,false,Phase-2 sweep; FJC + CourtListener.
8622,Jill N. Parrish,Parrish,utd,UTD0502,active,true,Barack Obama,Democratic,2015-01-07,2015-05-21,2015-08-17,,,Yale Law School,1985,Well Qualified,https://www.courtlistener.com/person/8622/jill-n-parrish/,https://upload.wikimedia.org/wikipedia/commons/thumb/5/54/Jill_Parrish.jpg/330px-Jill_Parrish.jpg?utm_source=commons.wikimedia.org&utm_campaign=imageinfo&utm_content=thumbnail,https://commons.wikimedia.org/wiki/File:Jill_Parrish.jpg,Public domain,false,,,false,,,false,Phase-2 sweep; FJC + CourtListener.
8612,Howard Curtis Nielson Jr.,Nielson,utd,UTD0403,active,false,Donald J. Trump,Republican,2019-01-23,2019-05-22,2019-06-12,,,University of Chicago Law School,1997,Qualified,https://www.courtlistener.com/person/8612/howard-curtis-nielson-jr/,https://upload.wikimedia.org/wikipedia/commons/thumb/2/24/Howard_Nielson_Jr._%28Judge%29_%28cropped%29.jpg/330px-Howard_Nielson_Jr._%28Judge%29_%28cropped%29.jpg?utm_source=commons.wikimedia.org&utm_campaign=imageinfo&utm_content=thumbnail,https://commons.wikimedia.org/wiki/File:Howard_Nielson_Jr._(Judge)_(cropped).jpg,Public domain,true,member,https://en.wikipedia.org/w/index.php?title=Howard_C._Nielson_Jr.&oldid=1357598573,false,,,false,Phase-2 sweep; FJC + CourtListener.
,David Bruce Barlow,Barlow,utd,UTD0206,active,false,Donald J. Trump,Republican,2019-06-12,2019-12-04,2020-01-06,,,Yale Law School,1998,Well Qualified,,https://upload.wikimedia.org/wikipedia/commons/thumb/8/8d/David_B._Barlow_US_Attorney.jpg/330px-David_B._Barlow_US_Attorney.jpg?utm_source=commons.wikimedia.org&utm_campaign=imageinfo&utm_content=thumbnail,https://commons.wikimedia.org/wiki/File:David_B._Barlow_US_Attorney.jpg,Public domain,false,,,false,,,false,Phase-2 sweep; FJC + CourtListener.
,Ann Marie McIff Allen,Allen,utd,UTD0304,active,false,Joseph R. Biden,Democratic,2024-01-10,2024-04-10,2024-04-12,,,"Brigham Young University, J. Reuben Clark Law School",1997,Well Qualified,,https://upload.wikimedia.org/wikipedia/commons/thumb/a/a7/Ann_Marie_McIff_Allen_1-24-24.jpg/330px-Ann_Marie_McIff_Allen_1-24-24.jpg?utm_source=commons.wikimedia.org&utm_campaign=imageinfo&utm_content=thumbnail,https://commons.wikimedia.org/wiki/File:Ann_Marie_McIff_Allen_1-24-24.jpg,Public domain,false,,,false,,,false,Phase-2 sweep; FJC + CourtListener.
1466,Claude M. Hilton,Hilton,vaed,VAED1001,senior,false,Ronald Reagan,Republican,1985-05-15,1985-07-10,1985-07-11,2005-12-31,,"American University, Washington College of Law",1966,Well Qualified,https://www.courtlistener.com/person/1466/claude-m-hilton/,,,,false,,,false,,,false,Phase-2 sweep; FJC + CourtListener.
3020,Rebecca Beach Smith,Smith,vaed,VAED0209,senior,false,George H.W. Bush,Republican,1989-08-04,1989-10-24,1989-10-25,2019-08-01,,William and Mary Law School,1979,Qualified,https://www.courtlistener.com/person/3020/rebecca-beach-smith/,https://upload.wikimedia.org/wikipedia/commons/thumb/8/8b/JudgeRSmith.jpg/330px-JudgeRSmith.jpg?utm_source=commons.wikimedia.org&utm_campaign=imageinfo&utm_content=thumbnail,https://commons.wikimedia.org/wiki/File:JudgeRSmith.jpg,Public domain,false,,,false,,,false,Phase-2 sweep; FJC + CourtListener.
2523,Robert E. Payne,Payne,vaed,VAED0403,senior,false,George H.W. Bush,Republican,1991-11-20,1992-05-12,1992-05-13,2007-05-07,,Washington and Lee University School of Law,1967,Well Qualified,https://www.courtlistener.com/person/2523/robert-e-payne/,,,,false,,,false,,,false,Phase-2 sweep; FJC + CourtListener.
392,Leonie M. Brinkema,Brinkema,vaed,VAED0702,active,false,William J. Clinton,Democratic,1993-08-06,1993-10-18,1993-10-20,,,Cornell Law School,1976,Well Qualified,https://www.courtlistener.com/person/392/leonie-m-brinkema/,,,,false,,,false,,,false,Phase-2 sweep; FJC + CourtListener.
1610,Raymond Alvin Jackson,Jackson,vaed,VAED0802,senior,false,William J. Clinton,Democratic,1993-09-24,1993-11-20,1993-11-22,2021-11-23,,University of Virginia School of Law,1973,Well Qualified,https://www.courtlistener.com/person/1610/raymond-alvin-jackson/,,,,false,,,false,,,false,Phase-2 sweep; FJC + CourtListener.
1543,Henry E. Hudson,Hudson,vaed,VAED1201,senior,false,George W. Bush,Republican,2002-01-23,2002-08-01,2002-08-02,2018-06-01,,"American University, Washington College of Law",1974,Well Qualified,https://www.courtlistener.com/person/1543/henry-e-hudson/,https://upload.wikimedia.org/wikipedia/commons/thumb/1/11/Henry_E._Hudson_%28cropped%29.jpg/330px-Henry_E._Hudson_%28cropped%29.jpg?utm_source=commons.wikimedia.org&utm_campaign=imageinfo&utm_content=thumbnail,https://commons.wikimedia.org/wiki/File:Henry_E._Hudson_(cropped).jpg,Public domain,false,,,false,,,false,Phase-2 sweep; FJC + CourtListener.
822,Mark Steven Davis,Davis,vaed,VAED0306,active,false,George W. Bush,Republican,2007-11-15,2008-06-10,2008-06-23,,,Washington and Lee University School of Law,1988,Well Qualified,https://www.courtlistener.com/person/822/mark-steven-davis/,,,,false,,,false,,,false,Phase-2 sweep; FJC + CourtListener.
3260,Anthony John Trenga,Trenga,vaed,VAED1103,senior,false,George W. Bush,Republican,2008-07-17,2008-09-26,2008-10-14,2021-06-01,,University of Virginia School of Law,1974,Well Qualified,https://www.courtlistener.com/person/3260/anthony-john-trenga/,,,,false,,,false,,,false,Phase-2 sweep; FJC + CourtListener.
1188,John Adrian Gibney Jr.,Gibney,vaed,VAED0404,senior,false,Barack Obama,Democratic,2010-04-14,2010-12-16,2010-12-17,2021-11-01,,University of Virginia School of Law,1976,Qualified,https://www.courtlistener.com/person/1188/john-adrian-gibney-jr/,,,,false,,,false,,,false,Phase-2 sweep; FJC + CourtListener.
78,Arenda Lauretta Wright Allen,Allen,vaed,VAED0504,senior,false,Barack Obama,Democratic,2011-01-05,2011-05-11,2011-05-12,2026-05-13,,North Carolina Central University School of Law,1985,Qualified,https://www.courtlistener.com/person/78/arenda-lauretta-wright-allen/,https://upload.wikimedia.org/wikipedia/commons/7/78/Arenda_Wright_Allen.png?utm_source=commons.wikimedia.org&utm_campaign=imageinfo&utm_content=thumbnail_unscaled,https://commons.wikimedia.org/wiki/File:Arenda_Wright_Allen.png,Public domain,false,,,false,,,false,Phase-2 sweep; FJC + CourtListener.
1865,M[ary] Hannah Lauck,Lauck,vaed,VAED0603,active,true,Barack Obama,Democratic,2014-01-06,2014-06-10,2014-06-10,,,Yale Law School,1991,Well Qualified,https://www.courtlistener.com/person/1865/mary-hannah-lauck/,https://upload.wikimedia.org/wikipedia/commons/thumb/a/a6/Hannah_Lauck.jpg/330px-Hannah_Lauck.jpg?utm_source=commons.wikimedia.org&utm_campaign=imageinfo&utm_content=thumbnail,https://commons.wikimedia.org/wiki/File:Hannah_Lauck.jpg,Public domain,false,,,false,,,false,Phase-2 sweep; FJC + CourtListener.
8534,Rossie David Alston Jr.,Alston,vaed,VAED0903,active,false,Donald J. Trump,Republican,2019-01-23,2019-06-10,2019-06-12,,,North Carolina Central University School of Law,1982,Qualified,https://www.courtlistener.com/person/8534/rossie-david-alston-jr/,https://upload.wikimedia.org/wikipedia/commons/thumb/6/6c/Rossie_David_Alston_Jr.png/330px-Rossie_David_Alston_Jr.png?utm_source=commons.wikimedia.org&utm_campaign=imageinfo&utm_content=thumbnail,https://commons.wikimedia.org/wiki/File:Rossie_David_Alston_Jr.png,Public domain,false,,,false,,,false,Phase-2 sweep; FJC + CourtListener.
9622,David John Novak,Novak,vaed,VAED1202,active,false,Donald J. Trump,Republican,2019-03-26,2019-10-16,2019-10-17,,,Villanova University School of Law,1986,Well Qualified,https://www.courtlistener.com/person/9622/david-novak/,https://upload.wikimedia.org/wikipedia/commons/thumb/a/a9/David_Novak_%28Judge%29_%28cropped%29.jpg/330px-David_Novak_%28Judge%29_%28cropped%29.jpg?utm_source=commons.wikimedia.org&utm_campaign=imageinfo&utm_content=thumbnail,https://commons.wikimedia.org/wiki/File:David_Novak_(Judge)_(cropped).jpg,Public domain,false,,,false,,,false,Phase-2 sweep; FJC + CourtListener.
9623,Roderick Charles Young,Young,vaed,VAED0210,active,false,Donald J. Trump,Republican,2020-05-21,2020-09-24,2020-09-29,,,West Virginia University College of Law,1994,Well Qualified,https://www.courtlistener.com/person/9623/roderick-c-young/,https://upload.wikimedia.org/wikipedia/commons/thumb/e/eb/Roderick_Young_picture.jpg/330px-Roderick_Young_picture.jpg?utm_source=commons.wikimedia.org&utm_campaign=imageinfo&utm_content=thumbnail,https://commons.wikimedia.org/wiki/File:Roderick_Young_picture.jpg,CC BY-SA 4.0 — credit: Debatemaster123,false,,,false,,,false,Phase-2 sweep; FJC + CourtListener.
,Patricia Tolliver Giles,Giles,vaed,VAED1003,active,false,Joseph R. Biden,Democratic,2021-07-13,2021-10-26,2021-11-01,,,University of Virginia School of Law,1998,Well Qualified,,https://upload.wikimedia.org/wikipedia/commons/thumb/f/fb/Judge_Patricia_Tolliver_Giles.png/330px-Judge_Patricia_Tolliver_Giles.png?utm_source=commons.wikimedia.org&utm_campaign=imageinfo&utm_content=thumbnail,https://commons.wikimedia.org/wiki/File:Judge_Patricia_Tolliver_Giles.png,Public domain,false,,,false,,,false,Phase-2 sweep; FJC + CourtListener.
9621,Michael Stefan Nachmanoff,Nachmanoff,vaed,VAED1104,active,false,Joseph R. Biden,Democratic,2021-07-13,2021-10-27,2021-11-02,,,University of Virginia School of Law,1995,Well Qualified,https://www.courtlistener.com/person/9621/michael-s-nachmanoff/,https://upload.wikimedia.org/wikipedia/commons/e/e4/Michael_Nachmanoff_%28cropped%29.jpg?utm_source=commons.wikimedia.org&utm_campaign=imageinfo&utm_content=thumbnail_unscaled,https://commons.wikimedia.org/wiki/File:Michael_Nachmanoff_(cropped).jpg,Public domain,false,,,false,,,false,Phase-2 sweep; FJC + CourtListener.
,Elizabeth Wilson Hanes,Hanes,vaed,VAED0405,active,false,Joseph R. Biden,Democratic,2022-05-19,2022-08-02,2022-08-05,,,University of Richmond T.C. Williams School of Law (now University of Richmond School of Law),2007,Qualified,,https://upload.wikimedia.org/wikipedia/commons/thumb/2/2f/Elizabeth_Hanes_%28Judge%29_%28cropped%29.jpg/330px-Elizabeth_Hanes_%28Judge%29_%28cropped%29.jpg?utm_source=commons.wikimedia.org&utm_campaign=imageinfo&utm_content=thumbnail,https://commons.wikimedia.org/wiki/File:Elizabeth_Hanes_(Judge)_(cropped).jpg,Public domain,false,,,false,,,false,Phase-2 sweep; FJC + CourtListener.
,Jamar Kentrell Walker,Walker,vaed,VAED0803,active,false,Joseph R. Biden,Democratic,2023-01-03,2023-02-28,2023-03-03,,,University of Virginia School of Law,2011,Well Qualified,,https://upload.wikimedia.org/wikipedia/commons/thumb/6/6f/Jamar_K._Walker.jpg/330px-Jamar_K._Walker.jpg?utm_source=commons.wikimedia.org&utm_campaign=imageinfo&utm_content=thumbnail,https://commons.wikimedia.org/wiki/File:Jamar_K._Walker.jpg,Public domain,false,,,false,,,false,Phase-2 sweep; FJC + CourtListener.
1657,James Parker Jones,Jones,vawd,VAWD0502,senior,false,William J. Clinton,Democratic,1995-12-12,1996-07-18,1996-08-01,2021-08-30,,University of Virginia School of Law,1965,Well Qualified,https://www.courtlistener.com/person/1657/james-parker-jones/,https://upload.wikimedia.org/wikipedia/commons/thumb/e/e7/James_P._Jones.jpg/330px-James_P._Jones.jpg?utm_source=commons.wikimedia.org&utm_campaign=imageinfo&utm_content=thumbnail,https://commons.wikimedia.org/wiki/File:James_P._Jones.jpg,CC BY-SA 4.0 — credit: AuxiliumTerra,false,,,false,,,false,Phase-2 sweep; FJC + CourtListener.
2291,Norman K. Moon,Moon,vawd,VAWD0602,senior,false,William J. Clinton,Democratic,1997-10-08,1997-11-07,1997-11-12,2010-07-01,,University of Virginia School of Law,1962,Well Qualified,https://www.courtlistener.com/person/2291/norman-k-moon/,,,,false,,,false,,,false,Phase-2 sweep; FJC + CourtListener.
3291,Michael Francis Urbanski,Urbanski,vawd,VAWD0603,senior,false,Barack Obama,Democratic,2011-01-05,2011-05-12,2011-05-13,2024-07-04,,University of Virginia School of Law,1981,Well Qualified,https://www.courtlistener.com/person/3291/michael-francis-urbanski/,https://upload.wikimedia.org/wikipedia/commons/e/e5/Michael_Urbanski_%28cropped%29.jpg?utm_source=commons.wikimedia.org&utm_campaign=imageinfo&utm_content=thumbnail_unscaled,https://commons.wikimedia.org/wiki/File:Michael_Urbanski_(cropped).jpg,Public domain,false,,,false,,,false,Phase-2 sweep; FJC + CourtListener.
879,Elizabeth Kay Dillon,Dillon,vawd,VAWD0208,active,true,Barack Obama,Democratic,2014-09-18,2014-12-16,2014-12-19,,,Wake Forest University School of Law,1986,Well Qualified,https://www.courtlistener.com/person/879/elizabeth-kay-dillon/,https://upload.wikimedia.org/wikipedia/commons/thumb/0/07/Elizabeth_Dillon.jpg/330px-Elizabeth_Dillon.jpg?utm_source=commons.wikimedia.org&utm_campaign=imageinfo&utm_content=thumbnail,https://commons.wikimedia.org/wiki/File:Elizabeth_Dillon.jpg,Public domain,false,,,false,,,false,Phase-2 sweep; FJC + CourtListener.
,Thomas Tullidge Cullen,Cullen,vawd,VAWD0404,active,false,Donald J. Trump,Republican,2020-02-04,2020-09-10,2020-09-15,,,William and Mary Law School,2004,Well Qualified,,https://upload.wikimedia.org/wikipedia/commons/thumb/f/f7/Thomas_T._Cullen_official_photo.jpg/330px-Thomas_T._Cullen_official_photo.jpg?utm_source=commons.wikimedia.org&utm_campaign=imageinfo&utm_content=thumbnail,https://commons.wikimedia.org/wiki/File:Thomas_T._Cullen_official_photo.jpg,Public domain,false,,,false,,,false,Phase-2 sweep; FJC + CourtListener.
9624,Robert Stewart Ballou,Ballou,vawd,VAWD0503,active,false,Joseph R. Biden,Democratic,2023-01-23,2023-03-07,2023-03-09,,,University of Virginia School of Law,1987,Well Qualified,https://www.courtlistener.com/person/9624/robert-s-ballou/,https://upload.wikimedia.org/wikipedia/commons/thumb/b/b8/Robert_Stewart_Ballou.jpg/330px-Robert_Stewart_Ballou.jpg?utm_source=commons.wikimedia.org&utm_campaign=imageinfo&utm_content=thumbnail,https://commons.wikimedia.org/wiki/File:Robert_Stewart_Ballou.jpg,Public domain,false,,,false,,,false,Phase-2 sweep; FJC + CourtListener.
,Jasmine Hyejung Yoon,Yoon,vawd,VAWD0604,active,false,Joseph R. Biden,Democratic,2024-02-01,2024-03-12,2024-07-08,,,University of Virginia School of Law,2006,Well Qualified,,https://upload.wikimedia.org/wikipedia/commons/6/62/Header_NA_Yoon_US-Senate-Collection.jpg,https://commons.wikimedia.org/wiki/File:Header_NA_Yoon_US-Senate-Collection.jpg,Public domain (PD-USGov) — credit: U.S. Senate Judiciary Committee,false,,,false,,,false,Phase-2 sweep; FJC + CourtListener.
,Robert A. Molloy,Molloy,vid,,active,true,Donald Trump,Republican,2019-06-12,2020-02-25,2020-04-27,,2030-04-27,American University Washington College of Law,2003,,,https://upload.wikimedia.org/wikipedia/commons/thumb/b/b1/Robert_A._Molloy.jpg/330px-Robert_A._Molloy.jpg?utm_source=commons.wikimedia.org&utm_campaign=imageinfo&utm_content=thumbnail,https://commons.wikimedia.org/wiki/File:Robert_A._Molloy.jpg,Public domain,false,,,false,,,false,Documented manual pull (2026-07-16+; see DATA_SOURCES.md and territorial_judges_manual.csv) - no systematic FJC/CL source exists for this court. Verified 2026-07-16 against https://en.wikipedia.org/wiki/Robert_A._Molloy. Became Chief Judge 2021-04-27 (VI rotates the chief judge position among the court's active judges). Cross-checked against vid.uscourts.gov/judges-info (listed) and vid.uscourts.gov/content/honorable-robert-molloy.
,Evan Rikhye,Rikhye,vid,,active,false,Donald Trump,Republican,2026-03-02,2026-05-20,2026-05-20,,2036-05-20,American University Washington College of Law,2001,,,https://upload.wikimedia.org/wikipedia/commons/0/0b/EvanRikhye.jpg,https://commons.wikimedia.org/wiki/File:EvanRikhye.jpg,Public domain (PD-USGov) — credit: U.S. Senate Judiciary Committee,false,,,false,,,false,"Documented manual pull (2026-07-16+; see DATA_SOURCES.md and territorial_judges_manual.csv) - no systematic FJC/CL source exists for this court. Verified 2026-07-16 against https://www.virginislandsdailynews.com/news/rikhye-to-serve-as-u-s-district-court-judge-in-virgin-islands-after-party-line/article_d248ec06-67c1-45ca-9871-bac4fad63736.html. UNVERIFIED PLACEHOLDER: no commission/oath date has been reported as of 2026-07-16 (confirmed by the Senate 52-47 on 2026-05-20/21, sources vary by one day; swearing-in date not yet announced per search results). commission_date/term_expiration_date are set to the CONFIRMATION date as a conservative stand-in (CODEBOOK requires commission_date for the ordering key) - both need correcting to the real oath date once reported; do not treat as sourced. Succeeds Wilma A. Lewis's active seat. Cross-checked against vid.uscourts.gov/judges-info (listed) and vid.uscourts.gov/content/honorable-evan-rikhye (no dates on that page either)."
2368,John Garvan Murtha,Murtha,vtd,VTD0114,senior,false,William J. Clinton,Democratic,1995-04-04,1995-05-25,1995-05-26,2009-06-30,,University of Connecticut School of Law,1968,Qualified,https://www.courtlistener.com/person/2368/john-garvan-murtha/,https://upload.wikimedia.org/wikipedia/commons/thumb/d/d3/J._Garvan_Murtha_%28US_district_judge_for_Vermont%29.jpg/330px-J._Garvan_Murtha_%28US_district_judge_for_Vermont%29.jpg?utm_source=commons.wikimedia.org&utm_campaign=imageinfo&utm_content=thumbnail,https://commons.wikimedia.org/wiki/File:J._Garvan_Murtha_(US_district_judge_for_Vermont).jpg,Public domain,false,,,false,,,false,Phase-2 sweep; FJC + CourtListener.
2908,William K. Sessions III,Sessions,vtd,VTD0204,senior,false,William J. Clinton,Democratic,1995-06-30,1995-08-11,1995-08-14,2014-06-15,,George Washington University Law School,1972,Well Qualified,https://www.courtlistener.com/person/2908/william-k-sessions-iii/,https://upload.wikimedia.org/wikipedia/commons/thumb/4/4c/Chief_Judge_William_K._Sessions_0.jpg/330px-Chief_Judge_William_K._Sessions_0.jpg?utm_source=commons.wikimedia.org&utm_campaign=imageinfo&utm_content=thumbnail,https://commons.wikimedia.org/wiki/File:Chief_Judge_William_K._Sessions_0.jpg,Public domain,false,,,false,,,false,Phase-2 sweep; FJC + CourtListener.
2695,Christina Clair Reiss,Reiss,vtd,VTD0115,active,true,Barack Obama,Democratic,2009-10-13,2009-11-21,2009-12-21,,,University of Arizona College of Law (now James E. Rogers College of Law),1989,Well Qualified,https://www.courtlistener.com/person/2695/christina-clair-reiss/,https://upload.wikimedia.org/wikipedia/commons/7/7b/Christina_Reiss_%28cropped%29.jpg?utm_source=commons.wikimedia.org&utm_campaign=imageinfo&utm_content=thumbnail_unscaled,https://commons.wikimedia.org/wiki/File:Christina_Reiss_(cropped).jpg,Public domain,false,,,false,,,false,Phase-2 sweep; FJC + CourtListener.
759,Geoffrey William Crawford,Crawford,vtd,VTD0205,senior,false,Barack Obama,Democratic,2014-05-20,2014-06-24,2014-08-04,2024-08-09,,Harvard Law School,1980,Well Qualified,https://www.courtlistener.com/person/759/geoffrey-william-crawford/,https://upload.wikimedia.org/wikipedia/commons/thumb/1/12/Geoffrey_Crawford_%28cropped%29.jpg/330px-Geoffrey_Crawford_%28cropped%29.jpg?utm_source=commons.wikimedia.org&utm_campaign=imageinfo&utm_content=thumbnail,https://commons.wikimedia.org/wiki/File:Geoffrey_Crawford_(cropped).jpg,Public domain,false,,,false,,,false,Phase-2 sweep; FJC + CourtListener.
,Mary Kay Lanthier,Lanthier,vtd,VTD0206,active,false,Joseph R. Biden,Democratic,2024-06-04,2024-09-11,2024-09-12,,,Northeastern University School of Law,1996,Well Qualified,,https://upload.wikimedia.org/wikipedia/commons/thumb/f/f6/Mary_Kay_Lanthier_6-20-24.jpg/330px-Mary_Kay_Lanthier_6-20-24.jpg?utm_source=commons.wikimedia.org&utm_campaign=imageinfo&utm_content=thumbnail,https://commons.wikimedia.org/wiki/File:Mary_Kay_Lanthier_6-20-24.jpg,Public domain,false,,,false,,,false,Phase-2 sweep; FJC + CourtListener.
2411,William Fremming Nielsen,Nielsen,waed,WAED0402,senior,false,George H.W. Bush,Republican,1991-03-21,1991-05-09,1991-05-14,2003-05-30,,University of Washington School of Law,1962,Qualified,https://www.courtlistener.com/person/2411/william-fremming-nielsen/,,,,false,,,false,,,false,Phase-2 sweep; FJC + CourtListener.
3437,Robert H. Whaley,Whaley,waed,WAED0109,senior,false,William J. Clinton,Democratic,1995-05-24,1995-06-30,1995-06-30,2009-07-12,,Emory University School of Law,1968,Well Qualified,https://www.courtlistener.com/person/3437/robert-h-whaley/,https://upload.wikimedia.org/wikipedia/commons/d/d6/Robert_H._Whaley_District_Judge.jpg?utm_source=commons.wikimedia.org&utm_campaign=imageinfo&utm_content=thumbnail_unscaled,https://commons.wikimedia.org/wiki/File:Robert_H._Whaley_District_Judge.jpg,Public domain,false,,,false,,,false,Phase-2 sweep; FJC + CourtListener.
2936,Edward F. Shea,Shea,waed,WAED0502,senior,false,William J. Clinton,Democratic,1997-09-04,1998-03-27,1998-04-08,2012-06-07,,Georgetown University Law Center,1970,Qualified,https://www.courtlistener.com/person/2936/edward-f-shea/,https://upload.wikimedia.org/wikipedia/commons/a/a7/Judge_Edward_F._Shea.jpg?utm_source=commons.wikimedia.org&utm_campaign=imageinfo&utm_content=thumbnail_unscaled,https://commons.wikimedia.org/wiki/File:Judge_Edward_F._Shea.jpg,Public domain,false,,,false,,,false,Phase-2 sweep; FJC + CourtListener.
3132,Lonny R. Suko,Suko,waed,WAED0403,senior,false,George W. Bush,Republican,2003-04-28,2003-07-15,2003-07-16,2013-11-01,,University of Idaho College of Law,1968,Well Qualified,https://www.courtlistener.com/person/3132/lonny-r-suko/,https://upload.wikimedia.org/wikipedia/commons/d/d6/Lonny_R._Suko_District_Judge.jpg?utm_source=commons.wikimedia.org&utm_campaign=imageinfo&utm_content=thumbnail_unscaled,https://commons.wikimedia.org/wiki/File:Lonny_R._Suko_District_Judge.jpg,Public domain,false,,,false,,,false,Phase-2 sweep; FJC + CourtListener.
2550,Rosanna Malouf Peterson,Peterson,waed,WAED0602,senior,false,Barack Obama,Democratic,2009-10-13,2010-01-25,2010-01-26,2021-10-01,,University of North Dakota School of Law,1991,Qualified,https://www.courtlistener.com/person/2550/rosanna-malouf-peterson/,https://upload.wikimedia.org/wikipedia/commons/6/62/Rosanna_M._Peterson_District_Judge.jpg?utm_source=commons.wikimedia.org&utm_campaign=imageinfo&utm_content=thumbnail_unscaled,https://commons.wikimedia.org/wiki/File:Rosanna_M._Peterson_District_Judge.jpg,Public domain,false,,,false,,,false,Phase-2 sweep; FJC + CourtListener.
2708,Thomas Owen Rice,Rice,waed,WAED0110,active,false,Barack Obama,Democratic,2011-06-29,2012-03-06,2012-03-08,,,Gonzaga University School of Law,1986,Qualified,https://www.courtlistener.com/person/2708/thomas-owen-rice/,https://upload.wikimedia.org/wikipedia/commons/5/51/Judge_Thomas_Owen_Rice.jpg?utm_source=commons.wikimedia.org&utm_campaign=imageinfo&utm_content=thumbnail_unscaled,https://commons.wikimedia.org/wiki/File:Judge_Thomas_Owen_Rice.jpg,Public domain,false,,,false,,,false,Phase-2 sweep; FJC + CourtListener.
197,Stanley Allen Bastian,Bastian,waed,WAED0503,active,true,Barack Obama,Democratic,2014-01-06,2014-04-30,2014-05-01,,,University of Washington School of Law,1983,Well Qualified,https://www.courtlistener.com/person/197/stanley-allen-bastian/,https://upload.wikimedia.org/wikipedia/commons/2/2e/StanleyABastian2015.JPG?utm_source=commons.wikimedia.org&utm_campaign=imageinfo&utm_content=thumbnail_unscaled,https://commons.wikimedia.org/wiki/File:StanleyABastian2015.JPG,Public domain,false,,,false,,,false,Phase-2 sweep; FJC + CourtListener.
9629,Mary Katherine Dimke,Dimke,waed,WAED0603,active,false,Joseph R. Biden,Democratic,2021-08-05,2021-12-18,2021-12-21,,,Vanderbilt University Law School,2002,Well Qualified,https://www.courtlistener.com/person/9629/mary-k-dimke/,https://upload.wikimedia.org/wikipedia/commons/thumb/5/52/Mary_Dimke_%28cropped%29.jpg/330px-Mary_Dimke_%28cropped%29.jpg?utm_source=commons.wikimedia.org&utm_campaign=imageinfo&utm_content=thumbnail,https://commons.wikimedia.org/wiki/File:Mary_Dimke_(cropped).jpg,Public domain,false,,,false,,,false,Phase-2 sweep; FJC + CourtListener.
16232,Rebecca Louise Pennell,Pennell,waed,WAED0405,active,false,Joseph R. Biden,Democratic,2024-03-21,2024-11-20,2024-12-09,,,Stanford Law School,1996,Well Qualified,https://www.courtlistener.com/person/16232/rebecca-pennell/,https://upload.wikimedia.org/wikipedia/commons/7/7c/Rebecca_L._Pennell.png,https://commons.wikimedia.org/wiki/File:Rebecca_L._Pennell.png,CC0 1.0 — credit: U.S. Senate Judiciary Committee,false,,,false,,,false,Phase-2 sweep; FJC + CourtListener.
2796,Barbara Jacobs Rothstein,Rothstein,wawd,WAWD0501,senior,false,Jimmy Carter,Democratic,1979-12-03,1980-02-20,1980-02-20,2011-09-01,,Harvard Law School,1966,Qualified,https://www.courtlistener.com/person/2796/barbara-jacobs-rothstein/,https://upload.wikimedia.org/wikipedia/commons/c/c4/Barbara_Jacobs_Rothstein.jpg?utm_source=commons.wikimedia.org&utm_campaign=imageinfo&utm_content=thumbnail_unscaled,https://commons.wikimedia.org/wiki/File:Barbara_Jacobs_Rothstein.jpg,Public domain,false,,,false,,,false,Phase-2 sweep; FJC + CourtListener.
735,John C. Coughenour,Coughenour,wawd,WAWD0206,senior,false,Ronald Reagan,Republican,1981-08-11,1981-09-25,1981-09-28,2006-07-27,,University of Iowa College of Law,1966,Well Qualified,https://www.courtlistener.com/person/735/john-c-coughenour/,,,,false,,,false,,,false,Phase-2 sweep; FJC + CourtListener.
441,Robert Jensen Bryan,Bryan,wawd,WAWD0701,senior,false,Ronald Reagan,Republican,1986-02-03,1986-04-24,1986-05-07,2000-11-01,,University of Washington School of Law,1958,,https://www.courtlistener.com/person/441/robert-jensen-bryan/,https://upload.wikimedia.org/wikipedia/commons/thumb/2/29/Robert_J_Bryan.png/330px-Robert_J_Bryan.png?utm_source=commons.wikimedia.org&utm_campaign=imageinfo&utm_content=thumbnail,https://commons.wikimedia.org/wiki/File:Robert_J_Bryan.png,Public domain,false,,,false,,,false,"Phase-2 sweep; FJC + CourtListener. [[note]] FJC has no ABA rating on file for this appointment — checked (2026-08-25). Confirmed gap, not an extraction bug."
3597,Thomas Samuel Zilly,Zilly,wawd,WAWD0304,senior,false,Ronald Reagan,Republican,1988-02-16,1988-04-19,1988-04-20,2004-01-01,,Cornell Law School,1962,Well Qualified,https://www.courtlistener.com/person/3597/thomas-samuel-zilly/,,,,false,,,false,,,false,Phase-2 sweep; FJC + CourtListener.
1863,Robert S. Lasnik,Lasnik,wawd,WAWD0602,senior,false,William J. Clinton,Democratic,1998-05-11,1998-10-21,1998-10-22,2016-01-27,,University of Washington School of Law,1978,Qualified,https://www.courtlistener.com/person/1863/robert-s-lasnik/,https://upload.wikimedia.org/wikipedia/commons/d/de/Robert_S._Lasnik.jpg?utm_source=commons.wikimedia.org&utm_campaign=imageinfo&utm_content=thumbnail_unscaled,https://commons.wikimedia.org/wiki/File:Robert_S._Lasnik.jpg,Public domain,false,,,false,,,false,Phase-2 sweep; FJC + CourtListener.
2525,Marsha J. Pechman,Pechman,wawd,WAWD0108,senior,false,William J. Clinton,Democratic,1999-03-24,1999-09-08,1999-09-09,2016-02-06,,Boston University School of Law,1976,Qualified,https://www.courtlistener.com/person/2525/marsha-j-pechman/,https://upload.wikimedia.org/wikipedia/commons/5/5a/Marsha_J._Pechman.jpg?utm_source=commons.wikimedia.org&utm_campaign=imageinfo&utm_content=thumbnail_unscaled,https://commons.wikimedia.org/wiki/File:Marsha_J._Pechman.jpg,Public domain,false,,,false,,,false,Phase-2 sweep; FJC + CourtListener.
2067,Ricardo S. Martinez,Martinez,wawd,WAWD0801,senior,false,George W. Bush,Republican,2003-10-14,2004-06-15,2004-06-16,2022-09-05,,University of Washington School of Law,1980,Well Qualified,https://www.courtlistener.com/person/2067/ricardo-s-martinez/,https://upload.wikimedia.org/wikipedia/commons/8/82/Ricardo_S._Martinez_District_Judge.jpg?utm_source=commons.wikimedia.org&utm_campaign=imageinfo&utm_content=thumbnail_unscaled,https://commons.wikimedia.org/wiki/File:Ricardo_S._Martinez_District_Judge.jpg,Public domain,false,,,false,,,false,Phase-2 sweep; FJC + CourtListener.
2733,James L. Robart,Robart,wawd,WAWD0305,senior,false,George W. Bush,Republican,2003-12-09,2004-06-17,2004-06-21,2016-06-28,,Georgetown University Law Center,1973,Well Qualified,https://www.courtlistener.com/person/2733/james-l-robart/,https://upload.wikimedia.org/wikipedia/commons/0/05/James_L._Robart.jpg?utm_source=commons.wikimedia.org&utm_campaign=imageinfo&utm_content=thumbnail_unscaled,https://commons.wikimedia.org/wiki/File:James_L._Robart.jpg,Public domain,false,,,false,,,false,Phase-2 sweep; FJC + CourtListener.
2911,Benjamin Hale Settle,Settle,wawd,WAWD0404,senior,false,George W. Bush,Republican,2007-01-09,2007-06-28,2007-07-02,2020-01-01,,Willamette University College of Law,1972,Qualified,https://www.courtlistener.com/person/2911/benjamin-hale-settle/,https://upload.wikimedia.org/wikipedia/commons/3/3f/Benjamin_Hale_Settle.jpg?utm_source=commons.wikimedia.org&utm_campaign=imageinfo&utm_content=thumbnail_unscaled,https://commons.wikimedia.org/wiki/File:Benjamin_Hale_Settle.jpg,Public domain,false,,,false,,,false,Phase-2 sweep; FJC + CourtListener.
1666,Richard A. Jones,Jones,wawd,WAWD0207,senior,false,George W. Bush,Republican,2007-03-19,2007-10-04,2007-10-29,2022-09-05,,University of Washington School of Law,1975,Well Qualified,https://www.courtlistener.com/person/1666/richard-a-jones/,https://upload.wikimedia.org/wikipedia/commons/e/e7/Richard_A._Jones_District_Judge.jpg?utm_source=commons.wikimedia.org&utm_campaign=imageinfo&utm_content=thumbnail_unscaled,https://commons.wikimedia.org/wiki/File:Richard_A._Jones_District_Judge.jpg,Public domain,false,,,false,,,false,Phase-2 sweep; FJC + CourtListener.
,David Estudillo,Estudillo,wawd,WAWD0703,active,true,Joseph R. Biden,Democratic,2021-04-29,2021-09-14,2021-10-07,,,University of Washington School of Law,1999,Qualified,,https://upload.wikimedia.org/wikipedia/commons/thumb/0/06/David_Estudillo_%28Judge%29_%28cropped%29.jpg/330px-David_Estudillo_%28Judge%29_%28cropped%29.jpg?utm_source=commons.wikimedia.org&utm_campaign=imageinfo&utm_content=thumbnail,https://commons.wikimedia.org/wiki/File:David_Estudillo_(Judge)_(cropped).jpg,Public domain,false,,,false,,,false,Phase-2 sweep; FJC + CourtListener.
,Tana Lin,Lin,wawd,WAWD0109,active,false,Joseph R. Biden,Democratic,2021-04-29,2021-10-21,2021-11-23,,,New York University School of Law,1991,Well Qualified,,https://upload.wikimedia.org/wikipedia/commons/thumb/8/88/United_States_District_Judge_Tana_Lin%2C_Western_District_of_Washington.jpg/330px-United_States_District_Judge_Tana_Lin%2C_Western_District_of_Washington.jpg?utm_source=commons.wikimedia.org&utm_campaign=imageinfo&utm_content=thumbnail,"https://commons.wikimedia.org/wiki/File:United_States_District_Judge_Tana_Lin,_Western_District_of_Washington.jpg",Public domain,false,,,false,,,false,Phase-2 sweep; FJC + CourtListener.
,Lauren Jennifer King,King,wawd,WAWD0603,active,false,Joseph R. Biden,Democratic,2021-05-12,2021-10-05,2021-12-07,,,University of Virginia School of Law,2008,Well Qualified,,https://upload.wikimedia.org/wikipedia/commons/thumb/5/53/Judge_Lauren_King.png/330px-Judge_Lauren_King.png?utm_source=commons.wikimedia.org&utm_campaign=imageinfo&utm_content=thumbnail,https://commons.wikimedia.org/wiki/File:Judge_Lauren_King.png,Public domain,false,,,false,,,false,Phase-2 sweep; FJC + CourtListener.
,John Hyungseung Chun,Chun,wawd,WAWD0306,active,false,Joseph R. Biden,Democratic,2022-01-03,2022-03-23,2022-03-30,,,Cornell Law School,1994,Well Qualified,,https://upload.wikimedia.org/wikipedia/commons/thumb/4/49/John_H._Chun.jpg/330px-John_H._Chun.jpg?utm_source=commons.wikimedia.org&utm_campaign=imageinfo&utm_content=thumbnail,https://commons.wikimedia.org/wiki/File:John_H._Chun.jpg,Public domain,false,,,false,,,false,Phase-2 sweep; FJC + CourtListener.
,Jamal Norman Whitehead,Whitehead,wawd,WAWD0208,active,false,Joseph R. Biden,Democratic,2023-01-03,2023-02-28,2023-03-14,,,Seattle University School of Law,2007,Well Qualified,,https://upload.wikimedia.org/wikipedia/commons/thumb/e/ea/Jamal_Whitehead.jpg/330px-Jamal_Whitehead.jpg?utm_source=commons.wikimedia.org&utm_campaign=imageinfo&utm_content=thumbnail,https://commons.wikimedia.org/wiki/File:Jamal_Whitehead.jpg,Public domain,false,,,false,,,false,Phase-2 sweep; FJC + CourtListener.
,Tiffany Mae Cartwright,Cartwright,wawd,WAWD0405,active,false,Joseph R. Biden,Democratic,2023-01-03,2023-07-12,2023-07-18,,,Stanford Law School,2010,Qualified,,https://upload.wikimedia.org/wikipedia/commons/thumb/1/19/Tiffany_Cartwright_%28Judge%29.jpg/330px-Tiffany_Cartwright_%28Judge%29.jpg?utm_source=commons.wikimedia.org&utm_campaign=imageinfo&utm_content=thumbnail,https://commons.wikimedia.org/wiki/File:Tiffany_Cartwright_(Judge).jpg,Public domain,false,,,false,,,false,Phase-2 sweep; FJC + CourtListener.
,Kymberly Kathryn Evanson,Evanson,wawd,WAWD0802,active,false,Joseph R. Biden,Democratic,2023-01-23,2023-07-11,2023-07-18,,,Georgetown University Law Center,2007,Well Qualified,,https://upload.wikimedia.org/wikipedia/commons/thumb/a/a4/Kymberly_Kathryn_Evanson.jpg/330px-Kymberly_Kathryn_Evanson.jpg?utm_source=commons.wikimedia.org&utm_campaign=imageinfo&utm_content=thumbnail,https://commons.wikimedia.org/wiki/File:Kymberly_Kathryn_Evanson.jpg,Public domain,false,,,false,,,false,Phase-2 sweep; FJC + CourtListener.
3068,Joseph Peter Stadtmueller,Stadtmueller,wied,WIED0203,active,false,Ronald Reagan,Republican,1987-03-03,1987-05-19,1987-06-01,,,Marquette University Law School,1967,Well Qualified,https://www.courtlistener.com/person/3068/joseph-peter-stadtmueller/,,,,false,,,false,,,false,Phase-2 sweep; FJC + CourtListener.
60,Lynn S. Adelman,Adelman,wied,WIED0303,active,false,William J. Clinton,Democratic,1997-09-08,1997-11-13,1997-12-23,,,Columbia Law School,1965,Qualified,https://www.courtlistener.com/person/60/lynn-s-adelman/,https://upload.wikimedia.org/wikipedia/commons/thumb/2/26/Lynn_Adelman.jpg/330px-Lynn_Adelman.jpg?utm_source=commons.wikimedia.org&utm_campaign=imageinfo&utm_content=thumbnail,https://commons.wikimedia.org/wiki/File:Lynn_Adelman.jpg,Public domain,false,,,false,,,false,Phase-2 sweep; FJC + CourtListener.
1285,William C. Griesbach,Griesbach,wied,WIED0501,senior,false,George W. Bush,Republican,2002-01-23,2002-04-25,2002-05-01,2019-12-31,,Marquette University Law School,1979,Well Qualified,https://www.courtlistener.com/person/1285/william-c-griesbach/,,,,false,,,false,,,false,Phase-2 sweep; FJC + CourtListener.
2540,Pamela Pepper,Pepper,wied,WIED0403,active,true,Barack Obama,Democratic,2014-05-01,2014-11-20,2014-12-08,,,Cornell Law School,1989,Well Qualified,https://www.courtlistener.com/person/2540/pamela-pepper/,https://upload.wikimedia.org/wikipedia/commons/thumb/9/95/Pamela_Pepper_2020_%28cropped%29.jpg/330px-Pamela_Pepper_2020_%28cropped%29.jpg?utm_source=commons.wikimedia.org&utm_campaign=imageinfo&utm_content=thumbnail,https://commons.wikimedia.org/wiki/File:Pamela_Pepper_2020_(cropped).jpg,Public domain,false,,,false,,,false,Phase-2 sweep; FJC + CourtListener.
9004,Brett Harry Ludwig,Ludwig,wied,WIED0112,active,false,Donald J. Trump,Republican,2020-03-03,2020-09-09,2020-09-10,,,University of Minnesota Law School,1994,Well Qualified,https://www.courtlistener.com/person/9004/brett-h-ludwig/,https://upload.wikimedia.org/wikipedia/commons/thumb/1/18/Brett_Ludwig.jpg/330px-Brett_Ludwig.jpg?utm_source=commons.wikimedia.org&utm_campaign=imageinfo&utm_content=thumbnail,https://commons.wikimedia.org/wiki/File:Brett_Ludwig.jpg,Public domain,false,,,false,,,false,Phase-2 sweep; FJC + CourtListener.
,Byron Browning Conway,Conway,wied,WIED0502,active,false,Joseph R. Biden,Democratic,2024-07-08,2024-09-25,2024-11-04,,,Marquette University Law School,2002,Qualified,,https://upload.wikimedia.org/wikipedia/commons/7/76/Byron_B._Conway-7-31-24.jpg,https://commons.wikimedia.org/wiki/File:Byron_B._Conway-7-31-24.jpg,Public domain (PD-USGov) — credit: U.S. Senate Judiciary Committee,false,,,false,,,false,Phase-2 sweep; FJC + CourtListener.
752,Barbara Brandriff Crabb,Crabb,wiwd,WIWD0201,senior,false,Jimmy Carter,Democratic,1979-07-21,1979-10-31,1979-11-02,2010-03-24,,University of Wisconsin Law School,1962,Qualified,https://www.courtlistener.com/person/752/barbara-brandriff-crabb/,,,,false,,,false,,,false,Phase-2 sweep; FJC + CourtListener.
696,William Martin Conley,Conley,wiwd,WIWD0202,active,false,Barack Obama,Democratic,2009-10-29,2010-03-04,2010-03-25,,,University of Wisconsin Law School,1982,Well Qualified,https://www.courtlistener.com/person/696/william-martin-conley/,https://upload.wikimedia.org/wikipedia/commons/thumb/0/0a/William_M._Conley_%28Judge%29.jpg/330px-William_M._Conley_%28Judge%29.jpg?utm_source=commons.wikimedia.org&utm_campaign=imageinfo&utm_content=thumbnail,https://commons.wikimedia.org/wiki/File:William_M._Conley_(Judge).jpg,Public domain,false,,,false,,,false,Phase-2 sweep; FJC + CourtListener.
2549,James Donald Peterson,Peterson,wiwd,WIWD0109,active,true,Barack Obama,Democratic,2014-01-06,2014-05-08,2014-05-12,,,University of Wisconsin Law School,1998,Well Qualified,https://www.courtlistener.com/person/2549/james-donald-peterson/,https://upload.wikimedia.org/wikipedia/commons/thumb/2/2e/James_Peterson.jpg/330px-James_Peterson.jpg?utm_source=commons.wikimedia.org&utm_campaign=imageinfo&utm_content=thumbnail,https://commons.wikimedia.org/wiki/File:James_Peterson.jpg,Public domain,false,,,false,,,false,Phase-2 sweep; FJC + CourtListener.
3076,Frederick Pfarr Stamp Jr.,Stamp,wvnd,WVND0302,senior,false,George H.W. Bush,Republican,1990-05-11,1990-06-28,1990-07-12,2006-11-01,,University of Richmond T.C. Williams School of Law (now University of Richmond School of Law),1959,Well Qualified,https://www.courtlistener.com/person/3076/frederick-pfarr-stamp-jr/,,,,false,,,false,,,false,Phase-2 sweep; FJC + CourtListener.
1723,Irene Patricia Murphy Keeley,Keeley,wvnd,WVND0401,senior,false,George H.W. Bush,Republican,1992-04-01,1992-08-11,1992-08-12,2017-08-12,,West Virginia University College of Law,1980,Qualified,https://www.courtlistener.com/person/1723/irene-patricia-murphy-keeley/,https://upload.wikimedia.org/wikipedia/commons/thumb/5/5d/Irene_Keeley_%28cropped%29.jpg/330px-Irene_Keeley_%28cropped%29.jpg?utm_source=commons.wikimedia.org&utm_campaign=imageinfo&utm_content=thumbnail,https://commons.wikimedia.org/wiki/File:Irene_Keeley_(cropped).jpg,Public domain,false,,,false,,,false,Phase-2 sweep; FJC + CourtListener.
148,John Preston Bailey,Bailey,wvnd,WVND0303,active,false,George W. Bush,Republican,2007-01-09,2007-03-15,2007-03-19,,,West Virginia University College of Law,1976,Qualified,https://www.courtlistener.com/person/148/john-preston-bailey/,https://upload.wikimedia.org/wikipedia/commons/8/8d/John_Preston_Bailey.jpg?utm_source=commons.wikimedia.org&utm_campaign=imageinfo&utm_content=thumbnail_unscaled,https://commons.wikimedia.org/wiki/File:John_Preston_Bailey.jpg,Public domain,false,,,false,,,false,Phase-2 sweep; FJC + CourtListener.
1293,Gina Marie Groh,Groh,wvnd,WVND0108,active,false,Barack Obama,Democratic,2011-05-19,2012-03-15,2012-03-20,,,West Virginia University College of Law,1989,Qualified,https://www.courtlistener.com/person/1293/gina-marie-groh/,https://upload.wikimedia.org/wikipedia/commons/thumb/8/89/Gina_Marie_Groh.jpg/330px-Gina_Marie_Groh.jpg?utm_source=commons.wikimedia.org&utm_campaign=imageinfo&utm_content=thumbnail,https://commons.wikimedia.org/wiki/File:Gina_Marie_Groh.jpg,Public domain,false,,,false,,,false,Phase-2 sweep; FJC + CourtListener.
8593,Thomas Shawn Kleeh,Kleeh,wvnd,WVND0402,active,true,Donald J. Trump,Republican,2018-02-15,2018-10-11,2018-11-05,,,West Virginia University College of Law,1999,Qualified,https://www.courtlistener.com/person/8593/thomas-shawn-kleeh/,https://upload.wikimedia.org/wikipedia/commons/thumb/8/81/Thomas_Kleeh_%28Judge%29_%28cropped%29.jpg/330px-Thomas_Kleeh_%28Judge%29_%28cropped%29.jpg?utm_source=commons.wikimedia.org&utm_campaign=imageinfo&utm_content=thumbnail,https://commons.wikimedia.org/wiki/File:Thomas_Kleeh_(Judge)_(cropped).jpg,Public domain,false,,,false,,,false,Phase-2 sweep; FJC + CourtListener.
1022,David A. Faber,Faber,wvsd,WVSD0701,senior,false,George H.W. Bush,Republican,1991-08-01,1991-11-21,1991-11-25,2008-12-31,,Yale Law School,1967,Well Qualified,https://www.courtlistener.com/person/1022/david-a-faber/,,,,false,,,false,,,false,Phase-2 sweep; FJC + CourtListener.
1239,Joseph Robert Goodwin,Goodwin,wvsd,WVSD0502,active,false,William J. Clinton,Democratic,1995-02-28,1995-05-08,1995-05-10,,,West Virginia University College of Law,1970,Well Qualified,https://www.courtlistener.com/person/1239/joseph-robert-goodwin/,,,,false,,,false,,,false,Phase-2 sweep; FJC + CourtListener.
585,Robert Charles Chambers,Chambers,wvsd,WVSD0403,active,false,William J. Clinton,Democratic,1997-06-05,1997-09-05,1997-09-18,,,West Virginia University College of Law,1977,Qualified,https://www.courtlistener.com/person/585/robert-charles-chambers/,https://upload.wikimedia.org/wikipedia/commons/thumb/5/5d/Chuck_Chambers.jpg/330px-Chuck_Chambers.jpg?utm_source=commons.wikimedia.org&utm_campaign=imageinfo&utm_content=thumbnail,https://commons.wikimedia.org/wiki/File:Chuck_Chambers.jpg,Public domain,false,,,false,,,false,Phase-2 sweep; FJC + CourtListener.
1648,Thomas E. Johnston,Johnston,wvsd,WVSD0304,active,false,George W. Bush,Republican,2005-09-28,2006-03-06,2006-04-17,,,West Virginia University College of Law,1992,Qualified,https://www.courtlistener.com/person/1648/thomas-e-johnston/,,,,false,,,false,,,false,Phase-2 sweep; FJC + CourtListener.
259,Irene Cornelia Berger,Berger,wvsd,WVSD0702,active,false,Barack Obama,Democratic,2009-07-08,2009-10-27,2009-11-09,,,West Virginia University College of Law,1979,Well Qualified,https://www.courtlistener.com/person/259/irene-cornelia-berger/,https://upload.wikimedia.org/wikipedia/commons/e/ea/Irene_C_Berger.png?utm_source=commons.wikimedia.org&utm_campaign=imageinfo&utm_content=thumbnail_unscaled,https://commons.wikimedia.org/wiki/File:Irene_C_Berger.png,Public domain,false,,,false,,,false,Phase-2 sweep; FJC + CourtListener.
9009,Frank William Volk,Volk,wvsd,WVSD0206,active,true,Donald J. Trump,Republican,2019-04-04,2019-10-16,2019-10-17,,,West Virginia University College of Law,1992,Qualified,https://www.courtlistener.com/person/9009/frank-w-volk/,https://upload.wikimedia.org/wikipedia/commons/thumb/b/b6/Frank_Volk_%28Judge%29_%28cropped%29.jpg/330px-Frank_Volk_%28Judge%29_%28cropped%29.jpg?utm_source=commons.wikimedia.org&utm_campaign=imageinfo&utm_content=thumbnail,https://commons.wikimedia.org/wiki/File:Frank_Volk_(Judge)_(cropped).jpg,Public domain,false,,,false,,,false,Phase-2 sweep; FJC + CourtListener.
1630,Alan Bond Johnson,Johnson,wyd,WYD0201,active,false,Ronald Reagan,Republican,1985-10-22,1985-12-16,1985-12-17,,,University of Wyoming College of Law,1964,Well Qualified,https://www.courtlistener.com/person/1630/alan-bond-johnson/,,,,false,,,false,,,false,Phase-2 sweep; FJC + CourtListener.
1117,Nancy Dell Freudenthal,Freudenthal,wyd,WYD0105,senior,false,Barack Obama,Democratic,2009-12-03,2010-05-05,2010-05-06,2022-06-01,,University of Wyoming College of Law,1980,Well Qualified,https://www.courtlistener.com/person/1117/nancy-dell-freudenthal/,https://upload.wikimedia.org/wikipedia/commons/thumb/4/4c/Nancy_D._Freudenthal.jpg/330px-Nancy_D._Freudenthal.jpg?utm_source=commons.wikimedia.org&utm_campaign=imageinfo&utm_content=thumbnail,https://commons.wikimedia.org/wiki/File:Nancy_D._Freudenthal.jpg,Public domain,false,,,false,,,false,Phase-2 sweep; FJC + CourtListener.
2986,Scott Wesley Skavdahl,Skavdahl,wyd,WYD0302,active,false,Barack Obama,Democratic,2011-02-16,2011-11-03,2011-11-07,,,University of Wyoming College of Law,1992,Well Qualified,https://www.courtlistener.com/person/2986/scott-wesley-skavdahl/,https://upload.wikimedia.org/wikipedia/commons/thumb/9/9a/Scott_W._Skavdahl.jpg/330px-Scott_W._Skavdahl.jpg?utm_source=commons.wikimedia.org&utm_campaign=imageinfo&utm_content=thumbnail,https://commons.wikimedia.org/wiki/File:Scott_W._Skavdahl.jpg,Public domain,false,,,false,,,false,Phase-2 sweep; FJC + CourtListener.
9658,Kelly Harrison Rankin,Rankin,wyd,WYD0106,active,true,Joseph R. Biden,Democratic,2024-01-10,2024-03-07,2024-03-12,,,University of Wyoming College of Law,1994,Well Qualified,https://www.courtlistener.com/person/9658/kelly-h-rankin/,https://upload.wikimedia.org/wikipedia/commons/e/e8/Kelly_H._Rankin_at_his_2024_confirmation_hearing.png,https://commons.wikimedia.org/wiki/File:Kelly_H._Rankin_at_his_2024_confirmation_hearing.png,Public domain (PD-USGov-Congress) — credit: U.S. Senate Judiciary Committee,false,,,false,,,false,Phase-2 sweep; FJC + CourtListener.
